# Blender 5.2.2 LTS
# www.blender.org
mtllib peon.mtl
o Meshy_AI_staunton_chess_pawn_3_0926012037_image-to-3d-texture
v -0.017768 0.005029 -0.001809
v -0.017822 0.000251 0.000713
v -0.017888 0.004551 0.001223
v -0.017772 0.000359 -0.001692
v -0.017414 0.000360 0.003949
v -0.017719 0.005251 -0.000507
v -0.017650 0.005162 0.001970
v -0.017538 0.000068 -0.000370
v -0.017262 0.004567 0.004825
v -0.017196 0.000368 -0.005008
v -0.017086 0.005079 -0.005134
v -0.017024 0.005151 0.005174
v -0.017202 0.005249 -0.004188
v -0.017142 0.000160 -0.004547
v -0.016712 0.005455 0.004905
v -0.016743 0.000709 0.006406
v -0.016989 0.000068 0.004149
v -0.015607 0.006052 -0.001977
v -0.015619 0.006049 0.001855
v -0.017240 0.009479 -0.000398
v -0.017032 0.011046 0.001295
v -0.015183 0.006035 0.003989
v -0.016729 0.008216 0.002320
v -0.016647 0.000188 0.006178
v -0.016828 0.009431 0.003558
v -0.016817 0.011128 -0.002824
v -0.016484 0.009510 -0.005027
v -0.016930 0.008216 -0.000832
v -0.016086 0.004454 -0.007996
v -0.016580 0.011016 0.004055
v -0.016502 0.000281 -0.006772
v -0.015896 0.004431 0.008336
v -0.016374 0.012494 -0.000869
v -0.015923 0.005182 -0.007954
v -0.015154 0.000038 0.008767
v -0.016005 0.008132 -0.005395
v -0.015869 0.010972 -0.006399
v -0.015555 0.005454 -0.007798
v -0.016164 0.007016 0.000029
v -0.015563 0.010955 0.007085
v -0.016324 0.009188 0.005412
v -0.015866 0.005152 0.008013
v -0.015339 0.007079 -0.005110
v -0.016090 0.012367 0.003295
v -0.015366 0.013624 -0.001511
v -0.015366 0.013638 0.001117
v -0.015576 0.000379 -0.008769
v -0.014305 0.005960 -0.006982
v -0.015542 0.007417 0.005454
v -0.015188 0.012996 -0.005293
v -0.015136 0.008242 -0.007573
v -0.015446 0.006385 -0.000192
v -0.015545 0.000346 0.008783
v -0.015154 0.006424 -0.002862
v -0.015132 0.000126 -0.009183
v -0.012838 0.005493 0.011692
v -0.014747 0.013539 0.004837
v -0.014464 0.006103 0.005999
v -0.015068 0.009160 0.008236
v -0.014755 0.009471 -0.008872
v -0.015279 0.006446 0.002193
v -0.015237 0.012449 0.006009
v -0.015392 0.006443 0.001234
v -0.014794 0.006427 -0.004432
v -0.014875 0.005139 0.009701
v -0.015377 0.006446 -0.001514
v -0.014899 0.000280 0.009703
v -0.014754 0.006425 0.004535
v -0.014905 0.011033 -0.008273
v -0.015045 0.006435 0.003393
v -0.013888 0.011826 0.009341
v -0.013629 0.000523 -0.011659
v -0.013768 0.013191 -0.007896
v -0.014261 0.005100 -0.010668
v -0.013400 0.005051 0.011768
v -0.012293 0.005464 -0.012316
v -0.014394 0.006413 -0.005603
v -0.013233 0.009869 0.011011
v -0.013112 0.011021 -0.010984
v -0.012180 0.006158 0.009708
v -0.013878 0.000283 0.011153
v -0.014749 0.000002 -0.008981
v -0.013593 0.013708 0.007081
v -0.010969 0.006023 0.011325
v -0.014364 0.006428 0.005694
v -0.013898 0.007031 -0.008127
v -0.013468 0.006204 -0.007785
v -0.013733 0.000185 -0.011213
v -0.012237 0.016311 0.000595
v -0.013371 0.008244 -0.010345
v -0.013765 0.007278 0.008799
v -0.013072 0.008213 0.010667
v -0.013718 0.006433 -0.007075
v -0.011995 0.016320 -0.002300
v -0.013749 0.006389 0.006979
v -0.013273 0.006447 0.007824
v -0.012754 0.005112 -0.012482
v -0.012698 0.000511 0.012611
v -0.012122 0.013594 0.009527
v -0.011589 0.006083 -0.010567
v -0.010017 0.006064 -0.012061
v -0.012147 0.009187 -0.012162
v -0.012570 0.000200 -0.012562
v -0.011138 0.016203 -0.005316
v -0.012713 0.006419 0.008673
v -0.012117 0.011827 0.011597
v -0.011812 0.007455 -0.011492
v -0.013194 0.006431 -0.007967
v -0.012150 0.005123 0.013024
v -0.012218 0.012394 -0.010991
v -0.011065 0.008224 0.012781
v -0.012285 0.006428 0.009272
v -0.010716 0.013625 -0.011151
v -0.012511 0.006420 -0.009011
v -0.010546 0.007036 0.012173
v -0.011882 0.005169 -0.013240
v -0.011577 0.006430 -0.010223
v -0.011070 0.000372 -0.014024
v -0.011402 0.016386 0.004243
v -0.011590 0.009565 0.012755
v -0.012110 0.000167 0.012927
v -0.008369 0.006103 0.013157
v -0.010802 0.011253 -0.013153
v -0.011749 0.006440 0.009987
v -0.011060 0.009839 -0.013202
v -0.010965 0.000433 0.014087
v -0.008479 0.016414 -0.008715
v -0.010213 0.011733 0.013294
v -0.010808 0.004513 -0.014307
v -0.011477 0.017252 -0.001073
v -0.011869 0.020412 -0.000173
v -0.011750 0.020802 0.000730
v -0.011691 0.020777 -0.001272
v -0.011481 0.021087 0.000514
v -0.010997 0.006436 0.010825
v -0.011007 0.017383 -0.003269
v -0.011461 0.017386 0.000594
v -0.011188 0.018739 0.001959
v -0.011031 0.017252 0.003388
v -0.011238 0.020288 0.003609
v -0.011031 0.020799 0.004116
v -0.009860 0.013565 0.011921
v -0.010692 0.006450 -0.011165
v -0.011430 0.019200 -0.000775
v -0.011155 0.020360 -0.003952
v -0.010827 0.019236 -0.003797
v -0.010350 0.005157 0.014387
v -0.010737 0.021087 -0.004265
v -0.010215 0.008271 -0.013478
v -0.011138 0.020789 -0.003856
v -0.011356 0.018197 -0.000544
v -0.010147 0.012383 -0.012901
v -0.008683 0.005054 0.015570
v -0.010879 0.019056 0.003471
v -0.009153 0.016528 0.007742
v -0.008286 0.010409 0.015001
v -0.010065 0.021430 0.001116
v -0.010498 0.016779 -0.005485
v -0.010876 0.018170 -0.003228
v -0.010516 0.016874 0.005256
v -0.010499 0.020341 0.005386
v -0.008395 0.005440 0.015194
v -0.010111 0.006415 0.011638
v -0.010438 0.000143 -0.014275
v -0.009921 0.005165 -0.014695
v -0.008242 0.010894 -0.014980
v -0.007971 0.009170 0.015200
v -0.010007 0.021431 -0.001584
v -0.010515 0.021101 0.004605
v -0.010381 0.017710 0.004686
v -0.010305 0.020617 -0.005808
v -0.009726 0.018713 0.005787
v -0.010303 0.020783 0.005612
v -0.009806 0.006440 -0.011945
v -0.010174 0.017627 -0.005195
v -0.008637 0.000312 -0.015616
v -0.009490 0.021448 0.003498
v -0.009989 0.007094 -0.012681
v -0.009189 0.000057 0.014843
v -0.010281 0.018712 -0.004862
v -0.008696 0.000260 0.015526
v -0.010297 0.054403 0.000536
v -0.010314 0.055741 0.000032
v -0.010092 0.021532 0.000231
v -0.007798 0.007520 0.014558
v -0.010186 0.053245 -0.000983
v -0.009736 0.051154 0.000458
v -0.009825 0.053235 -0.002988
v -0.009870 0.053162 0.002654
v -0.009174 0.016762 -0.007470
v -0.007472 0.009389 -0.015538
v -0.009816 0.058257 -0.000253
v -0.009292 0.020779 -0.007203
v -0.009494 0.006427 0.012137
v -0.009790 0.055418 0.003178
v -0.009744 0.055951 -0.003263
v -0.008653 0.021442 -0.005228
v -0.009115 0.017737 0.006774
v -0.009610 0.058069 -0.002215
v -0.009548 0.057459 0.003101
v -0.008988 0.017764 -0.006967
v -0.007160 0.005446 -0.015887
v -0.008597 0.021440 0.005274
v -0.009897 0.044200 -0.000541
v -0.009963 0.043256 0.000461
v -0.009751 0.021749 0.001992
v -0.008030 0.021101 -0.008215
v -0.009805 0.044480 0.000204
v -0.009572 0.043452 -0.002969
v -0.009899 0.042746 0.000010
v -0.008334 0.006050 -0.013326
v -0.009541 0.021616 -0.003109
v -0.009549 0.043793 0.002877
v -0.009487 0.042794 -0.002854
v -0.008641 0.020373 0.008059
v -0.008915 0.023164 -0.000939
v -0.006209 0.012506 -0.015198
v -0.007190 0.004663 -0.016445
v -0.009544 0.043073 0.002811
v -0.009208 0.059140 0.002221
v -0.009345 0.044489 0.002820
v -0.008874 0.020761 0.007723
v -0.008139 0.021089 0.008115
v -0.008471 0.023921 0.000848
v -0.009358 0.044367 -0.003032
v -0.008002 0.005152 -0.015900
v -0.009354 0.041960 0.000016
v -0.009165 0.053957 0.004663
v -0.009268 0.054629 -0.004594
v -0.008560 0.055929 0.005674
v -0.008849 0.050170 -0.002896
v -0.009182 0.021751 0.003910
v -0.008745 0.020368 -0.007969
v -0.009229 0.042331 0.002817
v -0.009036 0.051856 0.004080
v -0.007829 0.000011 -0.015443
v -0.007998 0.011647 0.014770
v -0.008531 0.060280 -0.002385
v -0.008235 0.023243 -0.003479
v -0.009171 0.021468 -0.004286
v -0.008754 0.060429 -0.000039
v -0.008544 0.023141 0.002674
v -0.009044 0.045100 -0.000167
v -0.008732 0.057933 -0.004712
v -0.008336 0.006434 0.012938
v -0.008573 0.051321 -0.004693
v -0.008613 0.044144 -0.004921
v -0.008721 0.043781 0.004799
v -0.008446 0.048684 -0.000365
v -0.008356 0.045178 0.003101
v -0.006630 0.013653 -0.013935
v -0.006574 0.007056 -0.014764
v -0.008616 0.042807 0.004827
v -0.008763 0.044991 -0.003007
v -0.008773 0.006416 -0.012682
v -0.008518 0.044477 0.004727
v -0.008884 0.019170 -0.007188
v -0.008327 0.041522 0.000722
v -0.008209 0.016748 0.008511
v -0.007506 0.007919 -0.014994
v -0.008580 0.042820 -0.004922
v -0.008472 0.049152 0.002217
v -0.008994 0.042022 -0.002703
v -0.008699 0.041797 0.002528
v -0.007859 0.051599 0.005947
v -0.007526 0.059342 -0.005613
v -0.005486 0.016211 0.011019
v -0.005734 0.013696 0.014270
v -0.008082 0.042009 0.004724
v -0.007570 0.049473 0.004733
v -0.008385 0.054206 -0.006084
v -0.006092 0.046147 -0.000745
v -0.007683 0.017420 -0.008529
v -0.008053 0.041559 -0.002643
v -0.007806 0.060260 -0.004191
v -0.007478 0.045004 -0.005436
v -0.007905 0.023029 0.004347
v -0.008215 0.042014 -0.004552
v -0.007620 0.061656 0.001788
v -0.008040 0.019178 0.008137
v -0.007823 0.021774 0.006154
v -0.007534 0.017840 0.008490
v -0.007633 0.020775 -0.008984
v -0.007326 0.026599 -0.001014
v -0.008045 0.021451 -0.006148
v -0.007613 0.018868 -0.008463
v -0.007302 0.047321 -0.000362
v -0.007260 0.053207 0.007214
v -0.008162 0.059385 0.004570
v -0.006975 0.051256 -0.006839
v -0.007207 0.047649 -0.002511
v -0.007898 0.006418 -0.013232
v -0.006549 0.000601 -0.016696
v -0.007337 0.042839 -0.006678
v -0.007324 0.000256 -0.016232
v -0.007314 0.048800 -0.004388
v -0.007045 0.005059 0.016393
v -0.007531 0.044163 -0.006438
v -0.006759 0.023168 -0.005892
v -0.006680 0.059426 0.006513
v -0.007310 0.062047 -0.001361
v -0.007415 0.021459 0.006849
v -0.006848 0.058226 -0.007096
v -0.007565 0.043578 0.006526
v -0.007587 0.020618 0.009037
v -0.006758 0.042191 -0.006780
v -0.004957 0.000110 0.016992
v -0.006297 0.046699 0.002319
v -0.006845 0.055410 0.007712
v -0.007358 0.000422 0.016269
v -0.005766 0.017020 0.010141
v -0.006034 0.006434 0.014186
v -0.006427 0.009482 0.015933
v -0.006963 0.006396 -0.013763
v -0.007552 0.044511 0.006096
v -0.006614 0.041790 -0.006215
v -0.007182 0.020331 -0.009351
v -0.006920 0.053967 -0.007678
v -0.006786 0.023321 0.005692
v -0.006656 0.056408 -0.007750
v -0.006028 0.012372 0.015271
v -0.006927 0.047920 0.003669
v -0.005895 0.061011 0.005882
v -0.007130 0.057657 0.006957
v -0.006586 0.051251 0.007150
v -0.006664 0.026706 0.003164
v -0.006918 0.021441 -0.007393
v -0.006482 0.062232 0.003272
v -0.006540 0.061726 -0.004150
v -0.007065 0.006458 0.013700
v -0.004991 0.041530 -0.006914
v -0.005921 0.063215 -0.000940
v -0.006765 0.028333 0.000899
v -0.006484 0.011015 -0.015791
v -0.006960 0.042362 0.006740
v -0.006708 0.021759 -0.007378
v -0.006682 0.041468 -0.000758
v -0.006169 0.020782 0.009939
v -0.006505 0.041529 0.005389
v -0.006077 0.011039 0.015912
v -0.006597 0.043754 -0.007496
v -0.006152 0.049163 -0.006236
v -0.006440 0.044546 -0.007295
v -0.006959 0.026895 -0.002179
v -0.006414 0.044222 0.007513
v -0.005402 0.046144 -0.002885
v -0.005961 0.016279 -0.010730
v -0.005496 0.016896 -0.010431
v -0.006365 0.041476 0.002283
v -0.005988 0.006117 0.014418
v -0.006332 0.042913 0.007610
v -0.006343 0.041794 0.006468
v -0.004379 0.021111 0.010548
v -0.005710 0.008278 -0.015947
v -0.006458 0.044959 0.006685
v -0.005419 0.019102 -0.010073
v -0.006225 0.005999 -0.014530
v -0.005484 0.049895 0.007368
v -0.005410 0.019195 0.010070
v -0.004853 0.007050 0.015347
v -0.004402 0.046248 0.004194
v -0.006299 0.042902 -0.007670
v -0.006181 0.026643 -0.004027
v -0.005578 0.063430 0.000932
v -0.005560 0.020334 0.010381
v -0.006055 0.046263 0.000722
v -0.005854 0.046277 0.001710
v -0.004107 0.000612 0.017431
v -0.005939 0.005213 0.016699
v -0.005101 0.046278 -0.003407
v -0.004867 0.063460 -0.002962
v -0.003862 0.046201 0.004671
v -0.005964 0.032101 0.000307
v -0.005826 0.031610 -0.001783
v -0.005473 0.029679 0.003452
v -0.006154 0.005163 -0.016677
v -0.006053 0.046299 -0.000955
v -0.006143 0.021532 0.007937
v -0.005375 0.017775 -0.010025
v -0.006277 0.041162 -0.000358
v -0.004210 0.005066 -0.017319
v -0.005247 0.006427 0.014491
v -0.004396 0.028435 0.005177
v -0.004808 0.044980 -0.007926
v -0.004996 0.053192 0.008919
v -0.005078 0.048368 0.006505
v -0.005547 0.046308 0.002578
v -0.005058 0.060301 -0.007226
v -0.005280 0.017787 0.010042
v -0.005860 0.029336 -0.002998
v -0.005892 0.024098 0.006021
v -0.005783 0.040990 0.002133
v -0.004824 0.056808 -0.008945
v -0.004069 0.008276 0.016420
v -0.004646 0.057024 0.008978
v -0.006007 0.041407 -0.002587
v -0.005623 0.021451 -0.008392
v -0.005900 0.006423 -0.014286
v -0.005768 0.041340 0.002913
v -0.004548 0.042843 -0.008798
v -0.005625 0.046291 -0.002442
v -0.004742 0.047032 -0.005223
v -0.005749 0.046136 0.002122
v -0.004774 0.043761 0.008729
v -0.004251 0.020367 -0.011075
v -0.004860 0.062853 0.004328
v -0.005037 0.000160 -0.017019
v -0.005109 0.021727 -0.008577
v -0.004557 0.021050 -0.010649
v -0.004366 0.000183 0.017196
v -0.004510 0.041934 0.008125
v -0.004066 0.050136 -0.008404
v -0.004615 0.044208 -0.008773
v -0.005038 0.020816 -0.010639
v -0.005396 0.023260 -0.007072
v -0.003506 0.045194 0.008164
v -0.004467 0.052599 -0.009102
v -0.004538 0.042835 0.008773
v -0.005212 0.033590 0.002495
v -0.004216 0.000281 -0.017342
v -0.005179 0.027335 -0.004901
v -0.004452 0.011016 -0.016467
v -0.005834 0.040198 0.000454
v -0.005415 0.039770 -0.001905
v -0.005742 0.046150 -0.002144
v -0.005128 0.046122 0.003340
v -0.005311 0.040674 -0.002803
v -0.004067 0.059412 0.008382
v -0.004651 0.041950 -0.008087
v -0.005092 0.054106 -0.008961
v -0.002996 0.005960 -0.015598
v -0.004213 0.005062 0.017292
v -0.004213 0.059082 -0.008496
v -0.004713 0.041486 0.004879
v -0.004560 0.047973 -0.006449
v -0.005586 0.034517 -0.001060
v -0.005411 0.061686 -0.005599
v -0.003221 0.009154 -0.016887
v -0.003957 0.021438 -0.009352
v -0.005544 0.038031 0.000364
v -0.003032 0.011222 0.016714
v -0.005431 0.037951 -0.001110
v -0.005113 0.041355 -0.003968
v -0.005408 0.036799 0.001254
v -0.005157 0.046292 0.003242
v -0.004709 0.046243 0.003825
v -0.003224 0.012390 0.016067
v -0.005258 0.039702 0.002123
v -0.004908 0.033339 -0.003043
v -0.004529 0.021431 0.009030
v -0.004466 0.044489 0.008641
v -0.003537 0.021707 0.009361
v -0.004829 0.037929 -0.002750
v -0.003126 0.005978 0.015504
v -0.004766 0.041234 0.004121
v -0.002838 0.062376 -0.006531
v -0.003379 0.015810 0.012262
v -0.005077 0.046145 -0.003438
v -0.004181 0.020802 0.010989
v -0.001370 0.005457 -0.017348
v -0.004550 0.039941 0.003505
v -0.003466 0.064109 0.002808
v -0.004138 0.018317 0.010529
v -0.004348 0.006431 -0.014816
v -0.003553 0.016809 -0.011262
v -0.003873 0.064337 -0.000107
v -0.003988 0.033338 -0.004240
v -0.003110 0.006401 -0.015104
v -0.003068 0.063736 -0.004219
v -0.004468 0.037154 0.003282
v -0.003551 0.023502 -0.008012
v -0.004369 0.046146 -0.004310
v -0.004351 0.006418 0.014766
v -0.003035 0.013563 -0.015191
v -0.004073 0.020341 0.011060
v -0.004366 0.046296 -0.004280
v -0.004534 0.041459 -0.004824
v -0.004182 0.040780 -0.004356
v -0.004151 0.039269 -0.003846
v -0.003853 0.033735 0.004254
v -0.003596 0.061400 0.007151
v -0.003630 0.028036 -0.005901
v -0.003341 0.056937 -0.009598
v -0.002422 0.007450 -0.016307
v -0.002980 0.016831 0.011388
v -0.002898 0.023233 0.008391
v -0.004149 0.023502 0.007665
v -0.004155 0.041060 0.004552
v -0.003694 0.020752 -0.011192
v -0.002999 0.041494 0.006114
v -0.003045 0.041420 -0.005845
v -0.002544 0.043480 0.009658
v -0.004008 0.036485 -0.003835
v -0.003479 0.046132 -0.005048
v -0.003070 0.046802 0.006011
v -0.003097 0.060752 -0.007942
v -0.003458 0.054731 0.009709
v -0.003579 0.039159 0.004347
v -0.003505 0.031167 0.005044
v -0.003060 0.017673 0.010952
v -0.002957 0.019258 0.011036
v -0.003352 0.040837 0.005008
v -0.002840 0.026800 0.006704
v -0.002985 0.050939 0.009125
v -0.002953 0.042987 -0.009520
v -0.000367 0.005261 0.017699
v -0.003073 0.021736 -0.009522
v -0.002859 0.044482 0.009311
v -0.001772 0.027680 -0.006806
v -0.003559 0.019025 -0.010831
v -0.002570 0.046158 0.005516
v -0.003465 0.017827 -0.010833
v -0.002745 0.041770 0.008557
v -0.003451 0.009767 0.016853
v -0.002377 0.057895 0.009598
v -0.001859 0.064783 -0.001669
v -0.002632 0.048229 0.007647
v -0.002630 0.042393 0.009301
v -0.003736 0.046261 -0.004822
v -0.003004 0.041064 -0.005417
v -0.001755 0.053188 0.010054
v -0.002820 0.045022 -0.008791
v -0.000101 0.021097 -0.011489
v 0.002994 0.000055 -0.017213
v -0.000963 0.012386 -0.016425
v -0.002478 0.032339 -0.005402
v -0.003083 0.039895 -0.004841
v -0.002792 0.047263 -0.006771
v -0.003470 0.046280 0.004990
v -0.001141 0.013644 0.015327
v -0.002415 0.023320 -0.008539
v -0.001960 0.005102 -0.017718
v -0.002507 0.041308 0.005900
v -0.002893 0.036381 -0.004741
v -0.002158 0.062195 0.006930
v -0.001272 0.000566 -0.017886
v -0.002314 0.011071 -0.016892
v -0.000179 0.021106 0.011466
v -0.002140 0.005131 0.017618
v -0.002175 0.064823 0.000303
v -0.002651 0.021444 0.009723
v -0.003150 0.054208 -0.009833
v -0.002048 0.051551 -0.009637
v -0.001081 0.041509 0.008033
v -0.002716 0.044279 -0.009485
v -0.002270 0.029417 0.006121
v -0.002591 0.042029 -0.009028
v -0.001701 0.021448 -0.009961
v -0.002068 0.000220 0.017615
v -0.003350 0.006444 0.015017
v -0.002989 0.046257 0.005274
v -0.002955 0.063212 0.005204
v -0.002111 0.059941 0.008743
v 0.000668 0.000021 0.017331
v -0.000221 0.016567 0.011944
v -0.001459 0.046140 0.005922
v -0.001749 0.020779 -0.011613
v -0.001318 0.000230 -0.017723
v -0.001922 0.016635 -0.011739
v -0.002690 0.046218 -0.005462
v -0.002165 0.059432 -0.009049
v -0.000105 0.064475 -0.003541
v -0.001848 0.020767 0.011556
v -0.001810 0.064449 0.003020
v -0.000947 0.019012 -0.011363
v -0.000102 0.041554 -0.008493
v -0.001155 0.035844 -0.005444
v -0.000472 0.004634 0.017899
v -0.001871 0.056136 0.010009
v -0.002309 0.038799 0.005060
v -0.001388 0.031544 -0.005951
v -0.002095 0.046302 0.005727
v -0.000640 0.018123 0.011313
v -0.000873 0.063198 -0.005986
v -0.002058 0.040817 0.005647
v -0.001775 0.039725 -0.005407
v -0.001399 0.037519 0.005332
v -0.001893 0.033797 0.005390
v -0.001287 0.056989 -0.010039
v -0.000419 0.017659 -0.011432
v -0.000325 0.017507 0.011463
v -0.000113 0.046133 0.006108
v -0.000017 0.048921 -0.008645
v 0.000438 0.059496 -0.009316
v -0.001939 0.006408 0.015247
v -0.000321 0.047135 -0.007143
v -0.001786 0.020325 0.011619
v -0.000522 0.027309 0.007120
v -0.000457 0.020354 -0.011827
v -0.000363 0.021544 0.010040
v -0.001357 0.040917 -0.005982
v 0.000091 0.044323 -0.009874
v -0.000815 0.042374 -0.009661
v -0.000922 0.023689 0.008570
v -0.000193 0.042342 0.009649
v -0.000263 0.043457 -0.010026
v -0.000561 0.049949 0.009162
v -0.002068 0.046134 -0.005771
v -0.000697 0.046897 0.006811
v -0.000171 0.044933 -0.009341
v -0.000043 0.041826 0.009119
v -0.000503 0.061353 -0.008045
v -0.001972 0.006416 -0.015297
v -0.000073 0.010954 -0.017104
v 0.000549 0.013628 -0.015425
v -0.000036 0.043727 0.009975
v 0.000108 0.054514 0.010298
v -0.000623 0.063805 0.004980
v -0.000178 0.064941 0.001490
v 0.000060 0.010940 0.017080
v -0.000741 0.000513 0.017860
v -0.000069 0.009208 0.017165
v -0.000076 0.009195 -0.017190
v 0.000019 0.044377 0.009815
v -0.000154 0.044908 0.009335
v -0.000841 0.006411 -0.015418
v -0.000323 0.040304 0.005832
v -0.000934 0.046278 0.006008
v 0.000713 0.007054 -0.016121
v 0.000905 0.059377 0.009295
v 0.000874 0.008245 0.016912
v -0.000688 0.041421 -0.006551
v -0.000548 0.021747 -0.009973
v -0.000790 0.041191 0.006200
v 0.000339 0.048353 0.008169
v 0.000910 0.004487 -0.017947
v -0.001633 0.046244 -0.005874
v -0.000276 0.019216 0.011420
v -0.000637 0.007018 0.016074
v 0.000099 0.057131 0.010054
v 0.000368 0.006433 -0.015459
v -0.000989 0.046154 -0.006031
v -0.000100 0.054517 -0.010354
v 0.000961 0.062670 0.006662
v -0.001136 0.025984 -0.007565
v -0.000653 0.046297 -0.006096
v 0.000826 0.006416 0.015377
v -0.000555 0.006440 0.015413
v -0.000643 0.038388 -0.005529
v -0.000203 0.060962 0.008352
v 0.000479 0.021389 0.010191
v 0.000217 0.034478 0.005653
v 0.001229 0.008184 -0.016851
v 0.000249 0.023309 -0.008896
v 0.000278 0.041478 0.006770
v 0.000177 0.016578 -0.011967
v -0.000014 0.012413 0.016386
v 0.000700 0.026636 -0.007326
v 0.000068 0.005185 -0.017781
v 0.000429 0.065011 -0.000746
v 0.000305 0.042846 0.009887
v 0.000309 0.030206 0.006318
v 0.000228 0.040129 -0.005825
v 0.000053 0.041873 -0.009197
v 0.001397 0.000327 -0.017803
v 0.000533 0.052134 0.009959
v 0.000049 0.037780 0.005502
v 0.000503 0.020746 -0.011808
v 0.000494 0.020753 0.011776
v 0.000528 0.020348 0.011796
v 0.000039 0.030274 -0.006333
v 0.000082 0.041167 -0.006274
v 0.000423 0.021434 -0.010116
v 0.001082 0.064437 0.003539
v 0.001068 0.019082 -0.011360
v 0.000145 0.051529 -0.009843
v 0.000175 0.046131 -0.006145
v 0.000660 0.046282 0.006046
v 0.001211 0.000353 0.017798
v 0.000779 0.038331 -0.005513
v 0.000868 0.042444 -0.009684
v 0.001807 0.046762 -0.006493
v 0.001533 0.023080 0.008846
v 0.000713 0.041196 0.006197
v 0.001028 0.035582 -0.005471
v 0.002339 0.047144 0.006760
v 0.001855 0.018690 0.011142
v 0.002089 0.063901 -0.004485
v 0.001451 0.061992 -0.007340
v 0.000994 0.046215 -0.006005
v 0.001918 0.021724 -0.009810
v 0.002047 0.030497 -0.005939
v 0.002210 0.045188 -0.008573
v 0.001843 0.011792 -0.016689
v 0.001465 0.043307 -0.009871
v 0.002976 0.055027 -0.009917
v 0.002194 0.051642 -0.009612
v 0.001771 0.064772 -0.001668
v 0.002378 0.045155 0.008558
v 0.002149 0.054919 0.010081
v 0.002875 0.047770 -0.007214
v 0.001470 0.057612 -0.009899
v 0.004393 0.041554 0.007173
v 0.004027 0.021092 -0.010770
v 0.002655 0.016709 0.011520
v 0.001824 0.005065 0.017689
v 0.002222 0.027097 -0.006837
v 0.001698 0.038714 0.005275
v 0.001899 0.040727 0.005668
v 0.002482 0.041457 -0.006193
v 0.002507 0.017689 -0.011112
v 0.001504 0.006034 -0.015685
v 0.001575 0.006448 -0.015357
v 0.004306 0.007013 0.015507
v 0.002596 0.043498 0.009631
v 0.003151 0.020368 -0.011401
v 0.002013 0.046135 0.005743
v 0.005042 0.015530 -0.012203
v 0.001638 0.040824 -0.005818
v 0.001871 0.041345 -0.006205
v 0.001200 0.021598 0.009918
v 0.001069 0.046181 0.005974
v 0.002473 0.050082 0.008878
v 0.001593 0.026922 0.007027
v 0.003107 0.057573 0.009468
v 0.002508 0.041336 0.005913
v 0.002733 0.044547 -0.009332
v 0.002607 0.044493 0.009360
v 0.002913 0.016780 -0.011448
v 0.002305 0.041812 -0.008767
v 0.001755 0.013441 0.015469
v 0.002279 0.039217 -0.005170
v 0.003932 0.005994 0.015252
v 0.005034 0.013460 -0.014773
v 0.003053 0.011820 0.016449
v 0.002103 0.009828 -0.017088
v 0.002383 0.033923 0.005161
v 0.002906 0.017749 0.010959
v 0.002611 0.021469 -0.009741
v 0.002879 0.043820 -0.009547
v 0.003269 0.061179 0.007527
v 0.003342 0.029582 0.005564
v 0.002697 0.042402 0.009278
v 0.001955 0.036357 -0.005143
v 0.002942 0.064609 0.001026
v 0.004482 0.044951 -0.008135
v 0.002121 0.046300 0.005706
v 0.003158 0.063190 0.005128
v 0.001358 0.006066 0.015637
v 0.003200 0.010065 0.016885
v 0.003067 0.023054 -0.008479
v 0.001901 0.046231 -0.005761
v 0.004298 0.041473 0.005229
v 0.006704 0.041541 -0.005121
v 0.004296 0.021058 0.010705
v 0.003598 0.052363 0.009371
v 0.003579 0.059803 -0.008424
v 0.003492 0.020774 -0.011236
v 0.003141 0.064067 0.003164
v 0.004292 0.020369 0.011010
v 0.002410 0.005239 -0.017540
v 0.003720 0.023367 0.007973
v 0.004440 0.057192 -0.009034
v 0.004939 0.000501 0.017185
v 0.003061 0.026667 0.006651
v 0.003351 0.061827 -0.006881
v 0.003630 0.064369 -0.001174
v 0.005372 0.013881 0.014149
v 0.002979 0.049837 -0.008620
v 0.003030 0.040741 -0.005182
v 0.004793 0.004497 0.017236
v 0.003372 0.018903 -0.010859
v 0.002779 0.006440 -0.015162
v 0.003061 0.046291 -0.005285
v 0.004262 0.009198 0.016594
v 0.004136 0.019115 0.010605
v 0.002814 0.042386 -0.009269
v 0.002745 0.046138 0.005427
v 0.002697 0.046141 -0.005473
v 0.003581 0.038196 0.004215
v 0.003847 0.000234 0.017305
v 0.007195 0.005276 -0.016158
v 0.003835 0.033913 -0.004198
v 0.002846 0.032547 -0.005181
v 0.004241 0.006038 -0.015139
v 0.003066 0.021546 0.009551
v 0.002594 0.006435 0.015161
v 0.004493 0.050686 0.008364
v 0.003022 0.039905 0.004823
v 0.004362 0.051653 -0.008864
v 0.004122 0.063447 -0.003851
v 0.004211 0.030546 -0.004660
v 0.003502 0.043129 -0.009315
v 0.004303 0.059099 0.008398
v 0.003686 0.006453 -0.014976
v 0.004683 0.041898 -0.007926
v 0.003282 0.046224 0.005063
v 0.003852 0.046269 0.004697
v 0.004108 0.026318 -0.006250
v 0.004195 0.011057 -0.016523
v 0.004373 0.044524 0.008655
v 0.005164 0.000172 0.016959
v 0.002942 0.037801 -0.004682
v 0.004221 0.042390 0.008681
v 0.005474 0.009147 -0.016295
v 0.004473 0.000281 -0.017279
v 0.004800 0.048680 0.006926
v 0.004098 0.034503 0.003867
v 0.004293 0.018176 0.010456
v 0.003893 0.041491 -0.005590
v 0.004253 0.040152 -0.003993
v 0.004035 0.040951 0.004578
v 0.004593 0.054136 -0.009238
v 0.003589 0.046138 -0.004936
v 0.004494 0.046706 -0.004924
v 0.004188 0.021741 0.009023
v 0.004382 0.007382 -0.015839
v 0.004661 0.043433 0.008806
v 0.004648 0.021727 -0.008831
v 0.004137 0.005261 0.017150
v 0.006139 0.041774 -0.006698
v 0.004253 0.039876 0.003826
v 0.006126 0.011348 0.015780
v 0.005967 0.044952 0.007105
v 0.004215 0.021443 -0.009201
v 0.004645 0.042409 -0.008516
v 0.005454 0.016236 -0.011053
v 0.004600 0.027820 0.005191
v 0.004953 0.016479 0.010959
v 0.004218 0.054034 0.009355
v 0.004549 0.044374 -0.008696
v 0.005405 0.050005 -0.007459
v 0.004338 0.023115 -0.007837
v 0.004201 0.006434 0.014807
v 0.003788 0.046155 0.004733
v 0.004440 0.041273 -0.004595
v 0.003824 0.020773 0.011101
v 0.005070 0.005085 -0.017099
v 0.004119 0.038050 -0.003691
v 0.005231 0.017226 -0.010299
v 0.007150 0.041549 0.004307
v 0.003990 0.046226 -0.004579
v 0.005342 0.018125 -0.010014
v 0.006073 0.021430 0.008043
v 0.004614 0.046139 -0.003981
v 0.005397 0.063395 0.001810
v 0.005747 0.048031 -0.005504
v 0.005234 0.062722 0.004050
v 0.004548 0.040895 -0.004046
v 0.004683 0.034491 -0.003164
v 0.004527 0.017220 0.010593
v 0.004955 0.020797 -0.010676
v 0.005511 0.019202 -0.010026
v 0.011521 0.000016 -0.012784
v 0.004333 0.046141 0.004256
v 0.004318 0.006442 -0.014813
v 0.004472 0.046275 -0.004125
v 0.004103 0.041298 0.004883
v 0.004978 0.023265 0.007299
v 0.004604 0.032753 0.003609
v 0.005388 0.061789 0.005455
v 0.004942 0.056521 0.008888
v 0.003524 0.041779 0.008360
v 0.006636 0.006116 0.014137
v 0.004375 0.021441 0.009083
v 0.006010 0.063191 -0.000885
v 0.004851 0.037834 0.002600
v 0.004859 0.040890 0.003540
v 0.004880 0.061885 -0.005791
v 0.005092 0.020785 0.010569
v 0.005154 0.026882 -0.005115
v 0.006294 0.060169 -0.006308
v 0.007042 0.021043 -0.009074
v 0.005767 0.020337 -0.010285
v 0.006542 0.044990 -0.006548
v 0.005612 0.012449 -0.015414
v 0.004821 0.046289 0.003699
v 0.006188 0.023307 -0.006361
v 0.004773 0.043465 -0.008783
v 0.004883 0.038636 -0.002598
v 0.006592 0.012396 0.015020
v 0.005253 0.034831 0.001976
v 0.004897 0.046141 0.003605
v 0.005708 0.027469 0.004162
v 0.006556 0.053038 0.007782
v 0.006328 0.042336 0.007261
v 0.005902 0.008110 0.015779
v 0.006509 0.062314 -0.002942
v 0.005762 0.047167 0.004246
v 0.005703 0.058704 -0.007740
v 0.005272 0.006426 -0.014504
v 0.005628 0.006447 0.014354
v 0.005899 0.041455 0.003050
v 0.007124 0.048819 0.004660
v 0.006828 0.055455 0.007697
v 0.005881 0.041481 -0.003376
v 0.006667 0.011067 -0.015697
v 0.006372 0.009879 0.015978
v 0.005866 0.017835 0.009662
v 0.005414 0.037966 -0.001118
v 0.005031 0.046234 -0.003386
v 0.005783 0.021432 -0.008276
v 0.006519 0.023174 0.006075
v 0.005359 0.038017 0.001271
v 0.005531 0.033922 -0.001423
v 0.005523 0.030610 -0.002958
v 0.006801 0.058429 0.006952
v 0.005439 0.040720 -0.002461
v 0.006656 0.043103 -0.007386
v 0.005721 0.041325 -0.002903
v 0.005349 0.046204 0.002802
v 0.005607 0.030324 0.002824
v 0.007945 0.045267 0.003443
v 0.006327 0.006412 -0.014073
v 0.005505 0.040199 0.001795
v 0.005345 0.046281 -0.002897
v 0.007133 0.044956 0.005880
v 0.005850 0.040989 0.001815
v 0.006314 0.005176 0.016571
v 0.006582 0.052052 -0.007493
v 0.005709 0.040171 -0.001077
v 0.006328 0.041828 0.006506
v 0.006532 0.043445 0.007529
v 0.006745 0.042427 -0.007009
v 0.005710 0.000257 -0.016890
v 0.007129 0.056730 -0.007272
v 0.008824 0.006047 0.012951
v 0.006868 0.020874 0.009406
v 0.006255 0.030061 0.001055
v 0.007286 0.061747 0.002493
v 0.005498 0.036204 0.000041
v 0.006399 0.044153 -0.007554
v 0.005759 0.040180 0.000556
v 0.006624 0.047227 -0.002864
v 0.005686 0.019203 0.009876
v 0.006092 0.041319 0.001949
v 0.005790 0.044358 0.007856
v 0.005806 0.046134 0.001838
v 0.005795 0.046281 0.001815
v 0.005941 0.041056 -0.001596
v 0.006540 0.027186 -0.002975
v 0.007289 0.007431 -0.014765
v 0.008422 0.041532 0.000547
v 0.006646 0.054574 -0.007905
v 0.007976 0.000082 0.015559
v 0.013739 0.000003 0.010341
v 0.006699 0.021752 -0.007379
v 0.005655 0.046204 -0.002143
v 0.006164 0.060346 0.006227
v 0.007122 0.050941 0.006458
v 0.007457 0.045143 -0.004914
v 0.006072 0.031386 -0.000567
v 0.008333 0.021103 -0.007845
v 0.006156 0.041050 -0.000137
v 0.006826 0.020775 -0.009524
v 0.006031 0.046135 -0.000974
v 0.005910 0.046268 -0.001382
v 0.007500 0.021771 0.006531
v 0.008332 0.007293 0.014034
v 0.006050 0.046135 0.000687
v 0.007217 0.020345 0.009267
v 0.006472 0.006446 0.013981
v 0.008189 0.009211 0.015051
v 0.006624 0.027303 0.002558
v 0.009438 0.013140 0.012763
v 0.006093 0.046290 0.000307
v 0.007785 0.048232 0.002284
v 0.008021 0.000246 0.015856
v 0.007814 0.050580 -0.005420
v 0.007621 0.059078 -0.005668
v 0.009042 0.044913 -0.002267
v 0.008236 0.020358 -0.008462
v 0.006577 0.041414 -0.000268
v 0.007210 0.047214 -0.000227
v 0.007265 0.021447 -0.007022
v 0.007237 0.017247 -0.008952
v 0.007504 0.018296 -0.008483
v 0.008614 0.004593 0.015695
v 0.007915 0.000628 0.016044
v 0.008056 0.004718 -0.016012
v 0.007120 0.026949 -0.001266
v 0.009139 0.045040 0.000326
v 0.007178 0.044291 0.006701
v 0.007593 0.060314 0.004399
v 0.007986 0.006201 -0.013314
v 0.007408 0.016205 0.009784
v 0.006714 0.061384 -0.004392
v 0.006923 0.005988 -0.014281
v 0.007714 0.019191 0.008397
v 0.010698 0.013711 -0.011019
v 0.008636 0.000167 -0.015433
v 0.008096 0.000389 -0.015934
v 0.008434 0.021105 0.007694
v 0.008269 0.010445 -0.015029
v 0.008122 0.061255 0.000067
v 0.007343 0.044165 -0.006633
v 0.007662 0.018167 0.008322
v 0.008019 0.048880 -0.003013
v 0.007805 0.023160 0.004277
v 0.007363 0.026475 0.000700
v 0.008111 0.041966 0.004525
v 0.008564 0.016410 -0.008603
v 0.007317 0.021441 0.006926
v 0.007482 0.006432 0.013440
v 0.008040 0.009239 -0.015177
v 0.007730 0.058839 0.005599
v 0.007553 0.023248 -0.004633
v 0.007067 0.006446 -0.013698
v 0.007331 0.042413 0.006319
v 0.008102 0.054668 0.006308
v 0.008429 0.052607 0.005516
v 0.007790 0.005270 0.015863
v 0.008277 0.012894 -0.013761
v 0.007548 0.043258 0.006455
v 0.008108 0.021771 -0.005742
v 0.008416 0.010994 0.014815
v 0.007982 0.019291 -0.008218
v 0.008508 0.044523 -0.004703
v 0.008549 0.053938 -0.005753
v 0.008093 0.020800 0.008493
v 0.008369 0.023566 -0.002492
v 0.007400 0.017313 0.008762
v 0.008077 0.023581 0.003095
v 0.008122 0.042004 -0.004617
v 0.009023 0.056855 -0.004642
v 0.007937 0.006439 -0.013194
v 0.007948 0.043148 -0.005955
v 0.008675 0.042809 -0.004707
v 0.008630 0.005147 -0.015522
v 0.008854 0.056645 0.004949
v 0.008333 0.048620 -0.000131
v 0.008262 0.020769 -0.008378
v 0.008621 0.017460 0.007475
v 0.008719 0.043732 -0.004802
v 0.008753 0.050424 -0.003368
v 0.008760 0.022557 -0.003260
v 0.008638 0.044180 0.004789
v 0.008876 0.059055 0.003332
v 0.008898 0.050564 0.003237
v 0.008847 0.023115 0.001331
v 0.008740 0.017221 -0.007531
v 0.008959 0.023110 -0.000182
v 0.008393 0.021490 -0.005495
v 0.008965 0.042011 0.002578
v 0.008626 0.042816 0.004781
v 0.008853 0.020351 0.007786
v 0.008872 0.044875 0.003015
v 0.008713 0.018367 -0.007222
v 0.008383 0.060237 -0.002826
v 0.009317 0.016317 0.007830
v 0.008357 0.021433 0.005601
v 0.008698 0.006390 0.012669
v 0.008920 0.018996 0.006996
v 0.009295 0.059429 0.000338
v 0.008783 0.005164 0.015383
v 0.009878 0.011361 -0.013706
v 0.009122 0.020792 0.007330
v 0.010861 0.000339 -0.014140
v 0.008894 0.041925 -0.002600
v 0.010894 0.000438 0.014131
v 0.010502 0.007012 -0.012171
v 0.009140 0.021532 0.004165
v 0.009138 0.058488 -0.003197
v 0.010587 0.009054 -0.013470
v 0.010373 0.009261 0.013616
v 0.011214 0.004459 -0.013978
v 0.009495 0.058753 -0.001506
v 0.008934 0.006443 -0.012553
v 0.009387 0.050396 -0.000317
v 0.009489 0.042804 -0.002701
v 0.009567 0.052644 0.003183
v 0.009408 0.042786 0.002928
v 0.009437 0.020610 -0.007056
v 0.009343 0.054438 0.004293
v 0.009509 0.058202 0.002352
v 0.009151 0.021441 -0.004289
v 0.009434 0.006437 0.012158
v 0.009467 0.044140 0.002921
v 0.009716 0.021752 0.002170
v 0.009491 0.044151 -0.002852
v 0.009688 0.053272 -0.003292
v 0.010212 0.000161 0.014391
v 0.011076 0.006020 -0.011235
v 0.009353 0.042002 0.000170
v 0.009927 0.021752 -0.000754
v 0.010019 0.017641 0.005353
v 0.011083 0.014266 0.009566
v 0.011158 0.007552 0.012173
v 0.009369 0.021730 -0.003451
v 0.010011 0.019173 -0.005511
v 0.010572 0.021095 -0.004457
v 0.009534 0.006433 -0.012107
v 0.009571 0.021497 -0.003081
v 0.011511 0.009842 0.012777
v 0.010617 0.016575 0.005433
v 0.011722 0.012296 -0.011587
v 0.010045 0.052773 -0.001286
v 0.010226 0.020818 0.005642
v 0.009859 0.051951 0.000915
v 0.009858 0.042720 0.000145
v 0.009809 0.044379 -0.000019
v 0.010203 0.018992 0.004974
v 0.009599 0.021442 0.003136
v 0.010513 0.020762 -0.005246
v 0.010841 0.005223 0.013947
v 0.009929 0.054925 0.002659
v 0.011628 0.011272 0.012335
v 0.010054 0.055587 -0.002086
v 0.010976 0.020341 0.004345
v 0.009883 0.043765 0.000967
v 0.012098 0.005151 -0.013043
v 0.010176 0.056365 0.000278
v 0.010342 0.006425 0.011412
v 0.010146 0.006429 -0.011607
v 0.010002 0.021437 -0.001207
v 0.009946 0.043529 -0.000696
v 0.010969 0.016297 -0.005369
v 0.012107 0.005437 -0.012547
v 0.010980 0.020359 -0.004371
v 0.010167 0.017837 -0.005025
v 0.010594 0.016954 -0.005031
v 0.010254 0.054312 0.000644
v 0.013310 0.013646 -0.007716
v 0.010070 0.021448 0.000486
v 0.011533 0.021072 0.000053
v 0.010628 0.021103 0.004188
v 0.010636 0.017327 0.004312
v 0.011913 0.010910 -0.012260
v 0.011440 0.006145 0.010580
v 0.012864 0.005224 0.012226
v 0.012383 0.009217 -0.011908
v 0.010655 0.006449 -0.011159
v 0.010781 0.018188 0.003410
v 0.011172 0.007946 -0.012498
v 0.012082 0.012699 0.010807
v 0.010957 0.020794 0.004237
v 0.010857 0.018944 -0.003345
v 0.013370 0.004628 0.011941
v 0.012923 0.009181 0.011279
v 0.010895 0.019216 0.003350
v 0.010954 0.017630 -0.003085
v 0.011185 0.006335 -0.010644
v 0.011605 0.005112 0.013471
v 0.011215 0.020788 -0.003479
v 0.011344 0.006430 0.010405
v 0.011730 0.016265 0.003392
v 0.011347 0.016870 -0.002972
v 0.011720 0.020758 -0.000890
v 0.011390 0.006475 -0.010425
v 0.011250 0.018249 0.001141
v 0.011245 0.017242 0.002415
v 0.014047 0.013008 0.007672
v 0.011386 0.019232 -0.000710
v 0.011294 0.018197 -0.000848
v 0.011884 0.016014 -0.003943
v 0.011635 0.020794 0.001419
v 0.012369 0.000283 -0.012814
v 0.011762 0.020333 -0.000794
v 0.012398 0.005907 0.009965
v 0.013058 0.007405 0.009956
v 0.011713 0.020354 0.001090
v 0.011555 0.017231 -0.000188
v 0.011350 0.019166 0.001004
v 0.012112 0.006420 -0.009500
v 0.012257 0.016271 0.000381
v 0.012878 0.007121 -0.009749
v 0.012599 0.000215 0.012482
v 0.012184 0.006420 0.009361
v 0.014902 0.013571 0.004216
v 0.013551 0.008258 -0.010056
v 0.012390 0.000482 0.012850
v 0.015583 0.000128 -0.008380
v 0.012804 0.006436 0.008488
v 0.013302 0.006075 -0.008199
v 0.013088 0.006453 -0.008104
v 0.013843 0.005160 -0.011096
v 0.013175 0.011009 0.010811
v 0.013180 0.006135 0.008269
v 0.014272 0.011880 -0.008653
v 0.013091 0.010966 -0.010912
v 0.013856 0.000396 0.011206
v 0.014801 0.009802 -0.008754
v 0.013659 0.000211 -0.011327
v 0.013904 0.000549 -0.011246
v 0.013529 0.004622 -0.011745
v 0.013538 0.006430 -0.007348
v 0.015106 0.009235 0.008131
v 0.014910 0.011007 0.008213
v 0.014867 0.007132 0.006427
v 0.013382 0.006431 0.007571
v 0.015369 0.005174 -0.008880
v 0.014337 0.007017 -0.007240
v 0.014508 0.000202 0.010125
v 0.014578 0.014370 -0.000074
v 0.015432 0.005175 0.008684
v 0.013797 0.006433 -0.006849
v 0.013953 0.006440 0.006506
v 0.015360 0.012448 0.005611
v 0.016048 0.005236 0.007462
v 0.014148 0.005138 0.010635
v 0.015810 0.005455 -0.007168
v 0.014692 0.013655 -0.004518
v 0.014603 0.006059 0.005683
v 0.015381 0.000346 0.009036
v 0.015247 0.000319 -0.009214
v 0.015460 0.004700 -0.009003
v 0.014928 0.008315 -0.007936
v 0.014154 0.006438 -0.006117
v 0.017022 0.000067 -0.004165
v 0.014347 0.006438 0.005634
v 0.015440 0.008107 0.006718
v 0.014440 0.006493 -0.005490
v 0.016024 0.012942 -0.000572
v 0.014693 0.006039 -0.005614
v 0.014804 0.006436 0.004228
v 0.014635 0.006409 -0.004813
v 0.015354 0.012328 -0.005934
v 0.015922 0.008225 -0.005662
v 0.014822 0.006414 -0.004175
v 0.015919 0.000156 0.007696
v 0.015438 0.006065 0.002501
v 0.017724 0.000161 -0.000073
v 0.015062 0.006427 -0.003166
v 0.016014 0.009516 -0.006274
v 0.015619 0.006039 -0.002047
v 0.015207 0.006442 0.002420
v 0.016045 0.010966 0.005834
v 0.015502 0.007084 -0.004466
v 0.015796 0.010963 -0.006448
v 0.015257 0.006406 -0.002042
v 0.016259 0.009197 0.005485
v 0.016224 0.005072 -0.007341
v 0.017164 0.005213 0.004328
v 0.015387 0.006445 -0.000968
v 0.015409 0.006433 0.000429
v 0.016527 0.011650 -0.003028
v 0.016016 0.004696 0.007984
v 0.016547 0.000584 -0.006806
v 0.016071 0.007025 -0.000573
v 0.016285 0.012343 0.002104
v 0.016089 0.007379 0.003038
v 0.016565 0.000567 0.006710
v 0.016742 0.008282 -0.002238
v 0.016852 0.009928 -0.003427
v 0.016934 0.000147 0.005189
v 0.016835 0.008119 0.000100
v 0.017256 0.005234 -0.003883
v 0.016859 0.000200 -0.005553
v 0.017048 0.010949 -0.000696
v 0.016970 0.010983 0.001603
v 0.016989 0.009435 0.002674
v 0.016996 0.005057 -0.005384
v 0.016797 0.005180 0.005599
v 0.017109 0.004674 0.005165
v 0.017303 0.000353 0.004288
v 0.017165 0.009431 -0.000364
v 0.017701 0.005109 -0.001641
v 0.017753 0.000342 0.001622
v 0.017595 0.005263 0.001533
v 0.017395 0.000340 -0.003875
v 0.017835 0.004698 0.001441
v 0.017863 0.000680 -0.001227
vn -0.9115 0.3917 -0.1256
vn -0.8406 -0.5409 0.0287
vn -0.9899 0.1212 0.0741
vn -0.9065 -0.4053 -0.1183
vn -0.8745 -0.4495 0.1822
vn -0.7576 0.6513 0.0427
vn -0.7979 0.5866 0.1390
vn -0.9575 0.1222 0.2614
vn -0.3484 -0.9367 -0.0338
vn -0.3181 -0.9436 0.0918
vn -0.8687 0.4336 -0.2397
vn -0.8923 -0.3617 -0.2702
vn -0.4963 -0.8573 -0.1369
vn -0.8070 0.5219 0.2762
vn -0.6862 0.7186 -0.1129
vn -0.9147 -0.1649 0.3691
vn -0.5952 0.7998 -0.0784
vn -0.4701 0.8641 0.1797
vn -0.5991 0.7974 0.0731
vn -0.5748 0.8030 0.1572
vn -0.9969 -0.0680 -0.0394
vn -0.9681 -0.1104 0.2247
vn -0.9554 0.2844 0.0797
vn -0.9406 0.3008 -0.1576
vn -0.9533 -0.0774 -0.2919
vn -0.6599 -0.7044 0.2613
vn -0.9149 -0.3903 -0.1034
vn -0.9086 -0.3851 0.1620
vn -0.1276 -0.9882 -0.0853
vn -0.8919 0.1051 -0.4399
vn -0.7464 -0.5768 -0.3319
vn -0.8457 0.5333 -0.0180
vn -0.9308 0.2568 0.2602
vn -0.9296 -0.1489 0.3371
vn -0.8490 -0.4242 -0.3150
vn -0.7292 0.5495 -0.4077
vn -0.8665 0.1045 0.4881
vn -0.8876 0.2712 -0.3722
vn -0.7585 -0.6516 -0.0124
vn -0.8769 0.2387 0.4173
vn -0.7416 0.6149 -0.2682
vn -0.7405 -0.6312 -0.2308
vn -0.6964 0.6262 0.3505
vn -0.3004 -0.9357 0.1851
vn -0.8148 0.5540 0.1708
vn -0.7175 0.6931 0.0695
vn -0.7736 -0.5586 0.2991
vn -0.3708 0.9019 -0.2214
vn -0.8116 -0.3216 -0.4876
vn -0.4172 0.8805 -0.2251
vn -0.7922 -0.3888 0.4705
vn -0.5538 -0.7620 -0.3357
vn -0.9868 -0.1621 0.0036
vn -0.8140 -0.4089 -0.4125
vn -0.6907 0.7192 -0.0760
vn -0.3302 0.8818 0.3367
vn -0.6847 0.6944 0.2211
vn -0.8505 -0.1752 0.4960
vn -0.9667 -0.1196 -0.2263
vn -0.9846 -0.1418 -0.1027
vn -0.7810 0.5316 0.3278
vn -0.9794 -0.0416 0.1974
vn -0.8427 -0.0609 -0.5350
vn -0.2927 0.9539 -0.0666
vn -0.5662 0.7776 0.2736
vn -0.9752 -0.0575 0.2139
vn -0.7051 0.5410 0.4585
vn -0.6849 0.4957 -0.5341
vn -0.4039 -0.9088 -0.1043
vn -0.8203 0.3011 -0.4862
vn -0.9526 -0.1250 0.2772
vn -0.7254 -0.4340 0.5344
vn -0.6529 0.6361 -0.4113
vn -0.7293 -0.2525 -0.6359
vn -0.6482 -0.6481 -0.3999
vn -0.6976 0.4102 0.5875
vn -0.6669 -0.5950 0.4486
vn -0.3306 0.8883 -0.3187
vn -0.7456 0.3953 0.5365
vn -0.9308 -0.1120 -0.3479
vn -0.7627 0.0293 0.6461
vn -0.9187 -0.1431 0.3681
vn -0.6734 -0.5178 0.5277
vn -0.7506 0.2469 -0.6129
vn -0.6306 0.6893 0.3566
vn -0.6336 0.4401 -0.6363
vn -0.3876 0.8207 0.4199
vn -0.8531 -0.2166 0.4747
vn -0.7405 -0.3660 -0.5637
vn -0.7243 0.6882 0.0422
vn -0.4902 -0.7759 -0.3972
vn -0.7175 0.6838 -0.1323
vn -0.6673 0.5963 -0.4463
vn -0.7004 -0.3768 0.6062
vn -0.8564 -0.2723 -0.4387
vn -0.5941 -0.7099 0.3783
vn -0.8294 -0.1418 -0.5404
vn -0.4845 0.7758 -0.4041
vn -0.3860 0.7792 -0.4938
vn -0.6951 -0.1854 -0.6946
vn -0.5717 0.6811 0.4575
vn -0.8030 -0.1323 0.5811
vn -0.4663 -0.7197 -0.5144
vn -0.6365 0.5544 -0.5361
vn -0.6904 -0.2344 0.6844
vn -0.7012 0.5243 0.4831
vn -0.5873 -0.5498 -0.5939
vn -0.3950 -0.7917 0.4660
vn -0.7797 -0.1658 -0.6038
vn -0.6507 0.3940 0.6491
vn -0.5577 0.4764 0.6798
vn -0.7989 -0.1381 0.5854
vn -0.4737 0.7180 -0.5100
vn -0.7643 -0.0965 -0.6376
vn -0.5236 0.5432 -0.6563
vn -0.6266 0.7096 -0.3223
vn -0.5701 -0.3526 -0.7421
vn -0.6592 -0.0132 0.7519
vn -0.5694 -0.4199 0.7067
vn -0.3329 0.7779 0.5330
vn -0.1762 -0.9463 0.2710
vn -0.7369 -0.1424 0.6608
vn -0.4861 -0.6513 0.5827
vn -0.5499 -0.3480 0.7593
vn -0.6101 -0.0089 -0.7923
vn -0.6718 0.6951 0.2560
vn -0.2901 -0.8501 -0.4395
vn -0.5229 0.6756 -0.5197
vn -0.9017 0.4177 -0.1119
vn -0.5833 0.3143 -0.7490
vn -0.9301 0.3406 0.1374
vn -0.8693 0.4614 -0.1773
vn -0.9984 -0.0362 -0.0445
vn -0.5854 0.1240 -0.8012
vn -0.5058 0.8621 0.0317
vn -0.7294 -0.0671 0.6808
vn -0.9251 0.3730 0.0709
vn -0.8785 0.3852 0.2828
vn -0.9509 -0.0993 0.2930
vn -0.9370 -0.1964 0.2888
vn -0.9852 -0.0413 0.1665
vn -0.9777 -0.1941 -0.0806
vn -0.9535 -0.0896 -0.2876
vn -0.9242 -0.2114 -0.3179
vn -0.6515 -0.1977 -0.7324
vn -0.8401 0.4286 0.3325
vn -0.4792 0.5836 -0.6556
vn -0.5297 0.8135 -0.2400
vn -0.8608 0.4400 -0.2557
vn -0.8855 0.3811 -0.2660
vn -0.9972 0.0614 -0.0437
vn -0.5502 0.3295 0.7673
vn -0.5432 -0.3925 -0.7423
vn -0.4730 0.6677 0.5748
vn -0.5938 0.6444 0.4818
vn -0.4863 0.8426 0.2314
vn -0.7223 0.5412 -0.4306
vn -0.9677 0.0380 -0.2494
vn -0.7816 0.4315 0.4505
vn -0.4395 0.4162 0.7960
vn -0.4442 -0.6474 -0.6193
vn -0.8721 -0.0464 0.4871
vn -0.2351 0.8627 0.4477
vn -0.6377 -0.0709 0.7670
vn -0.5534 0.3694 0.7466
vn -0.8333 0.2077 -0.5123
vn -0.8854 0.2046 0.4174
vn -0.8877 -0.0794 -0.4535
vn -0.4525 -0.1591 0.8775
vn -0.4199 0.6314 -0.6519
vn -0.6196 -0.1297 -0.7741
vn -0.7367 0.4655 0.4905
vn -0.8521 0.2728 -0.4466
vn -0.4874 0.1348 0.8627
vn -0.8446 -0.1216 0.5214
vn -0.4792 0.2572 -0.8392
vn -0.5478 0.8310 0.0969
vn -0.4084 -0.5295 0.7435
vn -0.5705 0.8181 -0.0723
vn -0.9948 -0.0567 0.0841
vn -0.9949 0.1012 -0.0019
vn -0.9814 -0.1588 -0.1077
vn -0.4152 -0.5074 -0.7551
vn -0.7466 0.3782 -0.5473
vn -0.9505 -0.1420 -0.2765
vn -0.9391 -0.3411 0.0409
vn -0.9954 0.0943 0.0147
vn -0.9557 -0.1564 0.2492
vn -0.4896 0.8351 -0.2510
vn -0.2460 0.9538 -0.1723
vn -0.7813 0.2368 0.5776
vn -0.9499 0.0629 0.3061
vn -0.5655 0.7979 0.2088
vn -0.9486 0.1099 -0.2968
vn -0.9245 0.2324 0.3021
vn -0.9479 0.3176 -0.0264
vn -0.9277 0.3000 -0.2224
vn -0.7692 0.2104 -0.6034
vn -0.6982 0.4674 -0.5423
vn -0.4840 0.8041 0.3451
vn -0.4126 -0.0980 -0.9056
vn -0.1883 0.8582 -0.4776
vn -0.2149 0.8345 -0.5074
vn -0.9956 -0.0638 0.0693
vn -0.8506 0.5195 0.0809
vn -0.9428 0.3140 -0.1122
vn -0.7724 -0.1832 -0.6082
vn -0.9536 0.0025 -0.3010
vn -0.9303 -0.3655 -0.0316
vn -0.5166 -0.3622 -0.7758
vn -0.9474 0.1222 0.2957
vn -0.8662 0.4492 0.2190
vn -0.5619 -0.1661 0.8103
vn -0.7255 0.3756 0.5767
vn -0.8996 -0.3524 -0.2578
vn -0.8884 -0.0118 -0.4588
vn -0.3933 0.8430 -0.3670
vn -0.7257 -0.1058 0.6798
vn -0.8800 0.4204 0.2210
vn -0.9407 -0.2114 0.2654
vn -0.3856 0.8151 0.4324
vn -0.3846 -0.5712 0.7251
vn -0.8245 0.4934 -0.2770
vn -0.2973 0.5452 -0.7838
vn -0.3987 0.5324 -0.7467
vn -0.7778 0.5782 0.2463
vn -0.6388 -0.7453 -0.1909
vn -0.6475 -0.7617 0.0219
vn -0.8781 -0.0809 0.4717
vn -0.8722 0.4799 0.0947
vn -0.8657 -0.4288 -0.2583
vn -0.9150 0.3055 -0.2635
vn -0.8406 0.2704 -0.4694
vn -0.7779 -0.5783 0.2458
vn -0.7413 -0.0085 -0.6711
vn -0.5335 0.8182 -0.2143
vn -0.8122 0.4465 0.3755
vn -0.8544 0.5089 -0.1050
vn -0.8181 0.5111 0.2637
vn -0.4903 0.8714 -0.0163
vn -0.8236 -0.3146 -0.4719
vn -0.8290 0.1018 0.5499
vn -0.5332 -0.1102 0.8388
vn -0.8786 -0.2941 0.3763
vn -0.8153 -0.3330 0.4738
vn -0.8660 0.1212 0.4852
vn -0.4624 0.8666 0.1876
vn -0.8107 0.3680 -0.4554
vn -0.8088 -0.3045 -0.5031
vn -0.8394 0.5435 0.0072
vn -0.8145 0.5334 -0.2282
vn -0.8233 -0.5253 0.2151
vn -0.6908 0.5777 0.4348
vn -0.5839 -0.0745 -0.8084
vn -0.5489 0.5805 0.6014
vn -0.8003 0.4999 -0.3310
vn -0.6758 -0.1824 0.7142
vn -0.8229 -0.5672 -0.0331
vn -0.3730 0.1725 -0.9117
vn -0.4684 -0.8735 0.1328
vn -0.1191 -0.9638 -0.2388
vn -0.7416 0.5205 0.4232
vn -0.2213 -0.9752 0.0024
vn -0.7697 -0.3035 0.5617
vn -0.7777 0.4410 0.4481
vn -0.3113 0.7031 0.6393
vn -0.5860 -0.7369 -0.3372
vn -0.3729 -0.3589 0.8557
vn -0.2961 -0.6509 -0.6991
vn -0.5670 -0.7453 0.3507
vn -0.7315 -0.4927 0.4713
vn -0.6476 -0.1240 -0.7518
vn -0.8071 -0.0386 -0.5892
vn -0.6055 0.3476 -0.7159
vn -0.2539 -0.9617 -0.1036
vn -0.4651 0.8162 -0.3427
vn -0.6846 0.4627 0.5632
vn -0.4434 0.4093 0.7974
vn -0.7545 0.5305 -0.3863
vn -0.7081 0.4444 -0.5487
vn -0.3459 0.4314 0.8332
vn -0.5571 0.4403 -0.7042
vn -0.7210 0.6712 0.1726
vn -0.6205 0.1695 0.7657
vn -0.7014 -0.1327 0.7003
vn -0.4940 -0.0426 -0.8684
vn -0.3965 -0.4870 -0.7782
vn -0.6681 -0.3222 -0.6707
vn -0.6812 0.2536 0.6868
vn -0.4574 0.8167 -0.3518
vn -0.3250 0.6965 -0.6398
vn -0.3452 -0.1893 -0.9193
vn -0.3163 -0.6428 -0.6977
vn -0.7491 0.6622 -0.0174
vn -0.7082 -0.5566 -0.4343
vn -0.7025 -0.6652 -0.2530
vn -0.2697 0.6843 0.6775
vn -0.7305 -0.2760 -0.6247
vn -0.7607 0.0198 0.6488
vn -0.5759 0.1853 0.7962
vn -0.7494 0.3309 -0.5736
vn -0.6851 0.7168 -0.1298
vn -0.9076 0.4035 -0.1156
vn -0.8958 0.3517 -0.2716
vn -0.6555 0.2991 -0.6934
vn -0.5247 -0.6254 -0.5776
vn -0.3996 0.7972 0.4526
vn -0.3747 0.8219 0.4291
vn -0.1961 -0.9673 0.1607
vn -0.3312 0.7247 -0.6043
vn -0.3466 -0.1061 0.9320
vn -0.6381 0.5652 0.5229
vn -0.5742 -0.0516 -0.8171
vn -0.6141 -0.5130 0.5998
vn -0.3433 0.7007 -0.6255
vn -0.6579 -0.0744 -0.7494
vn -0.2207 -0.8533 0.4724
vn -0.6604 0.1201 -0.7413
vn -0.7192 -0.6947 -0.0144
vn -0.6369 0.4190 0.6472
vn -0.5465 0.6155 0.5680
vn -0.6302 -0.7390 0.2381
vn -0.3556 -0.8795 -0.3162
vn -0.6069 0.7268 0.3217
vn -0.5401 0.8344 0.1100
vn -0.5541 0.8277 -0.0886
vn -0.6559 0.4955 0.5695
vn -0.6542 0.5198 -0.5494
vn -0.4023 -0.1204 0.9076
vn -0.1810 -0.7801 0.5989
vn -0.6648 -0.6467 0.3738
vn -0.1492 -0.9613 -0.2315
vn -0.6488 0.0507 0.7592
vn -0.6188 0.6847 -0.3850
vn -0.2542 -0.9657 -0.0531
vn -0.9478 0.2926 0.1270
vn -0.8284 0.3738 0.4173
vn -0.4377 0.4971 0.7492
vn -0.4306 0.7630 -0.4820
vn -0.5620 0.5026 -0.6569
vn -0.5802 0.3378 0.7411
vn -0.7394 0.6478 -0.1835
vn -0.6482 0.6664 -0.3684
vn -0.6251 -0.3435 0.7009
vn -0.6333 0.1112 -0.7659
vn -0.6033 -0.5136 -0.6101
vn -0.5837 -0.2635 0.7681
vn -0.3380 -0.8640 0.3732
vn -0.3224 0.2522 0.9124
vn -0.2304 0.7465 0.6242
vn -0.7816 0.3641 -0.5064
vn -0.5076 0.5905 -0.6275
vn -0.5623 -0.2844 -0.7765
vn -0.3878 0.5295 -0.7545
vn -0.3271 0.2451 -0.9127
vn -0.6650 0.5999 -0.4449
vn -0.5201 -0.4482 0.7271
vn -0.4418 0.4888 0.7522
vn -0.4726 -0.1895 0.8606
vn -0.5928 -0.1505 0.7911
vn -0.2809 -0.9543 0.1021
vn -0.2964 0.5366 0.7901
vn -0.3471 -0.0856 -0.9339
vn -0.4741 -0.0566 0.8786
vn -0.4746 -0.1675 -0.8641
vn -0.7001 0.6691 0.2495
vn -0.8219 -0.4322 -0.3712
vn -0.8823 -0.4431 -0.1586
vn -0.4535 0.8497 -0.2689
vn -0.4941 0.6367 0.5920
vn -0.9823 0.1818 0.0442
vn -0.4023 -0.9044 -0.1423
vn -0.2387 -0.6420 0.7286
vn -0.1919 -0.4165 0.8886
vn -0.6667 -0.7419 0.0715
vn -0.9451 0.2089 -0.2512
vn -0.8550 0.2377 -0.4610
vn -0.4459 0.1646 0.8798
vn -0.2367 0.8290 0.5067
vn -0.4825 0.2113 -0.8500
vn -0.2624 -0.3820 -0.8861
vn -0.7741 -0.6317 -0.0417
vn -0.1950 0.5144 -0.8351
vn -0.3158 -0.1993 0.9277
vn -0.6116 0.4418 0.6564
vn -0.6126 0.2840 0.7376
vn -0.2815 0.8104 -0.5138
vn -0.5044 0.5213 -0.6883
vn -0.5039 0.6798 -0.5329
vn -0.7519 -0.5913 0.2915
vn -0.4750 0.1712 -0.8631
vn -0.4944 0.5473 -0.6753
vn -0.4918 -0.6073 0.6240
vn -0.1981 0.6713 0.7142
vn -0.7642 -0.3977 -0.5078
vn -0.4566 0.1929 0.8685
vn -0.1875 0.8294 -0.5263
vn -0.4459 -0.8022 0.3971
vn -0.3298 -0.7325 -0.5956
vn -0.8304 -0.5147 0.2131
vn -0.4870 -0.7153 -0.5011
vn -0.5344 -0.7655 0.3584
vn -0.1853 0.8705 0.4560
vn -0.6008 0.6695 0.4369
vn -0.6998 -0.5839 0.4116
vn -0.2107 -0.1636 0.9638
vn -0.4542 0.4568 -0.7649
vn -0.1711 -0.7829 -0.5981
vn -0.2280 0.6129 -0.7566
vn -0.3405 0.7765 -0.5302
vn -0.2329 0.2767 -0.9323
vn -0.4724 -0.1482 0.8688
vn -0.4713 0.1051 0.8757
vn -0.9191 -0.2024 -0.3380
vn -0.9586 -0.2652 0.1034
vn -0.4218 0.3414 -0.8400
vn -0.7862 -0.4471 -0.4267
vn -0.4224 0.3951 -0.8158
vn -0.4564 0.7847 0.4195
vn -0.3075 -0.7722 0.5561
vn -0.8347 0.2040 0.5115
vn -0.8888 0.1313 0.4391
vn -0.9032 -0.2098 0.3744
vn -0.9756 0.0939 -0.1986
vn -0.3810 -0.4430 -0.8116
vn -0.4026 0.4389 0.8033
vn -0.4045 0.3876 -0.8283
vn -0.3380 -0.0288 -0.9407
vn -0.2322 0.8305 -0.5063
vn -0.1725 0.4884 0.8554
vn -0.0910 0.8492 0.5202
vn -0.6847 0.3191 -0.6552
vn -0.3747 0.4875 -0.7886
vn -0.4971 -0.0379 -0.8669
vn -0.9690 0.0224 0.2461
vn -0.9743 -0.0297 -0.2234
vn -0.9959 -0.0503 0.0750
vn -0.1679 -0.4747 -0.8640
vn -0.4378 -0.2114 -0.8739
vn -0.4282 0.4822 0.7643
vn -0.4263 -0.2870 -0.8579
vn -0.7881 -0.3527 0.5045
vn -0.2501 -0.9199 -0.3019
vn -0.7865 -0.2673 -0.5567
vn -0.1322 -0.9806 0.1448
vn -0.6939 -0.3782 0.6127
vn -0.4460 -0.6109 -0.6542
vn -0.8461 0.1363 -0.5153
vn -0.1672 -0.6194 0.7671
vn -0.5642 -0.6884 0.4558
vn -0.4551 -0.3220 0.8302
vn -0.3464 0.5669 0.7474
vn -0.1765 -0.0253 0.9840
vn -0.8715 -0.0202 -0.4900
vn -0.1684 0.7317 0.6605
vn 0.0066 0.8745 -0.4851
vn -0.1211 0.8522 -0.5090
vn -0.2977 0.3844 0.8739
vn -0.2638 0.4342 0.8613
vn -0.7735 -0.2406 0.5863
vn -0.3231 0.9098 0.2606
vn -0.2719 -0.1067 0.9564
vn -0.2188 -0.0045 -0.9758
vn -0.7952 0.0037 0.6064
vn -0.5291 0.6671 -0.5244
vn -0.3636 0.9313 -0.0236
vn -0.1524 -0.1452 -0.9776
vn -0.3712 -0.0426 0.9276
vn -0.1546 0.5789 0.8006
vn -0.1466 0.6691 -0.7286
vn -0.3536 0.6385 0.6836
vn 0.1692 -0.9781 0.1213
vn -0.3062 -0.1244 0.9438
vn -0.2492 0.3313 -0.9100
vn -0.7140 0.0317 -0.6994
vn -0.7381 -0.1395 -0.6602
vn -0.6545 0.1125 0.7476
vn -0.6042 -0.4643 -0.6476
vn -0.1416 0.2914 0.9461
vn -0.6539 -0.3798 -0.6544
vn -0.1488 -0.8382 -0.5247
vn -0.2732 0.8778 -0.3935
vn -0.1740 0.8686 0.4639
vn -0.2799 -0.1574 -0.9470
vn -0.2733 0.1804 -0.9449
vn 0.0143 -0.9523 0.3048
vn -0.5061 0.2821 -0.8150
vn -0.1819 0.5690 0.8020
vn -0.1408 0.2856 -0.9480
vn -0.6839 0.1253 -0.7187
vn -0.5532 -0.5199 0.6509
vn -0.1017 -0.5632 -0.8200
vn -0.1084 0.4460 -0.8884
vn -0.2912 -0.3638 0.8848
vn -0.1421 0.6306 -0.7630
vn -0.1062 -0.9685 0.2251
vn -0.2277 -0.0137 0.9736
vn -0.3013 0.1857 -0.9353
vn -0.3381 -0.0055 0.9411
vn -0.3007 0.5948 -0.7455
vn -0.6137 -0.1856 0.7674
vn -0.3040 -0.7303 0.6118
vn -0.1869 0.4082 -0.8935
vn -0.2521 0.2139 0.9438
vn -0.2696 0.8235 0.4992
vn -0.2737 -0.0467 -0.9607
vn -0.5244 -0.3537 0.7746
vn -0.3276 0.3602 0.8734
vn -0.2784 -0.2366 -0.9309
vn -0.2401 -0.5981 0.7646
vn -0.2811 0.7390 -0.6123
vn 0.0274 0.6958 0.7177
vn -0.5516 -0.3786 -0.7433
vn -0.2382 -0.1734 0.9556
vn -0.2143 0.5364 0.8163
vn -0.4820 0.1814 0.8572
vn -0.2514 0.4150 -0.8744
vn -0.1700 0.9722 -0.1607
vn -0.0327 -0.6297 0.7761
vn -0.1970 -0.5266 0.8270
vn -0.4022 -0.5724 -0.7146
vn -0.1457 -0.9241 -0.3533
vn -0.1674 -0.1530 0.9740
vn -0.3324 0.7486 -0.5737
vn -0.2641 -0.6697 -0.6941
vn 0.0007 0.8428 -0.5382
vn 0.0553 -0.9459 -0.3197
vn -0.0373 0.5346 -0.8443
vn -0.5232 -0.2146 -0.8248
vn -0.0912 -0.8071 0.5834
vn -0.1629 0.8158 -0.5549
vn -0.1257 -0.0871 0.9882
vn -0.1514 0.5836 0.7978
vn -0.4025 -0.6717 0.6219
vn -0.4196 -0.0999 0.9022
vn -0.3104 0.6801 0.6641
vn -0.2257 -0.7881 0.5727
vn -0.1330 -0.8770 0.4617
vn -0.2482 0.5040 0.8273
vn -0.2132 0.2877 0.9337
vn -0.1809 0.7237 0.6660
vn -0.1906 -0.2999 -0.9348
vn -0.1918 0.9801 0.0512
vn -0.5086 0.0260 -0.8606
vn 0.0115 -0.9765 0.2153
vn -0.0141 -0.9830 0.1833
vn -0.3172 0.1109 0.9418
vn -0.2368 0.3555 -0.9042
vn -0.3250 0.2273 0.9180
vn -0.1807 -0.7650 -0.6182
vn -0.1103 0.8064 -0.5810
vn -0.0687 -0.6654 0.7433
vn -0.2673 0.3348 -0.9036
vn -0.4431 -0.5712 0.6910
vn -0.0585 0.8259 0.5607
vn -0.1873 0.4370 -0.8798
vn -0.1852 0.4881 0.8529
vn -0.0618 0.6881 0.7230
vn -0.0018 0.6331 0.7740
vn -0.4020 -0.4440 -0.8008
vn -0.1234 0.4154 -0.9012
vn -0.2439 0.7821 -0.5734
vn -0.4180 0.1796 -0.8905
vn -0.2810 -0.1968 -0.9393
vn -0.0822 -0.2192 -0.9722
vn -0.1333 0.6636 0.7361
vn -0.1200 -0.0696 0.9903
vn -0.0965 -0.1603 -0.9823
vn -0.0258 0.1180 0.9927
vn -0.0086 -0.7864 -0.6177
vn -0.1794 0.0986 0.9788
vn 0.0505 0.6216 -0.7817
vn -0.2499 -0.4973 0.8308
vn -0.2220 0.4977 -0.8385
vn -0.0877 0.3700 -0.9249
vn -0.1295 0.4758 0.8699
vn -0.2617 -0.4326 0.8627
vn -0.0141 0.2678 -0.9634
vn -0.1953 -0.4946 -0.8469
vn -0.0552 0.8268 -0.5598
vn -0.0113 -0.5340 -0.8454
vn -0.1595 0.9441 0.2886
vn -0.2169 0.1950 -0.9565
vn -0.0042 0.8356 0.5494
vn -0.1876 0.0511 -0.9809
vn -0.1860 -0.0069 0.9825
vn -0.1037 -0.0278 -0.9942
vn -0.1141 0.1824 -0.9766
vn -0.0747 -0.5255 -0.8475
vn -0.0092 0.9424 -0.3343
vn -0.2132 -0.3798 -0.9002
vn -0.0739 0.0536 0.9958
vn 0.0101 -0.9651 -0.2618
vn -0.0697 0.3363 0.9392
vn -0.1141 0.4505 0.8854
vn -0.0580 -0.4488 0.8918
vn -0.0336 -0.0366 -0.9988
vn -0.0610 -0.7298 0.6809
vn -0.0478 0.8006 -0.5973
vn 0.0321 0.4291 -0.9027
vn 0.0034 0.3180 0.9481
vn -0.0113 -0.0385 -0.9992
vn -0.0181 -0.0689 -0.9975
vn 0.0627 0.6879 -0.7231
vn -0.0989 0.3943 0.9137
vn -0.0435 0.6470 -0.7613
vn -0.0522 0.8730 0.4850
vn 0.0085 -0.0271 0.9996
vn 0.0251 0.2455 0.9691
vn -0.0331 -0.2839 0.9583
vn -0.0069 0.2405 -0.9706
vn -0.0145 -0.1760 -0.9843
vn 0.0308 0.5251 0.8505
vn -0.1203 -0.4655 0.8768
vn -0.0046 0.7962 0.6050
vn 0.0058 0.7437 0.6685
vn 0.0123 -0.1184 0.9929
vn -0.0069 0.9901 0.1401
vn -0.0536 0.4276 -0.9024
vn -0.0034 -0.9232 -0.3843
vn 0.0460 0.4484 0.8926
vn -0.1195 -0.6511 0.7495
vn 0.0510 -0.6002 0.7983
vn 0.0020 -0.8045 -0.5940
vn -0.0204 -0.2166 0.9761
vn -0.0239 -0.1354 -0.9905
vn -0.0063 -0.1875 -0.9822
vn -0.0703 -0.0461 -0.9965
vn -0.1275 0.5978 -0.7914
vn 0.0391 0.4548 -0.8897
vn 0.0956 -0.4312 0.8972
vn 0.0081 -0.8651 0.5016
vn -0.0309 -0.5545 0.8316
vn 0.0602 -0.0626 0.9962
vn 0.0824 0.1295 -0.9882
vn 0.0939 0.4193 0.9030
vn -0.0399 -0.8918 0.4507
vn 0.0531 0.8212 0.5682
vn -0.0109 0.6093 0.7929
vn 0.0304 -0.6300 -0.7760
vn 0.0546 0.8865 0.4595
vn -0.0369 -0.2785 0.9597
vn 0.0324 0.9981 -0.0522
vn 0.0766 0.7976 -0.5983
vn 0.0977 0.3465 -0.9330
vn 0.0392 0.4903 -0.8707
vn 0.0227 -0.3014 -0.9532
vn -0.0252 -0.6995 -0.7142
vn 0.0603 0.3870 0.9201
vn 0.0583 -0.2945 0.9539
vn -0.0035 0.0899 0.9959
vn -0.0820 -0.5240 -0.8478
vn 0.0725 0.2280 0.9710
vn 0.0248 0.2088 0.9776
vn 0.0916 -0.4992 -0.8616
vn 0.0292 0.5847 -0.8108
vn 0.0588 -0.5383 -0.8407
vn 0.0686 -0.2572 0.9639
vn 0.0949 0.7662 0.6355
vn 0.1326 0.3282 -0.9352
vn 0.0489 0.0725 0.9962
vn 0.0273 -0.0235 0.9993
vn 0.0405 0.2244 -0.9736
vn 0.0545 -0.2684 -0.9618
vn 0.0032 0.8040 -0.5946
vn 0.0650 -0.1446 0.9874
vn 0.1052 -0.3674 -0.9241
vn 0.1492 0.2511 -0.9564
vn 0.0533 0.8135 -0.5791
vn 0.1170 0.6812 0.7227
vn 0.0920 -0.4577 0.8843
vn 0.2082 -0.8536 0.4775
vn 0.1091 0.9348 0.3380
vn 0.1491 -0.0780 -0.9857
vn 0.1139 -0.5092 -0.8531
vn 0.1502 0.0777 -0.9856
vn 0.1311 -0.6953 0.7066
vn 0.1181 -0.4794 0.8696
vn 0.0899 -0.1972 -0.9762
vn 0.1512 0.4965 0.8547
vn 0.1311 0.5347 0.8348
vn 0.1407 0.7032 -0.6970
vn 0.1909 0.4006 -0.8961
vn 0.1503 0.8827 0.4453
vn 0.1431 -0.9737 -0.1774
vn 0.1461 0.1845 -0.9719
vn 0.1982 -0.3989 0.8953
vn 0.1947 -0.7208 -0.6652
vn 0.1643 0.9742 -0.1548
vn 0.2078 0.8787 -0.4298
vn 0.1337 0.4474 -0.8843
vn 0.1793 -0.1084 0.9778
vn 0.1658 -0.0767 -0.9832
vn 0.1244 0.8838 -0.4511
vn 0.1833 0.8502 -0.4935
vn 0.3235 -0.0851 0.9424
vn 0.2926 -0.4125 0.8627
vn 0.2474 -0.6922 0.6779
vn 0.1725 0.5992 0.7818
vn 0.2154 0.3590 0.9081
vn 0.2183 0.0064 0.9759
vn 0.2270 0.2158 -0.9497
vn 0.2969 -0.6345 -0.7136
vn 0.1973 -0.6484 0.7353
vn 0.2744 -0.0304 -0.9611
vn 0.1143 -0.9765 0.1826
vn 0.2482 0.6006 0.7600
vn 0.3348 0.2083 -0.9190
vn 0.2407 -0.5175 0.8211
vn 0.1500 -0.0826 -0.9852
vn 0.2297 -0.4641 -0.8555
vn 0.1244 0.4179 0.8999
vn 0.1448 -0.5689 -0.8095
vn 0.2860 -0.0048 0.9582
vn 0.2279 -0.4534 0.8617
vn 0.2056 -0.2684 -0.9411
vn 0.1931 0.5610 -0.8050
vn 0.3608 -0.3646 0.8584
vn 0.2010 0.6763 0.7087
vn 0.2443 0.7600 -0.6023
vn 0.2288 0.6781 -0.6984
vn 0.2946 0.3317 -0.8962
vn 0.2863 -0.4722 -0.8337
vn 0.2311 0.5603 -0.7954
vn 0.1601 -0.0028 -0.9871
vn 0.4064 -0.1445 -0.9022
vn 0.1847 0.6224 -0.7606
vn 0.2329 0.4981 0.8353
vn 0.3185 0.6165 0.7201
vn 0.2170 0.8197 0.5301
vn 0.2156 0.7743 -0.5950
vn 0.4636 0.2316 0.8552
vn 0.1328 -0.9309 -0.3402
vn 0.2876 0.2436 0.9263
vn 0.4004 0.0968 0.9112
vn 0.2877 0.5100 -0.8107
vn 0.2305 -0.5275 -0.8177
vn 0.1609 -0.8771 -0.4526
vn 0.2877 0.6873 -0.6670
vn 0.3135 0.8020 -0.5084
vn 0.2624 0.2098 0.9419
vn 0.2760 -0.6563 -0.7023
vn 0.1843 -0.1475 0.9718
vn 0.1864 0.4113 0.8922
vn 0.3396 -0.4291 0.8370
vn 0.2853 0.9540 0.0925
vn 0.3851 0.0052 -0.9229
vn 0.2774 0.0108 -0.9607
vn 0.3493 -0.2254 0.9095
vn 0.1843 0.0718 0.9802
vn 0.2320 -0.5675 -0.7900
vn 0.2719 0.4368 -0.8575
vn 0.2834 0.1364 -0.9493
vn 0.4901 -0.4373 -0.7541
vn 0.3813 -0.0638 0.9223
vn 0.2773 -0.0214 0.9605
vn 0.3616 0.5005 0.7866
vn 0.2946 0.8150 0.4991
vn 0.5035 0.1647 -0.8481
vn 0.1497 -0.9784 0.1422
vn 0.3304 0.6827 -0.6518
vn 0.2126 -0.9685 -0.1296
vn 0.3620 0.9247 -0.1182
vn 0.2717 0.1223 0.9546
vn 0.2408 0.8307 -0.5019
vn 0.1959 -0.1095 -0.9745
vn 0.5517 -0.0317 -0.8335
vn 0.3842 0.3629 0.8489
vn 0.3396 0.4916 -0.8018
vn 0.1560 0.8258 0.5420
vn 0.2489 0.6986 0.6708
vn 0.1619 0.7899 -0.5915
vn 0.3207 0.7219 -0.6131
vn 0.6507 0.1358 -0.7471
vn 0.3557 0.7248 0.5901
vn 0.1391 -0.6343 0.7604
vn 0.0934 -0.9904 -0.1023
vn 0.5264 -0.2130 0.8232
vn 0.2142 0.4097 0.8867
vn 0.2368 0.5093 -0.8274
vn 0.4557 -0.4623 -0.7607
vn 0.4508 0.5018 -0.7382
vn 0.3088 0.9033 0.2978
vn 0.3513 -0.1742 -0.9199
vn 0.3590 -0.2110 0.9092
vn 0.2256 -0.1193 -0.9669
vn 0.6428 -0.0604 0.7637
vn 0.3236 -0.1473 -0.9346
vn 0.5320 0.2722 0.8018
vn 0.3823 0.5511 0.7417
vn 0.3943 -0.8034 0.4461
vn 0.2125 -0.7685 0.6035
vn 0.7335 0.0814 0.6748
vn 0.3951 0.0435 0.9176
vn 0.4301 -0.0671 0.9003
vn 0.4027 0.8435 -0.3555
vn 0.5672 -0.4358 0.6988
vn 0.4648 -0.5755 0.6728
vn 0.4681 -0.7270 -0.5023
vn 0.5792 -0.4877 0.6532
vn 0.4529 -0.0564 -0.8898
vn 0.4322 -0.2767 -0.8583
vn 0.2192 -0.5042 -0.8353
vn 0.3296 0.7552 0.5666
vn 0.7129 -0.2155 -0.6674
vn 0.4406 0.2073 -0.8735
vn 0.4229 0.4169 0.8046
vn 0.5129 0.3594 -0.7796
vn 0.4109 -0.4822 -0.7737
vn 0.2951 -0.8371 -0.4607
vn 0.4047 -0.4892 0.7726
vn 0.4898 -0.7245 -0.4849
vn 0.4454 0.7075 -0.5487
vn 0.6527 0.2184 -0.7255
vn 0.3352 -0.1784 -0.9251
vn 0.2225 0.2687 -0.9372
vn 0.4175 0.4670 -0.7795
vn 0.4539 -0.3769 0.8074
vn 0.3598 -0.8457 -0.3940
vn 0.4763 -0.0265 0.8789
vn 0.6388 0.3092 0.7045
vn 0.6895 -0.2295 0.6869
vn 0.3475 0.7019 -0.6217
vn 0.3644 0.4788 0.7987
vn 0.6052 -0.4829 -0.6329
vn 0.2421 -0.2082 0.9477
vn 0.4937 0.1395 0.8584
vn 0.4622 -0.5869 0.6647
vn 0.3011 -0.1081 0.9474
vn 0.5334 -0.4583 -0.7110
vn 0.4269 0.4343 -0.7932
vn 0.2688 -0.2052 0.9411
vn 0.3813 0.7996 0.4641
vn 0.2159 -0.9705 0.1076
vn 0.3028 0.5425 -0.7836
vn 0.5778 -0.6149 -0.5367
vn 0.4129 0.4274 -0.8042
vn 0.4675 0.0711 -0.8811
vn 0.6025 0.6483 -0.4655
vn 0.6756 -0.4700 -0.5680
vn 0.4648 0.6966 -0.5465
vn 0.7507 -0.0353 -0.6596
vn 0.8353 0.0951 -0.5415
vn 0.3450 -0.3964 0.8508
vn 0.3360 0.5273 0.7804
vn 0.3411 0.4181 0.8419
vn 0.5297 0.6635 0.5284
vn 0.2986 -0.0993 -0.9492
vn 0.3229 0.6634 0.6750
vn 0.4241 0.3823 -0.8210
vn 0.5116 -0.0410 -0.8582
vn 0.5214 0.6794 0.5162
vn 0.4990 0.4889 0.7156
vn 0.6443 -0.4705 -0.6029
vn 0.6998 0.3309 -0.6331
vn 0.5061 0.7779 0.3725
vn 0.5191 0.8411 0.1522
vn 0.3648 -0.1671 -0.9160
vn 0.4867 -0.1834 -0.8541
vn 0.7275 -0.4540 0.5144
vn 0.8731 -0.0523 0.4848
vn 0.7896 0.1468 0.5958
vn 0.8662 0.2020 -0.4571
vn 0.6122 0.4994 -0.6130
vn 0.5755 0.8142 -0.0765
vn 0.4742 0.3555 0.8055
vn 0.5712 -0.7000 0.4286
vn 0.8874 -0.0811 -0.4539
vn 0.7005 -0.4516 0.5526
vn 0.3242 0.3143 0.8922
vn 0.2904 -0.5665 -0.7712
vn 0.4065 0.2576 -0.8766
vn 0.4983 -0.0445 -0.8659
vn 0.6520 0.6260 0.4279
vn 0.5880 0.5310 -0.6102
vn 0.5506 0.3704 -0.7481
vn 0.5350 -0.5518 0.6398
vn 0.3598 -0.2424 0.9010
vn 0.6224 0.7373 -0.2626
vn 0.9275 0.0933 0.3619
vn 0.3326 0.6990 0.6331
vn 0.6309 -0.1659 0.7579
vn 0.5861 0.5297 0.6131
vn 0.3712 0.8057 0.4616
vn 0.7010 -0.5404 0.4655
vn 0.6699 0.0666 0.7395
vn 0.4453 -0.1772 0.8777
vn 0.2811 -0.9527 0.1158
vn 0.6925 -0.6204 -0.3680
vn 0.1725 -0.9826 -0.0682
vn 0.3764 0.0236 0.9261
vn 0.6010 -0.7213 -0.3443
vn 0.5051 -0.1561 0.8488
vn 0.7644 0.3209 0.5592
vn 0.9805 -0.0503 0.1901
vn 0.5488 0.1517 0.8221
vn 0.5639 0.3643 -0.7411
vn 0.6514 -0.1650 -0.7406
vn 0.5825 -0.7734 -0.2499
vn 0.6443 -0.0166 -0.7646
vn 0.5448 0.3967 0.7388
vn 0.9550 0.1026 -0.2784
vn 0.8327 -0.4018 -0.3809
vn 0.3957 0.9016 0.1747
vn 0.8828 0.2232 0.4134
vn 0.5814 0.4466 -0.6800
vn 0.3830 -0.0100 -0.9237
vn 0.2514 0.8463 -0.4696
vn 0.9361 0.1553 -0.3157
vn 0.6419 0.5077 0.5746
vn 0.9227 -0.2414 0.3005
vn 0.4714 0.7963 0.3791
vn 0.3743 0.7874 -0.4898
vn 0.6460 -0.2374 -0.7255
vn 0.9530 -0.2540 -0.1651
vn 0.8781 0.2079 0.4310
vn 0.6484 0.6346 -0.4206
vn 0.9862 -0.0240 -0.1636
vn 0.4059 0.8158 -0.4120
vn 0.3931 -0.8488 0.3536
vn 0.8106 -0.5301 0.2488
vn 0.7029 0.6692 0.2410
vn 0.9971 0.0650 0.0393
vn 0.9633 0.2124 0.1641
vn 0.8545 0.3366 -0.3956
vn 0.3191 0.8612 -0.3956
vn 0.9623 -0.2599 0.0804
vn 0.6629 0.3059 0.6833
vn 0.6482 -0.0463 0.7601
vn 0.6674 -0.6853 -0.2916
vn 0.6149 -0.4945 -0.6143
vn 0.3363 0.8212 0.4611
vn 0.8422 -0.4964 0.2106
vn 0.8430 -0.4818 -0.2393
vn 0.2806 -0.9592 0.0340
vn 0.3104 0.5384 0.7835
vn 0.4628 0.6074 0.6457
vn 0.6839 -0.3745 0.6261
vn 0.5526 0.3513 -0.7558
vn 0.7330 0.6410 0.2278
vn 0.8970 -0.3483 0.2720
vn 0.2788 -0.8233 -0.4944
vn 0.9799 0.1593 -0.1202
vn 0.4065 -0.5287 -0.7452
vn 0.6064 -0.0713 0.7919
vn 0.6423 0.7607 -0.0939
vn 0.4139 0.8724 -0.2601
vn 0.4079 0.8471 -0.3407
vn 0.7461 0.6583 0.1001
vn 0.8126 -0.5827 0.0143
vn 0.1268 -0.9650 0.2297
vn 0.8653 -0.4367 -0.2462
vn 0.4351 0.1835 -0.8815
vn 0.8800 0.3140 0.3565
vn 0.6961 0.1742 -0.6965
vn 0.7632 -0.3795 -0.5229
vn 0.8482 -0.5294 0.0204
vn 0.4632 0.6407 0.6124
vn 0.6758 0.4305 0.5983
vn 0.4430 -0.1084 0.8899
vn 0.6824 0.4651 0.5639
vn 0.6014 0.7900 -0.1193
vn 0.7056 -0.1471 -0.6932
vn 0.5870 0.3761 -0.7169
vn 0.3548 -0.9349 -0.0039
vn 0.6482 0.0488 -0.7599
vn 0.7181 -0.6953 -0.0297
vn 0.7683 -0.6033 0.2138
vn 0.4736 0.5431 -0.6934
vn 0.4280 0.6924 0.5808
vn 0.5758 0.3837 0.7220
vn 0.7445 0.4980 -0.4447
vn 0.7530 0.3885 -0.5310
vn 0.5623 0.8261 0.0372
vn 0.4966 0.1307 0.8581
vn 0.4474 -0.1606 0.8798
vn 0.6653 -0.1900 0.7220
vn 0.6755 0.0300 0.7367
vn 0.9306 0.3400 -0.1353
vn 0.3857 0.8624 0.3279
vn 0.5033 0.1632 -0.8486
vn 0.4795 -0.1638 -0.8621
vn 0.3712 -0.6197 0.6915
vn 0.4583 0.7960 -0.3955
vn 0.7849 -0.5471 -0.2907
vn 0.7445 0.5038 0.4382
vn 0.7242 0.3523 -0.5927
vn 0.9286 0.3586 0.0958
vn 0.4310 0.7610 0.4849
vn 0.5296 0.6820 -0.5044
vn 0.4502 -0.5662 0.6904
vn 0.5108 -0.2263 0.8294
vn 0.7662 0.3601 0.5322
vn 0.7191 0.5542 0.4193
vn 0.6321 -0.5538 0.5420
vn 0.5793 -0.7626 0.2879
vn 0.4471 -0.3583 -0.8196
vn 0.4555 -0.2981 -0.8388
vn 0.8326 -0.0748 -0.5487
vn 0.6910 -0.2104 -0.6915
vn 0.7768 0.6297 -0.0009
vn 0.4235 0.6185 -0.6618
vn 0.7894 -0.0101 0.6138
vn 0.8232 -0.2017 0.5307
vn 0.7703 -0.0982 0.6301
vn 0.5026 0.6911 -0.5194
vn 0.4784 -0.1799 0.8595
vn 0.5078 0.2569 0.8223
vn 0.7479 0.4382 -0.4986
vn 0.6207 0.4090 0.6689
vn 0.5952 -0.7812 -0.1886
vn 0.7440 0.5497 -0.3799
vn 0.7960 -0.1689 -0.5813
vn 0.8359 0.4666 0.2891
vn 0.5243 -0.1304 -0.8415
vn 0.7974 0.5452 -0.2587
vn 0.8523 0.4608 -0.2473
vn 0.5961 -0.7392 -0.3133
vn 0.8392 -0.3126 -0.4451
vn 0.6187 0.4423 -0.6493
vn 0.4632 0.6063 -0.6464
vn 0.8763 0.1022 -0.4708
vn 0.8281 0.3280 0.4545
vn 0.7331 0.3221 0.5990
vn 0.8461 0.5188 0.1228
vn 0.8646 -0.3970 0.3081
vn 0.8641 0.1647 0.4756
vn 0.8642 0.5032 -0.0036
vn 0.8275 -0.5612 -0.0193
vn 0.8831 0.1717 -0.4366
vn 0.4943 0.8230 0.2800
vn 0.7460 0.3556 -0.5631
vn 0.6538 -0.7381 0.1665
vn 0.8705 -0.3772 -0.3161
vn 0.8454 -0.2788 0.4556
vn 0.6425 0.7367 0.2108
vn 0.7826 -0.0424 0.6211
vn 0.7694 0.5682 -0.2918
vn 0.5740 0.6782 0.4589
vn 0.8500 0.4187 0.3197
vn 0.8969 0.4411 0.0305
vn 0.5965 -0.0353 0.8018
vn 0.7910 0.0602 -0.6089
vn 0.8022 -0.1276 0.5833
vn 0.8977 0.0462 0.4382
vn 0.8424 -0.2482 -0.4783
vn 0.4757 0.8468 -0.2379
vn 0.5612 0.3235 -0.7618
vn 0.4637 0.5535 0.6918
vn 0.7308 0.4196 0.5384
vn 0.4127 -0.7466 0.5218
vn 0.9068 0.2943 -0.3018
vn 0.3811 0.8454 -0.3742
vn 0.4914 -0.6610 -0.5671
vn 0.5645 -0.3262 -0.7582
vn 0.9267 0.3462 -0.1463
vn 0.5653 -0.1383 -0.8132
vn 0.6074 -0.4701 -0.6404
vn 0.9082 -0.0238 0.4178
vn 0.9349 -0.1890 0.3003
vn 0.9173 -0.3006 0.2613
vn 0.6607 -0.7507 -0.0002
vn 0.8261 0.1951 -0.5287
vn 0.9102 -0.4126 -0.0358
vn 0.5785 -0.1876 0.7938
vn 0.8425 0.4516 -0.2937
vn 0.9229 0.2787 -0.2655
vn 0.9350 -0.1383 -0.3267
vn 0.5867 -0.3339 0.7377
vn 0.3497 -0.8094 0.4717
vn 0.9184 -0.2942 -0.2645
vn 0.9183 0.2759 0.2838
vn 0.9316 0.2823 0.2291
vn 0.5662 0.8105 0.1501
vn 0.8574 -0.1637 -0.4880
vn 0.8876 0.4569 -0.0587
vn 0.9000 0.4014 0.1699
vn 0.4584 0.6594 0.5959
vn 0.5844 -0.2135 -0.7828
vn 0.5809 -0.5191 0.6269
vn 0.6948 0.6241 0.3574
vn 0.9745 -0.1913 -0.1170
vn 0.9462 -0.2300 -0.2276
vn 0.5022 0.8422 -0.1965
vn 0.7870 0.4004 0.4693
vn 0.9614 -0.2545 0.1045
vn 0.5299 -0.5009 -0.6844
vn 0.4552 0.8738 0.1707
vn 0.8411 0.2507 0.4793
vn 0.8844 -0.1322 0.4476
vn 0.9430 -0.3318 0.0270
vn 0.7634 0.5209 -0.3819
vn 0.8059 0.3786 -0.4552
vn 0.5042 0.7500 0.4281
vn 0.6207 0.5664 0.5422
vn 0.9664 0.0234 0.2562
vn 0.8833 0.4670 -0.0420
vn 0.8792 0.1542 -0.4508
vn 0.9745 0.0843 -0.2080
vn 0.9344 -0.0944 0.3435
vn 0.9841 0.0556 0.1684
vn 0.6079 0.1233 -0.7844
vn 0.6120 -0.3602 0.7040
vn 0.9965 0.0108 -0.0826
vn 0.9876 0.1534 0.0343
vn 0.6729 -0.0080 0.7397
vn 0.6342 0.7687 -0.0829
vn 0.5657 0.8245 0.0141
vn 0.6375 0.6863 -0.3502
vn 0.3628 0.8690 -0.3365
vn 0.9402 -0.0445 -0.3378
vn 0.6401 -0.0977 -0.7620
vn 0.9963 -0.0517 0.0685
vn 0.6241 0.7812 0.0143
vn 0.6251 0.5303 -0.5728
vn 0.5902 0.5694 0.5723
vn 0.6740 0.2418 -0.6980
vn 0.5642 0.6643 0.4903
vn 0.6030 0.4125 0.6828
vn 0.8516 0.3907 0.3494
vn 0.6326 0.3225 0.7041
vn 0.9541 0.0573 0.2938
vn 0.5000 -0.7411 0.4482
vn 0.9529 -0.1514 -0.2628
vn 0.6693 -0.2395 0.7034
vn 0.7504 0.1575 0.6419
vn 0.8601 0.4255 0.2815
vn 0.6048 -0.4902 -0.6277
vn 0.9432 0.2384 -0.2313
vn 0.6384 0.4249 -0.6418
vn 0.9509 -0.1907 0.2437
vn 0.8962 0.4029 -0.1858
vn 0.9019 0.3966 0.1714
vn 0.6914 -0.4586 -0.5582
vn 0.6103 0.4849 -0.6264
vn 0.7446 -0.1015 0.6597
vn 0.7036 0.6855 0.1872
vn 0.9935 0.0402 0.1061
vn 0.7710 -0.1691 0.6140
vn 0.5821 -0.5202 -0.6249
vn 0.9926 0.0476 -0.1116
vn 0.9136 0.4062 -0.0171
vn 0.8665 0.4624 0.1881
vn 0.9755 -0.1986 0.0943
vn 0.7403 -0.1399 -0.6576
vn 0.8273 0.5336 -0.1755
vn 0.6650 0.7230 -0.1872
vn 0.9756 -0.2120 -0.0579
vn 0.9848 -0.1540 -0.0802
vn 0.7907 -0.1646 -0.5896
vn 0.9910 -0.0974 0.0923
vn 0.6234 0.6943 -0.3595
vn 0.7245 0.6890 0.0189
vn 0.9119 0.3915 -0.1233
vn 0.6842 -0.5490 0.4801
vn 0.6983 0.6061 0.3809
vn 0.6039 -0.6411 -0.4737
vn 0.3628 0.8963 0.2551
vn 0.8015 -0.1633 0.5753
vn 0.5210 -0.7445 -0.4175
vn 0.7531 0.1411 -0.6426
vn 0.7736 0.2663 0.5750
vn 0.4302 -0.8602 0.2739
vn 0.7340 0.5284 0.4267
vn 0.5530 0.7653 -0.3295
vn 0.7686 -0.3621 -0.5275
vn 0.7731 0.2402 -0.5870
vn 0.7683 0.4492 -0.4561
vn 0.8343 -0.1125 -0.5397
vn 0.7025 0.6905 0.1721
vn 0.7458 -0.3667 0.5561
vn 0.6669 0.6169 -0.4180
vn 0.8698 -0.1629 -0.4657
vn 0.8746 -0.1332 0.4662
vn 0.7731 -0.1806 -0.6080
vn 0.5544 -0.7950 -0.2463
vn 0.8587 0.0347 -0.5112
vn 0.6863 -0.6427 -0.3404
vn 0.6927 0.6982 -0.1807
vn 0.7046 -0.6488 0.2875
vn 0.6601 0.7511 -0.0105
vn 0.5541 -0.7478 0.3656
vn 0.8794 -0.1699 0.4447
vn 0.8004 0.5046 0.3237
vn 0.7013 0.6515 0.2893
vn 0.5875 0.7795 0.2176
vn 0.8918 -0.1515 -0.4263
vn 0.6550 0.6413 -0.3995
vn 0.5502 0.8152 -0.1810
vn 0.6818 0.5495 0.4828
vn 0.6360 0.6576 0.4038
vn 0.4268 0.8833 -0.1943
vn 0.7915 -0.3680 -0.4879
vn 0.8424 0.1446 -0.5190
vn 0.8417 0.2611 0.4726
vn 0.9095 -0.0767 -0.4085
vn 0.7854 -0.4109 0.4629
vn 0.3553 -0.9307 -0.0876
vn 0.8201 -0.3868 -0.4217
vn 0.9403 -0.1122 0.3212
vn 0.8640 -0.1546 0.4792
vn 0.8017 0.5108 -0.3104
vn 0.6761 -0.6834 -0.2756
vn 0.9455 -0.0478 -0.3222
vn 0.8495 -0.4171 0.3232
vn 0.8816 -0.3624 -0.3026
vn 0.9590 -0.1605 0.2335
vn 0.7510 -0.6244 -0.2148
vn 0.6393 0.7635 0.0914
vn 0.5856 -0.7926 0.1697
vn 0.5750 -0.7814 0.2425
vn 0.9615 -0.1112 -0.2513
vn 0.9045 0.2458 -0.3487
vn 0.5433 0.8385 -0.0413
vn 0.9922 0.0074 -0.1245
vn 0.5601 -0.8155 -0.1461
vn 0.9822 -0.1303 0.1350
vn 0.8859 0.1479 0.4397
vn 0.9261 -0.0577 -0.3729
vn 0.8223 -0.5539 0.1305
vn 0.8032 0.5952 -0.0247
vn 0.8696 -0.4938 -0.0012
vn 0.9049 0.3987 -0.1490
vn 0.9470 -0.1673 0.2741
vn 0.5173 -0.8552 -0.0312
vn 0.7478 -0.6628 -0.0380
vn 0.7742 0.6029 0.1926
vn 0.9167 0.2289 0.3277
vn 0.8452 0.5236 0.1075
vn 0.8056 0.4611 -0.3721
vn 0.9060 -0.2247 -0.3587
vn 0.9268 -0.3549 -0.1231
vn 0.9063 -0.2309 0.3540
vn 0.7318 -0.6302 -0.2594
vn 0.9079 -0.4151 0.0585
vn 0.7285 0.6365 0.2534
vn 0.9825 -0.0043 -0.1864
vn 0.8660 0.4493 -0.2194
vn 0.7540 0.6473 -0.1116
vn 0.9857 -0.1023 0.1342
vn 0.9652 0.2610 -0.0192
vn 0.9490 0.1341 0.2854
vn 0.9711 0.2206 0.0913
vn 0.9002 -0.3948 -0.1837
vn 0.9938 -0.1092 -0.0210
vn 0.9017 -0.3890 0.1889
vn 0.6531 -0.7568 -0.0261
vn 0.7346 0.6781 0.0221
vn 0.8817 -0.4645 0.0827
vn 0.9821 0.1761 0.0675
vn 0.8525 0.5206 -0.0469
vn 0.9733 -0.2165 -0.0768
vt 0.447195 0.406414
vt 0.433176 0.433907
vt 0.429363 0.408619
vt 0.447377 0.433767
vt 0.413806 0.434252
vt 0.439468 0.403537
vt 0.424764 0.404887
vt 0.407730 0.410912
vt 0.439446 0.436109
vt 0.411857 0.437374
vt 0.994842 0.552672
vt 0.966577 0.557460
vt 0.994789 0.535017
vt 0.965933 0.536273
vt 0.432285 0.074986
vt 0.429885 0.070327
vt 0.431778 0.054379
vt 0.407235 0.404686
vt 0.899567 0.981907
vt 0.915699 0.984546
vt 0.918199 0.992164
vt 0.918497 0.970154
vt 0.894318 0.978069
vt 0.402926 0.432575
vt 0.429744 0.051563
vt 0.438653 0.077372
vt 0.431439 0.101140
vt 0.408270 0.068049
vt 0.410281 0.399886
vt 0.425767 0.390901
vt 0.447141 0.390686
vt 0.412424 0.389885
vt 0.284539 0.660597
vt 0.296360 0.686542
vt 0.279400 0.675868
vt 0.358596 0.779370
vt 0.348174 0.788301
vt 0.331801 0.773603
vt 0.404406 0.435486
vt 0.292226 0.653796
vt 0.296705 0.673950
vt 0.346520 0.141436
vt 0.367601 0.120398
vt 0.352958 0.156134
vt 0.996069 0.575420
vt 0.966014 0.571395
vt 0.923866 0.930252
vt 0.887886 0.930986
vt 0.920784 0.914163
vt 0.271186 0.656358
vt 0.264854 0.669792
vt 0.287622 0.694622
vt 0.432023 0.045554
vt 0.346571 0.129329
vt 0.304705 0.698147
vt 0.876030 0.915296
vt 0.359629 0.074043
vt 0.398824 0.065228
vt 0.844263 0.266633
vt 0.831686 0.242778
vt 0.849505 0.242817
vt 0.318554 0.783884
vt 0.090837 0.218317
vt 0.091635 0.255234
vt 0.080267 0.220782
vt 0.422613 0.373605
vt 0.439694 0.376314
vt 0.436519 0.382461
vt 0.446354 0.445302
vt 0.296767 0.714800
vt 0.998366 0.564982
vt 0.324318 0.802767
vt 0.350703 0.804190
vt 0.875051 0.895644
vt 0.918026 0.892749
vt 0.081316 0.276648
vt 0.845414 0.269997
vt 0.850359 0.272602
vt 0.826632 0.270762
vt 0.276032 0.694060
vt 0.259347 0.686510
vt 0.411442 0.378479
vt 0.405577 0.444283
vt 0.360159 0.080067
vt 0.968576 0.580323
vt 0.371085 0.102570
vt 0.411222 0.369906
vt 0.828036 0.267713
vt 0.961348 0.568740
vt 0.964505 0.579831
vt 0.437806 0.388687
vt 0.064811 0.241204
vt 0.868968 0.931095
vt 0.843018 0.918910
vt 0.252671 0.670316
vt 0.069740 0.286307
vt 0.270929 0.710121
vt 0.200856 0.563604
vt 0.253112 0.560127
vt 0.248295 0.595265
vt 0.420399 0.110457
vt 0.434057 0.117779
vt 0.412433 0.118182
vt 0.445206 0.387700
vt 0.283379 0.713376
vt 0.423564 0.387828
vt 0.298368 0.770500
vt 0.317247 0.766897
vt 0.312414 0.718275
vt 0.429330 0.388142
vt 0.439106 0.104969
vt 0.435972 0.107721
vt 0.047867 0.291253
vt 0.047002 0.241973
vt 0.415520 0.387120
vt 0.495463 0.371379
vt 0.449804 0.361892
vt 0.478731 0.359906
vt 0.343843 0.815263
vt 0.488509 0.989179
vt 0.489485 0.986424
vt 0.503292 0.988388
vt 0.452482 0.349165
vt 0.399120 0.111037
vt 0.302548 0.782721
vt 0.409878 0.386317
vt 0.820031 0.268524
vt 0.299525 0.803593
vt 0.963506 0.104722
vt 0.965494 0.099653
vt 0.969772 0.122877
vt 0.840659 0.894589
vt 0.993096 0.093964
vt 0.995209 0.111689
vt 0.823041 0.240665
vt 0.810268 0.241152
vt 0.193561 0.596909
vt 0.490327 0.983759
vt 0.495855 0.973760
vt 0.515831 0.983296
vt 0.298558 0.734962
vt 0.408255 0.386972
vt 0.864801 0.883411
vt 0.880407 0.882715
vt 0.380772 0.108765
vt 0.316615 0.740905
vt 0.258641 0.627196
vt 0.237223 0.627040
vt 0.809071 0.267387
vt 0.277006 0.782332
vt 0.275376 0.729084
vt 0.996979 0.129714
vt 0.233277 0.636302
vt 0.455585 0.402397
vt 0.518590 0.404822
vt 0.205226 0.629340
vt 0.494378 0.963685
vt 0.491552 0.954866
vt 0.502155 0.956737
vt 0.235229 0.693106
vt 0.965969 0.120697
vt 0.332155 0.841481
vt 0.364913 0.108112
vt 0.479656 0.481152
vt 0.474575 0.440802
vt 0.513065 0.460568
vt 0.842909 0.882653
vt 0.961733 0.131098
vt 0.521103 0.355385
vt 0.371873 0.109674
vt 0.192503 0.630695
vt 0.296974 0.763390
vt 0.282267 0.764193
vt 0.233456 0.678965
vt 0.494353 0.968565
vt 0.491513 0.968836
vt 0.510845 0.972158
vt 0.521071 0.970934
vt 0.264878 0.768443
vt 0.281584 0.748167
vt 0.506245 0.410383
vt 0.454915 0.413330
vt 0.967909 0.132601
vt 0.272563 0.795224
vt 0.801301 0.261375
vt 0.494443 0.970612
vt 0.324207 0.737973
vt 0.484215 0.416893
vt 0.463801 0.416844
vt 0.513768 0.961452
vt 0.716490 0.361120
vt 0.705373 0.353252
vt 0.720564 0.348661
vt 0.515821 0.987709
vt 0.501228 0.969065
vt 0.955963 0.445451
vt 0.949247 0.457573
vt 0.941055 0.435360
vt 0.265126 0.758521
vt 0.927310 0.044722
vt 0.917393 0.055172
vt 0.906142 0.045213
vt 0.498778 0.417233
vt 0.303093 0.749430
vt 0.721760 0.352956
vt 0.264387 0.810671
vt 0.509815 0.969472
vt 0.521388 0.985414
vt 0.305113 0.838906
vt 0.971942 0.142683
vt 0.949541 0.473570
vt 0.926575 0.457492
vt 0.933460 0.478930
vt 0.925181 0.077192
vt 0.953905 0.075101
vt 0.725441 0.327419
vt 0.515556 0.419320
vt 0.739321 0.364971
vt 0.746540 0.354740
vt 0.535369 0.439040
vt 0.727004 0.340125
vt 0.253514 0.774382
vt 0.241919 0.721646
vt 0.967038 0.142792
vt 0.268940 0.842434
vt 0.931054 0.108973
vt 0.899626 0.107929
vt 0.934692 0.095322
vt 0.770013 0.299801
vt 0.759751 0.315426
vt 0.754663 0.303794
vt 0.256726 0.787093
vt 0.789451 0.353242
vt 0.773347 0.357790
vt 0.779561 0.349541
vt 0.989781 0.144499
vt 0.788922 0.359682
vt 0.907713 0.096122
vt 0.907638 0.085704
vt 0.920708 0.084194
vt 0.777169 0.311846
vt 0.805759 0.301837
vt 0.804711 0.292104
vt 0.812426 0.339134
vt 0.907300 0.081407
vt 0.806220 0.324966
vt 0.794923 0.322485
vt 0.526855 0.988096
vt 0.736451 0.941302
vt 0.749131 0.970308
vt 0.736890 0.968030
vt 0.768751 0.334080
vt 0.516936 0.969331
vt 0.078588 0.607335
vt 0.073596 0.635351
vt 0.068295 0.631653
vt 0.817749 0.343605
vt 0.255070 0.798669
vt 0.064766 0.638275
vt 0.071101 0.597508
vt 0.075109 0.603322
vt 0.712234 0.935812
vt 0.712208 0.960722
vt 0.697512 0.945178
vt 0.770981 0.324519
vt 0.945349 0.044410
vt 0.251738 0.761423
vt 0.748595 0.940552
vt 0.698796 0.973808
vt 0.728567 0.934004
vt 0.953439 0.411704
vt 0.927179 0.408703
vt 0.955279 0.366155
vt 0.904155 0.711306
vt 0.894467 0.695523
vt 0.896802 0.686080
vt 0.704551 0.983242
vt 0.723605 0.960124
vt 0.840883 0.700253
vt 0.852332 0.714338
vt 0.841359 0.716304
vt 0.758942 0.334023
vt 0.563531 0.393489
vt 0.590601 0.395650
vt 0.574958 0.419783
vt 0.882029 0.681714
vt 0.890084 0.703621
vt 0.733599 0.593403
vt 0.742660 0.618192
vt 0.729274 0.657587
vt 0.936343 0.083339
vt 0.246116 0.751580
vt 0.522813 0.963950
vt 0.915871 0.431849
vt 0.749851 0.986250
vt 0.864951 0.714224
vt 0.853713 0.700512
vt 0.873447 0.707402
vt 0.753570 0.973296
vt 0.727533 0.980865
vt 0.915575 0.472446
vt 0.884342 0.449944
vt 0.663594 0.421199
vt 0.654496 0.416680
vt 0.670694 0.382352
vt 0.300493 0.843036
vt 0.521404 0.968747
vt 0.886236 0.675762
vt 0.715364 0.983074
vt 0.895709 0.442044
vt 0.858316 0.679423
vt 0.106360 0.611115
vt 0.103703 0.596397
vt 0.116039 0.588587
vt 0.676227 0.407589
vt 0.242590 0.732926
vt 0.079975 0.590083
vt 0.629261 0.971601
vt 0.651555 0.973582
vt 0.640659 0.978317
vt 0.818806 0.357391
vt 0.800935 0.373850
vt 0.732924 0.324190
vt 0.044242 0.616418
vt 0.053968 0.632914
vt 0.774692 0.731996
vt 0.770118 0.743404
vt 0.763482 0.722719
vt 0.571448 0.323747
vt 0.570689 0.328133
vt 0.565749 0.310691
vt 0.281920 0.844017
vt 0.747685 0.723062
vt 0.774220 0.707159
vt 0.041989 0.627389
vt 0.044774 0.631941
vt 0.788412 0.722122
vt 0.920672 0.296044
vt 0.935773 0.292427
vt 0.929324 0.309522
vt 0.840415 0.673091
vt 0.789002 0.741699
vt 0.917235 0.688756
vt 0.922262 0.703889
vt 0.745076 0.743902
vt 0.786800 0.752095
vt 0.769518 0.754568
vt 0.751964 0.757815
vt 0.667658 0.976182
vt 0.666320 0.952151
vt 0.681088 0.971301
vt 0.626737 0.948946
vt 0.620104 0.973640
vt 0.912226 0.664361
vt 0.755207 0.598900
vt 0.745265 0.651677
vt 0.129232 0.591608
vt 0.662418 0.351060
vt 0.619405 0.403710
vt 0.641477 0.356680
vt 0.843833 0.076626
vt 0.873339 0.072523
vt 0.867131 0.090360
vt 0.648440 0.948002
vt 0.859999 0.117586
vt 0.834636 0.087748
vt 0.623614 0.364506
vt 0.847992 0.038614
vt 0.812108 0.375463
vt 0.791273 0.381206
vt 0.946991 0.083138
vt 0.118910 0.607444
vt 0.872965 0.649282
vt 0.702273 0.631873
vt 0.840803 0.118958
vt 0.734409 0.732445
vt 0.827443 0.677291
vt 0.623248 0.939270
vt 0.051118 0.590318
vt 0.864053 0.648964
vt 0.307372 0.601671
vt 0.304166 0.579636
vt 0.317442 0.585226
vt 0.833505 0.039303
vt 0.895096 0.641499
vt 0.957891 0.106405
vt 0.641736 0.155484
vt 0.638404 0.184180
vt 0.621414 0.183058
vt 0.114353 0.571638
vt 0.093193 0.593208
vt 0.083643 0.584331
vt 0.685723 0.370876
vt 0.674315 0.350109
vt 0.849635 0.037145
vt 0.860289 0.031948
vt 0.828762 0.122653
vt 0.821519 0.088085
vt 0.846187 0.198731
vt 0.861604 0.204343
vt 0.849630 0.215871
vt 0.949069 0.079856
vt 0.783748 0.385529
vt 0.808414 0.400564
vt 0.748953 0.697604
vt 0.925696 0.700200
vt 0.048547 0.600644
vt 0.733810 0.756941
vt 0.817946 0.048715
vt 0.634005 0.937452
vt 0.887223 0.109211
vt 0.919620 0.682153
vt 0.794315 0.404314
vt 0.818956 0.389449
vt 0.654805 0.189827
vt 0.891615 0.075657
vt 0.733443 0.705587
vt 0.869998 0.218738
vt 0.894630 0.105690
vt 0.853323 0.228719
vt 0.691924 0.628593
vt 0.693484 0.607603
vt 0.856836 0.187058
vt 0.842862 0.180316
vt 0.775707 0.478172
vt 0.779140 0.463923
vt 0.810433 0.472995
vt 0.881943 0.034553
vt 0.808251 0.481528
vt 0.633823 0.222895
vt 0.607359 0.223918
vt 0.325664 0.603489
vt 0.321210 0.622073
vt 0.304510 0.619851
vt 0.847110 0.165867
vt 0.809439 0.457775
vt 0.781177 0.452998
vt 0.612980 0.379202
vt 0.609409 0.402110
vt 0.942737 0.364075
vt 0.027179 0.591050
vt 0.854188 0.657000
vt 0.681718 0.947694
vt 0.605479 0.179651
vt 0.767803 0.688860
vt 0.825313 0.665466
vt 0.678289 0.605014
vt 0.537961 0.305227
vt 0.545484 0.333241
vt 0.539207 0.320944
vt 0.809590 0.049770
vt 0.019180 0.612100
vt 0.568171 0.305302
vt 0.805292 0.492946
vt 0.944105 0.685325
vt 0.936959 0.665804
vt 0.063320 0.393278
vt 0.070492 0.428548
vt 0.053832 0.414536
vt 0.872179 0.184397
vt 0.877856 0.765790
vt 0.868824 0.779746
vt 0.857291 0.768570
vt 0.462295 0.718031
vt 0.474272 0.763379
vt 0.446633 0.761924
vt 0.587928 0.219400
vt 0.588139 0.180319
vt 0.737128 0.315623
vt 0.595347 0.345276
vt 0.803364 0.504417
vt 0.770132 0.492723
vt 0.808173 0.442818
vt 0.864962 0.754488
vt 0.864757 0.167700
vt 0.653071 0.926474
vt 0.304593 0.632204
vt 0.719929 0.728845
vt 0.674671 0.926623
vt 0.570060 0.190386
vt 0.578192 0.163863
vt 0.655767 0.233607
vt 0.916435 0.650850
vt 0.485364 0.696544
vt 0.467634 0.688717
vt 0.486918 0.683643
vt 0.320451 0.637420
vt 0.312305 0.648355
vt 0.761548 0.329009
vt 0.629333 0.932113
vt 0.335609 0.591777
vt 0.968402 0.755072
vt 0.979019 0.750888
vt 0.975435 0.768083
vt 0.885552 0.197928
vt 0.684142 0.930284
vt 0.614934 0.357291
vt 0.574290 0.345259
vt 0.051146 0.450525
vt 0.785839 0.689374
vt 0.714430 0.700357
vt 0.884538 0.232646
vt 0.869646 0.236463
vt 0.971312 0.309847
vt 0.979125 0.314494
vt 0.966017 0.314390
vt 0.557123 0.339908
vt 0.925554 0.288034
vt 0.951956 0.289539
vt 0.149378 0.658884
vt 0.135833 0.683964
vt 0.118689 0.681516
vt 0.561471 0.295394
vt 0.564659 0.300646
vt 0.581305 0.084943
vt 0.612924 0.073470
vt 0.597488 0.108680
vt 0.736222 0.684926
vt 0.750276 0.683402
vt 0.893222 0.789866
vt 0.498702 0.726617
vt 0.482086 0.615939
vt 0.458074 0.611429
vt 0.475206 0.598019
vt 0.636722 0.628117
vt 0.655008 0.596859
vt 0.662543 0.640268
vt 0.758230 0.456900
vt 0.320965 0.282488
vt 0.325837 0.288488
vt 0.308077 0.290950
vt 0.469402 0.623980
vt 0.339685 0.617913
vt 0.322010 0.323009
vt 0.308915 0.321783
vt 0.315454 0.310376
vt 0.194528 0.498536
vt 0.179119 0.500345
vt 0.173613 0.467325
vt 0.322229 0.294169
vt 0.469911 0.585810
vt 0.578061 0.322209
vt 0.924547 0.264325
vt 0.725242 0.765241
vt 0.708601 0.762594
vt 0.446685 0.606905
vt 0.483515 0.631564
vt 0.101033 0.567480
vt 0.466310 0.702338
vt 0.756701 0.463957
vt 0.773939 0.438447
vt 0.911232 0.645763
vt 0.758580 0.508535
vt 0.616354 0.341946
vt 0.491704 0.669993
vt 0.508633 0.677497
vt 0.309120 0.557251
vt 0.324312 0.554551
vt 0.324993 0.563354
vt 0.228926 0.202689
vt 0.198448 0.160769
vt 0.229218 0.153354
vt 0.634884 0.918498
vt 0.756201 0.485816
vt 0.813130 0.519412
vt 0.124812 0.666003
vt 0.705123 0.725650
vt 0.689282 0.650931
vt 0.771967 0.041347
vt 0.762240 0.046440
vt 0.764065 0.035999
vt 0.408835 0.911502
vt 0.432886 0.926012
vt 0.399062 0.927402
vt 0.703075 0.748177
vt 0.636357 0.053795
vt 0.647723 0.042057
vt 0.649127 0.067797
vt 0.984464 0.318954
vt 0.977178 0.318428
vt 0.880296 0.739137
vt 0.888974 0.747321
vt 0.902433 0.756464
vt 0.082154 0.678789
vt 0.085255 0.721959
vt 0.062374 0.676000
vt 0.446503 0.596786
vt 0.289826 0.559078
vt 0.304233 0.574914
vt 0.903455 0.780733
vt 0.360533 0.604164
vt 0.354212 0.618139
vt 0.324387 0.256008
vt 0.320775 0.230073
vt 0.328863 0.247723
vt 0.955537 0.264707
vt 0.693117 0.652160
vt 0.735302 0.311797
vt 0.858601 0.159060
vt 0.199065 0.467987
vt 0.467779 0.574586
vt 0.445504 0.581516
vt 0.891816 0.215433
vt 0.336531 0.641244
vt 0.058593 0.710603
vt 0.067821 0.735496
vt 0.019209 0.437002
vt 0.449765 0.909426
vt 0.398818 0.896558
vt 0.431596 0.885879
vt 0.303927 0.290996
vt 0.970523 0.289304
vt 0.971886 0.285255
vt 0.762654 0.447426
vt 0.737016 0.929940
vt 0.741800 0.914267
vt 0.778055 0.933684
vt 0.399445 0.882319
vt 0.309097 0.535795
vt 0.627863 0.088091
vt 0.634498 0.097939
vt 0.886352 0.179550
vt 0.453019 0.630405
vt 0.400490 0.865765
vt 0.719338 0.680768
vt 0.292029 0.543417
vt 0.278029 0.559043
vt 0.288102 0.576144
vt 0.509490 0.694335
vt 0.965142 0.928553
vt 0.948374 0.930083
vt 0.949107 0.924692
vt 0.157648 0.497885
vt 0.142901 0.467953
vt 0.460375 0.639943
vt 0.962860 0.922013
vt 0.964785 0.923636
vt 0.272408 0.567029
vt 0.442398 0.621947
vt 0.788400 0.923532
vt 0.323986 0.535247
vt 0.125528 0.576837
vt 0.073407 0.045561
vt 0.066434 0.055687
vt 0.063372 0.041655
vt 0.639390 0.105784
vt 0.623071 0.142205
vt 0.892131 0.166827
vt 0.970451 0.725008
vt 0.990718 0.742633
vt 0.992519 0.724141
vt 0.310636 0.254357
vt 0.322607 0.260495
vt 0.020577 0.405730
vt 0.958578 0.901091
vt 0.299282 0.311060
vt 0.503564 0.709054
vt 0.077957 0.040844
vt 0.075735 0.071419
vt 0.352176 0.592469
vt 0.550142 0.073673
vt 0.535510 0.052608
vt 0.547979 0.053158
vt 0.747773 0.852675
vt 0.783469 0.876041
vt 0.742124 0.876840
vt 0.097096 0.062254
vt 0.197517 0.526100
vt 0.964106 0.720517
vt 0.191231 0.195729
vt 0.631817 0.090988
vt 0.620868 0.073386
vt 0.357296 0.636868
vt 0.278406 0.925523
vt 0.261980 0.880765
vt 0.291785 0.898196
vt 0.192744 0.548149
vt 0.471898 0.550036
vt 0.450229 0.547611
vt 0.933589 0.914886
vt 0.928318 0.896717
vt 0.101560 0.698500
vt 0.176031 0.554417
vt 0.165706 0.528732
vt 0.981186 0.722041
vt 0.307015 0.265570
vt 0.310112 0.259392
vt 0.785568 0.905722
vt 0.136266 0.035933
vt 0.136189 0.064098
vt 0.119825 0.045043
vt 0.486873 0.025314
vt 0.505857 0.028329
vt 0.485810 0.037526
vt 0.543378 0.289046
vt 0.938861 0.927606
vt 0.422107 0.864180
vt 0.440780 0.869995
vt 0.468191 0.654128
vt 0.972135 0.260375
vt 0.104789 0.679646
vt 0.551912 0.063312
vt 0.337719 0.655715
vt 0.309898 0.230475
vt 0.809762 0.556766
vt 0.783618 0.550449
vt 0.786407 0.538985
vt 0.688229 0.752656
vt 0.306790 0.660584
vt 0.324332 0.669224
vt 0.877539 0.157501
vt 0.746498 0.045919
vt 0.668594 0.077267
vt 0.642546 0.105618
vt 0.908846 0.229553
vt 0.515900 0.049885
vt 0.465065 0.048001
vt 0.496114 0.044175
vt 0.737620 0.526520
vt 0.982599 0.257967
vt 0.973434 0.250136
vt 0.987192 0.243896
vt 0.239694 0.778962
vt 0.243438 0.815700
vt 0.234241 0.808326
vt 0.968309 0.224698
vt 0.997777 0.223855
vt 0.429179 0.609827
vt 0.100722 0.712957
vt 0.666017 0.114289
vt 0.688486 0.098080
vt 0.773705 0.541610
vt 0.306458 0.274737
vt 0.184255 0.215153
vt 0.101080 0.723272
vt 0.556599 0.827138
vt 0.541361 0.842117
vt 0.548598 0.829119
vt 0.515516 0.076766
vt 0.490736 0.077257
vt 0.514980 0.072957
vt 0.563605 0.289604
vt 0.060048 0.937395
vt 0.100300 0.935080
vt 0.082663 0.944305
vt 0.557350 0.861180
vt 0.499831 0.072011
vt 0.135865 0.574434
vt 0.076885 0.925016
vt 0.102663 0.717484
vt 0.106751 0.682189
vt 0.906440 0.194892
vt 0.179416 0.635609
vt 0.177594 0.645986
vt 0.168189 0.642755
vt 0.252832 0.812155
vt 0.291634 0.514255
vt 0.108844 0.433741
vt 0.108947 0.425703
vt 0.125052 0.427054
vt 0.282785 0.882282
vt 0.448242 0.645992
vt 0.993215 0.252984
vt 0.744237 0.843980
vt 0.770495 0.836496
vt 0.795645 0.841232
vt 0.642831 0.326226
vt 0.800330 0.564224
vt 0.916488 0.771966
vt 0.267731 0.528314
vt 0.945254 0.886027
vt 0.464948 0.880003
vt 0.490675 0.887889
vt 0.780048 0.559528
vt 0.508288 0.106591
vt 0.113346 0.340576
vt 0.127982 0.346194
vt 0.113827 0.366093
vt 0.694807 0.683993
vt 0.893596 0.726159
vt 0.906965 0.729175
vt 0.314710 0.683198
vt 0.485785 0.912076
vt 0.955168 0.951680
vt 0.128748 0.087069
vt 0.813160 0.849758
vt 0.518047 0.670675
vt 0.467716 0.073065
vt 0.128731 0.469291
vt 0.575726 0.848820
vt 0.438994 0.542680
vt 0.446747 0.526775
vt 0.452184 0.531409
vt 0.726453 0.048830
vt 0.082370 0.749338
vt 0.938244 0.955802
vt 0.927697 0.945008
vt 0.245502 0.262808
vt 0.225814 0.250008
vt 0.243871 0.246182
vt 0.687835 0.722462
vt 0.136416 0.392054
vt 0.110507 0.402168
vt 0.125132 0.404737
vt 0.499032 0.250122
vt 0.488294 0.266855
vt 0.485819 0.249629
vt 0.641443 0.666326
vt 0.652936 0.652120
vt 0.666732 0.663007
vt 0.559256 0.080346
vt 0.564193 0.050985
vt 0.686366 0.703763
vt 0.585965 0.068847
vt 0.604062 0.050659
vt 0.600583 0.065236
vt 0.517165 0.254323
vt 0.529407 0.263226
vt 0.511172 0.276215
vt 0.142930 0.509558
vt 0.067535 0.024430
vt 0.069213 0.018527
vt 0.071168 0.029225
vt 0.432439 0.637016
vt 0.422596 0.570935
vt 0.434915 0.560986
vt 0.758026 0.535333
vt 0.096289 0.743475
vt 0.097489 0.739307
vt 0.917046 0.796332
vt 0.687430 0.115725
vt 0.155227 0.550577
vt 0.552746 0.826333
vt 0.757508 0.539306
vt 0.072036 0.020236
vt 0.278385 0.517330
vt 0.299389 0.507585
vt 0.117250 0.937613
vt 0.098464 0.737202
vt 0.183605 0.211719
vt 0.150864 0.358982
vt 0.538669 0.685802
vt 0.144800 0.421860
vt 0.197755 0.090350
vt 0.192721 0.108353
vt 0.158822 0.095540
vt 0.505893 0.764446
vt 0.638068 0.659304
vt 0.642136 0.653788
vt 0.338804 0.854562
vt 0.338750 0.871301
vt 0.322554 0.860805
vt 0.032552 0.566431
vt 0.058265 0.565873
vt 0.042994 0.576239
vt 0.148926 0.110298
vt 0.583241 0.048607
vt 0.556041 0.048216
vt 0.215911 0.095426
vt 0.761551 0.558093
vt 0.759505 0.546891
vt 0.708097 0.668774
vt 0.930438 0.784442
vt 0.930321 0.938069
vt 0.932155 0.927913
vt 0.124734 0.937410
vt 0.067865 0.081085
vt 0.069000 0.100437
vt 0.155248 0.392011
vt 0.305772 0.680706
vt 0.578536 0.052875
vt 0.137644 0.097131
vt 0.821105 0.010584
vt 0.822835 0.010698
vt 0.812474 0.013409
vt 0.521162 0.674102
vt 0.813394 0.598603
vt 0.844189 0.569486
vt 0.838264 0.591580
vt 0.631693 0.156649
vt 0.648057 0.119224
vt 0.373136 0.616394
vt 0.155919 0.573592
vt 0.986850 0.715809
vt 0.063111 0.111264
vt 0.072617 0.035657
vt 0.073649 0.030525
vt 0.532906 0.718015
vt 0.154615 0.632976
vt 0.918093 0.744859
vt 0.379340 0.880722
vt 0.379077 0.864535
vt 0.412722 0.121271
vt 0.443922 0.125360
vt 0.545340 0.046031
vt 0.824998 0.927349
vt 0.179579 0.124717
vt 0.210260 0.120319
vt 0.223324 0.105065
vt 0.474907 0.108457
vt 0.291619 0.861948
vt 0.295256 0.870021
vt 0.419223 0.558966
vt 0.540684 0.703029
vt 0.649538 0.117817
vt 0.075851 0.100959
vt 0.279046 0.880391
vt 0.366319 0.652145
vt 0.944079 0.590638
vt 0.947074 0.585660
vt 0.953306 0.593605
vt 0.308753 0.492271
vt 0.823599 0.879130
vt 0.825761 0.904758
vt 0.533010 0.837257
vt 0.496031 0.777517
vt 0.559147 0.805762
vt 0.114267 0.024929
vt 0.115729 0.019787
vt 0.118267 0.025546
vt 0.137713 0.527334
vt 0.145747 0.585495
vt 0.940434 0.629068
vt 0.935063 0.635115
vt 0.917824 0.623737
vt 0.158674 0.423785
vt 0.175640 0.621469
vt 0.187664 0.624940
vt 0.144372 0.126233
vt 0.223150 0.124652
vt 0.863524 0.588722
vt 0.848912 0.598917
vt 0.848824 0.584186
vt 0.117711 0.010886
vt 0.128535 0.014498
vt 0.049396 0.562486
vt 0.036385 0.561330
vt 0.940935 0.623266
vt 0.917270 0.173706
vt 0.116280 0.898014
vt 0.080487 0.883659
vt 0.123823 0.633586
vt 0.123552 0.654166
vt 0.833862 0.626211
vt 0.273644 0.489663
vt 0.218930 0.910393
vt 0.308370 0.692769
vt 0.271049 0.880286
vt 0.920696 0.209476
vt 0.146962 0.561824
vt 0.334512 0.683095
vt 0.337586 0.129756
vt 0.306420 0.127499
vt 0.328228 0.115124
vt 0.228960 0.290826
vt 0.276353 0.130512
vt 0.268840 0.117194
vt 0.265189 0.865625
vt 0.275565 0.858303
vt 0.824329 0.841269
vt 0.924891 0.615277
vt 0.931527 0.762699
vt 0.672447 0.720818
vt 0.859011 0.602160
vt 0.355071 0.896368
vt 0.520383 0.234351
vt 0.897650 0.157007
vt 0.911265 0.152222
vt 0.938673 0.612488
vt 0.352409 0.670200
vt 0.800049 0.058461
vt 0.800221 0.030031
vt 0.818477 0.040961
vt 0.655537 0.126797
vt 0.928800 0.596899
vt 0.947210 0.604866
vt 0.447819 0.043218
vt 0.458919 0.044397
vt 0.289256 0.486056
vt 0.306931 0.880826
vt 0.455805 0.081106
vt 0.385719 0.634020
vt 0.907379 0.964733
vt 0.878777 0.968306
vt 0.900285 0.949420
vt 0.260041 0.497774
vt 0.411380 0.570578
vt 0.414142 0.572937
vt 0.932321 0.192627
vt 0.657301 0.129885
vt 0.675082 0.755185
vt 0.166280 0.575320
vt 0.171465 0.766092
vt 0.153382 0.777330
vt 0.152622 0.754175
vt 0.910115 0.320498
vt 0.869054 0.307690
vt 0.905349 0.309499
vt 0.635975 0.704257
vt 0.632346 0.662102
vt 0.163115 0.613731
vt 0.217400 0.134897
vt 0.810033 0.003937
vt 0.800575 0.019118
vt 0.489065 0.231726
vt 0.925397 0.800938
vt 0.920116 0.582155
vt 0.699226 0.041576
vt 0.701826 0.047744
vt 0.567342 0.287756
vt 0.573973 0.277989
vt 0.572093 0.286249
vt 0.254608 0.878123
vt 0.325588 0.099575
vt 0.248364 0.877902
vt 0.209570 0.766990
vt 0.230142 0.743131
vt 0.838238 0.631442
vt 0.793941 0.651594
vt 0.799277 0.619948
vt 0.257080 0.872760
vt 0.253990 0.511121
vt 0.385219 0.901356
vt 0.925986 0.239010
vt 0.932723 0.745016
vt 0.675603 0.692523
vt 0.378634 0.605868
vt 0.388314 0.617498
vt 0.178849 0.134749
vt 0.581870 0.282578
vt 0.833750 0.659074
vt 0.813754 0.658230
vt 0.914635 0.245141
vt 0.849852 0.616172
vt 0.961138 0.549622
vt 0.952164 0.560268
vt 0.955600 0.540780
vt 0.251054 0.110235
vt 0.273330 0.092531
vt 0.546894 0.269739
vt 0.569198 0.270773
vt 0.560555 0.283931
vt 0.367256 0.486829
vt 0.355589 0.477763
vt 0.376488 0.471810
vt 0.325442 0.899482
vt 0.538854 0.234788
vt 0.886396 0.329155
vt 0.562687 0.813108
vt 0.145419 0.749936
vt 0.342965 0.112539
vt 0.206661 0.286259
vt 0.198030 0.773606
vt 0.201471 0.777525
vt 0.249702 0.877183
vt 0.912992 0.634523
vt 0.942923 0.560771
vt 0.957189 0.566768
vt 0.325055 0.694528
vt 0.923948 0.723425
vt 0.542060 0.742572
vt 0.530283 0.770938
vt 0.950683 0.579388
vt 0.774631 0.603475
vt 0.779217 0.577018
vt 0.781315 0.622600
vt 0.352402 0.505849
vt 0.353339 0.485461
vt 0.110031 0.729327
vt 0.141167 0.739658
vt 0.143266 0.749856
vt 0.136727 0.760909
vt 0.440404 0.042245
vt 0.542562 0.271813
vt 0.102260 0.750984
vt 0.130642 0.768447
vt 0.230818 0.331745
vt 0.220632 0.328810
vt 0.778723 0.665745
vt 0.769772 0.661306
vt 0.797895 0.579768
vt 0.669195 0.681393
vt 0.643227 0.685833
vt 0.231093 0.877900
vt 0.125587 0.024243
vt 0.771470 0.022224
vt 0.783804 0.028454
vt 0.903411 0.295693
vt 0.878880 0.281369
vt 0.905349 0.282880
vt 0.592949 0.832849
vt 0.639925 0.685850
vt 0.932724 0.227415
vt 0.698293 0.661962
vt 0.125863 0.618039
vt 0.444571 0.077454
vt 0.887976 0.302527
vt 0.905444 0.302408
vt 0.193836 0.760163
vt 0.587090 0.268158
vt 0.296557 0.904894
vt 0.208404 0.242550
vt 0.198205 0.266475
vt 0.921809 0.577321
vt 0.343429 0.095080
vt 0.194793 0.767609
vt 0.873777 0.263417
vt 0.905723 0.251977
vt 0.906321 0.264700
vt 0.585696 0.256103
vt 0.369900 0.666207
vt 0.688514 0.663970
vt 0.945525 0.780320
vt 0.203911 0.326626
vt 0.911416 0.567394
vt 0.791225 0.620121
vt 0.311877 0.090090
vt 0.947508 0.798352
vt 0.847770 0.635777
vt 0.132367 0.023554
vt 0.952781 0.583839
vt 0.428642 0.775953
vt 0.413514 0.772926
vt 0.425197 0.765068
vt 0.346993 0.526548
vt 0.373086 0.534446
vt 0.385454 0.651145
vt 0.590344 0.839689
vt 0.127963 0.773990
vt 0.902433 0.600536
vt 0.558370 0.231410
vt 0.349065 0.921547
vt 0.378342 0.920344
vt 0.932402 0.163166
vt 0.392237 0.524255
vt 0.208017 0.737529
vt 0.411325 0.500772
vt 0.406852 0.515904
vt 0.609421 0.016439
vt 0.611595 0.020392
vt 0.608987 0.018058
vt 0.899005 0.608275
vt 0.409172 0.257400
vt 0.428602 0.249353
vt 0.409362 0.267176
vt 0.872927 0.297312
vt 0.148476 0.607144
vt 0.449754 0.265126
vt 0.430323 0.267764
vt 0.920290 0.549591
vt 0.934216 0.531575
vt 0.872771 0.979080
vt 0.869708 0.992470
vt 0.869444 0.991777
vt 0.395775 0.761351
vt 0.400688 0.774945
vt 0.464447 0.272204
vt 0.471848 0.254263
vt 0.952095 0.760885
vt 0.948325 0.203190
vt 0.563030 0.697884
vt 0.568392 0.809516
vt 0.173289 0.604725
vt 0.183218 0.602603
vt 0.554924 0.727587
vt 0.886673 0.249819
vt 0.384624 0.772782
vt 0.190512 0.754868
vt 0.191135 0.902477
vt 0.204115 0.873908
vt 0.863218 0.943652
vt 0.889674 0.935698
vt 0.957314 0.791687
vt 0.351606 0.764140
vt 0.372337 0.765139
vt 0.365627 0.773774
vt 0.892008 0.335214
vt 0.881866 0.355731
vt 0.873906 0.331530
vt 0.583443 0.243358
vt 0.280996 0.468824
vt 0.284664 0.465033
vt 0.886887 0.981582
vt 0.874422 0.972993
vt 0.885311 0.972030
vt 0.843539 0.650844
vt 0.225340 0.720832
vt 0.376131 0.553215
vt 0.363013 0.560319
vt 0.170390 0.567518
vt 0.901344 0.591607
vt 0.613191 0.026224
vt 0.619048 0.019985
vt 0.614959 0.033769
vt 0.031647 0.027745
vt 0.043289 0.034743
vt 0.037901 0.061539
vt 0.121786 0.782104
vt 0.413125 0.752396
vt 0.866517 0.963705
vt 0.082156 0.618510
vt 0.092245 0.609197
vt 0.102497 0.622190
vt 0.452416 0.115807
vt 0.793731 0.669420
vt 0.786770 0.661555
vt 0.935708 0.016337
vt 0.910836 0.024770
vt 0.931245 0.017538
vt 0.667130 0.702274
vt 0.942681 0.709197
vt 0.917230 0.711264
vt 0.773545 0.030556
vt 0.893554 0.618427
vt 0.777149 0.050712
vt 0.940819 0.725405
vt 0.613483 0.019400
vt 0.620169 0.033564
vt 0.918187 0.553205
vt 0.683286 0.044927
vt 0.683976 0.050870
vt 0.680225 0.049662
vt 0.340996 0.086035
vt 0.875201 0.981636
vt 0.340185 0.772445
vt 0.328937 0.761877
vt 0.611610 0.037864
vt 0.178391 0.275161
vt 0.180523 0.243551
vt 0.933834 0.147106
vt 0.451935 0.250077
vt 0.132858 0.802492
vt 0.147089 0.823666
vt 0.043361 0.095168
vt 0.031065 0.091862
vt 0.402038 0.623874
vt 0.083567 0.647302
vt 0.907360 0.572242
vt 0.108194 0.640473
vt 0.112535 0.653559
vt 0.292989 0.462544
vt 0.120785 0.787273
vt 0.316104 0.923906
vt 0.945860 0.235683
vt 0.639997 0.703363
vt 0.028896 0.562980
vt 0.594714 0.238709
vt 0.112408 0.665157
vt 0.092501 0.672309
vt 0.863653 0.352073
vt 0.948422 0.180138
vt 0.723722 0.099708
vt 0.731005 0.089843
vt 0.733071 0.099875
vt 0.528440 0.434239
vt 0.532637 0.425215
vt 0.547306 0.420108
vt 0.956604 0.740575
vt 0.863343 0.302793
vt 0.761574 0.093148
vt 0.794852 0.107540
vt 0.758935 0.105360
vt 0.858434 0.932315
vt 0.185653 0.314441
vt 0.399488 0.618672
vt 0.567860 0.440119
vt 0.589880 0.443378
vt 0.565149 0.464815
vt 0.602419 0.247076
vt 0.592734 0.257959
vt 0.816101 0.568365
vt 0.807640 0.577953
vt 0.985078 0.672531
vt 0.978326 0.662850
vt 0.982852 0.660829
vt 0.079510 0.778587
vt 0.111605 0.795956
vt 0.154781 0.962599
vt 0.149272 0.962982
vt 0.157822 0.956024
vt 0.798423 0.089235
vt 0.817039 0.103197
vt 0.925249 0.018480
vt 0.906126 0.575742
vt 0.239450 0.978910
vt 0.255811 0.969668
vt 0.260001 0.979235
vt 0.406360 0.236418
vt 0.646125 0.792956
vt 0.634398 0.791069
vt 0.643267 0.782160
vt 0.254910 0.989690
vt 0.865883 0.249613
vt 0.862606 0.326775
vt 0.912631 0.029271
vt 0.936213 0.030823
vt 0.661034 0.744583
vt 0.653541 0.770155
vt 0.638417 0.763595
vt 0.704801 0.067051
vt 0.709040 0.052195
vt 0.708974 0.061450
vt 0.595572 0.414190
vt 0.961822 0.769098
vt 0.053463 0.033567
vt 0.052289 0.021320
vt 0.395088 0.550080
vt 0.056366 0.099658
vt 0.056803 0.070971
vt 0.400756 0.245232
vt 0.706520 0.055930
vt 0.724553 0.108035
vt 0.985953 0.684838
vt 0.940674 0.248644
vt 0.859063 0.283090
vt 0.966215 0.671618
vt 0.023834 0.577253
vt 0.917065 0.011716
vt 0.249518 0.522984
vt 0.258131 0.551141
vt 0.232197 0.551757
vt 0.969040 0.187285
vt 0.967472 0.172070
vt 0.979614 0.171048
vt 0.547265 0.414019
vt 0.387144 0.747338
vt 0.857590 0.330317
vt 0.962579 0.063481
vt 0.945863 0.024775
vt 0.988394 0.035525
vt 0.444198 0.670500
vt 0.412280 0.685859
vt 0.422355 0.635223
vt 0.980775 0.187650
vt 0.107750 0.805000
vt 0.989460 0.688641
vt 0.115836 0.813106
vt 0.334464 0.749477
vt 0.358347 0.745315
vt 0.162496 0.595133
vt 0.084707 0.951059
vt 0.079416 0.944817
vt 0.081384 0.944713
vt 0.178799 0.202362
vt 0.178200 0.170154
vt 0.184472 0.190263
vt 0.412394 0.542008
vt 0.015725 0.529669
vt 0.014554 0.517955
vt 0.035568 0.521692
vt 0.072953 0.795943
vt 0.333253 0.218307
vt 0.365231 0.218965
vt 0.332478 0.222820
vt 0.747932 0.123856
vt 0.725864 0.122759
vt 0.979039 0.706611
vt 0.097543 0.952869
vt 0.089274 0.972292
vt 0.236452 0.518021
vt 0.963089 0.208676
vt 0.855523 0.267181
vt 0.125820 0.828717
vt 0.596702 0.039315
vt 0.586468 0.044736
vt 0.555091 0.027554
vt 0.855053 0.296967
vt 0.895929 0.815641
vt 0.897518 0.834259
vt 0.855091 0.852162
vt 0.991798 0.688838
vt 0.177588 0.138664
vt 0.185318 0.137450
vt 0.620007 0.448675
vt 0.602595 0.450514
vt 0.616446 0.418777
vt 0.616235 0.039310
vt 0.247513 0.486109
vt 0.023696 0.542750
vt 0.176346 0.231850
vt 0.168904 0.230197
vt 0.178778 0.223050
vt 0.680235 0.059201
vt 0.093441 0.875884
vt 0.070444 0.817200
vt 0.081432 0.800981
vt 0.707174 0.032010
vt 0.706493 0.007304
vt 0.724043 0.020596
vt 0.971987 0.165742
vt 0.755983 0.943262
vt 0.758944 0.935692
vt 0.764614 0.943021
vt 0.647191 0.424611
vt 0.635324 0.456339
vt 0.955746 0.158021
vt 0.451426 0.233362
vt 0.350345 0.257240
vt 0.351807 0.268166
vt 0.331111 0.260954
vt 0.116489 0.549996
vt 0.104961 0.528076
vt 0.110428 0.520051
vt 0.882464 0.601114
vt 0.876665 0.604108
vt 0.882545 0.595532
vt 0.126402 0.150191
vt 0.123920 0.172286
vt 0.112847 0.193643
vt 0.784199 0.776301
vt 0.784848 0.797316
vt 0.758673 0.797533
vt 0.231337 0.394259
vt 0.229390 0.418152
vt 0.218102 0.397666
vt 0.468428 0.228757
vt 0.855506 0.257451
vt 0.430931 0.525532
vt 0.178108 0.592963
vt 0.161881 0.213845
vt 0.224707 0.435943
vt 0.210346 0.434944
vt 0.012514 0.570339
vt 0.064259 0.487218
vt 0.084721 0.491818
vt 0.073514 0.533963
vt 0.959445 0.723462
vt 0.757850 0.765991
vt 0.024801 0.548275
vt 0.050236 0.549608
vt 0.021921 0.551813
vt 0.770415 0.762239
vt 0.346867 0.201545
vt 0.352701 0.204283
vt 0.335779 0.204991
vt 0.235957 0.366106
vt 0.218302 0.487921
vt 0.867278 0.596179
vt 0.886379 0.587121
vt 0.948073 0.249438
vt 0.959798 0.240516
vt 0.797637 0.136648
vt 0.157749 0.964305
vt 0.152994 0.972457
vt 0.058818 0.530635
vt 0.226011 0.363665
vt 0.149665 0.968574
vt 0.172625 0.075643
vt 0.155602 0.085692
vt 0.154038 0.079422
vt 0.868052 0.571973
vt 0.845066 0.550765
vt 0.864013 0.540331
vt 0.866516 0.553960
vt 0.659729 0.435454
vt 0.311838 0.353256
vt 0.289673 0.386821
vt 0.283318 0.351161
vt 0.019212 0.509018
vt 0.045432 0.494251
vt 0.048589 0.507538
vt 0.308194 0.396799
vt 0.303567 0.387257
vt 0.313918 0.386310
vt 0.092580 0.158568
vt 0.096518 0.157497
vt 0.086748 0.167274
vt 0.388834 0.576954
vt 0.316880 0.384330
vt 0.590389 0.023034
vt 0.622935 0.773961
vt 0.644219 0.461545
vt 0.983915 0.018754
vt 0.983144 0.008494
vt 0.985117 0.018004
vt 0.263712 0.142963
vt 0.248564 0.161081
vt 0.244587 0.139923
vt 0.041367 0.115558
vt 0.027404 0.144344
vt 0.024419 0.115153
vt 0.761002 0.816688
vt 0.762522 0.832607
vt 0.756069 0.824916
vt 0.166127 0.181546
vt 0.424934 0.226820
vt 0.236125 0.144479
vt 0.242253 0.462177
vt 0.962608 0.179265
vt 0.270534 0.060422
vt 0.244607 0.056901
vt 0.267077 0.042026
vt 0.031319 0.169274
vt 0.075567 0.166708
vt 0.123329 0.550957
vt 0.359086 0.224157
vt 0.847204 0.508637
vt 0.853641 0.519490
vt 0.828762 0.524068
vt 0.234249 0.158263
vt 0.980634 0.010088
vt 0.154730 0.226272
vt 0.632344 0.414207
vt 0.358132 0.183761
vt 0.339941 0.182673
vt 0.606511 0.412114
vt 0.435107 0.508742
vt 0.991764 0.700923
vt 0.053677 0.537485
vt 0.424054 0.536384
vt 0.225698 0.460356
vt 0.028097 0.763252
vt 0.042299 0.789167
vt 0.017724 0.786748
vt 0.848621 0.561829
vt 0.291486 0.141687
vt 0.282678 0.157009
vt 0.158876 0.141172
vt 0.111984 0.503145
vt 0.385271 0.730665
vt 0.506504 0.594848
vt 0.513080 0.594386
vt 0.509909 0.609667
vt 0.907543 0.563870
vt 0.238210 0.170616
vt 0.680582 0.081226
vt 0.370233 0.202543
vt 0.143119 0.078279
vt 0.152789 0.056521
vt 0.151967 0.196178
vt 0.222904 0.519752
vt 0.333467 0.734928
vt 0.420741 0.738622
vt 0.406554 0.727098
vt 0.253408 0.028230
vt 0.088479 0.186978
vt 0.566982 0.040032
vt 0.642161 0.730156
vt 0.617363 0.743107
vt 0.989163 0.171491
vt 0.088936 0.350005
vt 0.060535 0.380167
vt 0.053842 0.319543
vt 0.144658 0.154394
vt 0.981980 0.001534
vt 0.613390 0.784516
vt 0.703376 0.078050
vt 0.355154 0.228635
vt 0.209536 0.036425
vt 0.214740 0.023732
vt 0.215499 0.035974
vt 0.692379 0.032616
vt 0.644610 0.024089
vt 0.679169 0.024009
vt 0.734126 0.137604
vt 0.016875 0.763598
vt 0.016353 0.757868
vt 0.052021 0.545731
vt 0.443840 0.715643
vt 0.459823 0.707242
vt 0.460076 0.710727
vt 0.480582 0.233818
vt 0.283185 0.388941
vt 0.208484 0.362045
vt 0.218938 0.362822
vt 0.308349 0.153095
vt 0.265690 0.159880
vt 0.839593 0.537694
vt 0.868631 0.524328
vt 0.054485 0.529800
vt 0.149894 0.038658
vt 0.141332 0.045604
vt 0.131646 0.509097
vt 0.757792 0.139762
vt 0.335825 0.243144
vt 0.359356 0.244429
vt 0.278575 0.034932
vt 0.274828 0.025667
vt 0.280136 0.036501
vt 0.056934 0.520840
vt 0.951398 0.869902
vt 0.935088 0.869655
vt 0.946944 0.844916
vt 0.104426 0.501184
vt 0.704880 0.078803
vt 0.137933 0.303623
vt 0.130852 0.265849
vt 0.144175 0.268992
vt 0.384022 0.001578
vt 0.388807 0.014707
vt 0.374632 0.014339
vt 0.137960 0.555406
vt 0.508918 0.644336
vt 0.517695 0.625447
vt 0.523215 0.638682
vt 0.354886 0.727533
vt 0.284213 0.021844
vt 0.304299 0.040323
vt 0.691873 0.017788
vt 0.690611 0.025678
vt 0.528676 0.597468
vt 0.261486 0.399148
vt 0.725007 0.140219
vt 0.432594 0.212539
vt 0.452376 0.214539
vt 0.094276 0.506585
vt 0.301473 0.423703
vt 0.451052 0.683857
vt 0.434261 0.689969
vt 0.046297 0.760263
vt 0.135907 0.220785
vt 0.408155 0.213407
vt 0.323506 0.141934
vt 0.335757 0.148618
vt 0.325084 0.161666
vt 0.198217 0.388179
vt 0.883269 0.484889
vt 0.839947 0.494006
vt 0.894151 0.527754
vt 0.899343 0.538695
vt 0.912094 0.831787
vt 0.902936 0.856339
vt 0.215563 0.463071
vt 0.042370 0.291115
vt 0.022781 0.258541
vt 0.046855 0.250396
vt 0.440851 0.683276
vt 0.158997 0.031197
vt 0.212165 0.060840
vt 0.017346 0.746845
vt 0.215087 0.551245
vt 0.682552 0.015141
vt 0.272754 0.386821
vt 0.184483 0.432562
vt 0.792304 0.833129
vt 0.778975 0.821765
vt 0.372365 0.198688
vt 0.525321 0.611085
vt 0.200743 0.450884
vt 0.899986 0.546196
vt 0.931901 0.835081
vt 0.653363 0.042736
vt 0.677069 0.058326
vt 0.207479 0.515933
vt 0.143226 0.325165
vt 0.129137 0.325555
vt 0.793879 0.760574
vt 0.043642 0.765068
vt 0.264503 0.388084
vt 0.238678 0.078962
vt 0.532523 0.654359
vt 0.516004 0.664584
vt 0.001824 0.474798
vt 0.000454 0.471964
vt 0.007127 0.473809
vt 0.558782 0.042573
vt 0.551376 0.037761
vt 0.470201 0.206095
vt 0.483667 0.225003
vt 0.010138 0.476396
vt 0.040091 0.741284
vt 0.882592 0.497827
vt 0.137861 0.336500
vt 0.918994 0.861646
vt 0.186342 0.452290
vt 0.084661 0.131250
vt 0.697701 0.079645
vt 0.959525 0.832722
vt 0.118625 0.471133
vt 0.789337 0.807731
vt 0.270010 0.448501
vt 0.253338 0.429265
vt 0.378890 0.262170
vt 0.379645 0.252642
vt 0.251438 0.386455
vt 0.395346 0.218210
vt 0.133890 0.228484
vt 0.378877 0.715500
vt 0.136561 0.198427
vt 0.131345 0.160303
vt 0.540516 0.012046
vt 0.601871 0.753264
vt 0.401994 0.004136
vt 0.402626 0.016514
vt 0.397145 0.005639
vt 0.686641 0.010048
vt 0.017573 0.471671
vt 0.151496 0.028872
vt 0.625069 0.716784
vt 0.375874 0.221398
vt 0.316223 0.013360
vt 0.058262 0.493255
vt 0.055811 0.489801
vt 0.888582 0.510960
vt 0.293873 0.175538
vt 0.552094 0.042741
vt 0.242212 0.095440
vt 0.198941 0.551976
vt 0.254441 0.388687
vt 0.181000 0.393821
vt 0.060933 0.782998
vt 0.025315 0.290490
vt 0.279365 0.175965
vt 0.260139 0.181494
vt 0.151577 0.023844
vt 0.380292 0.243157
vt 0.139505 0.135779
vt 0.152952 0.336446
vt 0.159246 0.303110
vt 0.592157 0.146832
vt 0.564124 0.159679
vt 0.584345 0.135373
vt 0.118827 0.201498
vt 0.369335 0.181651
vt 0.105618 0.873709
vt 0.105325 0.876693
vt 0.098999 0.877038
vt 0.175040 0.459017
vt 0.172577 0.435005
vt 0.406489 0.807479
vt 0.411910 0.850176
vt 0.376516 0.845699
vt 0.240855 0.191442
vt 0.352336 0.010923
vt 0.354062 0.027907
vt 0.348568 0.009797
vt 0.292561 0.257591
vt 0.280108 0.284964
vt 0.264898 0.247384
vt 0.195454 0.726224
vt 0.207651 0.684470
vt 0.209175 0.707190
vt 0.028834 0.471525
vt 0.600206 0.763318
vt 0.425968 0.691010
vt 0.798109 0.818688
vt 0.552674 0.159961
vt 0.381209 0.227608
vt 0.973511 0.499555
vt 0.979089 0.484686
vt 0.985435 0.487984
vt 0.030349 0.469258
vt 0.392759 0.702984
vt 0.394760 0.200258
vt 0.919704 0.811750
vt 0.538371 0.035429
vt 0.352997 0.703461
vt 0.973251 0.899985
vt 0.958020 0.880610
vt 0.983004 0.896289
vt 0.032749 0.483647
vt 0.169104 0.274886
vt 0.155961 0.250972
vt 0.095761 0.213648
vt 0.370930 0.271271
vt 0.543590 0.626824
vt 0.306114 0.181394
vt 0.071629 0.764664
vt 0.201001 0.743481
vt 0.204982 0.720023
vt 0.253617 0.284249
vt 0.547347 0.645840
vt 0.537042 0.039949
vt 0.967304 0.870593
vt 0.988269 0.891607
vt 0.359056 0.016374
vt 0.245441 0.388921
vt 0.881624 0.022576
vt 0.875426 0.013462
vt 0.879470 0.008734
vt 0.602177 0.785460
vt 0.583837 0.781604
vt 0.592008 0.771012
vt 0.243843 0.392542
vt 0.377752 0.036797
vt 0.514576 0.185554
vt 0.541439 0.148986
vt 0.171753 0.309454
vt 0.396430 0.036395
vt 0.915779 0.493011
vt 0.917673 0.508141
vt 0.534445 0.672176
vt 0.333140 0.061997
vt 0.335328 0.064561
vt 0.324537 0.070021
vt 0.430772 0.194585
vt 0.088948 0.333159
vt 0.951753 0.828412
vt 0.337422 0.716116
vt 0.187829 0.675420
vt 0.188758 0.747285
vt 0.206606 0.659509
vt 0.044513 0.457706
vt 0.041837 0.466087
vt 0.440108 0.810021
vt 0.034269 0.368265
vt 0.026705 0.350886
vt 0.414133 0.016697
vt 0.332871 0.057159
vt 0.321781 0.063515
vt 0.962491 0.487127
vt 0.135484 0.958276
vt 0.132865 0.964027
vt 0.133427 0.955092
vt 0.508622 0.176493
vt 0.170400 0.330765
vt 0.043054 0.377321
vt 0.041031 0.469292
vt 0.381018 0.435208
vt 0.366339 0.425164
vt 0.377976 0.415806
vt 0.449845 0.831221
vt 0.448874 0.853191
vt 0.440425 0.850521
vt 0.450994 0.194099
vt 0.174579 0.739772
vt 0.881076 0.025787
vt 0.567001 0.128977
vt 0.376039 0.697748
vt 0.179814 0.718592
vt 0.250379 0.348047
vt 0.170910 0.243746
vt 0.183535 0.361702
vt 0.724727 0.800707
vt 0.696336 0.806721
vt 0.698733 0.795996
vt 0.162662 0.336852
vt 0.271417 0.198433
vt 0.135472 0.974097
vt 0.136065 0.966070
vt 0.475541 0.862530
vt 0.153612 0.714680
vt 0.150482 0.675375
vt 0.166427 0.696731
vt 0.149040 0.652287
vt 0.160414 0.652879
vt 0.169115 0.402476
vt 0.381508 0.216121
vt 0.174363 0.323343
vt 0.551009 0.666837
vt 0.724020 0.840459
vt 0.723875 0.861931
vt 0.718888 0.864868
vt 0.746976 0.772033
vt 0.579857 0.865156
vt 0.583403 0.855022
vt 0.593299 0.872807
vt 0.717782 0.816454
vt 0.056194 0.198550
vt 0.034036 0.198445
vt 0.061155 0.185569
vt 0.597233 0.844785
vt 0.627763 0.816508
vt 0.639777 0.842281
vt 0.671075 0.517494
vt 0.678996 0.486501
vt 0.680086 0.516661
vt 0.407422 0.708770
vt 0.175250 0.748093
vt 0.327398 0.073472
vt 0.345105 0.084441
vt 0.296778 0.082946
vt 0.112762 0.210628
vt 0.349476 0.036388
vt 0.356058 0.055308
vt 0.156418 0.738430
vt 0.550201 0.608526
vt 0.480277 0.824466
vt 0.485314 0.839551
vt 0.488047 0.854763
vt 0.325298 0.442575
vt 0.317590 0.453328
vt 0.315724 0.452067
vt 0.917991 0.514484
vt 0.052036 0.207841
vt 0.036103 0.209073
vt 0.411890 0.692310
vt 0.663058 0.003460
vt 0.991595 0.845434
vt 0.997585 0.871032
vt 0.175698 0.656099
vt 0.317638 0.437329
vt 0.030975 0.872512
vt 0.050528 0.820747
vt 0.066271 0.861544
vt 0.601810 0.849162
vt 0.666490 0.498482
vt 0.556348 0.589570
vt 0.230498 0.821991
vt 0.248525 0.839871
vt 0.235765 0.850193
vt 0.363805 0.058792
vt 0.931678 0.502004
vt 0.571469 0.899578
vt 0.532357 0.876467
vt 0.571146 0.880828
vt 0.323685 0.181382
vt 0.466298 0.790130
vt 0.355721 0.461077
vt 0.306173 0.463266
vt 0.161427 0.747396
vt 0.120065 0.864040
vt 0.309894 0.065636
vt 0.148997 0.744911
vt 0.148434 0.740077
vt 0.573397 0.893250
vt 0.415526 0.714515
vt 0.535914 0.133351
vt 0.557272 0.114457
vt 0.573791 0.876662
vt 0.398993 0.418069
vt 0.410526 0.188565
vt 0.468999 0.182075
vt 0.490174 0.208892
vt 0.305616 0.460395
vt 0.590738 0.824179
vt 0.605194 0.815874
vt 0.193543 0.827738
vt 0.586324 0.728187
vt 0.077513 0.425516
vt 0.076472 0.406333
vt 0.086456 0.412541
vt 0.910398 0.476940
vt 0.576248 0.917632
vt 0.815820 0.944219
vt 0.809225 0.954897
vt 0.801038 0.947637
vt 0.570733 0.924460
vt 0.148662 0.747736
vt 0.493567 0.847727
vt 0.076050 0.772439
vt 0.534939 0.892789
vt 0.796889 0.951001
vt 0.704289 0.846397
vt 0.784103 0.947919
vt 0.809792 0.984869
vt 0.787678 0.167205
vt 0.723506 0.174279
vt 0.729474 0.149543
vt 0.810060 0.751697
vt 0.795055 0.756575
vt 0.294175 0.069358
vt 0.151334 0.749825
vt 0.708193 0.215129
vt 0.720669 0.197582
vt 0.745884 0.226386
vt 0.764499 0.210628
vt 0.294309 0.064452
vt 0.295471 0.335136
vt 0.283797 0.337572
vt 0.290863 0.315555
vt 0.262230 0.328228
vt 0.014611 0.354692
vt 0.940509 0.488210
vt 0.418816 0.052127
vt 0.405850 0.057542
vt 0.534367 0.858826
vt 0.558510 0.867942
vt 0.166681 0.381627
vt 0.166082 0.368157
vt 0.396547 0.687877
vt 0.328727 0.505081
vt 0.590588 0.808966
vt 0.636848 0.805287
vt 0.294167 0.950004
vt 0.296445 0.931503
vt 0.316251 0.953465
vt 0.594588 0.792647
vt 0.665279 0.532778
vt 0.382215 0.059343
vt 0.037314 0.184948
vt 0.395243 0.058968
vt 0.055396 0.307079
vt 0.191734 0.849417
vt 0.965236 0.636321
vt 0.943178 0.638881
vt 0.954017 0.624576
vt 0.085723 0.757242
vt 0.812679 0.820699
vt 0.813384 0.830309
vt 0.120341 0.865629
vt 0.120824 0.867874
vt 0.443773 0.796568
vt 0.224615 0.864537
vt 0.624325 0.873946
vt 0.503722 0.152136
vt 0.663181 0.543376
vt 0.629288 0.530389
vt 0.037044 0.223119
vt 0.027990 0.236186
vt 0.020538 0.220906
vt 0.542447 0.911540
vt 0.524003 0.119533
vt 0.317502 0.932252
vt 0.319290 0.943637
vt 0.595434 0.913325
vt 0.824625 0.750553
vt 0.805420 0.936598
vt 0.790588 0.939249
vt 0.309773 0.198381
vt 0.293540 0.199055
vt 0.729604 0.820863
vt 0.392222 0.179417
vt 0.749111 0.780457
vt 0.414871 0.694268
vt 0.114900 0.893074
vt 0.924133 0.487800
vt 0.437596 0.173286
vt 0.779543 0.190192
vt 0.253711 0.211259
vt 0.960955 0.595956
vt 0.962472 0.589523
vt 0.989275 0.591758
vt 0.630034 0.481547
vt 0.574225 0.786119
vt 0.562621 0.774418
vt 0.811657 0.798278
vt 0.562525 0.636222
vt 0.564714 0.619490
vt 0.229929 0.975389
vt 0.218109 0.975973
vt 0.233973 0.958436
vt 0.972669 0.602125
vt 0.189976 0.867111
vt 0.972288 0.617910
vt 0.837189 0.781003
vt 0.628119 0.844084
vt 0.923119 0.483771
vt 0.235226 0.209222
vt 0.576531 0.765134
vt 0.755535 0.146912
vt 0.132235 0.846030
vt 0.583690 0.752701
vt 0.436154 0.783694
vt 0.357892 0.064444
vt 0.107726 0.250791
vt 0.116661 0.278967
vt 0.098299 0.304911
vt 0.013585 0.237890
vt 0.008736 0.227291
vt 0.014871 0.203048
vt 0.505936 0.136925
vt 0.732404 0.027113
vt 0.737094 0.027109
vt 0.737210 0.028229
vt 0.981944 0.647804
vt 0.962370 0.646881
vt 0.372522 0.678256
vt 0.018326 0.832223
vt 0.562517 0.784641
vt 0.558480 0.783352
vt 0.732821 0.017403
vt 0.156734 0.822424
vt 0.157783 0.842903
vt 0.013828 0.185302
vt 0.011448 0.190932
vt 0.012068 0.188185
vt 0.343763 0.068336
vt 0.415147 0.778578
vt 0.792193 0.158905
vt 0.038228 0.307606
vt 0.007356 0.214775
vt 0.993112 0.636573
vt 0.118988 0.246826
vt 0.119922 0.256570
vt 0.959076 0.480081
vt 0.973386 0.458157
vt 0.970291 0.479511
vt 0.292989 0.975453
vt 0.495652 0.129259
vt 0.574822 0.598532
vt 0.700784 0.217797
vt 0.694336 0.210764
vt 0.701604 0.197018
vt 0.683388 0.138095
vt 0.680037 0.166227
vt 0.665645 0.151290
vt 0.576412 0.648172
vt 0.155030 0.867996
vt 0.625841 0.910054
vt 0.403909 0.164712
vt 0.321748 0.956312
vt 0.320456 0.969316
vt 0.785876 0.239055
vt 0.610177 0.525955
vt 0.981065 0.473735
vt 0.215744 0.956416
vt 0.223373 0.952770
vt 0.477140 0.166050
vt 0.497883 0.180186
vt 0.778385 0.147963
vt 0.162045 0.875483
vt 0.236271 0.222781
vt 0.992653 0.611986
vt 0.546125 0.461300
vt 0.547566 0.516535
vt 0.534889 0.488734
vt 0.678670 0.209061
vt 0.681099 0.194396
vt 0.689756 0.195920
vt 0.259778 0.343232
vt 0.214720 0.946592
vt 0.221003 0.930104
vt 0.235574 0.946043
vt 0.804457 0.153881
vt 0.960828 0.367147
vt 0.975297 0.370842
vt 0.967826 0.394218
vt 0.959885 0.454012
vt 0.289592 0.213325
vt 0.261363 0.227698
vt 0.759219 0.244685
vt 0.550241 0.777249
vt 0.554365 0.783116
vt 0.795113 0.217895
vt 0.220193 0.920790
vt 0.240156 0.930347
vt 0.570361 0.582220
vt 0.316895 0.985430
vt 0.331145 0.965246
vt 0.611735 0.702954
vt 0.606884 0.472894
vt 0.610797 0.485510
vt 0.591353 0.482167
vt 0.070084 0.653592
vt 0.066089 0.655026
vt 0.069894 0.648463
vt 0.443722 0.768678
vt 0.440452 0.774701
vt 0.564553 0.670700
vt 0.826106 0.809433
vt 0.545023 0.778330
vt 0.642433 0.814644
vt 0.989480 0.451247
vt 0.295299 0.986758
vt 0.242800 0.951899
vt 0.544645 0.771848
vt 0.386144 0.667103
vt 0.928207 0.972929
vt 0.928404 0.954677
vt 0.932726 0.976461
vt 0.565672 0.483312
vt 0.673524 0.186519
vt 0.251292 0.930302
vt 0.988325 0.400325
vt 0.747806 0.019727
vt 0.744161 0.025760
vt 0.344612 0.489799
vt 0.246837 0.235370
vt 0.060121 0.667228
vt 0.060382 0.640566
vt 0.068625 0.642856
vt 0.388781 0.158607
vt 0.741581 0.007391
vt 0.748432 0.012331
vt 0.578974 0.628454
vt 0.583004 0.612668
vt 0.592193 0.523759
vt 0.108592 0.308015
vt 0.099794 0.323520
vt 0.581071 0.665102
vt 0.730779 0.008971
vt 0.817384 0.170573
vt 0.603895 0.570147
vt 0.599640 0.585066
vt 0.590826 0.575875
vt 0.562145 0.750910
vt 0.989652 0.370399
vt 0.691242 0.174069
vt 0.452821 0.154840
vt 0.127276 0.257465
vt 0.992481 0.385563
vt 0.994572 0.379336
vt 0.136930 0.855556
vt 0.133801 0.880746
vt 0.130961 0.856221
vt 0.614171 0.578798
vt 0.126159 0.280726
vt 0.375713 0.667182
vt 0.565387 0.523989
vt 0.278592 0.224830
vt 0.320515 0.985896
vt 0.816888 0.197073
vt 0.972107 0.974740
vt 0.959569 0.990168
vt 0.951630 0.984150
vt 0.842819 0.385999
vt 0.857941 0.369687
vt 0.861429 0.391363
vt 0.672647 0.815545
vt 0.748718 0.025593
vt 0.548800 0.759683
vt 0.962898 0.427142
vt 0.462276 0.151167
vt 0.600201 0.652051
vt 0.749870 0.028591
vt 0.993069 0.365004
vt 0.618627 0.582753
vt 0.612745 0.600406
vt 0.041666 0.674886
vt 0.267062 0.952831
vt 0.842730 0.368291
vt 0.596659 0.600996
vt 0.706070 0.175736
vt 0.910397 0.334436
vt 0.908204 0.331152
vt 0.926350 0.341079
vt 0.734452 0.030833
vt 0.331630 0.988897
vt 0.954135 0.971812
vt 0.950061 0.956332
vt 0.969154 0.955117
vt 0.979847 0.429455
vt 0.992948 0.429372
vt 0.118039 0.311974
vt 0.796103 0.261734
vt 0.783922 0.254664
vt 0.393572 0.149132
vt 0.036949 0.665150
vt 0.028688 0.641646
vt 0.683615 0.438931
vt 0.675815 0.422328
vt 0.694661 0.425290
vt 0.601540 0.548742
vt 0.593304 0.628298
vt 0.850187 0.393423
vt 0.554842 0.561567
vt 0.274986 0.962816
vt 0.063926 0.974368
vt 0.045034 0.984899
vt 0.038623 0.968339
vt 0.693401 0.141944
vt 0.979489 0.350709
vt 0.407367 0.147349
vt 0.855961 0.409875
vt 0.867243 0.398477
vt 0.105677 0.324815
vt 0.270087 0.944740
vt 0.688043 0.125803
vt 0.036483 0.955037
vt 0.064258 0.960049
vt 0.587232 0.553914
vt 0.698089 0.124402
vt 0.702240 0.133662
vt 0.942054 0.959760
vt 0.941620 0.979744
vt 0.937184 0.974568
vt 0.540229 0.769657
vt 0.705562 0.122717
vt 0.709191 0.136647
vt 0.702540 0.150648
vt 0.626596 0.643087
vt 0.617349 0.652854
vt 0.612616 0.633875
vt 0.562028 0.739796
vt 0.996169 0.358598
vt 0.976870 0.988749
vt 0.975630 0.989612
vt 0.976499 0.978805
vt 0.673439 0.812600
vt 0.125256 0.304273
vt 0.129159 0.295936
vt 0.830428 0.387227
vt 0.397444 0.279064
vt 0.398796 0.290197
vt 0.392521 0.270363
vt 0.268080 0.928955
vt 0.671601 0.463258
vt 0.656661 0.446052
vt 0.936897 0.956872
vt 0.020224 0.652229
vt 0.030466 0.677778
vt 0.973584 0.513397
vt 0.969718 0.525480
vt 0.970033 0.520421
vt 0.054866 0.694209
vt 0.942146 0.320452
vt 0.924172 0.312366
vt 0.605627 0.618212
vt 0.974287 0.960456
vt 0.048040 0.704740
vt 0.843994 0.793285
vt 0.628029 0.621252
vt 0.734438 0.380504
vt 0.734387 0.376011
vt 0.742061 0.388102
vt 0.836739 0.825795
vt 0.846593 0.806327
vt 0.924659 0.352311
vt 0.736005 0.373834
vt 0.622880 0.604943
vt 0.037187 0.638964
vt 0.963449 0.520351
vt 0.831519 0.403706
vt 0.749398 0.365561
vt 0.752827 0.375709
vt 0.994032 0.967416
vt 0.679408 0.807704
vt 0.854768 0.457110
vt 0.867778 0.453300
vt 0.867036 0.467347
vt 0.569542 0.735113
vt 0.844786 0.446657
vt 0.864329 0.437732
vt 0.137571 0.849893
vt 0.697070 0.410190
vt 0.683061 0.410161
vt 0.022645 0.666714
vt 0.724079 0.302604
vt 0.723642 0.293159
vt 0.746956 0.285812
vt 0.855555 0.415657
vt 0.868379 0.414145
vt 0.969524 0.515125
vt 0.017994 0.983199
vt 0.014003 0.966877
vt 0.867661 0.417801
vt 0.855621 0.421217
vt 0.970136 0.509970
vt 0.380325 0.271591
vt 0.844852 0.434204
vt 0.035124 0.689895
vt 0.833215 0.456195
vt 0.968879 0.507649
vt 0.939816 0.957958
vt 0.740343 0.390029
vt 0.679426 0.778118
vt 0.841113 0.470725
vt 0.823415 0.442990
vt 0.700868 0.390811
vt 0.720044 0.407704
vt 0.702858 0.400022
vt 0.936349 0.348974
vt 0.723346 0.388840
vt 0.380153 0.962478
vt 0.360466 0.971506
vt 0.350364 0.961283
vt 0.829508 0.412399
vt 0.379719 0.974902
vt 0.825421 0.431050
vt 0.854952 0.818544
vt 0.378639 0.952902
vt 0.015863 0.945714
vt 0.037893 0.948826
vt 0.363779 0.980070
vt 0.012376 0.957191
vt 0.956417 0.809924
vt 0.967554 0.818495
vt 0.955184 0.816339
vt 0.985439 0.777991
vt 0.990032 0.777507
vt 0.987895 0.795094
vt 0.966216 0.800088
vt 0.980733 0.799413
vt 0.967078 0.783252
vt 0.979971 0.774667
vt 0.335436 0.968805
vt 0.340451 0.973198
vt 0.969719 0.502963
vt 0.825151 0.418841
vt 0.368430 0.295862
vt 0.821323 0.471960
vt 0.985752 0.798210
vt 0.822604 0.460636
vt 0.400913 0.304580
vt 0.737194 0.404979
vt 0.710078 0.448173
vt 0.683393 0.474677
vt 0.140633 0.843287
vt 0.981194 0.818545
vt 0.721835 0.289603
vt 0.714618 0.306958
vt 0.718229 0.275219
vt 0.507252 0.939523
vt 0.519896 0.949134
vt 0.516487 0.955565
vt 0.383423 0.946357
vt 0.378418 0.940554
vt 0.849078 0.831452
vt 0.340853 0.948691
vt 0.996703 0.965583
vt 0.994209 0.962620
vt 0.748149 0.389660
vt 0.986264 0.819834
vt 0.744616 0.396359
vt 0.752685 0.368071
vt 0.481600 0.314871
vt 0.499435 0.289918
vt 0.536227 0.305870
vt 0.445869 0.290591
vt 0.469908 0.280138
vt 0.479496 0.303833
vt 0.961644 0.503056
vt 0.940884 0.354242
vt 0.950469 0.323448
vt 0.960081 0.333827
vt 0.711671 0.420154
vt 0.747411 0.403202
vt 0.433044 0.285451
vt 0.443604 0.283119
vt 0.420662 0.299812
vt 0.536302 0.927852
vt 0.525512 0.958214
vt 0.865595 0.823082
vt 0.866772 0.832871
vt 0.858429 0.800753
vt 0.358796 0.279258
vt 0.350355 0.301114
vt 0.346813 0.282222
vt 0.955749 0.519890
vt 0.529408 0.925467
vt 0.551289 0.966352
vt 0.717504 0.478202
vt 0.725809 0.277801
vt 0.993534 0.505057
vt 0.993152 0.516834
vt 0.989082 0.514015
vt 0.337808 0.287918
vt 0.998891 0.504618
vt 0.535418 0.914683
vt 0.420806 0.292707
vt 0.413368 0.298327
vt 0.944833 0.354702
vt 0.944437 0.360551
vt 0.693818 0.491359
vt 0.596512 0.967912
vt 0.574375 0.942460
vt 0.593094 0.931437
vt 0.829739 0.024589
vt 0.830453 0.026110
vt 0.827568 0.023949
vt 0.524057 0.908991
vt 0.378962 0.319050
vt 0.827697 0.025498
vt 0.832014 0.032209
vt 0.413855 0.337509
vt 0.402803 0.343841
vt 0.724791 0.269294
vt 0.824283 0.030568
vt 0.609148 0.932330
vt 0.407470 0.947374
vt 0.400548 0.947019
vt 0.400092 0.945075
vt 0.725814 0.464264
vt 0.418707 0.333187
vt 0.414480 0.316226
vt 0.537642 0.913805
vt 0.735679 0.892068
vt 0.732322 0.908471
vt 0.731772 0.894122
vt 0.041849 0.901498
vt 0.040906 0.905924
vt 0.031643 0.908567
vt 0.413498 0.943701
vt 0.456822 0.320572
vt 0.425810 0.337853
vt 0.045173 0.905579
vt 0.044846 0.911588
vt 0.043066 0.904668
vt 0.737448 0.913714
vt 0.693282 0.914937
vt 0.695455 0.894823
vt 0.726194 0.915423
vt 0.725555 0.440256
vt 0.036898 0.909186
vt 0.726267 0.259775
vt 0.469455 0.559528
vt 0.522172 0.520705
vt 0.504320 0.551585
vt 0.575564 0.979631
vt 0.491783 0.934747
vt 0.508769 0.901468
vt 0.413714 0.946345
vt 0.411922 0.952275
vt 0.737787 0.432670
vt 0.362476 0.318131
vt 0.033676 0.911818
vt 0.336164 0.310451
vt 0.705198 0.497071
vt 0.717258 0.498770
vt 0.727206 0.894521
vt 0.030028 0.914351
vt 0.748204 0.433040
vt 0.832680 0.037978
vt 0.827295 0.038715
vt 0.688930 0.894821
vt 0.051244 0.917455
vt 0.043260 0.921940
vt 0.419411 0.945749
vt 0.030701 0.919981
vt 0.690948 0.918751
vt 0.141638 0.885763
vt 0.132958 0.881610
vt 0.148092 0.883286
vt 0.701507 0.581297
vt 0.709437 0.575682
vt 0.706957 0.580454
vt 0.026617 0.916759
vt 0.724043 0.250067
vt 0.351504 0.320999
vt 0.024011 0.916529
vt 0.532413 0.589644
vt 0.534393 0.587692
vt 0.533371 0.589914
vt 0.563092 0.934481
vt 0.525960 0.590369
vt 0.482786 0.947603
vt 0.478240 0.957682
vt 0.475348 0.944144
vt 0.425535 0.345533
vt 0.332974 0.322144
vt 0.342252 0.328052
vt 0.335810 0.337203
vt 0.334368 0.369777
vt 0.330634 0.362515
vt 0.331757 0.351211
vt 0.168455 0.909716
vt 0.131829 0.900968
vt 0.753259 0.260052
vt 0.027287 0.895735
vt 0.024434 0.918776
vt 0.170501 0.883951
vt 0.389357 0.349640
vt 0.405439 0.360450
vt 0.341354 0.395697
vt 0.344652 0.386132
vt 0.369020 0.339836
vt 0.749143 0.450190
vt 0.339098 0.376548
vt 0.346582 0.376282
vt 0.435752 0.962889
vt 0.473970 0.981583
vt 0.737975 0.458562
vt 0.736742 0.487662
vt 0.346431 0.393788
vt 0.127014 0.923891
vt 0.393316 0.363204
vt 0.350879 0.392618
vt 0.331788 0.374296
vt 0.728541 0.928516
vt 0.706321 0.931018
vt 0.350133 0.359172
vt 0.030540 0.888758
vt 0.024834 0.892217
vt 0.523964 0.535322
vt 0.844561 0.025044
vt 0.847578 0.026447
vt 0.842220 0.029536
vt 0.726582 0.243970
vt 0.527214 0.536138
vt 0.520282 0.545063
vt 0.512106 0.547611
vt 0.417737 0.931779
vt 0.403602 0.932361
vt 0.358159 0.375655
vt 0.029232 0.885823
vt 0.858563 0.022723
vt 0.860078 0.025320
vt 0.355805 0.345767
vt 0.361385 0.389656
vt 0.018677 0.899176
vt 0.134324 0.944626
vt 0.753305 0.249111
vt 0.521486 0.578890
vt 0.533762 0.583332
vt 0.175172 0.944514
vt 0.373991 0.358775
vt 0.722545 0.238615
vt 0.751365 0.461832
vt 0.858676 0.020105
vt 0.752170 0.469952
vt 0.749785 0.488266
vt 0.533778 0.572600
vt 0.372851 0.380507
vt 0.528564 0.570347
vt 0.535417 0.559973
vt 0.743547 0.590647
vt 0.718181 0.587270
vt 0.744352 0.575282
vt 0.384354 0.371881
vt 0.504279 0.555266
vt 0.365389 0.367712
vt 0.711757 0.566941
vt 0.482974 0.564197
vt 0.703474 0.545853
vt 0.444011 0.926816
vt 0.330586 0.403958
vt 0.324073 0.382201
vt 0.429085 0.976440
vt 0.437090 0.979854
vt 0.711707 0.549559
vt 0.749349 0.558856
vt 0.743674 0.546807
vt 0.505479 0.586473
vt 0.707635 0.547019
vt 0.501476 0.592054
vt 0.749974 0.544531
vt 0.490697 0.564614
vt 0.325912 0.406954
vt 0.324421 0.392040
vt 0.474757 0.569876
vt 0.484815 0.588692
s 1
usemtl Material
f 1/1/1 2/2/2 3/3/3
f 2/2/2 1/1/1 4/4/4
f 5/5/5 3/3/3 2/2/2
f 3/3/3 6/6/6 1/1/1
f 6/6/6 3/3/3 7/7/7
f 7/7/7 3/3/3 9/8/8
f 2/2/2 8/9/9 17/10/10
f 11/11/11 10/12/12 1/13/1
f 10/12/12 4/14/4 1/13/1
f 8/9/9 2/2/2 4/4/4
f 8/15/9 4/16/4 14/17/13
f 3/3/3 5/5/5 9/8/8
f 9/8/8 12/18/14 7/7/7
f 1/19/1 13/20/15 11/21/11
f 13/22/15 1/19/1 6/23/6
f 16/24/16 9/8/8 5/5/5
f 10/25/12 14/17/13 4/16/4
f 2/2/2 17/10/10 5/5/5
f 6/26/6 18/27/17 13/28/15
f 7/7/7 15/29/18 6/6/6
f 6/6/6 19/30/19 18/31/17
f 15/29/18 19/30/19 6/6/6
f 15/29/18 22/32/20 19/30/19
f 20/33/21 25/34/22 21/35/23
f 12/18/14 15/29/18 7/7/7
f 20/36/21 26/37/24 27/38/25
f 5/5/5 17/10/10 24/39/26
f 5/5/5 24/39/26 16/24/16
f 20/33/21 28/40/27 23/41/28
f 14/42/13 82/43/29 8/44/9
f 10/12/12 29/45/30 31/46/31
f 20/47/21 27/48/25 28/49/27
f 23/41/28 25/34/22 20/33/21
f 21/35/23 26/50/24 20/33/21
f 26/50/24 21/35/23 33/51/32
f 30/52/33 21/35/23 25/34/22
f 10/12/12 11/11/11 29/45/30
f 31/53/31 14/17/13 10/25/12
f 14/42/13 31/54/31 82/43/29
f 23/41/28 41/55/34 25/34/22
f 27/48/25 36/56/35 28/49/27
f 34/57/36 11/58/11 13/28/15
f 16/59/16 32/60/37 9/61/8
f 26/37/24 37/62/38 27/38/25
f 9/63/8 32/64/37 12/65/14
f 23/66/28 28/67/27 39/68/39
f 30/52/33 25/34/22 41/55/34
f 8/9/9 82/69/29 17/10/10
f 30/52/33 41/55/34 40/70/40
f 29/45/30 11/11/11 34/71/36
f 50/72/41 26/37/24 33/73/32
f 36/56/35 43/74/42 39/75/39
f 12/65/14 32/64/37 42/76/43
f 24/77/26 17/78/10 35/79/44
f 44/80/45 21/35/23 30/52/33
f 44/80/45 33/51/32 21/35/23
f 33/51/32 44/80/45 46/81/46
f 49/82/47 23/66/28 39/68/39
f 17/10/10 82/69/29 35/83/44
f 13/28/15 38/84/48 34/57/36
f 47/85/49 31/46/31 29/45/30
f 13/28/15 48/86/50 38/84/48
f 41/87/34 23/66/28 49/82/47
f 53/88/51 16/59/16 24/77/26
f 82/89/29 31/46/31 55/90/52
f 18/31/17 19/30/19 52/91/53
f 12/65/14 42/76/43 15/92/18
f 36/56/35 39/75/39 28/49/27
f 27/93/25 51/94/54 36/56/35
f 45/95/55 33/51/32 46/81/46
f 30/52/33 40/70/40 44/80/45
f 37/62/38 26/37/24 50/72/41
f 48/86/50 13/28/15 18/27/17
f 42/76/43 56/96/56 15/92/18
f 57/97/57 46/81/46 44/80/45
f 59/98/58 41/99/34 49/100/47
f 54/101/59 39/102/39 43/103/42
f 66/104/60 52/91/53 39/68/39
f 44/80/45 62/105/61 57/97/57
f 39/68/39 52/91/53 61/106/62
f 35/79/44 53/88/51 24/77/26
f 60/107/63 27/38/25 37/62/38
f 55/90/52 31/46/31 47/85/49
f 60/107/63 51/108/54 27/38/25
f 40/70/40 62/105/61 44/80/45
f 53/88/51 32/60/37 16/59/16
f 59/109/58 40/70/40 41/55/34
f 61/106/62 52/91/53 63/110/64
f 18/27/17 52/111/53 66/112/60
f 58/113/65 22/114/20 15/92/18
f 39/68/39 61/106/62 70/115/66
f 63/110/64 52/91/53 19/30/19
f 66/112/60 54/101/59 18/27/17
f 56/116/56 42/117/43 65/118/67
f 15/92/18 56/96/56 58/113/65
f 50/72/41 33/73/32 45/119/55
f 63/110/64 19/30/19 61/106/62
f 22/32/20 61/106/62 19/30/19
f 29/120/30 34/121/36 74/122/68
f 54/101/59 66/112/60 39/102/39
f 32/123/37 65/118/67 42/117/43
f 61/106/62 22/32/20 70/115/66
f 54/101/59 43/103/42 64/124/69
f 60/107/63 37/62/38 69/125/70
f 49/82/47 70/115/66 68/126/71
f 70/115/66 49/82/47 39/68/39
f 67/127/72 53/88/51 35/79/44
f 37/62/38 50/72/41 73/128/73
f 37/62/38 73/128/73 69/125/70
f 55/129/52 47/130/49 72/131/74
f 18/27/17 54/101/59 48/86/50
f 22/32/20 68/126/71 70/115/66
f 86/132/75 43/74/42 36/56/35
f 29/133/30 74/134/68 47/130/49
f 65/135/67 32/60/37 75/136/76
f 59/98/58 49/100/47 91/137/77
f 38/138/48 48/139/50 76/140/78
f 51/94/54 86/132/75 36/56/35
f 71/141/79 62/105/61 40/70/40
f 68/126/71 22/32/20 58/142/65
f 43/74/42 86/132/75 77/143/80
f 43/74/42 77/143/80 64/144/69
f 48/86/50 54/101/59 77/145/80
f 40/70/40 78/146/81 71/141/79
f 77/145/80 54/101/59 64/124/69
f 49/100/47 68/147/71 85/148/82
f 53/88/51 67/127/72 81/149/83
f 69/125/70 79/150/84 60/107/63
f 53/88/51 81/149/83 75/136/76
f 74/122/68 34/121/36 38/138/48
f 35/79/44 81/149/83 67/127/72
f 71/141/79 83/151/85 62/105/61
f 74/134/68 97/152/86 72/131/74
f 58/153/65 85/148/82 68/147/71
f 58/154/65 56/116/56 84/155/87
f 95/156/88 91/137/77 49/100/47
f 85/148/82 95/156/88 49/100/47
f 86/157/75 51/158/54 90/159/89
f 57/97/57 89/160/90 46/81/46
f 53/88/51 75/136/76 32/60/37
f 55/129/52 72/131/74 88/161/91
f 45/119/55 94/162/92 50/72/41
f 77/145/80 87/163/93 48/86/50
f 38/138/48 76/140/78 74/122/68
f 59/164/58 91/165/77 92/166/94
f 93/167/95 77/143/80 86/132/75
f 55/129/52 88/161/91 82/168/29
f 58/153/65 95/156/88 85/148/82
f 65/118/67 75/169/76 56/116/56
f 72/131/74 47/130/49 74/134/68
f 83/151/85 57/97/57 62/105/61
f 93/170/95 87/163/93 77/145/80
f 91/137/77 95/156/88 96/171/96
f 78/146/81 40/70/40 59/109/58
f 51/172/54 60/107/63 90/173/89
f 89/160/90 94/174/92 46/81/46
f 108/175/97 93/176/95 86/157/75
f 76/140/78 100/177/98 101/178/99
f 45/95/55 46/81/46 94/174/92
f 100/177/98 76/140/78 48/139/50
f 79/150/84 69/125/70 73/128/73
f 79/150/84 102/179/100 60/107/63
f 71/141/79 99/180/101 83/151/85
f 58/154/65 80/181/102 95/182/88
f 88/161/91 72/131/74 103/183/103
f 79/150/84 73/128/73 110/184/104
f 98/185/105 75/136/76 81/149/83
f 90/173/89 60/107/63 102/179/100
f 87/186/93 93/176/95 108/175/97
f 59/109/58 92/187/94 78/146/81
f 105/188/106 96/189/96 95/182/88
f 80/181/102 58/154/65 84/155/87
f 86/157/75 90/159/89 107/190/107
f 81/191/83 35/192/44 121/193/108
f 74/122/68 76/140/78 97/194/86
f 114/195/109 108/175/97 86/157/75
f 95/182/88 80/181/102 105/188/106
f 71/196/79 78/197/81 106/198/110
f 107/199/107 90/173/89 102/179/100
f 109/200/111 56/201/56 75/202/76
f 80/181/102 112/203/112 105/188/106
f 99/180/101 71/141/79 106/204/110
f 98/205/105 81/191/83 121/193/108
f 114/195/109 87/186/93 108/175/97
f 112/203/112 91/165/77 96/189/96
f 73/128/73 113/206/113 110/184/104
f 96/189/96 105/188/106 112/203/112
f 86/157/75 117/207/114 114/195/109
f 116/208/115 97/194/86 76/140/78
f 104/209/116 73/128/73 50/72/41
f 87/186/93 114/195/109 100/177/98
f 107/190/107 117/207/114 86/157/75
f 50/72/41 94/162/92 104/209/116
f 118/210/117 103/183/103 72/131/74
f 92/211/94 120/212/118 78/197/81
f 78/197/81 120/212/118 106/198/110
f 120/212/118 92/211/94 111/213/119
f 84/214/87 56/201/56 122/215/120
f 100/177/98 48/139/50 87/186/93
f 82/168/29 88/161/91 103/183/103
f 35/192/44 179/216/121 121/193/108
f 124/217/122 91/165/77 112/203/112
f 75/218/76 98/205/105 109/219/111
f 92/166/94 91/165/77 115/220/123
f 98/205/105 121/193/108 126/221/124
f 125/222/125 102/179/100 79/150/84
f 57/97/57 119/223/126 89/160/90
f 126/221/124 109/219/111 98/205/105
f 117/207/114 100/177/98 114/195/109
f 164/224/127 82/168/29 103/183/103
f 73/128/73 104/209/116 127/225/128
f 111/226/119 92/227/94 115/228/123
f 124/217/122 112/203/112 80/181/102
f 89/229/90 130/230/129 94/231/92
f 123/232/130 79/150/84 110/184/104
f 73/128/73 127/225/128 113/206/113
f 132/233/131 133/234/132 131/235/133
f 83/151/85 119/223/126 57/97/57
f 129/236/134 72/131/74 97/152/86
f 133/234/132 132/233/131 134/237/135
f 91/238/77 124/239/122 135/240/136
f 137/241/137 130/230/129 89/229/90
f 115/228/123 91/238/77 135/240/136
f 139/242/138 137/241/137 119/243/126
f 89/229/90 119/243/126 137/241/137
f 131/235/133 140/244/139 132/233/131
f 135/240/136 124/239/122 80/245/102
f 103/183/103 118/210/117 164/224/127
f 131/235/133 154/246/140 140/244/139
f 154/246/140 131/235/133 138/247/141
f 97/194/86 116/208/115 129/248/134
f 144/249/142 145/250/143 146/251/144
f 144/252/142 138/247/141 131/235/133
f 143/253/145 100/177/98 117/207/114
f 129/236/134 118/210/117 72/131/74
f 123/232/130 125/222/125 79/150/84
f 145/254/143 131/255/133 133/256/132
f 141/257/146 134/237/135 132/233/131
f 152/258/147 123/232/130 110/184/104
f 134/259/135 148/260/148 133/256/132
f 135/240/136 80/245/102 84/214/87
f 145/254/143 133/256/132 150/261/149
f 130/262/129 136/263/150 94/264/92
f 137/241/137 151/265/151 130/230/129
f 147/266/152 56/201/56 109/200/111
f 125/222/125 149/267/153 102/179/100
f 140/244/139 141/257/146 132/233/131
f 151/265/151 138/247/141 144/252/142
f 145/250/143 144/249/142 131/268/133
f 104/269/116 94/264/92 136/263/150
f 117/207/114 107/190/107 143/253/145
f 148/260/148 150/261/149 133/256/132
f 137/241/137 138/247/141 151/265/151
f 136/263/150 130/262/129 151/270/151
f 99/271/101 142/272/154 155/273/155
f 142/272/154 99/271/101 106/198/110
f 134/274/135 141/275/146 169/276/156
f 136/263/150 158/277/157 104/269/116
f 144/249/142 146/251/144 159/278/158
f 144/249/142 159/278/158 151/270/151
f 159/278/158 136/263/150 151/270/151
f 107/199/107 102/179/100 149/267/153
f 160/279/159 139/280/138 119/281/126
f 139/242/138 138/247/141 137/241/137
f 109/219/111 126/221/124 153/282/160
f 149/283/153 178/284/161 107/285/107
f 161/286/162 141/275/146 140/287/139
f 56/288/56 147/289/152 162/290/163
f 84/214/87 163/291/164 135/240/136
f 155/292/155 119/223/126 83/151/85
f 178/293/161 143/253/145 107/190/107
f 120/212/118 128/294/165 106/198/110
f 171/295/166 146/251/144 145/250/143
f 138/296/141 170/297/167 154/298/140
f 145/250/143 150/299/149 171/295/166
f 180/300/168 159/278/158 146/251/144
f 120/212/118 111/301/119 167/302/169
f 116/303/115 76/304/78 165/305/170
f 138/296/141 139/280/138 170/297/167
f 160/279/159 170/297/167 139/280/138
f 104/209/116 158/306/157 127/225/128
f 136/263/150 159/278/158 180/300/168
f 113/206/113 152/258/147 110/184/104
f 100/177/98 174/307/171 101/178/99
f 173/308/172 169/276/156 141/275/146
f 136/263/150 175/309/173 158/277/157
f 155/292/155 83/151/85 99/180/101
f 143/253/145 178/293/161 174/307/171
f 120/212/118 156/310/174 128/294/165
f 172/311/175 161/286/162 140/287/139
f 156/310/174 120/212/118 167/302/169
f 173/308/172 141/275/146 161/286/162
f 115/228/123 135/240/136 163/291/164
f 125/312/125 123/313/130 166/314/176
f 116/303/115 165/305/170 129/315/134
f 175/309/173 136/263/150 180/300/168
f 174/307/171 100/177/98 143/253/145
f 160/316/159 119/223/126 155/292/155
f 172/311/175 140/287/139 154/298/140
f 150/261/149 148/260/148 171/317/166
f 171/318/166 180/319/168 146/320/144
f 134/237/135 169/321/156 157/322/177
f 181/323/178 126/221/124 121/193/108
f 168/324/179 148/260/148 134/325/135
f 182/326/180 183/327/181 186/328/182
f 164/329/127 118/330/117 176/331/183
f 158/306/157 190/332/184 127/225/128
f 183/327/181 188/333/185 186/328/182
f 182/326/180 186/328/182 187/334/186
f 179/216/121 181/323/178 121/193/108
f 184/335/187 168/324/179 157/336/177
f 182/326/180 187/334/186 189/337/188
f 134/325/135 157/336/177 168/324/179
f 240/338/189 197/339/190 148/340/148
f 142/272/154 106/198/110 128/294/165
f 170/297/167 160/279/159 198/341/191
f 182/326/180 195/342/192 183/327/181
f 177/343/193 157/344/177 169/276/156
f 183/327/181 196/345/194 188/333/185
f 183/327/181 200/346/195 192/347/196
f 181/323/178 153/282/160 126/221/124
f 170/297/167 172/311/175 154/298/140
f 192/347/196 199/348/197 183/327/181
f 175/349/173 201/350/198 158/351/157
f 193/352/199 171/318/166 148/353/148
f 177/343/193 169/276/156 203/354/200
f 147/289/152 109/355/111 153/356/160
f 188/333/185 187/334/186 186/328/182
f 125/312/125 166/314/176 191/357/201
f 202/358/202 76/304/78 101/359/99
f 202/358/202 101/359/99 357/360/203
f 182/326/180 189/337/188 195/342/192
f 205/361/204 208/362/205 204/363/206
f 257/364/207 180/319/168 171/318/166
f 209/365/208 210/366/209 204/363/206
f 195/342/192 200/346/195 183/327/181
f 101/359/99 211/367/210 357/360/203
f 210/366/209 205/361/204 204/363/206
f 170/297/167 198/341/191 172/311/175
f 208/362/205 205/361/204 213/368/211
f 157/322/177 206/369/212 184/370/187
f 196/345/194 183/327/181 199/348/197
f 163/291/164 84/214/87 194/371/213
f 191/357/201 149/372/153 125/312/125
f 175/349/173 180/319/168 201/350/198
f 222/373/214 173/308/172 161/286/162
f 56/288/56 162/290/163 122/374/120
f 209/365/208 214/375/215 210/366/209
f 196/345/194 229/376/216 188/333/185
f 155/377/155 198/341/191 160/279/159
f 193/352/199 148/353/148 207/378/217
f 180/319/168 257/364/207 201/350/198
f 148/260/148 168/324/179 240/379/189
f 222/373/214 161/286/162 215/380/218
f 192/381/196 200/382/195 220/383/219
f 219/384/220 213/368/211 205/361/204
f 173/308/172 222/373/214 223/385/221
f 111/226/119 115/228/123 185/386/222
f 210/366/209 219/384/220 205/361/204
f 204/387/206 225/388/223 209/389/208
f 217/390/224 152/391/147 113/392/113
f 129/393/134 165/305/170 226/394/225
f 213/395/211 221/396/226 208/362/205
f 214/375/215 263/397/227 227/398/228
f 189/399/188 228/400/229 195/401/192
f 84/214/87 122/402/120 194/371/213
f 168/403/179 184/370/187 224/404/230
f 223/385/221 169/276/156 173/308/172
f 188/333/185 231/405/231 187/334/186
f 177/343/193 206/406/212 157/344/177
f 168/324/179 212/407/232 240/379/189
f 196/345/194 199/348/197 244/408/233
f 227/398/228 234/409/234 210/366/209
f 171/318/166 233/410/235 257/364/207
f 254/411/236 204/363/206 208/362/205
f 115/228/123 163/291/164 194/371/213
f 206/406/212 177/343/193 232/412/237
f 216/413/238 168/403/179 224/404/230
f 210/366/209 234/409/234 219/384/220
f 193/352/199 233/410/235 171/318/166
f 206/369/212 242/414/239 224/404/230
f 214/375/215 227/398/228 210/366/209
f 254/415/236 225/388/223 204/387/206
f 208/362/205 221/396/226 243/416/240
f 188/333/185 229/376/216 246/417/241
f 228/400/229 230/418/242 195/401/192
f 254/419/236 208/362/205 243/416/240
f 161/286/162 172/311/175 215/380/218
f 230/418/242 200/420/195 195/401/192
f 122/374/120 245/421/243 194/422/213
f 235/423/244 228/400/229 189/399/188
f 187/424/186 235/423/244 189/399/188
f 253/425/245 248/426/246 213/427/211
f 224/404/230 184/370/187 206/369/212
f 221/396/226 250/428/247 243/416/240
f 253/425/245 213/427/211 219/429/220
f 209/389/208 247/430/248 261/431/249
f 192/381/196 241/432/250 238/433/251
f 192/381/196 238/433/251 199/434/197
f 247/430/248 209/389/208 225/388/223
f 187/424/186 262/435/252 235/423/244
f 221/436/226 248/426/246 256/437/253
f 196/345/194 244/408/233 229/376/216
f 255/438/254 211/367/210 101/359/99
f 101/359/99 174/439/171 255/438/254
f 142/272/154 259/440/255 155/273/155
f 212/407/232 239/441/256 240/379/189
f 198/341/191 280/442/257 172/311/175
f 201/350/198 190/443/184 158/351/157
f 214/444/215 209/389/208 261/431/249
f 187/334/186 231/405/231 249/445/258
f 232/412/237 177/343/193 203/354/200
f 155/377/155 259/446/255 198/341/191
f 212/407/232 168/324/179 239/441/256
f 194/422/213 245/421/243 115/447/123
f 218/448/259 129/449/134 226/450/225
f 234/409/234 227/398/228 264/451/260
f 239/441/256 168/324/179 216/452/238
f 241/432/250 192/381/196 220/383/219
f 164/329/127 176/331/183 236/453/261
f 152/391/147 217/390/224 123/313/130
f 215/380/218 172/311/175 280/442/257
f 253/425/245 219/429/220 234/454/234
f 242/455/239 232/412/237 277/456/262
f 221/436/226 213/427/211 248/426/246
f 264/457/260 227/458/228 258/459/263
f 235/423/244 265/460/264 228/400/229
f 289/461/265 220/462/219 200/463/195
f 232/412/237 242/455/239 206/406/212
f 142/464/154 267/465/266 259/466/255
f 203/354/200 169/276/156 223/385/221
f 278/467/267 263/468/227 214/444/215
f 181/323/178 310/469/268 153/282/160
f 178/284/161 252/470/269 255/438/254
f 234/454/234 264/471/260 269/472/270
f 221/436/226 256/437/253 250/473/247
f 230/474/242 289/461/265 200/463/195
f 262/435/252 270/475/271 235/423/244
f 201/350/198 257/364/207 286/476/272
f 165/305/170 202/358/202 226/394/225
f 246/417/241 231/405/231 188/333/185
f 199/434/197 238/433/251 244/477/233
f 246/417/241 229/376/216 271/478/273
f 129/449/134 176/331/183 118/330/117
f 201/350/198 273/479/274 190/443/184
f 274/480/275 227/481/228 263/468/227
f 276/482/276 247/430/248 225/388/223
f 178/284/161 255/438/254 174/439/171
f 165/305/170 76/304/78 202/358/202
f 214/444/215 261/431/249 278/467/267
f 203/354/200 281/483/277 232/412/237
f 237/484/278 128/485/165 156/486/174
f 234/454/234 269/472/270 253/425/245
f 275/487/279 244/477/233 238/433/251
f 244/477/233 275/487/279 266/488/280
f 276/482/276 225/388/223 254/415/236
f 153/282/160 310/469/268 297/489/281
f 193/352/199 283/490/282 233/410/235
f 279/491/283 241/432/250 220/383/219
f 259/492/255 282/493/284 198/494/191
f 265/460/264 288/495/285 228/400/229
f 190/443/184 273/479/274 127/496/128
f 255/438/254 252/470/269 292/497/286
f 218/448/259 176/331/183 129/449/134
f 178/284/161 149/283/153 260/498/287
f 258/459/263 227/458/228 274/499/275
f 249/445/258 262/500/252 187/334/186
f 153/356/160 162/290/163 147/289/152
f 246/417/241 271/478/273 290/501/288
f 288/495/285 230/418/242 228/400/229
f 230/418/242 324/502/289 289/503/265
f 207/504/217 283/505/282 193/506/199
f 211/367/210 255/438/254 292/497/286
f 191/507/201 260/498/287 149/283/153
f 240/508/189 285/509/290 197/339/190
f 233/410/235 286/476/272 257/364/207
f 251/510/291 113/511/113 127/512/128
f 277/456/262 232/412/237 281/483/277
f 176/331/183 293/513/292 295/514/293
f 243/515/240 272/516/294 254/517/236
f 231/405/231 296/518/295 291/519/296
f 123/313/130 217/390/224 166/314/176
f 279/520/283 220/462/219 289/461/265
f 237/484/278 268/521/297 142/464/154
f 247/522/248 294/523/298 261/524/249
f 167/525/169 111/526/119 185/527/222
f 256/437/253 248/426/246 304/528/299
f 244/408/233 271/478/273 229/376/216
f 223/529/221 222/530/214 305/531/300
f 235/423/244 270/475/271 265/460/264
f 260/498/287 252/470/269 178/284/161
f 294/523/298 247/522/248 298/532/301
f 241/432/250 279/491/283 301/533/302
f 198/534/191 282/535/284 280/536/257
f 284/537/303 344/538/304 239/539/256
f 222/530/214 215/540/218 305/531/300
f 261/524/249 294/523/298 278/541/267
f 236/453/261 82/542/29 164/329/127
f 239/543/256 285/509/290 240/508/189
f 296/518/295 231/405/231 246/417/241
f 244/408/233 266/544/280 303/545/305
f 278/541/267 294/523/298 306/546/306
f 247/522/248 276/547/276 298/532/301
f 217/390/224 113/392/113 251/548/291
f 237/484/278 142/464/154 128/549/165
f 304/550/299 248/426/246 253/425/245
f 256/437/253 355/551/307 250/473/247
f 263/468/227 278/467/267 274/480/275
f 285/509/290 207/504/217 148/340/148
f 244/408/233 303/545/305 271/478/273
f 203/354/200 223/385/221 302/552/308
f 273/479/274 201/350/198 286/476/272
f 231/405/231 291/519/296 249/445/258
f 285/509/290 148/340/148 197/339/190
f 269/472/270 264/471/260 339/553/309
f 211/367/210 292/497/286 314/554/310
f 156/486/174 167/555/169 313/556/311
f 142/464/154 268/521/297 267/465/266
f 304/557/299 315/558/312 256/559/253
f 250/560/247 272/561/294 243/562/240
f 203/354/200 302/552/308 281/483/277
f 233/410/235 317/563/313 286/476/272
f 253/425/245 269/472/270 335/564/314
f 258/565/263 339/553/309 264/471/260
f 127/512/128 347/566/315 251/510/291
f 318/567/316 290/501/288 271/478/273
f 245/421/243 330/568/317 185/527/222
f 153/569/160 297/570/281 162/571/163
f 224/572/230 284/573/303 216/574/238
f 271/478/273 303/545/305 320/575/318
f 287/576/319 249/577/258 291/578/296
f 283/505/282 317/579/313 233/580/235
f 289/461/265 324/581/289 300/582/320
f 280/536/257 305/531/300 215/540/218
f 289/461/265 300/582/320 323/583/321
f 241/432/250 301/533/302 238/433/251
f 287/584/319 308/585/322 249/586/258
f 278/541/267 306/546/306 316/587/323
f 295/514/293 236/453/261 176/331/183
f 335/588/314 304/557/299 253/589/245
f 218/448/259 293/513/292 176/331/183
f 318/567/316 271/478/273 320/575/318
f 289/461/265 328/590/324 279/520/283
f 279/491/283 364/591/325 332/592/326
f 296/518/295 246/417/241 290/501/288
f 281/593/277 319/594/327 277/595/262
f 299/596/328 285/509/290 239/543/256
f 122/374/120 312/597/329 245/421/243
f 181/323/178 179/216/121 307/598/330
f 322/599/331 270/475/271 262/435/252
f 284/537/303 239/539/256 216/600/238
f 278/541/267 316/587/323 274/601/275
f 331/602/332 274/601/275 316/587/323
f 324/502/289 230/418/242 309/603/333
f 301/533/302 329/604/334 238/433/251
f 262/605/252 308/585/322 322/606/331
f 245/421/243 185/527/222 115/447/123
f 274/499/275 337/607/335 258/459/263
f 275/487/279 238/433/251 329/604/334
f 284/573/303 224/572/230 333/608/336
f 224/572/230 242/609/239 326/610/337
f 223/529/221 305/531/300 338/611/338
f 327/612/339 285/509/290 336/613/340
f 181/323/178 307/598/330 310/469/268
f 355/551/307 256/437/253 315/614/312
f 127/615/128 273/616/274 347/617/315
f 309/603/333 230/418/242 288/495/285
f 326/610/337 242/609/239 277/618/262
f 304/557/299 345/619/341 315/558/312
f 425/620/342 346/621/343 254/517/236
f 288/495/285 265/460/264 325/622/344
f 341/623/345 294/523/298 298/532/301
f 326/610/337 277/618/262 319/624/327
f 262/605/252 249/586/258 308/585/322
f 342/625/346 296/518/295 290/501/288
f 351/626/347 304/557/299 335/588/314
f 352/627/348 335/588/314 269/628/270
f 340/629/349 237/484/278 156/486/174
f 122/630/120 350/631/350 312/632/329
f 363/633/351 299/634/328 239/539/256
f 343/635/352 298/532/301 276/547/276
f 330/636/317 245/637/243 312/632/329
f 352/627/348 269/628/270 339/638/309
f 362/639/353 294/523/298 341/623/345
f 279/491/283 332/592/326 301/533/302
f 273/616/274 348/640/354 347/617/315
f 355/641/307 315/558/312 345/619/341
f 224/572/230 326/610/337 333/608/336
f 191/357/201 166/314/176 334/642/355
f 217/390/224 334/642/355 166/314/176
f 314/643/310 357/644/203 211/645/210
f 346/621/343 458/646/356 276/647/276
f 325/622/344 265/460/264 358/648/357
f 311/649/358 282/493/284 259/492/255
f 280/650/257 282/493/284 359/651/359
f 327/612/339 207/504/217 285/509/290
f 363/633/351 239/539/256 344/538/304
f 378/652/360 281/593/277 302/653/308
f 337/607/335 349/654/361 258/459/263
f 330/636/317 312/632/329 185/655/222
f 299/596/328 336/613/340 285/509/290
f 359/656/359 305/531/300 280/536/257
f 323/583/321 328/590/324 289/461/265
f 321/657/362 237/484/278 340/629/349
f 292/658/286 398/659/363 314/643/310
f 328/660/324 364/591/325 279/491/283
f 305/661/300 359/662/359 365/663/364
f 317/664/313 356/665/365 286/666/272
f 252/667/269 398/659/363 292/658/286
f 378/652/360 319/594/327 281/593/277
f 298/532/301 343/635/352 341/623/345
f 284/537/303 333/668/336 344/538/304
f 311/649/358 259/492/255 267/669/266
f 265/460/264 270/475/271 358/648/357
f 250/560/247 403/670/366 272/561/294
f 291/578/296 401/671/367 377/672/368
f 345/619/341 304/557/299 351/626/347
f 321/657/362 268/521/297 237/484/278
f 301/533/302 371/673/369 329/604/334
f 340/629/349 156/486/174 313/556/311
f 355/674/307 372/675/370 250/676/247
f 333/668/336 373/677/371 344/538/304
f 274/678/275 331/602/332 396/679/372
f 185/655/222 360/680/373 394/681/374
f 308/585/322 287/584/319 366/682/375
f 373/677/371 374/683/376 344/538/304
f 266/488/280 275/487/279 329/604/334
f 390/684/377 363/633/351 344/538/304
f 389/685/378 359/651/359 282/493/284
f 450/686/379 378/687/360 302/653/308
f 348/640/354 273/616/274 379/688/380
f 191/689/201 354/690/381 260/691/287
f 362/639/353 306/546/306 294/523/298
f 380/692/382 349/693/361 337/694/335
f 293/513/292 218/448/259 381/695/383
f 450/686/379 302/653/308 223/529/221
f 312/632/329 382/696/384 360/680/373
f 273/616/274 286/666/272 379/688/380
f 326/610/337 391/697/385 383/698/386
f 291/578/296 377/672/368 287/576/319
f 343/635/352 276/547/276 384/699/387
f 415/700/388 336/613/340 299/596/328
f 346/621/343 276/647/276 254/517/236
f 377/701/368 366/682/375 287/584/319
f 389/685/378 282/493/284 311/649/358
f 365/663/364 338/702/338 305/661/300
f 266/488/280 329/604/334 437/703/389
f 378/652/360 391/704/385 319/594/327
f 380/705/382 392/706/390 349/707/361
f 393/708/391 320/575/318 303/545/305
f 303/709/305 266/488/280 388/710/392
f 386/711/393 358/648/357 270/475/271
f 369/712/394 162/571/163 297/570/281
f 291/578/296 296/713/295 370/714/395
f 395/715/396 324/502/289 309/603/333
f 207/716/217 409/717/397 283/718/282
f 258/565/263 349/707/361 339/719/309
f 380/720/382 337/721/335 396/722/372
f 386/723/393 322/724/331 361/725/398
f 337/721/335 274/726/275 396/727/372
f 316/587/323 429/728/399 331/602/332
f 374/683/376 390/684/377 344/538/304
f 367/729/400 308/585/322 366/682/375
f 312/632/329 360/680/373 185/655/222
f 402/730/401 296/713/295 342/731/346
f 392/706/390 399/732/402 349/707/361
f 450/686/379 223/529/221 353/733/403
f 357/644/203 314/643/310 398/659/363
f 250/560/247 426/734/404 403/670/366
f 367/729/400 387/735/405 308/585/322
f 368/736/406 310/737/268 307/738/330
f 356/665/365 379/688/380 286/666/272
f 336/739/340 408/740/407 327/741/339
f 407/742/408 295/514/293 293/513/292
f 226/743/225 376/744/409 218/745/259
f 368/736/406 297/746/281 310/737/268
f 327/741/339 408/740/407 397/747/410
f 191/357/201 334/642/355 422/748/411
f 376/744/409 226/743/225 202/749/202
f 403/750/366 366/682/375 272/751/294
f 366/682/375 377/701/368 272/751/294
f 236/453/261 295/514/293 407/742/408
f 319/624/327 391/697/385 326/610/337
f 288/495/285 385/752/412 309/603/333
f 370/714/395 401/671/367 291/578/296
f 306/546/306 429/728/399 316/587/323
f 422/753/411 334/754/355 217/755/224
f 386/723/393 270/756/271 322/724/331
f 404/757/413 345/619/341 351/626/347
f 380/758/382 424/759/414 423/760/415
f 372/675/370 426/761/404 250/676/247
f 272/516/294 377/672/368 425/620/342
f 343/635/352 413/762/416 341/623/345
f 396/722/372 427/763/417 380/720/382
f 283/764/282 409/765/397 414/766/418
f 82/767/29 179/216/121 35/192/44
f 392/706/390 380/705/382 423/768/415
f 328/590/324 323/583/321 406/769/419
f 335/588/314 352/627/348 411/770/420
f 394/681/374 167/771/169 185/655/222
f 333/608/336 375/772/421 419/773/422
f 401/671/367 425/620/342 377/672/368
f 326/610/337 375/772/421 333/608/336
f 392/706/390 423/768/415 448/774/423
f 408/740/407 336/739/340 415/775/388
f 403/750/366 367/729/400 366/682/375
f 306/546/306 362/639/353 429/728/399
f 374/776/376 373/777/371 436/778/424
f 290/501/288 412/779/425 342/625/346
f 395/780/396 428/781/426 300/582/320
f 371/673/369 301/533/302 332/592/326
f 433/782/427 303/709/305 388/710/392
f 300/582/320 324/581/289 395/780/396
f 373/783/371 333/608/336 419/773/422
f 162/784/163 350/631/350 122/630/120
f 354/785/381 252/667/269 260/691/287
f 414/766/418 405/786/428 317/664/313
f 394/787/374 313/556/311 167/555/169
f 414/766/418 317/664/313 283/764/282
f 425/620/342 254/517/236 272/516/294
f 371/673/369 437/703/389 329/604/334
f 207/716/217 439/788/429 409/717/397
f 356/665/365 317/664/313 405/786/428
f 363/633/351 415/789/388 299/634/328
f 385/752/412 288/495/285 325/622/344
f 368/736/406 432/790/430 297/746/281
f 402/730/401 370/714/395 296/713/295
f 427/791/417 424/792/414 380/793/382
f 367/729/400 403/750/366 387/735/405
f 297/570/281 432/794/430 369/712/394
f 308/585/322 361/795/398 322/606/331
f 369/796/394 454/797/431 162/784/163
f 421/798/432 471/799/433 415/800/388
f 320/575/318 430/801/434 318/567/316
f 373/777/371 444/802/435 436/778/424
f 442/803/436 440/804/437 423/760/415
f 413/805/416 343/806/352 384/807/387
f 420/808/438 293/809/292 381/810/383
f 382/696/384 312/632/329 350/631/350
f 207/716/217 327/741/339 397/747/410
f 223/811/221 338/702/338 353/812/403
f 412/779/425 290/501/288 417/813/439
f 378/814/360 487/815/440 391/816/385
f 401/671/367 346/621/343 425/620/342
f 400/817/441 429/818/399 362/819/353
f 436/778/424 444/802/435 440/804/437
f 390/684/377 421/820/432 363/633/351
f 440/804/437 442/803/436 436/778/424
f 325/622/344 358/648/357 385/752/412
f 442/803/436 423/760/415 424/759/414
f 417/813/439 290/501/288 318/567/316
f 308/821/322 387/822/405 445/823/442
f 341/623/345 413/824/416 362/639/353
f 477/825/443 443/826/444 396/679/372
f 349/707/361 399/732/402 434/827/445
f 411/770/420 351/626/347 335/588/314
f 361/828/398 308/585/322 446/829/446
f 364/830/325 328/590/324 406/769/419
f 435/831/447 402/730/401 342/731/346
f 374/683/376 449/832/448 390/684/377
f 410/833/449 368/736/406 307/738/330
f 455/834/450 434/827/445 399/732/402
f 320/575/318 393/708/391 430/801/434
f 387/822/405 403/835/366 445/823/442
f 404/757/413 351/626/347 418/836/451
f 355/641/307 345/619/341 451/837/452
f 218/745/259 376/744/409 381/838/383
f 446/829/446 308/585/322 445/839/442
f 309/603/333 385/752/412 395/715/396
f 403/670/366 426/734/404 445/840/442
f 419/841/422 444/802/435 373/777/371
f 388/710/392 266/488/280 437/703/389
f 313/556/311 514/842/453 340/629/349
f 300/582/320 428/781/426 323/583/321
f 444/802/435 448/843/423 440/804/437
f 430/801/434 417/813/439 318/567/316
f 442/844/436 453/845/454 436/846/424
f 448/843/423 423/760/415 440/804/437
f 267/465/266 268/521/297 457/847/455
f 443/826/444 427/791/417 396/679/372
f 420/808/438 407/848/408 293/849/292
f 326/850/337 383/851/386 375/852/421
f 460/853/456 202/854/202 431/855/457
f 449/856/448 436/846/424 453/845/454
f 351/626/347 411/770/420 418/836/451
f 452/857/458 487/815/440 378/814/360
f 338/702/338 365/663/364 459/858/459
f 442/844/436 424/859/414 453/845/454
f 448/774/423 461/860/460 392/706/390
f 392/706/390 455/861/450 399/732/402
f 342/625/346 412/779/425 435/862/447
f 406/769/419 462/863/461 364/830/325
f 350/631/350 454/797/431 473/864/462
f 451/837/452 345/619/341 404/757/413
f 401/671/367 458/646/356 346/621/343
f 439/788/429 397/747/410 408/740/407
f 473/865/462 360/680/373 382/696/384
f 401/671/367 370/714/395 458/646/356
f 392/706/390 461/860/460 455/861/450
f 363/633/351 421/820/432 415/789/388
f 381/866/383 376/744/409 202/749/202
f 357/867/203 398/659/363 468/868/463
f 421/820/432 390/684/377 449/832/448
f 444/802/435 419/841/422 470/869/464
f 393/870/391 303/709/305 433/782/427
f 378/814/360 450/871/379 452/857/458
f 449/856/448 374/872/376 436/846/424
f 448/843/423 444/802/435 470/869/464
f 382/873/384 350/874/350 473/875/462
f 313/556/311 394/876/374 514/842/453
f 339/877/309 349/878/361 434/879/445
f 384/880/387 276/647/276 472/881/465
f 466/882/466 332/592/326 364/591/325
f 400/817/441 362/819/353 413/805/416
f 191/357/201 422/748/411 438/883/467
f 463/884/468 359/651/359 389/685/378
f 357/867/203 468/868/463 431/885/457
f 446/886/446 445/823/442 426/887/404
f 321/657/362 447/888/469 268/521/297
f 338/702/338 459/858/459 353/812/403
f 474/889/470 217/755/224 251/510/291
f 428/781/426 481/890/471 323/583/321
f 487/891/440 383/851/386 391/892/385
f 82/43/29 236/893/261 936/894/472
f 475/895/473 365/663/364 359/662/359
f 347/617/315 348/640/354 465/896/474
f 493/897/475 449/856/448 453/845/454
f 479/898/476 424/859/414 427/899/417
f 397/747/410 439/788/429 207/716/217
f 408/740/407 415/775/388 471/900/433
f 419/901/422 375/852/421 480/902/477
f 458/646/356 370/714/395 472/881/465
f 427/791/417 443/826/444 478/903/478
f 441/904/479 447/888/469 321/657/362
f 479/898/476 453/845/454 424/859/414
f 370/714/395 402/730/401 476/905/480
f 468/868/463 398/659/363 464/906/481
f 426/761/404 372/675/370 446/907/446
f 371/673/369 469/908/482 437/703/389
f 472/881/465 276/647/276 458/646/356
f 475/909/473 459/910/459 365/911/364
f 451/837/452 416/912/483 355/641/307
f 331/602/332 477/825/443 396/679/372
f 510/913/484 512/914/485 379/688/380
f 441/904/479 321/657/362 340/629/349
f 179/915/121 82/916/29 554/917/486
f 398/918/363 252/919/269 464/920/481
f 449/832/448 482/921/487 421/820/432
f 438/883/467 354/922/381 191/357/201
f 311/923/358 267/924/266 485/925/488
f 461/926/460 448/843/423 470/869/464
f 370/714/395 476/905/480 472/881/465
f 537/927/489 438/928/467 422/753/411
f 493/897/475 467/929/490 449/856/448
f 427/899/417 478/930/478 479/898/476
f 179/915/121 554/917/486 307/738/330
f 461/931/460 488/932/491 455/933/450
f 354/934/381 484/935/492 252/919/269
f 381/936/383 460/853/456 532/937/493
f 311/923/358 485/925/488 389/938/378
f 358/648/357 504/939/494 385/752/412
f 431/940/457 202/749/202 357/941/203
f 559/942/495 251/510/291 347/566/315
f 347/566/315 465/943/474 559/942/495
f 490/944/496 434/879/445 455/933/450
f 404/757/413 418/836/451 492/945/497
f 379/688/380 512/914/485 348/640/354
f 460/853/456 381/936/383 202/854/202
f 416/946/483 372/675/370 355/674/307
f 323/583/321 481/890/471 406/769/419
f 510/913/484 379/688/380 356/665/365
f 477/825/443 478/903/478 443/826/444
f 433/782/427 483/947/498 393/870/391
f 372/675/370 361/948/398 446/907/446
f 497/949/499 395/715/396 385/752/412
f 383/851/386 480/902/477 375/852/421
f 352/627/348 339/638/309 411/770/420
f 482/921/487 449/832/448 467/950/490
f 455/933/450 488/932/491 490/944/496
f 496/951/500 433/782/427 388/710/392
f 350/631/350 162/784/163 454/797/431
f 461/952/460 470/953/464 498/954/501
f 471/799/433 421/798/432 482/955/487
f 419/956/422 480/957/477 470/953/464
f 361/948/398 495/958/502 386/959/393
f 405/786/428 414/766/418 489/960/503
f 485/925/488 500/961/504 389/938/378
f 441/904/479 340/629/349 514/842/453
f 552/962/505 406/769/419 481/890/471
f 393/708/391 542/963/506 430/801/434
f 502/964/507 488/932/491 461/931/460
f 487/891/440 503/965/508 383/851/386
f 496/951/500 388/710/392 437/703/389
f 505/966/509 400/817/441 413/805/416
f 466/882/466 371/673/369 332/592/326
f 358/648/357 386/967/393 517/968/510
f 463/969/468 389/938/378 500/961/504
f 437/703/389 456/970/511 496/951/500
f 405/786/428 510/913/484 356/665/365
f 506/971/512 454/972/431 369/973/394
f 453/845/454 479/898/476 493/897/475
f 519/974/513 472/881/465 476/905/480
f 501/975/514 359/976/359 463/969/468
f 409/717/397 489/977/503 414/978/418
f 484/935/492 464/920/481 252/919/269
f 508/979/515 451/837/452 404/757/413
f 499/980/516 480/902/477 383/851/386
f 507/981/517 439/788/429 408/740/407
f 371/673/369 466/882/466 516/982/518
f 400/817/441 505/966/509 429/818/399
f 456/970/511 437/703/389 469/908/482
f 471/900/433 507/981/517 408/740/407
f 360/983/373 629/984/519 394/985/374
f 418/836/451 411/770/420 518/986/520
f 520/987/521 477/825/443 491/988/522
f 339/877/309 434/879/445 490/944/496
f 385/752/412 521/989/523 497/949/499
f 472/881/465 519/974/513 494/990/524
f 483/991/498 542/963/506 393/708/391
f 354/922/381 438/883/467 484/992/492
f 402/730/401 519/974/513 476/905/480
f 435/993/447 528/994/525 402/995/401
f 439/996/429 523/997/526 409/998/397
f 407/848/408 524/999/527 236/1000/261
f 474/889/470 525/1001/528 217/755/224
f 493/897/475 479/898/476 527/1002/529
f 360/1003/373 473/875/462 550/1004/530
f 475/909/473 359/976/359 501/975/514
f 413/805/416 384/807/387 522/1005/531
f 466/1006/466 364/830/325 462/863/461
f 348/640/354 512/914/485 465/896/474
f 504/939/494 358/648/357 517/968/510
f 501/975/514 587/1007/532 475/909/473
f 506/1008/512 432/794/430 539/1009/533
f 477/1010/443 520/1011/521 478/1012/478
f 361/948/398 372/675/370 529/1013/534
f 498/954/501 470/953/464 570/1014/535
f 416/946/483 511/1015/536 372/675/370
f 495/1016/502 517/1017/510 386/723/393
f 462/863/461 406/769/419 552/962/505
f 416/912/483 451/837/452 508/979/515
f 490/944/496 488/932/491 533/1018/537
f 513/1019/538 411/1020/420 339/877/309
f 495/1021/502 361/948/398 529/1013/534
f 478/930/478 527/1002/529 479/898/476
f 537/927/489 422/753/411 217/755/224
f 513/1022/538 518/986/520 411/770/420
f 487/891/440 486/1023/539 503/965/508
f 497/949/499 515/1024/540 395/715/396
f 535/1025/541 552/962/505 481/890/471
f 542/963/506 543/1026/542 417/813/439
f 462/1027/461 540/1028/543 466/882/466
f 534/1029/544 467/929/490 493/897/475
f 527/1030/529 478/1012/478 520/1011/521
f 474/889/470 251/510/291 559/942/495
f 490/944/496 645/1031/545 544/1032/546
f 515/1024/540 428/1033/426 395/715/396
f 533/1018/537 488/932/491 502/1034/507
f 487/1035/440 452/1036/458 486/1037/539
f 480/957/477 499/1038/516 578/1039/547
f 331/1040/332 491/1041/522 477/1042/443
f 545/1043/548 413/1044/416 522/1045/531
f 546/1046/549 499/980/516 383/851/386
f 417/813/439 430/801/434 542/963/506
f 505/966/509 547/1047/550 429/818/399
f 523/997/526 439/996/429 548/1048/551
f 410/833/449 549/1049/552 368/736/406
f 519/1050/513 402/995/401 528/994/525
f 504/939/494 521/989/523 385/752/412
f 498/954/501 502/1051/507 461/952/460
f 509/1052/553 471/799/433 482/955/487
f 480/957/477 570/1014/535 470/953/464
f 551/1053/554 495/1016/502 529/1054/534
f 529/1013/534 372/675/370 551/1055/554
f 457/1056/455 485/925/488 267/924/266
f 516/982/518 466/882/466 540/1028/543
f 541/1057/555 452/1036/458 450/1058/379
f 372/675/370 511/1015/536 551/1055/554
f 433/782/427 496/951/500 561/1059/556
f 587/1007/532 459/910/459 475/909/473
f 428/781/426 553/1060/557 481/890/471
f 530/1061/558 555/1062/559 457/847/455
f 541/1057/555 450/1058/379 353/1063/403
f 493/1064/475 527/1065/529 534/1066/544
f 503/965/508 546/1046/549 383/851/386
f 545/1043/548 505/1067/509 413/1068/416
f 384/1069/387 472/1070/465 494/1071/524
f 519/1050/513 560/1072/560 494/1071/524
f 489/977/503 409/717/397 557/1073/561
f 429/818/399 547/1047/550 331/1074/332
f 522/1075/531 494/1071/524 598/1076/562
f 508/979/515 404/757/413 492/945/497
f 467/1077/490 526/1078/563 482/955/487
f 513/1019/538 339/877/309 544/1032/546
f 463/969/468 500/961/504 501/975/514
f 534/1066/544 526/1079/563 467/1080/490
f 560/1072/560 519/1050/513 528/994/525
f 576/1081/564 534/1066/544 527/1065/529
f 525/1001/528 537/927/489 217/755/224
f 561/1059/556 483/947/498 433/782/427
f 532/1082/493 536/1083/565 381/810/383
f 536/1083/565 420/808/438 381/810/383
f 416/946/483 556/1084/566 511/1015/536
f 484/935/492 468/1085/463 464/920/481
f 629/1086/519 550/1004/530 585/1087/567
f 492/945/497 418/836/451 518/986/520
f 405/1088/428 565/1089/568 510/1090/484
f 447/888/469 530/1061/558 268/521/297
f 506/1008/512 369/712/394 432/794/430
f 550/1004/530 473/875/462 585/1087/567
f 568/1091/569 432/790/430 368/736/406
f 558/1092/570 420/808/438 536/1083/565
f 497/949/499 569/1093/571 515/1024/540
f 570/1014/535 502/1051/507 498/954/501
f 412/779/425 528/1094/525 435/862/447
f 646/1095/572 474/889/470 559/942/495
f 548/1096/551 439/788/429 507/981/517
f 557/1097/561 405/1088/428 489/1098/503
f 572/1099/573 495/1016/502 551/1053/554
f 576/1100/564 527/1030/529 520/1011/521
f 546/1046/549 578/1101/547 499/980/516
f 549/1049/552 410/833/449 307/738/330
f 531/1102/574 509/1052/553 635/1103/575
f 563/1104/576 459/910/459 587/1007/532
f 570/1014/535 575/1105/577 502/1051/507
f 543/1026/542 412/779/425 417/813/439
f 516/982/518 469/908/482 371/673/369
f 558/1092/570 407/848/408 420/808/438
f 509/1052/553 531/1102/574 471/799/433
f 494/1071/524 560/1072/560 598/1076/562
f 551/1053/554 511/1106/536 572/1099/573
f 481/890/471 553/1060/557 535/1025/541
f 580/1107/578 465/1108/474 512/1109/485
f 523/997/526 557/1097/561 409/998/397
f 576/1100/564 520/1011/521 591/1110/579
f 456/970/511 469/908/482 574/1111/580
f 412/779/425 583/1112/581 528/1094/525
f 462/863/461 552/962/505 564/1113/582
f 482/955/487 571/1114/583 509/1052/553
f 480/957/477 578/1039/547 570/1014/535
f 510/1090/484 565/1089/568 580/1107/578
f 541/1057/555 353/1063/403 538/1115/584
f 526/1079/563 534/1066/544 567/1116/585
f 577/1117/586 570/1014/535 578/1039/547
f 564/1113/582 540/1118/543 462/863/461
f 521/989/523 569/1093/571 497/949/499
f 533/1018/537 502/1034/507 575/1119/577
f 484/935/492 603/1120/587 468/1085/463
f 538/1115/584 353/1121/403 459/910/459
f 483/1122/498 561/1123/556 579/1124/588
f 490/944/496 544/1032/546 339/877/309
f 547/1125/550 505/1067/509 593/1126/589
f 469/908/482 516/982/518 562/1127/590
f 539/1128/533 432/790/430 568/1091/569
f 598/1076/562 560/1072/560 627/1129/591
f 591/1110/579 520/1011/521 491/1041/522
f 307/738/330 554/917/486 549/1049/552
f 558/1092/570 524/999/527 407/848/408
f 573/1130/592 501/975/514 500/961/504
f 563/1104/576 538/1115/584 459/910/459
f 360/1003/373 550/1004/530 629/1086/519
f 526/1078/563 571/1114/583 482/955/487
f 566/1131/593 331/1074/332 547/1047/550
f 576/1081/564 567/1116/585 534/1066/544
f 588/1132/594 503/965/508 594/1133/595
f 504/939/494 517/968/510 597/1134/596
f 580/1107/578 512/1109/485 510/1090/484
f 545/1043/548 596/1135/597 505/1067/509
f 517/1017/510 495/1016/502 599/1136/598
f 545/1043/548 600/1137/599 592/1138/600
f 468/1139/463 603/1140/587 431/1141/457
f 473/875/462 454/972/431 585/1087/567
f 581/1142/601 500/961/504 485/925/488
f 579/1143/588 633/1144/602 483/1145/498
f 522/1075/531 384/1069/387 494/1071/524
f 557/1097/561 589/1146/603 405/1088/428
f 605/1147/604 525/1001/528 474/889/470
f 543/1148/542 542/1149/506 633/1144/602
f 590/1150/605 594/1151/595 486/1037/539
f 556/1152/566 572/1153/573 511/1154/536
f 602/1155/606 561/1123/556 496/1156/500
f 560/1072/560 528/994/525 627/1129/591
f 412/1157/425 543/1148/542 583/1158/581
f 552/962/505 608/1159/607 564/1113/582
f 521/989/523 607/1160/608 569/1093/571
f 610/1161/609 441/904/479 514/842/453
f 611/1162/610 368/736/406 549/1049/552
f 604/1163/611 613/1164/612 438/928/467
f 441/904/479 647/1165/613 447/888/469
f 559/1166/495 465/1108/474 580/1107/578
f 602/1155/606 496/1156/500 456/1167/511
f 495/1016/502 572/1099/573 618/1168/614
f 594/1133/595 503/965/508 486/1023/539
f 416/946/483 615/1169/615 582/1170/616
f 612/1171/617 514/1172/453 394/985/374
f 609/1173/618 540/1118/543 564/1113/582
f 503/965/508 588/1132/594 546/1046/549
f 590/1150/605 486/1037/539 452/1036/458
f 562/1174/590 574/1175/580 469/1176/482
f 507/1177/517 531/1178/574 623/1179/619
f 530/1061/558 457/847/455 268/521/297
f 623/1179/619 548/1048/551 507/1177/517
f 491/1041/522 622/1180/620 591/1110/579
f 492/945/497 614/1181/621 508/979/515
f 615/1182/615 508/979/515 614/1181/621
f 495/1183/502 618/1184/614 599/1185/598
f 490/944/496 533/1018/537 624/1186/622
f 517/1017/510 599/1136/598 625/1187/623
f 633/1144/602 542/1149/506 483/1145/498
f 547/1125/550 654/1188/624 566/1189/593
f 565/1089/568 405/1088/428 589/1146/603
f 525/1001/528 604/1163/611 537/927/489
f 484/992/492 438/883/467 613/1190/612
f 573/1130/592 628/1191/625 501/975/514
f 491/1041/522 331/1074/332 566/1131/593
f 582/1170/616 556/1084/566 416/946/483
f 616/1192/626 484/1193/492 631/1194/627
f 576/1195/564 639/1196/628 567/1197/585
f 545/1043/548 522/1045/531 600/1137/599
f 632/1198/629 598/1076/562 627/1129/591
f 584/1199/630 579/1124/588 561/1123/556
f 394/985/374 621/1200/631 612/1171/617
f 518/1201/520 601/1202/632 595/1203/633
f 573/1130/592 500/961/504 581/1142/601
f 531/1204/574 507/981/517 471/900/433
f 533/1018/537 575/1119/577 624/1186/622
f 601/1205/632 518/1206/520 513/1019/538
f 452/1036/458 541/1057/555 590/1150/605
f 454/1207/431 637/1208/634 585/1209/567
f 626/1210/635 536/1083/565 532/1082/493
f 620/1211/636 553/1060/557 515/1212/540
f 568/1091/569 368/736/406 611/1162/610
f 629/1086/519 585/1087/567 638/1213/637
f 457/1056/455 555/1214/559 485/925/488
f 515/1212/540 553/1060/557 428/781/426
f 506/971/512 739/1215/638 454/972/431
f 553/1060/557 620/1211/636 640/1216/639
f 545/1043/548 592/1138/600 596/1135/597
f 616/1192/626 603/1217/587 484/1193/492
f 484/1193/492 619/1218/640 631/1194/627
f 628/1191/625 587/1007/532 501/975/514
f 538/1115/584 641/1219/641 541/1057/555
f 491/1041/522 566/1131/593 622/1180/620
f 621/1200/631 394/985/374 629/984/519
f 640/1216/639 535/1025/541 553/1060/557
f 539/1220/533 568/1221/569 506/1222/512
f 570/1014/535 577/1117/586 617/1223/642
f 572/1224/573 556/1152/566 618/1184/614
f 562/1174/590 516/1225/518 650/1226/643
f 603/1140/587 616/1192/626 431/1141/457
f 530/1061/558 447/888/469 647/1165/613
f 431/1141/457 616/1192/626 702/1227/644
f 648/1228/645 644/1229/646 635/1103/575
f 547/1125/550 593/1126/589 654/1188/624
f 517/968/510 625/1230/623 597/1134/596
f 633/1144/602 666/1231/647 543/1148/542
f 586/1232/648 528/994/525 583/1233/581
f 571/1234/583 526/1235/563 567/1197/585
f 505/1067/509 596/1135/597 593/1126/589
f 541/1057/555 641/1219/641 590/1150/605
f 575/1105/577 570/1014/535 617/1223/642
f 535/1025/541 608/1159/607 552/962/505
f 540/1028/543 650/1236/643 516/982/518
f 595/1203/633 492/1237/497 518/1201/520
f 587/1007/532 659/1238/649 563/1104/576
f 492/1237/497 651/1239/650 606/1240/651
f 615/1241/615 416/912/483 508/979/515
f 636/1242/652 632/1198/629 627/1129/591
f 546/1046/549 588/1132/594 652/1243/653
f 627/1129/591 528/994/525 586/1232/648
f 515/1024/540 569/1093/571 630/1244/654
f 521/989/523 504/939/494 597/1134/596
f 536/1083/565 655/1245/655 558/1092/570
f 532/937/493 460/853/456 649/1246/656
f 622/1180/620 662/1247/657 591/1110/579
f 606/1240/651 614/1248/621 492/1249/497
f 644/1250/646 623/1179/619 531/1178/574
f 521/989/523 597/1134/596 656/1251/658
f 584/1199/630 561/1123/556 602/1155/606
f 624/1252/622 575/1253/577 617/1254/642
f 490/1255/496 624/1256/622 645/1257/545
f 535/1025/541 634/1258/659 608/1159/607
f 456/1167/511 574/1175/580 602/1155/606
f 523/997/526 658/1259/660 557/1097/561
f 581/1142/601 485/925/488 555/1214/559
f 546/1046/549 652/1243/653 578/1101/547
f 577/1260/586 642/1261/661 657/1262/662
f 610/1263/609 514/1172/453 612/1171/617
f 563/1104/576 659/1238/649 538/1115/584
f 509/1052/553 571/1114/583 661/1264/663
f 540/1028/543 609/1265/618 650/1236/643
f 544/1266/546 601/1267/632 513/1268/538
f 586/1232/648 636/1242/652 627/1129/591
f 653/1269/664 576/1270/564 591/1110/579
f 576/1081/564 653/1271/664 639/1272/628
f 582/1273/616 618/1274/614 556/1275/566
f 600/1276/599 522/1075/531 667/1277/665
f 531/1102/574 635/1103/575 644/1229/646
f 649/1278/656 626/1279/635 532/1280/493
f 578/1281/547 642/1261/661 577/1260/586
f 543/1148/542 666/1231/647 583/1158/581
f 642/1261/661 578/1281/547 652/1282/653
f 589/1146/603 557/1097/561 658/1259/660
f 598/1076/562 632/1198/629 522/1075/531
f 585/1209/567 637/1208/634 638/1283/637
f 659/1238/649 587/1007/532 660/1284/666
f 640/1216/639 634/1258/659 535/1025/541
f 484/1285/492 613/1286/612 643/1287/667
f 579/1143/588 692/1288/668 633/1144/602
f 441/1289/479 610/1290/609 647/1291/613
f 484/1285/492 643/1287/667 619/1292/640
f 537/927/489 604/1163/611 438/928/467
f 646/1293/572 559/1166/495 580/1107/578
f 591/1110/579 662/1247/657 653/1269/664
f 548/1048/551 623/1179/619 663/1294/669
f 569/1093/571 607/1160/608 630/1244/654
f 739/1295/638 637/1208/634 454/1296/431
f 595/1203/633 651/1239/650 492/1237/497
f 509/1052/553 661/1264/663 635/1103/575
f 555/1297/559 530/1298/558 721/1299/670
f 669/1300/671 549/1301/552 554/1302/486
f 544/1266/546 853/1303/672 601/1267/632
f 608/1159/607 664/1304/673 564/1113/582
f 670/1305/674 639/1196/628 653/1306/664
f 632/1198/629 636/1242/652 667/1277/665
f 660/1284/666 587/1007/532 628/1191/625
f 593/1126/589 596/1135/597 671/1307/675
f 664/1304/673 609/1173/618 564/1113/582
f 661/1308/663 571/1234/583 675/1309/676
f 692/1288/668 579/1143/588 584/1310/630
f 549/1301/552 669/1300/671 611/1311/610
f 617/1254/642 674/1312/677 624/1252/622
f 618/1274/614 582/1273/616 668/1313/678
f 655/1245/655 524/999/527 558/1092/570
f 635/1103/575 661/1264/663 648/1228/645
f 620/1314/636 515/1024/540 630/1244/654
f 589/1146/603 665/1315/679 565/1089/568
f 675/1309/676 567/1197/585 639/1196/628
f 617/1254/642 577/1260/586 657/1262/662
f 605/1147/604 474/889/470 646/1095/572
f 599/1316/598 618/1274/614 668/1313/678
f 656/1251/658 607/1160/608 521/989/523
f 431/855/457 702/1317/644 460/853/456
f 638/1283/637 637/1208/634 629/1318/519
f 588/1319/594 594/1320/595 673/1321/680
f 632/1198/629 667/1277/665 522/1075/531
f 594/1322/595 590/1323/605 711/1324/681
f 624/1256/622 674/1325/677 645/1257/545
f 530/1298/558 647/1291/613 721/1299/670
f 663/1294/669 523/997/526 548/1048/551
f 611/1311/610 669/1300/671 568/1221/569
f 602/1155/606 574/1175/580 679/1326/682
f 681/1327/683 663/1294/669 623/1179/619
f 615/1328/615 689/1329/684 582/1330/616
f 593/1126/589 671/1307/675 654/1188/624
f 236/1331/261 844/1332/685 936/1333/472
f 594/1322/595 711/1324/681 673/1334/680
f 571/1234/583 567/1197/585 675/1309/676
f 680/1335/686 636/1242/652 586/1232/648
f 636/1242/652 680/1335/686 667/1277/665
f 582/1273/616 712/1336/687 668/1313/678
f 680/1335/686 586/1232/648 672/1337/688
f 562/1174/590 688/1338/689 678/1339/690
f 562/1174/590 650/1226/643 688/1338/689
f 605/1147/604 684/1340/691 525/1001/528
f 581/1341/601 677/1342/692 573/1343/592
f 670/1344/674 675/1345/676 639/1346/628
f 596/1135/597 592/1138/600 685/1347/693
f 679/1326/682 584/1199/630 602/1155/606
f 628/1348/625 573/1349/592 677/1350/692
f 536/1083/565 626/1210/635 655/1245/655
f 600/1276/599 667/1277/665 683/1351/694
f 678/1339/690 574/1175/580 562/1174/590
f 523/1352/526 694/1353/695 658/1354/660
f 617/1254/642 657/1262/662 698/1355/696
f 617/1254/642 699/1356/697 674/1312/677
f 668/1313/678 676/1357/698 599/1316/598
f 581/1341/601 555/1358/559 695/1359/699
f 673/1321/680 714/1360/700 588/1319/594
f 630/1244/654 607/1160/608 690/1361/701
f 580/1107/578 565/1089/568 701/1362/702
f 698/1355/696 657/1262/662 642/1261/661
f 685/1347/693 671/1307/675 596/1135/597
f 691/1363/703 672/1337/688 586/1232/648
f 629/1364/519 637/1365/634 704/1366/704
f 658/1259/660 706/1367/705 589/1146/603
f 574/1175/580 678/1339/690 679/1326/682
f 665/1315/679 701/1362/702 565/1089/568
f 693/1368/706 853/1369/672 544/1370/546
f 707/1371/707 712/1336/687 582/1273/616
f 675/1345/676 682/1372/708 661/1373/663
f 651/1374/650 595/1375/633 733/1376/709
f 691/1363/703 586/1232/648 583/1233/581
f 619/1218/640 703/1377/710 631/1194/627
f 588/1319/594 714/1360/700 652/1378/653
f 607/1160/608 656/1251/658 690/1361/701
f 677/1350/692 660/1379/666 628/1348/625
f 589/1146/603 706/1367/705 665/1315/679
f 662/1380/657 709/1381/711 653/1382/664
f 696/1383/712 506/1222/512 568/1221/569
f 554/1384/486 82/1385/29 936/1386/472
f 698/1355/696 699/1356/697 617/1254/642
f 599/1387/598 676/1388/698 625/1389/623
f 711/1324/681 590/1323/605 641/1390/641
f 623/1179/619 644/1250/646 681/1327/683
f 622/1391/620 710/1392/713 662/1393/657
f 705/1394/714 606/1395/651 651/1374/650
f 597/1134/596 713/1396/715 656/1251/658
f 687/1397/716 666/1231/647 633/1144/602
f 701/1398/702 719/1399/717 580/1400/578
f 674/1401/677 699/1402/697 716/1403/718
f 709/1404/711 662/1405/657 710/1406/713
f 506/1407/512 696/1408/712 810/1409/719
f 708/1410/720 724/1411/721 605/1412/604
f 648/1413/645 661/1414/663 697/1415/722
f 583/1158/581 687/1397/716 759/1416/723
f 580/1107/578 719/1417/717 646/1293/572
f 717/1418/724 592/1138/600 600/1137/599
f 666/1231/647 687/1397/716 583/1158/581
f 613/1164/612 604/1163/611 726/1419/725
f 722/1420/726 670/1344/674 653/1382/664
f 664/1304/673 608/1159/607 634/1258/659
f 697/1415/722 661/1421/663 682/1422/708
f 702/1317/644 751/1423/727 460/853/456
f 718/1424/728 689/1425/684 615/1426/615
f 640/1216/639 731/1427/729 634/1258/659
f 708/1410/720 605/1412/604 646/1428/572
f 659/1429/649 745/1430/730 538/1431/584
f 702/1227/644 616/1192/626 631/1194/627
f 646/1428/572 719/1432/717 708/1410/720
f 681/1433/683 729/1434/731 663/1435/669
f 697/1415/722 644/1436/646 648/1413/645
f 714/1360/700 732/1437/732 652/1378/653
f 653/1382/664 709/1381/711 722/1420/726
f 622/1438/620 700/1439/733 710/1406/713
f 595/1375/633 601/1267/632 733/1376/709
f 620/1440/636 630/1244/654 715/1441/734
f 698/1355/696 642/1261/661 727/1442/735
f 460/1443/456 751/1444/727 649/1278/656
f 696/1383/712 568/1221/569 669/1300/671
f 614/1445/621 718/1424/728 615/1426/615
f 741/1446/736 644/1436/646 697/1415/722
f 649/1278/656 751/1447/727 626/1279/635
f 702/1448/644 631/1449/627 703/1450/710
f 700/1439/733 622/1438/620 566/1451/593
f 671/1452/675 767/1453/737 720/1454/738
f 606/1395/651 705/1394/714 718/1455/728
f 683/1456/694 769/1457/739 736/1458/740
f 581/1459/601 695/1460/699 728/1461/741
f 625/1230/623 713/1396/715 597/1134/596
f 672/1462/688 742/1463/742 680/1464/686
f 637/1465/634 739/1466/638 777/1467/743
f 720/1468/738 566/1189/593 654/1188/624
f 680/1464/686 683/1456/694 667/1469/665
f 621/1470/631 629/1364/519 704/1366/704
f 647/1291/613 610/1290/609 725/1471/744
f 606/1395/651 718/1455/728 614/1472/621
f 712/1473/687 737/1474/745 668/1475/678
f 664/1476/673 735/1477/746 609/1478/618
f 726/1479/725 643/1480/667 613/1481/612
f 684/1482/691 726/1483/725 604/1484/611
f 734/1485/747 670/1344/674 722/1420/726
f 633/1144/602 686/1486/748 687/1397/716
f 735/1477/746 650/1487/643 609/1478/618
f 642/1488/661 652/1378/653 732/1437/732
f 746/1489/749 690/1361/701 656/1251/658
f 633/1144/602 692/1288/668 686/1486/748
f 621/1490/631 740/1491/750 612/1492/617
f 619/1493/640 643/1480/667 807/1494/751
f 674/1401/677 716/1403/718 645/1495/545
f 670/1344/674 734/1485/747 675/1345/676
f 694/1353/695 748/1496/752 658/1354/660
f 717/1497/724 730/1498/753 592/1499/600
f 735/1477/746 688/1500/689 650/1487/643
f 737/1474/745 712/1473/687 707/1501/707
f 690/1361/701 715/1441/734 630/1244/654
f 684/1340/691 604/1163/611 525/1001/528
f 722/1420/726 709/1381/711 760/1502/754
f 651/1374/650 733/1503/709 705/1394/714
f 741/1504/736 681/1433/683 644/1505/646
f 733/1376/709 601/1267/632 853/1506/672
f 683/1507/694 717/1418/724 600/1137/599
f 668/1313/678 737/1508/745 676/1357/698
f 750/1509/755 660/1379/666 677/1350/692
f 730/1510/753 685/1347/693 592/1138/600
f 642/1488/661 732/1437/732 727/1511/735
f 677/1350/692 581/1459/601 728/1461/741
f 776/1512/756 752/1513/757 673/1514/680
f 707/1501/707 582/1330/616 689/1329/684
f 671/1452/675 720/1454/738 654/1515/624
f 664/1476/673 634/1516/659 738/1517/758
f 682/1372/708 675/1345/676 774/1518/759
f 645/1495/545 716/1403/718 743/1519/760
f 678/1339/690 756/1520/761 679/1326/682
f 625/1521/623 676/1522/698 713/1523/715
f 700/1439/733 566/1451/593 744/1524/762
f 735/1477/746 757/1525/763 688/1500/689
f 746/1489/749 656/1251/658 713/1396/715
f 725/1471/744 721/1299/670 647/1291/613
f 669/1300/671 761/1526/764 696/1383/712
f 694/1353/695 729/1434/731 815/1527/765
f 619/1528/640 763/1529/766 703/1450/710
f 620/1211/636 731/1427/729 640/1216/639
f 506/1407/512 810/1409/719 739/1466/638
f 659/1429/649 660/1379/666 750/1509/755
f 793/1530/767 734/1485/747 722/1420/726
f 673/1321/680 755/1531/768 714/1360/700
f 678/1339/690 688/1338/689 757/1532/763
f 692/1533/668 584/1199/630 747/1534/769
f 675/1345/676 734/1485/747 774/1518/759
f 610/1535/609 612/1492/617 740/1491/750
f 810/1409/719 723/1536/770 739/1466/638
f 777/1537/743 704/1366/704 637/1365/634
f 695/1538/699 555/1297/559 758/1539/771
f 776/1540/756 673/1334/680 711/1324/681
f 769/1457/739 680/1464/686 742/1463/742
f 751/1541/727 775/1542/772 772/1543/773
f 734/1485/747 773/1544/774 774/1518/759
f 747/1534/769 584/1199/630 679/1326/682
f 707/1501/707 768/1545/775 737/1474/745
f 725/1471/744 610/1290/609 740/1546/750
f 732/1437/732 714/1360/700 755/1531/768
f 771/1547/776 669/1300/671 554/1302/486
f 706/1548/705 658/1354/660 748/1496/752
f 710/1549/713 760/1550/754 709/1551/711
f 700/1552/733 744/1553/762 800/1554/777
f 698/1355/696 779/1555/778 699/1356/697
f 711/1556/681 641/1557/641 776/1512/756
f 659/1429/649 827/1558/779 745/1430/730
f 828/1559/780 626/1560/635 751/1561/727
f 769/1457/739 683/1456/694 680/1464/686
f 691/1562/703 583/1158/581 759/1416/723
f 764/1563/781 742/1463/742 672/1462/688
f 769/1457/739 742/1463/742 764/1563/781
f 756/1520/761 747/1534/769 679/1326/682
f 697/1415/722 823/1564/782 741/1565/736
f 738/1517/758 634/1516/659 731/1566/729
f 749/1567/783 735/1477/746 664/1476/673
f 685/1568/693 783/1569/784 767/1453/737
f 605/1412/604 724/1411/721 684/1482/691
f 766/1570/785 750/1509/755 677/1350/692
f 785/1571/786 763/1529/766 807/1572/751
f 693/1573/706 645/1495/545 743/1519/760
f 738/1517/758 749/1567/783 664/1476/673
f 770/1574/787 779/1555/778 698/1355/696
f 685/1568/693 730/1498/753 783/1569/784
f 701/1398/702 665/1575/679 762/1576/788
f 763/1529/766 702/1448/644 703/1450/710
f 768/1577/775 787/1578/789 737/1579/745
f 659/1429/649 750/1509/755 827/1558/779
f 770/1574/787 698/1355/696 727/1442/735
f 619/1528/640 807/1572/751 763/1529/766
f 728/1461/741 766/1580/785 677/1350/692
f 694/1353/695 663/1435/669 729/1434/731
f 685/1568/693 767/1453/737 671/1452/675
f 689/1581/684 718/1582/728 791/1583/790
f 706/1548/705 762/1576/788 665/1575/679
f 716/1403/718 848/1584/791 743/1519/760
f 792/1585/792 771/1547/776 554/1302/486
f 770/1586/787 727/1587/735 798/1588/793
f 728/1589/741 799/1590/794 766/1591/785
f 693/1573/706 544/1592/546 645/1495/545
f 690/1593/701 746/1594/749 820/1595/795
f 694/1353/695 523/1352/526 663/1435/669
f 756/1520/761 678/1339/690 781/1596/796
f 737/1579/745 788/1597/797 676/1598/698
f 700/1552/733 760/1599/754 710/1600/713
f 676/1522/698 797/1601/798 713/1523/715
f 734/1485/747 793/1530/767 773/1544/774
f 764/1563/781 672/1462/688 805/1602/799
f 699/1356/697 779/1555/778 802/1603/800
f 687/1397/716 803/1604/801 780/1605/802
f 737/1579/745 787/1578/789 788/1597/797
f 699/1402/697 802/1606/800 716/1403/718
f 672/1462/688 691/1607/703 805/1602/799
f 655/1608/655 626/1560/635 796/1609/803
f 855/1610/804 776/1512/756 641/1557/641
f 801/1611/805 793/1530/767 722/1420/726
f 753/1612/806 686/1486/748 692/1288/668
f 620/1613/636 715/1614/734 784/1615/807
f 789/1616/808 697/1415/722 682/1422/708
f 736/1617/740 717/1497/724 683/1618/694
f 731/1566/729 620/1613/636 784/1615/807
f 801/1611/805 722/1420/726 760/1502/754
f 816/1619/809 786/1620/810 767/1453/737
f 794/1621/811 733/1622/709 853/1369/672
f 732/1437/732 798/1623/793 727/1511/735
f 689/1624/684 768/1625/775 707/1626/707
f 524/1627/527 655/1608/655 796/1609/803
f 775/1628/772 751/1629/727 702/1448/644
f 855/1610/804 641/1557/641 538/1630/584
f 752/1631/757 755/1531/768 673/1321/680
f 800/1554/777 826/1632/812 700/1552/733
f 804/1633/813 736/1458/740 769/1457/739
f 804/1633/813 769/1457/739 764/1563/781
f 789/1616/808 682/1422/708 782/1634/814
f 795/1635/815 726/1483/725 790/1636/816
f 809/1637/817 729/1434/731 681/1433/683
f 797/1601/798 778/1638/818 713/1523/715
f 778/1638/818 746/1594/749 713/1523/715
f 782/1634/814 682/1422/708 774/1639/759
f 758/1539/771 555/1297/559 721/1299/670
f 811/1640/819 566/1451/593 720/1454/738
f 786/1620/810 720/1454/738 767/1453/737
f 687/1397/716 686/1486/748 803/1604/801
f 687/1397/716 780/1605/802 759/1416/723
f 808/1641/820 733/1622/709 794/1621/811
f 775/1628/772 702/1448/644 763/1529/766
f 811/1642/819 744/1553/762 566/1643/593
f 752/1631/757 818/1644/821 755/1531/768
f 828/1559/780 796/1609/803 626/1560/635
f 716/1403/718 802/1606/800 848/1584/791
f 770/1586/787 812/1645/822 779/1646/778
f 817/1647/823 708/1410/720 719/1432/717
f 806/1648/824 752/1513/757 776/1512/756
f 832/1649/825 764/1563/781 805/1602/799
f 764/1563/781 832/1649/825 804/1633/813
f 621/1490/631 765/1650/826 740/1491/750
f 852/1651/827 715/1652/734 690/1593/701
f 787/1653/789 768/1654/775 825/1655/828
f 777/1537/743 739/1656/638 824/1657/829
f 808/1641/820 791/1583/790 718/1582/728
f 822/1658/830 691/1659/703 759/1416/723
f 787/1653/789 825/1655/828 788/1660/797
f 684/1482/691 790/1636/816 726/1483/725
f 538/1630/584 745/1661/730 855/1610/804
f 821/1662/831 717/1497/724 736/1617/740
f 697/1415/722 789/1616/808 823/1564/782
f 779/1646/778 812/1645/822 802/1663/800
f 775/1628/772 763/1529/766 785/1571/786
f 824/1657/829 704/1366/704 777/1537/743
f 681/1433/683 741/1504/736 809/1637/817
f 808/1641/820 718/1582/728 705/1664/714
f 773/1665/774 782/1634/814 774/1639/759
f 643/1480/667 795/1666/815 807/1494/751
f 729/1434/731 809/1637/817 815/1527/765
f 852/1651/827 690/1593/701 820/1595/795
f 754/1667/832 669/1300/671 771/1547/776
f 689/1581/684 791/1583/790 814/1668/833
f 236/1331/261 524/1627/527 844/1332/685
f 757/1532/763 781/1596/796 678/1339/690
f 743/1519/760 831/1669/834 693/1573/706
f 866/1670/835 790/1636/816 684/1482/691
f 700/1552/733 826/1632/812 760/1599/754
f 822/1671/830 837/1672/836 691/1607/703
f 811/1640/819 720/1454/738 786/1620/810
f 830/1673/837 701/1398/702 833/1674/838
f 736/1458/740 804/1633/813 835/1675/839
f 753/1612/806 692/1288/668 747/1676/769
f 760/1502/754 839/1677/840 801/1611/805
f 859/1678/841 747/1534/769 756/1520/761
f 773/1544/774 829/1679/842 840/1680/843
f 773/1544/774 793/1530/767 829/1679/842
f 801/1611/805 829/1679/842 793/1530/767
f 877/1681/844 621/1470/631 704/1366/704
f 758/1539/771 725/1471/744 871/1682/845
f 695/1683/699 841/1684/846 728/1685/741
f 730/1498/753 717/1497/724 821/1662/831
f 826/1632/812 839/1686/840 760/1599/754
f 805/1602/799 691/1607/703 837/1672/836
f 825/1655/828 845/1687/847 788/1660/797
f 775/1628/772 785/1571/786 846/1688/848
f 758/1539/771 819/1689/849 695/1538/699
f 748/1496/752 694/1353/695 842/1690/850
f 783/1569/784 816/1619/809 767/1453/737
f 676/1598/698 788/1597/797 797/1691/798
f 841/1692/846 695/1460/699 819/1693/849
f 869/1694/851 730/1498/753 821/1662/831
f 795/1666/815 643/1480/667 726/1479/725
f 738/1517/758 731/1566/729 851/1695/852
f 824/1657/829 739/1656/638 723/1696/770
f 621/1490/631 877/1697/844 765/1650/826
f 752/1631/757 849/1698/853 818/1644/821
f 805/1602/799 847/1699/854 832/1649/825
f 866/1670/835 684/1482/691 724/1411/721
f 701/1398/702 762/1576/788 833/1674/838
f 789/1616/808 782/1634/814 861/1700/855
f 849/1701/853 752/1513/757 806/1648/824
f 845/1687/847 825/1655/828 768/1654/775
f 830/1673/837 719/1399/717 701/1398/702
f 689/1624/684 814/1702/833 768/1625/775
f 835/1675/839 804/1633/813 832/1649/825
f 806/1648/824 776/1512/756 855/1610/804
f 808/1641/820 705/1664/714 733/1622/709
f 754/1667/832 761/1526/764 669/1300/671
f 728/1685/741 841/1684/846 799/1590/794
f 749/1567/783 838/1703/856 836/1704/857
f 775/1628/772 846/1688/848 881/1705/858
f 843/1706/859 833/1674/838 762/1576/788
f 840/1680/843 782/1707/814 773/1544/774
f 859/1678/841 756/1520/761 781/1596/796
f 706/1548/705 748/1496/752 842/1690/850
f 802/1663/800 812/1645/822 858/1708/860
f 770/1586/787 798/1588/793 857/1709/861
f 818/1644/821 732/1437/732 755/1531/768
f 798/1710/793 732/1711/732 850/1712/862
f 730/1498/753 869/1694/851 783/1569/784
f 761/1713/764 810/1409/719 696/1408/712
f 823/1714/782 809/1637/817 741/1504/736
f 792/1715/792 754/1716/832 771/1717/776
f 840/1718/843 896/1719/863 782/1634/814
f 816/1619/809 783/1569/784 869/1694/851
f 868/1720/864 823/1721/782 789/1722/808
f 847/1699/854 835/1675/839 832/1649/825
f 735/1477/746 856/1723/865 757/1525/763
f 827/1724/779 860/1725/866 745/1726/730
f 788/1727/797 879/1728/867 797/1729/798
f 870/1730/868 840/1731/843 829/1732/842
f 788/1660/797 845/1687/847 867/1733/869
f 759/1416/723 780/1605/802 822/1658/830
f 725/1471/744 740/1546/750 813/1734/870
f 796/1609/803 915/1735/871 524/1627/527
f 887/1736/872 790/1636/816 866/1670/835
f 738/1517/758 851/1695/852 838/1703/856
f 850/1712/862 732/1711/732 818/1737/821
f 738/1517/758 838/1703/856 749/1567/783
f 843/1706/859 762/1576/788 864/1738/873
f 803/1604/801 686/1486/748 753/1612/806
f 864/1738/873 762/1576/788 706/1548/705
f 807/1739/751 846/1740/848 785/1741/786
f 845/1687/847 873/1742/874 867/1733/869
f 747/1534/769 859/1678/841 862/1743/875
f 747/1676/769 880/1744/876 753/1612/806
f 853/1369/672 876/1745/877 794/1621/811
f 882/1746/878 704/1366/704 824/1657/829
f 859/1678/841 781/1596/796 878/1747/879
f 802/1748/800 858/1749/860 848/1750/791
f 788/1660/797 867/1733/869 879/1751/867
f 872/1752/880 798/1588/793 850/1753/862
f 810/1409/719 1002/1754/881 723/1536/770
f 770/1586/787 857/1709/861 812/1645/822
f 817/1755/823 719/1399/717 830/1673/837
f 746/1594/749 778/1638/818 875/1756/882
f 856/1723/865 735/1477/746 836/1704/857
f 731/1566/729 939/1757/883 851/1695/852
f 849/1701/853 806/1648/824 834/1758/884
f 872/1752/880 857/1709/861 798/1588/793
f 801/1759/805 870/1730/868 829/1760/842
f 797/1729/798 879/1728/867 884/1761/885
f 731/1566/729 784/1615/807 939/1757/883
f 820/1595/795 885/1762/886 852/1651/827
f 723/1696/770 854/1763/887 824/1657/829
f 864/1738/873 706/1548/705 842/1690/850
f 848/1750/791 883/1764/888 743/1765/760
f 750/1766/755 860/1725/866 827/1724/779
f 835/1675/839 847/1699/854 891/1767/889
f 735/1477/746 749/1567/783 836/1704/857
f 805/1602/799 891/1767/889 847/1699/854
f 886/1768/890 826/1769/812 800/1770/777
f 765/1771/826 877/1772/844 888/1773/891
f 805/1602/799 906/1774/892 891/1767/889
f 883/1764/888 848/1750/791 858/1749/860
f 813/1734/870 871/1682/845 725/1471/744
f 858/1708/860 812/1645/822 857/1709/861
f 766/1591/785 799/1590/794 925/1775/893
f 876/1745/877 808/1641/820 794/1621/811
f 790/1636/816 887/1736/872 795/1635/815
f 818/1737/821 849/1776/853 874/1777/894
f 872/1752/880 894/1778/895 857/1709/861
f 799/1590/794 889/1779/896 925/1775/893
f 869/1694/851 922/1780/897 899/1781/898
f 852/1651/827 784/1782/807 715/1652/734
f 824/1657/829 854/1763/887 882/1746/878
f 839/1783/840 826/1784/812 900/1785/899
f 753/1612/806 934/1786/900 803/1604/801
f 828/1787/780 751/1541/727 772/1543/773
f 885/1762/886 820/1595/795 875/1756/882
f 791/1583/790 808/1641/820 927/1788/901
f 856/1789/865 781/1596/796 757/1532/763
f 895/1790/902 840/1731/843 870/1730/868
f 870/1730/868 801/1759/805 898/1791/903
f 895/1790/902 896/1792/863 840/1731/843
f 873/1742/874 903/1793/904 901/1794/905
f 927/1788/901 814/1668/833 791/1583/790
f 868/1720/864 937/1795/906 823/1721/782
f 904/1796/907 978/1797/908 775/1542/772
f 841/1684/846 819/1798/849 889/1779/896
f 801/1799/805 839/1783/840 898/1800/903
f 799/1590/794 841/1684/846 889/1779/896
f 807/1739/751 881/1801/858 846/1740/848
f 891/1802/889 938/1803/909 835/1804/839
f 893/1805/910 874/1777/894 849/1776/853
f 855/1610/804 834/1758/884 806/1648/824
f 857/1709/861 905/1806/911 858/1708/860
f 881/1807/858 904/1796/907 775/1542/772
f 867/1733/869 873/1742/874 901/1808/905
f 907/1809/912 845/1810/847 768/1811/775
f 892/1812/913 815/1813/765 809/1814/817
f 780/1605/802 910/1815/914 822/1658/830
f 898/1791/903 911/1816/915 870/1730/868
f 782/1634/814 896/1719/863 861/1700/855
f 826/1769/812 886/1768/890 900/1817/899
f 888/1773/891 740/1546/750 765/1771/826
f 818/1737/821 874/1777/894 902/1818/916
f 857/1709/861 894/1778/895 905/1806/911
f 839/1783/840 900/1785/899 898/1800/903
f 977/1819/917 859/1678/841 878/1747/879
f 895/1790/902 870/1730/868 890/1820/918
f 865/1821/919 736/1458/740 835/1675/839
f 818/1737/821 902/1818/916 850/1712/862
f 746/1594/749 875/1756/882 820/1595/795
f 902/1822/916 872/1752/880 850/1753/862
f 868/1823/864 789/1616/808 861/1700/855
f 901/1808/905 879/1751/867 867/1733/869
f 912/1824/920 853/1825/672 693/1826/706
f 911/1816/915 890/1820/918 870/1730/868
f 858/1708/860 905/1806/911 908/1827/921
f 838/1703/856 920/1828/922 836/1704/857
f 938/1829/909 891/1802/889 906/1830/892
f 815/1813/765 892/1812/913 694/1831/695
f 915/1735/871 796/1609/803 828/1559/780
f 894/1832/895 872/1833/880 921/1834/923
f 872/1833/880 902/1835/916 919/1836/924
f 931/1837/925 861/1700/855 896/1719/863
f 842/1690/850 694/1353/695 863/1838/926
f 905/1806/911 894/1778/895 923/1839/927
f 921/1834/923 895/1790/902 890/1820/918
f 897/1840/928 784/1782/807 852/1651/827
f 913/1841/929 927/1842/901 808/1843/820
f 912/1824/920 693/1826/706 831/1844/834
f 906/1845/892 805/1846/799 924/1847/930
f 853/1825/672 912/1824/920 876/1848/877
f 816/1849/809 914/1850/931 786/1851/810
f 723/1852/770 1002/1853/881 917/1854/932
f 926/1855/933 858/1856/860 908/1857/921
f 747/1534/769 862/1743/875 880/1858/876
f 803/1604/801 910/1815/914 780/1605/802
f 898/1791/903 930/1859/934 911/1816/915
f 886/1860/890 744/1861/762 933/1862/935
f 872/1833/880 919/1836/924 921/1834/923
f 878/1747/879 781/1596/796 856/1789/865
f 766/1591/785 925/1775/893 750/1766/755
f 909/1863/936 810/1409/719 761/1713/764
f 745/1864/730 860/1725/866 918/1865/937
f 922/1780/897 869/1694/851 821/1662/831
f 923/1866/927 894/1832/895 890/1820/918
f 894/1832/895 921/1834/923 890/1820/918
f 923/1866/927 890/1820/918 911/1816/915
f 875/1756/882 778/1638/818 940/1867/938
f 863/1868/926 945/1869/939 842/1870/850
f 901/1871/905 928/1872/940 929/1873/941
f 869/1694/851 914/1874/931 816/1619/809
f 869/1875/851 899/1876/898 914/1850/931
f 981/1877/942 844/1332/685 524/1627/527
f 744/1553/762 886/1878/890 800/1554/777
f 743/1765/760 883/1879/888 831/1880/834
f 921/1834/923 919/1836/924 942/1881/943
f 879/1882/867 901/1871/905 929/1873/941
f 795/1883/815 932/1884/944 807/1885/751
f 937/1795/906 809/1814/817 823/1721/782
f 837/1886/836 924/1847/930 805/1846/799
f 858/1856/860 926/1855/933 883/1887/888
f 758/1539/771 721/1299/670 725/1471/744
f 940/1867/938 797/1601/798 884/1888/885
f 896/1889/863 895/1890/902 942/1891/943
f 951/1892/945 918/1865/937 860/1725/866
f 881/1801/858 807/1739/751 932/1893/944
f 946/1894/946 941/1895/947 938/1896/909
f 939/1757/883 784/1615/807 897/1897/928
f 942/1881/943 895/1790/902 921/1834/923
f 981/1877/942 524/1627/527 915/1735/871
f 694/1831/695 892/1812/913 943/1898/948
f 903/1899/904 950/1900/949 928/1872/940
f 930/1859/934 944/1901/950 911/1816/915
f 888/1773/891 813/1734/870 740/1546/750
f 935/1902/951 792/1715/792 554/1384/486
f 930/1903/934 898/1800/903 900/1785/899
f 923/1866/927 908/1904/921 905/1905/911
f 938/1896/909 947/1906/952 946/1894/946
f 915/1735/871 828/1559/780 970/1907/953
f 954/1908/954 919/1909/924 902/1818/916
f 906/1910/892 924/1847/930 938/1896/909
f 907/1809/912 768/1811/775 814/1911/833
f 901/1871/905 903/1899/904 928/1872/940
f 908/1904/921 923/1866/927 944/1901/950
f 809/1814/817 937/1795/906 892/1812/913
f 916/1912/955 934/1786/900 753/1612/806
f 822/1658/830 959/1913/956 837/1914/836
f 929/1873/941 928/1872/940 956/1915/957
f 977/1819/917 862/1743/875 859/1678/841
f 750/1766/755 925/1775/893 951/1892/945
f 810/1916/719 909/1917/936 1002/1853/881
f 928/1872/940 950/1900/949 956/1915/957
f 896/1889/863 942/1891/943 931/1918/925
f 911/1816/915 944/1901/950 923/1866/927
f 758/1539/771 871/1682/845 955/1919/958
f 927/1920/901 973/1921/959 814/1922/833
f 736/1617/740 865/1923/919 922/1780/897
f 947/1906/952 956/1924/957 946/1894/946
f 704/1925/704 882/1926/878 952/1927/960
f 873/1742/874 845/1687/847 903/1793/904
f 946/1894/946 956/1924/957 950/1928/949
f 934/1786/900 910/1815/914 803/1604/801
f 922/1780/897 821/1662/831 736/1617/740
f 951/1892/945 860/1725/866 750/1766/755
f 908/1904/921 944/1901/950 926/1929/933
f 864/1930/873 842/1870/850 945/1869/939
f 924/1847/930 947/1906/952 938/1896/909
f 834/1758/884 948/1931/961 849/1701/853
f 838/1703/856 851/1695/852 920/1828/922
f 961/1932/962 941/1895/947 946/1894/946
f 882/1926/878 854/1933/887 952/1927/960
f 874/1777/894 954/1908/954 902/1818/916
f 913/1841/929 808/1934/820 876/1848/877
f 917/1935/932 854/1933/887 723/1936/770
f 962/1937/963 843/1938/859 864/1939/873
f 966/1940/964 817/1647/823 830/1941/837
f 963/1942/965 930/1903/934 900/1785/899
f 926/1929/933 944/1901/950 963/1943/965
f 830/1944/837 833/1945/838 966/1946/964
f 966/1946/964 833/1945/838 967/1947/966
f 963/1942/965 944/1948/950 930/1903/934
f 956/1949/957 964/1950/967 929/1951/941
f 916/1912/955 753/1612/806 880/1744/876
f 879/1728/867 929/1951/941 957/1952/968
f 940/1867/938 778/1638/818 797/1601/798
f 904/1796/907 975/1953/969 978/1797/908
f 904/1954/907 881/1801/858 932/1893/944
f 819/1798/849 976/1955/970 1012/1956/971
f 865/1957/919 835/1958/839 938/1896/909
f 931/1959/925 997/1960/972 868/1823/864
f 852/1651/827 885/1762/886 897/1840/928
f 960/1961/973 880/1858/876 862/1743/875
f 903/1899/904 845/1810/847 907/1809/912
f 863/1868/926 694/1831/695 943/1898/948
f 886/1860/890 963/1942/965 900/1785/899
f 972/1962/974 950/1900/949 903/1899/904
f 909/1917/936 761/1963/764 968/1964/975
f 893/1965/910 849/1966/853 948/1967/961
f 968/1964/975 761/1963/764 969/1968/976
f 963/1969/965 883/1887/888 926/1855/933
f 925/1775/893 889/1779/896 979/1970/977
f 914/1850/931 811/1971/819 786/1851/810
f 889/1779/896 987/1972/978 979/1970/977
f 772/1543/773 970/1973/953 828/1787/780
f 886/1860/890 933/1862/935 963/1942/965
f 971/1974/979 931/1918/925 942/1891/943
f 973/1975/959 927/1976/901 913/1977/929
f 834/1758/884 745/1661/730 983/1978/980
f 795/1635/815 984/1979/981 995/1980/982
f 754/1716/832 958/1981/983 969/1982/976
f 937/1795/906 965/1983/984 892/1812/913
f 971/1974/979 942/1891/943 919/1984/924
f 893/1805/910 954/1908/954 874/1777/894
f 837/1886/836 988/1985/985 924/1847/930
f 893/1805/910 989/1986/986 954/1908/954
f 883/1887/888 963/1987/965 933/1988/935
f 745/1661/730 834/1758/884 855/1610/804
f 884/1761/885 879/1728/867 957/1952/968
f 922/1989/897 865/1990/919 986/1991/987
f 950/1928/949 972/1992/974 946/1894/946
f 919/1909/924 954/1908/954 990/1993/988
f 948/1967/961 834/1994/884 993/1995/989
f 931/1959/925 868/1823/864 861/1700/855
f 758/1539/771 955/1919/958 819/1689/849
f 957/1952/968 929/1951/941 964/1950/967
f 964/1996/967 956/1924/957 947/1906/952
f 817/1647/823 966/1940/964 992/1997/990
f 704/1925/704 952/1927/960 949/1998/991
f 854/1933/887 994/1999/992 952/1927/960
f 792/1715/792 958/1981/983 754/1716/832
f 996/2000/993 939/1757/883 897/1897/928
f 920/1828/922 851/1695/852 974/2001/994
f 943/1898/948 892/1812/913 965/1983/984
f 959/1913/956 822/1658/830 910/1815/914
f 999/2002/995 913/1841/929 876/1848/877
f 836/1704/857 920/1828/922 856/1723/865
f 916/1912/955 880/1744/876 960/2003/973
f 912/1824/920 831/1844/834 991/2004/996
f 982/2005/997 915/1735/871 970/1907/953
f 969/1982/976 761/2006/764 754/1716/832
f 865/1957/919 938/1896/909 941/1895/947
f 932/1893/944 998/2007/998 904/1954/907
f 916/1912/955 1009/2008/999 934/1786/900
f 843/1938/859 967/1947/966 833/1945/838
f 843/1938/859 1007/2009/1000 967/1947/966
f 792/1715/792 935/1902/951 958/1981/983
f 920/1828/922 985/2010/1001 856/1723/865
f 876/2011/877 912/2012/920 991/2013/996
f 831/2014/834 883/1887/888 933/1988/935
f 889/1779/896 1012/1956/971 987/1972/978
f 877/1772/844 704/2015/704 949/2016/991
f 964/1996/967 947/1906/952 924/1847/930
f 887/1736/872 866/1670/835 1003/2017/1002
f 899/1876/898 922/1989/897 986/1991/987
f 875/1756/882 1000/2018/1003 885/1762/886
f 1001/2019/1004 875/1756/882 940/1867/938
f 1012/1956/971 889/1779/896 819/1798/849
f 993/2020/989 834/2021/884 983/2022/980
f 999/2023/995 876/2011/877 991/2013/996
f 990/2024/988 971/1974/979 919/1984/924
f 708/1410/720 1003/2017/1002 724/1411/721
f 1004/2025/1005 913/1977/929 999/2023/995
f 951/1892/945 925/1775/893 979/1970/977
f 980/2026/1006 708/1410/720 817/1647/823
f 988/1985/985 837/1886/836 959/2027/956
f 904/1954/907 998/2007/998 975/2028/969
f 934/1786/900 1009/2008/999 910/1815/914
f 909/1917/936 968/1964/975 1002/1853/881
f 866/1670/835 724/1411/721 1003/2017/1002
f 843/1938/859 962/1937/963 1007/2009/1000
f 878/2029/879 856/1723/865 985/2010/1001
f 888/1773/891 877/1772/844 953/2030/1007
f 939/1757/883 996/2000/993 974/2001/994
f 864/1939/873 945/2031/939 962/1937/963
f 935/1902/951 554/1384/486 936/2032/472
f 1006/2033/1008 813/1734/870 888/1773/891
f 1005/2034/1009 937/1795/906 868/1720/864
f 877/1772/844 949/2016/991 953/2030/1007
f 981/1877/942 915/1735/871 982/2005/997
f 795/1635/815 887/1736/872 984/1979/981
f 918/1865/937 951/1892/945 1010/2035/1010
f 744/2036/762 1049/2037/1011 933/2038/935
f 865/1990/919 941/2039/947 1008/2040/1012
f 899/1876/898 986/1991/987 1017/2041/1013
f 1013/2042/1014 990/1993/988 954/1908/954
f 998/2043/998 1016/2044/1015 975/2045/969
f 907/2046/912 814/2047/833 973/1975/959
f 878/1747/879 1039/2048/1016 977/1819/917
f 1004/2025/1005 973/1975/959 913/1977/929
f 932/1884/944 795/1883/815 995/2049/982
f 1017/2041/1013 914/1850/931 899/1876/898
f 949/2016/991 952/2050/960 994/2051/992
f 932/2052/944 1016/2044/1015 998/2043/998
f 997/2053/972 931/1918/925 1011/2054/1017
f 811/1971/819 914/1850/931 1014/2055/1018
f 914/1850/931 1018/2056/1019 1014/2057/1018
f 983/2058/980 745/1864/730 918/1865/937
f 865/1990/919 1008/2040/1012 986/1991/987
f 1005/2034/1009 965/1983/984 937/1795/906
f 1013/2042/1014 954/1908/954 989/1986/986
f 910/1815/914 1009/2008/999 959/1913/956
f 997/2059/972 1005/2034/1009 868/1720/864
f 962/1937/963 945/2031/939 1022/2060/1020
f 772/1543/773 1019/2061/1021 970/1973/953
f 986/1991/987 1024/2062/1022 1017/2041/1013
f 1011/2054/1017 931/1918/925 971/1974/979
f 851/1695/852 939/1757/883 974/2001/994
f 960/1961/973 862/1743/875 977/1819/917
f 1004/2025/1005 1027/2063/1023 973/1975/959
f 811/2064/819 1014/2065/1018 744/2036/762
f 976/2066/970 1023/2067/1024 1012/2068/971
f 989/2069/986 893/1965/910 948/1967/961
f 990/1993/988 1013/2042/1014 1030/2070/1025
f 940/1867/938 884/1888/885 1029/2071/1026
f 914/2072/931 1017/2073/1013 1018/2074/1019
f 972/2075/974 961/2076/962 946/2077/946
f 897/1840/928 885/1762/886 1020/2078/1027
f 971/1974/979 990/2024/988 1032/2079/1028
f 1032/2079/1028 1011/2054/1017 971/1974/979
f 964/1996/967 988/1985/985 1021/2080/1029
f 1015/2081/1030 916/1912/955 960/2003/973
f 993/2082/989 1041/2083/1031 948/1967/961
f 966/1946/964 967/1947/966 1031/2084/1032
f 1000/2018/1003 1020/2078/1027 885/1762/886
f 953/2030/1007 1006/2033/1008 888/1773/891
f 1000/2018/1003 875/1756/882 1001/2019/1004
f 933/1988/935 1034/2085/1033 831/2014/834
f 987/2086/978 1012/2068/971 1023/2067/1024
f 918/2087/937 1010/2088/1010 983/2022/980
f 959/1913/956 1025/2089/1034 988/2090/985
f 863/2091/926 1022/2060/1020 945/2031/939
f 1032/2079/1028 990/2024/988 1030/2092/1025
f 985/2010/1001 1039/2093/1016 878/2029/879
f 1035/2094/1035 1004/2025/1005 999/2023/995
f 973/1975/959 1027/2063/1023 907/2046/912
f 907/2095/912 1037/2096/1036 903/2097/904
f 986/2098/987 1008/2099/1012 1024/2100/1022
f 1021/2101/1029 957/1952/968 964/1950/967
f 951/2102/945 979/2103/977 1036/2104/1037
f 1006/2033/1008 871/1682/845 813/1734/870
f 1022/2060/1020 863/2091/926 943/2105/948
f 1011/2106/1017 1026/2107/1038 997/2108/972
f 976/2066/970 1040/2109/1039 1023/2067/1024
f 920/1828/922 1028/2110/1040 1044/2111/1041
f 992/2112/990 966/1946/964 1031/2084/1032
f 1010/2088/1010 951/2102/945 1036/2104/1037
f 744/2036/762 1014/2065/1018 1049/2037/1011
f 1042/2113/1042 994/2051/992 854/2114/887
f 1031/2084/1032 967/1947/966 1038/2115/1043
f 987/2116/978 1043/2117/1044 979/2103/977
f 957/2118/968 1029/2071/1026 884/1888/885
f 1052/2119/1045 989/2069/986 948/1967/961
f 993/2082/989 983/2120/980 1041/2083/1031
f 980/2026/1006 817/1647/823 992/1997/990
f 955/1919/958 976/2121/970 819/1689/849
f 988/1985/985 964/1996/967 924/1847/930
f 999/2122/995 991/2123/996 1035/2124/1035
f 1034/2085/1033 991/2123/996 831/2014/834
f 1005/2125/1009 1033/2126/1046 965/2127/984
f 1066/2128/1047 965/1983/984 1033/2129/1046
f 1020/2078/1027 996/2130/993 897/1840/928
f 887/1736/872 1003/2017/1002 1046/2131/1048
f 1042/2113/1042 854/2114/887 917/2132/932
f 887/1736/872 1046/2131/1048 984/1979/981
f 1027/2063/1023 1004/2025/1005 1035/2094/1035
f 960/1961/973 977/1819/917 1039/2048/1016
f 1028/2110/1040 974/2001/994 996/2000/993
f 994/2051/992 1042/2113/1042 949/2016/991
f 1045/2133/1049 1002/1853/881 968/1964/975
f 1028/2110/1040 920/1828/922 974/2001/994
f 987/2086/978 1023/2067/1024 1043/2134/1044
f 916/1912/955 1015/2081/1030 1009/2008/999
f 940/1867/938 1029/2071/1026 1001/2019/1004
f 989/2069/986 1052/2119/1045 1013/2135/1014
f 1010/2088/1010 1047/2136/1050 983/2022/980
f 949/2016/991 1042/2113/1042 1067/2137/1051
f 1038/2115/1043 967/1947/966 1007/2009/1000
f 1039/2048/1016 1053/2138/1052 960/1961/973
f 978/2139/908 1073/2140/1053 772/2141/773
f 772/1543/773 775/1542/772 978/1797/908
f 907/2095/912 1027/2142/1023 1037/2096/1036
f 1008/2099/1012 941/2143/947 961/2076/962
f 1036/2104/1037 979/2103/977 1043/2144/1044
f 1005/2145/1009 997/2108/972 1026/2107/1038
f 1041/2083/1031 1052/2119/1045 948/1967/961
f 932/2052/944 1051/2146/1054 1058/2147/1055
f 1037/2148/1036 972/1962/974 903/1899/904
f 1057/2149/1056 985/2010/1001 1044/2111/1041
f 955/1919/958 871/1682/845 1006/2033/1008
f 1066/2150/1047 943/2151/948 965/2152/984
f 920/1828/922 1044/2111/1041 985/2010/1001
f 1053/2153/1052 1015/2081/1030 960/2003/973
f 985/2010/1001 1057/2149/1056 1039/2093/1016
f 1054/2154/1057 1124/2155/1058 932/2052/944
f 1000/2018/1003 1001/2019/1004 1064/2156/1059
f 1001/2019/1004 1029/2071/1026 1061/2157/1060
f 1035/2124/1035 991/2123/996 1062/2158/1061
f 933/2038/935 1074/2159/1062 1034/2160/1033
f 1016/2044/1015 1058/2147/1055 975/2045/969
f 1051/2146/1054 932/2052/944 1124/2155/1058
f 1028/2161/1040 996/2130/993 1020/2078/1027
f 1017/2073/1013 1024/2100/1022 1018/2074/1019
f 1054/2154/1057 932/2052/944 995/2162/982
f 1022/2060/1020 943/2105/948 1063/2163/1063
f 988/2164/985 1059/2165/1064 1021/2166/1029
f 957/2118/968 1059/2165/1064 1029/2071/1026
f 1006/2033/1008 953/2030/1007 1055/2167/1065
f 1026/2107/1038 1079/2168/1066 1005/2145/1009
f 1074/2159/1062 933/2038/935 1049/2037/1011
f 1021/2166/1029 1059/2165/1064 957/2118/968
f 1010/2088/1010 1036/2104/1037 1047/2136/1050
f 1063/2163/1063 962/1937/963 1022/2060/1020
f 1008/2099/1012 1070/2169/1067 1024/2100/1022
f 959/1913/956 1009/2008/999 1071/2170/1068
f 1049/2037/1011 1014/2065/1018 1018/2171/1019
f 1033/2172/1046 1005/2145/1009 1079/2168/1066
f 1063/2163/1063 1007/2009/1000 962/1937/963
f 932/2052/944 1058/2147/1055 1016/2044/1015
f 1079/2168/1066 1066/2173/1047 1033/2172/1046
f 1050/2174/1069 968/2175/975 969/1982/976
f 980/2026/1006 1003/2017/1002 708/1410/720
f 1008/2099/1012 961/2076/962 1070/2169/1067
f 935/1902/951 1072/2176/1070 958/1981/983
f 1020/2078/1027 1000/2018/1003 1064/2156/1059
f 1061/2157/1060 1064/2156/1059 1001/2019/1004
f 1025/2089/1034 959/1913/956 1071/2170/1068
f 1059/2165/1064 988/2164/985 1025/2177/1034
f 1060/2178/1071 1049/2037/1011 1018/2171/1019
f 1053/2138/1052 1039/2048/1016 1057/2179/1056
f 1068/2180/1072 1037/2096/1036 1027/2142/1023
f 1062/2158/1061 991/2123/996 1034/2085/1033
f 1044/2111/1041 1028/2110/1040 1065/2181/1073
f 1041/2083/1031 1093/2182/1074 1052/2119/1045
f 1038/2115/1043 1007/2009/1000 1080/2183/1075
f 1075/2184/1076 1026/2185/1038 1011/2186/1017
f 1069/2187/1077 1013/2188/1014 1052/2189/1045
f 1050/2174/1069 969/1982/976 958/1981/983
f 953/2030/1007 949/2016/991 1055/2167/1065
f 1027/2142/1023 1035/2124/1035 1068/2180/1072
f 1095/2190/1078 917/1854/932 1002/1853/881
f 1058/2147/1055 1082/2191/1079 975/2045/969
f 949/2016/991 1067/2137/1051 1078/2192/1080
f 1085/2193/1081 1023/2067/1024 1040/2109/1039
f 1062/2158/1061 1068/2180/1072 1035/2124/1035
f 1025/2089/1034 1071/2170/1068 1087/2194/1082
f 1065/2195/1073 1028/2161/1040 1020/2078/1027
f 1073/2196/1053 975/2045/969 1082/2191/1079
f 1079/2168/1066 1083/2197/1083 1066/2173/1047
f 1059/2165/1064 1025/2198/1034 1087/2199/1082
f 943/2151/948 1066/2150/1047 1081/2200/1084
f 1088/2201/1085 983/2022/980 1047/2136/1050
f 1002/1853/881 1045/2133/1049 1095/2190/1078
f 1030/2202/1025 1013/2188/1014 1069/2187/1077
f 1029/2071/1026 1059/2165/1064 1089/2203/1086
f 1070/2169/1067 1060/2204/1071 1018/2074/1019
f 981/2205/942 982/2206/997 1048/2207/1087
f 1063/2163/1063 1080/2183/1075 1007/2009/1000
f 978/2208/908 975/2045/969 1073/2196/1053
f 1041/2083/1031 983/2120/980 1116/2209/1088
f 1032/2210/1028 1030/2211/1025 1069/2212/1077
f 1085/2193/1081 1076/2213/1089 1023/2067/1024
f 1069/2212/1077 1075/2184/1076 1032/2210/1028
f 1076/2213/1089 1092/2214/1090 1043/2134/1044
f 1049/2037/1011 1090/2215/1091 1074/2159/1062
f 1111/2216/1092 992/2217/990 1031/2084/1032
f 1076/2213/1089 1043/2134/1044 1023/2067/1024
f 1060/2178/1071 1090/2215/1091 1049/2037/1011
f 1015/2081/1030 1053/2153/1052 1057/2218/1056
f 1081/2200/1084 1094/2219/1093 1063/2220/1063
f 1071/2170/1068 1009/2008/999 1015/2081/1030
f 1077/2221/1094 955/2222/958 1125/2223/1095
f 1070/2169/1067 1018/2074/1019 1024/2100/1022
f 1034/2085/1033 1090/2224/1091 1062/2158/1061
f 1096/2225/1096 1065/2195/1073 1020/2078/1027
f 1093/2226/1074 1069/2187/1077 1052/2189/1045
f 1091/2227/1097 1037/2096/1036 1068/2180/1072
f 983/2022/980 1088/2201/1085 1116/2228/1088
f 1038/2229/1043 1080/2230/1075 1110/2231/1098
f 1091/2232/1097 1070/2169/1067 961/2076/962
f 1075/2233/1076 1079/2168/1066 1026/2107/1038
f 1098/2234/1099 1071/2170/1068 1015/2081/1030
f 1116/2235/1088 1093/2226/1074 1041/2236/1031
f 1091/2232/1097 961/2076/962 972/2075/974
f 1075/2184/1076 1011/2186/1017 1032/2210/1028
f 1061/2157/1060 1029/2071/1026 1089/2203/1086
f 1074/2159/1062 1090/2215/1091 1034/2237/1033
f 1099/2238/1100 1036/2104/1037 1043/2144/1044
f 1015/2081/1030 1057/2218/1056 1098/2234/1099
f 1064/2156/1059 1061/2157/1060 1096/2225/1096
f 1091/2232/1097 972/2075/974 1037/2239/1036
f 1111/2240/1092 1031/2241/1032 1110/2231/1098
f 1068/2180/1072 1062/2158/1061 1090/2242/1091
f 1091/2232/1097 1068/2243/1072 1100/2244/1101
f 1056/2245/1102 970/2246/953 1019/2247/1021
f 1051/2146/1054 1082/2191/1079 1058/2147/1055
f 1103/2248/1103 1067/2137/1051 1042/2113/1042
f 1068/2249/1072 1090/2250/1091 1100/2244/1101
f 1091/2232/1097 1106/2251/1104 1070/2169/1067
f 1059/2165/1064 1087/2199/1082 1089/2203/1086
f 1057/2252/1056 1044/2253/1041 1102/2254/1105
f 1006/2033/1008 1055/2167/1065 1084/2255/1106
f 1105/2256/1107 1066/2173/1047 1083/2197/1083
f 1083/2257/1083 1079/2258/1066 1075/2184/1076
f 1075/2184/1076 1105/2259/1107 1083/2257/1083
f 949/2016/991 1078/2192/1080 1055/2167/1065
f 968/1964/975 1095/2260/1078 1045/2133/1049
f 1106/2261/1104 1090/2215/1091 1060/2262/1071
f 1093/2226/1074 1114/2263/1108 1069/2187/1077
f 1110/2231/1098 1031/2241/1032 1038/2229/1043
f 1111/2264/1092 1107/2265/1109 992/2266/990
f 1096/2225/1096 1020/2078/1027 1064/2156/1059
f 1099/2238/1100 1043/2144/1044 1092/2267/1090
f 1106/2251/1104 1091/2232/1097 1100/2244/1101
f 1065/2195/1073 1102/2254/1105 1044/2253/1041
f 1077/2221/1094 1040/2268/1039 976/2269/970
f 772/2141/773 1108/2270/1110 1019/2247/1021
f 1080/2271/1075 1063/2220/1063 1109/2272/1111
f 1073/2273/1053 1082/2274/1079 1104/2275/1112
f 1105/2276/1107 1081/2200/1084 1066/2150/1047
f 1106/2251/1104 1060/2204/1071 1070/2169/1067
f 1056/2277/1102 1048/2207/1087 970/2278/953
f 1050/2174/1069 958/1981/983 1072/2176/1070
f 1106/2251/1104 1100/2244/1101 1090/2250/1091
f 1096/2225/1096 1112/2279/1113 1102/2254/1105
f 1114/2280/1108 1075/2184/1076 1069/2212/1077
f 1061/2157/1060 1112/2279/1113 1096/2225/1096
f 1105/2276/1107 1115/2281/1114 1081/2200/1084
f 1086/2282/1115 1003/2017/1002 980/2026/1006
f 1075/2184/1076 1114/2280/1108 1105/2259/1107
f 1061/2157/1060 1089/2203/1086 1112/2279/1113
f 1065/2195/1073 1096/2225/1096 1102/2254/1105
f 982/2206/997 970/2278/953 1048/2207/1087
f 1098/2283/1099 1057/2252/1056 1102/2254/1105
f 1103/2284/1103 1042/2285/1042 1119/2286/1116
f 1054/2287/1057 984/1979/981 1118/2288/1117
f 981/2205/942 1048/2207/1087 844/2289/685
f 917/2290/932 1119/2286/1116 1042/2285/1042
f 1003/2017/1002 1086/2282/1115 1046/2131/1048
f 1112/2279/1113 1089/2203/1086 1087/2199/1082
f 1088/2201/1085 1047/2136/1050 1036/2104/1037
f 1098/2283/1099 1087/2199/1082 1071/2291/1068
f 1087/2199/1082 1098/2283/1099 1112/2279/1113
f 1081/2200/1084 1063/2220/1063 943/2292/948
f 1051/2293/1054 1104/2275/1112 1082/2274/1079
f 1114/2263/1108 1093/2226/1074 1115/2294/1114
f 1054/2287/1057 995/1980/982 984/1979/981
f 1112/2279/1113 1098/2283/1099 1102/2254/1105
f 1095/2295/1078 1120/2296/1118 917/2290/932
f 1088/2201/1085 1036/2104/1037 1099/2238/1100
f 1105/2259/1107 1114/2280/1108 1115/2297/1114
f 1095/2260/1078 968/1964/975 1133/2298/1119
f 1117/2299/1120 1076/2300/1089 1085/2301/1081
f 1116/2235/1088 1115/2294/1114 1093/2226/1074
f 1097/2302/1121 1006/2033/1008 1084/2255/1106
f 1109/2272/1111 1063/2220/1063 1094/2219/1093
f 1103/2248/1103 1078/2192/1080 1067/2137/1051
f 1123/2303/1122 1092/2304/1090 1076/2300/1089
f 1157/2305/1123 1050/2174/1069 1072/2176/1070
f 1097/2306/1121 1125/2223/1095 955/2307/958
f 772/2141/773 1073/2140/1053 1108/2270/1110
f 1127/2308/1124 1080/2271/1075 1109/2272/1111
f 1050/2309/1069 1161/2310/1125 1128/2311/1126
f 1126/2312/1127 1116/2235/1088 1088/2313/1085
f 1117/2299/1120 1123/2303/1122 1076/2300/1089
f 1097/2302/1121 955/1919/958 1006/2033/1008
f 1051/2293/1054 1122/2314/1128 1104/2275/1112
f 1110/2231/1098 1127/2315/1124 1131/2316/1129
f 1127/2315/1124 1110/2231/1098 1080/2230/1075
f 1126/2312/1127 1088/2317/1085 1099/2318/1100
f 1104/2275/1112 1132/2319/1130 1073/2273/1053
f 980/2320/1006 992/2266/990 1107/2265/1109
f 1130/2321/1131 1092/2304/1090 1123/2303/1122
f 1081/2200/1084 1134/2322/1132 1094/2219/1093
f 1104/2275/1112 1122/2314/1128 1132/2319/1130
f 1118/2288/1117 984/1979/981 1046/2131/1048
f 1077/2221/1094 976/2269/970 955/2222/958
f 1130/2321/1131 1099/2318/1100 1092/2304/1090
f 1110/2231/1098 1131/2316/1129 1111/2240/1092
f 1134/2322/1132 1109/2272/1111 1094/2219/1093
f 1086/2282/1115 1118/2288/1117 1046/2131/1048
f 1141/2323/1133 1123/2303/1122 1117/2299/1120
f 1122/2314/1128 1139/2324/1134 1132/2319/1130
f 1101/2325/1135 1056/2245/1102 1019/2247/1021
f 1103/2284/1103 1119/2286/1116 1135/2326/1136
f 1133/2298/1119 968/1964/975 1050/2327/1069
f 1085/2301/1081 1136/2328/1137 1117/2299/1120
f 1130/2321/1131 1123/2303/1122 1140/2329/1138
f 1055/2330/1065 1129/2331/1139 1084/2332/1106
f 1123/2303/1122 1141/2323/1133 1140/2329/1138
f 1122/2314/1128 1051/2293/1054 1139/2324/1134
f 1115/2294/1114 1116/2235/1088 1126/2312/1127
f 844/2289/685 1048/2207/1087 1147/2333/1140
f 1129/2331/1139 1055/2330/1065 1078/2334/1080
f 1131/2335/1129 1144/2336/1141 1152/2337/1142
f 1115/2294/1114 1126/2312/1127 1146/2338/1143
f 1131/2335/1129 1127/2339/1124 1144/2336/1141
f 1140/2329/1138 1153/2340/1144 1130/2321/1131
f 1054/2287/1057 1118/2288/1117 1121/2341/1145
f 1131/2335/1129 1152/2337/1142 1137/2342/1146
f 1145/2343/1147 1107/2344/1109 1111/2240/1092
f 1101/2325/1135 1019/2247/1021 1108/2270/1110
f 1144/2336/1141 1127/2339/1124 1143/2345/1148
f 1117/2299/1120 1136/2328/1137 1141/2323/1133
f 1147/2333/1140 1048/2207/1087 1056/2277/1102
f 1137/2346/1146 1111/2240/1092 1131/2316/1129
f 1146/2338/1143 1126/2312/1127 1099/2318/1100
f 1153/2340/1144 1099/2318/1100 1130/2321/1131
f 1144/2347/1141 1153/2348/1144 1140/2349/1138
f 1134/2350/1132 1081/2351/1084 1115/2352/1114
f 1143/2353/1148 1153/2348/1144 1144/2347/1141
f 1148/2354/1149 1127/2355/1124 1109/2356/1111
f 1141/2357/1133 1152/2337/1142 1140/2358/1138
f 1152/2337/1142 1144/2336/1141 1140/2358/1138
f 1132/2319/1130 1139/2324/1134 1154/2359/1150
f 1153/2340/1144 1151/2360/1151 1099/2318/1100
f 1148/2354/1149 1143/2353/1148 1127/2355/1124
f 980/2320/1006 1107/2265/1109 1113/2361/1152
f 1141/2323/1133 1136/2328/1137 1155/2362/1153
f 1148/2354/1149 1134/2350/1132 1138/2363/1154
f 1138/2363/1154 1134/2350/1132 1115/2352/1114
f 1148/2354/1149 1109/2356/1111 1134/2350/1132
f 1141/2323/1133 1155/2362/1153 1152/2364/1142
f 1107/2265/1109 1145/2365/1147 1113/2361/1152
f 1103/2284/1103 1135/2326/1136 1150/2366/1155
f 1103/2284/1103 1150/2366/1155 1078/2334/1080
f 1151/2360/1151 1146/2338/1143 1099/2318/1100
f 1040/2268/1039 1142/2367/1156 1085/2368/1081
f 1148/2354/1149 1153/2348/1144 1143/2353/1148
f 1072/2176/1070 935/1902/951 936/2369/472
f 1125/2223/1095 1142/2367/1156 1077/2221/1094
f 1153/2348/1144 1148/2354/1149 1151/2370/1151
f 1050/2309/1069 1157/2371/1123 1161/2310/1125
f 1072/2372/1070 936/2373/472 1157/2371/1123
f 1156/2374/1157 1154/2375/1150 1139/2376/1134
f 1111/2377/1092 1137/2342/1146 1145/2378/1147
f 1124/2379/1058 1054/2287/1057 1121/2341/1145
f 1152/2337/1142 1155/2380/1153 1137/2342/1146
f 1138/2381/1154 1115/2297/1114 1146/2382/1143
f 1119/2286/1116 917/2290/932 1149/2383/1158
f 1151/2370/1151 1148/2354/1149 1138/2363/1154
f 1073/2273/1053 1132/2319/1130 1154/2359/1150
f 1151/2370/1151 1138/2363/1154 1146/2384/1143
f 1158/2385/1159 1135/2326/1136 1119/2286/1116
f 1095/2295/1078 1133/2386/1119 1120/2296/1118
f 1128/2387/1126 1133/2388/1119 1050/2389/1069
f 1149/2390/1158 917/2391/932 1120/2392/1118
f 1129/2331/1139 1078/2334/1080 1150/2366/1155
f 1135/2326/1136 1158/2385/1159 1150/2366/1155
f 1156/2393/1157 1139/2324/1134 1051/2293/1054
f 844/2289/685 1147/2333/1140 1173/2394/1160
f 1101/2395/1135 1175/2396/1161 1056/2277/1102
f 1097/2306/1121 1084/2332/1106 1167/2397/1162
f 1145/2378/1147 1137/2342/1146 1155/2380/1153
f 1150/2366/1155 1158/2385/1159 1163/2398/1163
f 1158/2399/1159 1119/2400/1116 1168/2401/1164
f 1084/2332/1106 1129/2331/1139 1167/2397/1162
f 1128/2387/1126 1120/2392/1118 1133/2388/1119
f 1119/2400/1116 1149/2390/1158 1168/2401/1164
f 1167/2397/1162 1125/2223/1095 1097/2306/1121
f 1154/2375/1150 1164/2402/1165 1073/2403/1053
f 1160/2404/1166 1124/2379/1058 1121/2341/1145
f 1124/2379/1058 1160/2404/1166 1156/2405/1157
f 1118/2288/1117 1086/2282/1115 1170/2406/1167
f 980/2407/1006 1169/2408/1168 1086/2409/1115
f 1124/2410/1058 1156/2393/1157 1051/2293/1054
f 1165/2411/1169 1164/2402/1165 1154/2375/1150
f 1164/2402/1165 1108/2412/1110 1073/2403/1053
f 1159/2413/1170 1085/2368/1081 1142/2367/1156
f 1156/2374/1157 1165/2411/1169 1154/2375/1150
f 1161/2310/1125 1157/2371/1123 1171/2414/1171
f 1171/2414/1171 1128/2311/1126 1161/2310/1125
f 1166/2415/1172 1101/2416/1135 1108/2417/1110
f 1056/2277/1102 1175/2396/1161 1147/2333/1140
f 1086/2409/1115 1169/2408/1168 1170/2418/1167
f 1166/2415/1172 1175/2419/1161 1101/2416/1135
f 1176/2420/1173 1164/2402/1165 1165/2411/1169
f 1121/2341/1145 1118/2288/1117 1170/2406/1167
f 1163/2421/1163 1158/2399/1159 1180/2422/1174
f 1113/2361/1152 1169/2408/1168 980/2407/1006
f 1147/2333/1140 1175/2396/1161 1174/2423/1175
f 844/2289/685 1173/2394/1160 1162/2424/1176
f 1173/2394/1160 1147/2333/1140 1174/2423/1175
f 1136/2425/1137 1085/2368/1081 1159/2413/1170
f 1172/2426/1177 1160/2427/1166 1121/2428/1145
f 1168/2429/1164 1180/2430/1174 1158/2431/1159
f 1156/2374/1157 1182/2432/1178 1165/2411/1169
f 1192/2433/1179 1113/2361/1152 1145/2365/1147
f 1163/2434/1163 1180/2430/1174 1179/2435/1180
f 1145/2365/1147 1155/2436/1153 1184/2437/1181
f 1183/2438/1182 1157/2371/1123 936/2373/472
f 1163/2434/1163 1179/2435/1180 1150/2439/1155
f 1172/2426/1177 1121/2428/1145 1170/2440/1167
f 1187/2441/1183 1180/2442/1174 1168/2443/1164
f 1157/2371/1123 1183/2438/1182 1171/2414/1171
f 1142/2367/1156 1188/2444/1184 1159/2413/1170
f 1149/2390/1158 1189/2445/1185 1193/2446/1186
f 1164/2402/1165 1176/2420/1173 1186/2447/1187
f 1108/2448/1110 1181/2449/1188 1166/2450/1172
f 1145/2365/1147 1184/2437/1181 1192/2433/1179
f 1164/2451/1165 1186/2452/1187 1204/2453/1189
f 1168/2443/1164 1193/2454/1186 1187/2441/1183
f 1190/2455/1190 1185/2456/1191 1120/2392/1118
f 1165/2457/1169 1182/2458/1178 1176/2459/1173
f 1108/2448/1110 1191/2460/1192 1181/2449/1188
f 1120/2392/1118 1128/2387/1126 1190/2455/1190
f 1077/2221/1094 1142/2367/1156 1040/2268/1039
f 1195/2461/1193 1174/2462/1175 1196/2463/1194
f 1129/2331/1139 1178/2464/1195 1167/2397/1162
f 1186/2452/1187 1176/2459/1173 1182/2458/1178
f 1186/2452/1187 1198/2465/1196 1204/2453/1189
f 1171/2414/1171 1194/2466/1197 1128/2311/1126
f 1142/2367/1156 1125/2223/1095 1167/2397/1162
f 1198/2465/1196 1186/2452/1187 1182/2458/1178
f 936/2467/472 844/2468/685 1199/2469/1198
f 1172/2426/1177 1197/2470/1199 1160/2427/1166
f 1167/2397/1162 1178/2464/1195 1142/2367/1156
f 1160/2471/1166 1197/2472/1199 1156/2374/1157
f 1200/2473/1200 1187/2441/1183 1193/2454/1186
f 1187/2441/1183 1179/2474/1180 1180/2442/1174
f 1150/2366/1155 1177/2475/1201 1129/2331/1139
f 1113/2361/1152 1192/2433/1179 1207/2476/1202
f 1202/2477/1203 1198/2465/1196 1182/2458/1178
f 1197/2472/1199 1182/2432/1178 1156/2374/1157
f 1169/2408/1168 1172/2478/1177 1170/2418/1167
f 1155/2479/1153 1159/2413/1170 1184/2480/1181
f 1136/2425/1137 1159/2413/1170 1155/2479/1153
f 1175/2481/1161 1196/2463/1194 1174/2462/1175
f 1198/2465/1196 1206/2482/1204 1204/2453/1189
f 1150/2366/1155 1201/2483/1205 1177/2475/1201
f 1201/2484/1205 1150/2485/1155 1179/2435/1180
f 1149/2390/1158 1193/2446/1186 1168/2401/1164
f 1174/2462/1175 1195/2461/1193 1173/2486/1160
f 1171/2414/1171 1183/2438/1182 1194/2466/1197
f 1175/2481/1161 1166/2450/1172 1181/2449/1188
f 1198/2465/1196 1202/2477/1203 1206/2482/1204
f 1175/2481/1161 1181/2449/1188 1196/2463/1194
f 1178/2464/1195 1129/2331/1139 1177/2475/1201
f 1200/2473/1200 1179/2474/1180 1187/2441/1183
f 1182/2458/1178 1197/2487/1199 1208/2488/1206
f 1200/2473/1200 1193/2454/1186 1205/2489/1207
f 1202/2477/1203 1218/2490/1208 1206/2482/1204
f 1182/2458/1178 1218/2490/1208 1202/2477/1203
f 1169/2408/1168 1113/2361/1152 1207/2476/1202
f 1173/2486/1160 1195/2461/1193 1162/2491/1176
f 1205/2492/1207 1193/2493/1186 1211/2494/1209
f 1189/2445/1185 1120/2392/1118 1185/2456/1191
f 936/2495/472 1235/2496/1210 1210/2497/1211
f 1209/2498/1212 1204/2453/1189 1206/2482/1204
f 936/2373/472 1210/2499/1211 1183/2438/1182
f 1169/2408/1168 1207/2476/1202 1219/2500/1213
f 1206/2482/1204 1218/2490/1208 1209/2498/1212
f 1185/2456/1191 1190/2455/1190 1128/2387/1126
f 1209/2498/1212 1215/2501/1214 1204/2453/1189
f 1220/2502/1215 1209/2503/1212 1213/2504/1216
f 1191/2505/1192 1108/2412/1110 1164/2402/1165
f 1179/2474/1180 1200/2473/1200 1205/2489/1207
f 1209/2503/1212 1220/2502/1215 1215/2506/1214
f 1188/2444/1184 1142/2367/1156 1178/2464/1195
f 1216/2507/1217 1205/2508/1207 1211/2509/1209
f 1227/2510/1218 1185/2456/1191 1128/2387/1126
f 1197/2511/1199 1214/2512/1219 1208/2513/1206
f 1172/2478/1177 1214/2512/1219 1197/2511/1199
f 1182/2458/1178 1208/2488/1206 1218/2490/1208
f 1172/2478/1177 1169/2408/1168 1219/2500/1213
f 1220/2514/1215 1213/2515/1216 1218/2516/1208
f 1231/2517/1220 1179/2518/1180 1205/2492/1207
f 1227/2519/1218 1128/2311/1126 1194/2466/1197
f 1219/2500/1213 1214/2512/1219 1172/2478/1177
f 1191/2520/1192 1164/2451/1165 1204/2453/1189
f 1183/2438/1182 1210/2499/1211 1194/2466/1197
f 1218/2490/1208 1213/2521/1216 1209/2498/1212
f 1216/2522/1217 1231/2517/1220 1205/2492/1207
f 1189/2445/1185 1149/2390/1158 1120/2392/1118
f 1203/2523/1221 1192/2433/1179 1184/2437/1181
f 1203/2523/1221 1184/2437/1181 1159/2524/1170
f 1211/2525/1209 1220/2514/1215 1225/2526/1222
f 1203/2523/1221 1226/2527/1223 1192/2433/1179
f 1177/2475/1201 1201/2483/1205 1221/2528/1224
f 1225/2526/1222 1220/2514/1215 1224/2529/1225
f 1229/2530/1226 1225/2526/1222 1224/2529/1225
f 1223/2531/1227 1211/2509/1209 1193/2532/1186
f 1188/2444/1184 1178/2464/1195 1217/2533/1228
f 1188/2444/1184 1230/2534/1229 1159/2413/1170
f 1211/2525/1209 1225/2526/1222 1216/2535/1217
f 1179/2518/1180 1231/2517/1220 1201/2536/1205
f 1159/2524/1170 1230/2537/1229 1203/2523/1221
f 1218/2516/1208 1229/2530/1226 1220/2514/1215
f 1231/2538/1220 1216/2535/1217 1229/2530/1226
f 1177/2475/1201 1217/2533/1228 1178/2464/1195
f 1229/2530/1226 1224/2529/1225 1220/2514/1215
f 1229/2530/1226 1216/2535/1217 1225/2526/1222
f 1215/2539/1214 1220/2514/1215 1211/2525/1209
f 1222/2540/1230 1228/2541/1231 1196/2463/1194
f 1218/2516/1208 1208/2513/1206 1233/2542/1232
f 1181/2543/1188 1191/2520/1192 1222/2544/1230
f 1217/2533/1228 1177/2475/1201 1221/2528/1224
f 1162/2545/1176 1199/2469/1198 844/2468/685
f 1227/2546/1218 1189/2547/1185 1185/2548/1191
f 1232/2549/1233 1194/2466/1197 1210/2499/1211
f 1195/2550/1193 1228/2551/1231 1162/2545/1176
f 1199/2469/1198 1162/2545/1176 1238/2552/1234
f 1226/2527/1223 1207/2476/1202 1192/2433/1179
f 1195/2461/1193 1196/2463/1194 1228/2541/1231
f 1223/2553/1227 1193/2454/1186 1189/2554/1185
f 1229/2530/1226 1233/2542/1232 1236/2555/1235
f 1196/2556/1194 1181/2543/1188 1222/2544/1230
f 1219/2500/1213 1207/2476/1202 1226/2527/1223
f 1189/2547/1185 1243/2557/1236 1223/2558/1227
f 1218/2516/1208 1233/2542/1232 1229/2530/1226
f 1219/2500/1213 1226/2527/1223 1234/2559/1237
f 1188/2444/1184 1217/2533/1228 1230/2534/1229
f 1236/2555/1235 1231/2560/1220 1229/2530/1226
f 1234/2559/1237 1214/2512/1219 1219/2500/1213
f 1242/2561/1238 1222/2544/1230 1191/2520/1192
f 1201/2536/1205 1231/2517/1220 1221/2562/1224
f 1238/2552/1234 1162/2545/1176 1228/2551/1231
f 1227/2563/1218 1194/2466/1197 1232/2549/1233
f 1215/2506/1214 1237/2564/1239 1204/2565/1189
f 1231/2517/1220 1241/2566/1240 1221/2562/1224
f 1203/2523/1221 1239/2567/1241 1226/2527/1223
f 1210/2499/1211 1235/2568/1210 1232/2549/1233
f 1234/2559/1237 1208/2513/1206 1214/2512/1219
f 1241/2569/1240 1217/2533/1228 1221/2528/1224
f 1243/2557/1236 1189/2547/1185 1227/2546/1218
f 1244/2570/1242 1243/2557/1236 1227/2546/1218
f 1208/2513/1206 1234/2559/1237 1233/2542/1232
f 1241/2571/1240 1240/2572/1243 1217/2533/1228
f 1191/2573/1192 1204/2565/1189 1237/2564/1239
f 1240/2572/1243 1230/2534/1229 1217/2533/1228
f 1231/2560/1220 1236/2555/1235 1241/2574/1240
f 1242/2575/1238 1228/2551/1231 1222/2576/1230
f 1227/2577/1218 1232/2578/1233 1244/2579/1242
f 1239/2567/1241 1230/2537/1229 1240/2580/1243
f 1226/2527/1223 1239/2567/1241 1234/2559/1237
f 1239/2567/1241 1203/2523/1221 1230/2537/1229
f 1228/2551/1231 1250/2581/1244 1238/2552/1234
f 1237/2564/1239 1242/2575/1238 1191/2573/1192
f 1241/2574/1240 1236/2555/1235 1246/2582/1245
f 1245/2583/1246 1232/2578/1233 1235/2496/1210
f 1233/2542/1232 1234/2559/1237 1246/2582/1245
f 1233/2542/1232 1246/2582/1245 1236/2555/1235
f 1212/2584/1247 936/2467/472 1199/2469/1198
f 1212/2585/1247 1235/2496/1210 936/2495/472
f 1223/2531/1227 1249/2586/1248 1211/2509/1209
f 1239/2567/1241 1246/2582/1245 1234/2559/1237
f 1215/2539/1214 1249/2587/1248 1237/2588/1239
f 1239/2567/1241 1241/2574/1240 1246/2582/1245
f 1239/2567/1241 1240/2580/1243 1241/2574/1240
f 1244/2589/1242 1223/2531/1227 1243/2590/1236
f 1250/2581/1244 1199/2469/1198 1238/2552/1234
f 1244/2579/1242 1232/2578/1233 1245/2583/1246
f 1250/2581/1244 1228/2551/1231 1242/2575/1238
f 1248/2591/1249 1245/2583/1246 1235/2496/1210
f 1223/2592/1227 1244/2579/1242 1251/2593/1250
f 1249/2587/1248 1215/2539/1214 1211/2525/1209
f 1251/2593/1250 1244/2579/1242 1245/2583/1246
f 1237/2564/1239 1247/2594/1251 1242/2575/1238
f 1212/2584/1247 1199/2469/1198 1250/2581/1244
f 1212/2595/1247 1248/2591/1249 1235/2496/1210
f 1247/2594/1251 1237/2564/1239 1249/2596/1248
f 1248/2591/1249 1251/2593/1250 1245/2583/1246
f 1247/2594/1251 1250/2581/1244 1242/2575/1238
f 1251/2593/1250 1249/2597/1248 1223/2592/1227
f 1247/2594/1251 1252/2598/1252 1250/2581/1244
f 1251/2599/1250 1247/2600/1251 1249/2587/1248
f 1212/2584/1247 1250/2581/1244 1252/2598/1252
f 1248/2601/1249 1212/2584/1247 1252/2598/1252
f 1247/2594/1251 1251/2602/1250 1252/2598/1252
f 1248/2601/1249 1252/2598/1252 1251/2602/1250
