# Blender 5.2.2 LTS
# www.blender.org
mtllib reina.mtl
o Meshy_AI_staunton_chess_queen__0926011923_image-to-3d-texture
v -0.020839 0.000592 0.005015
v -0.020587 0.009682 -0.000255
v -0.020771 0.005773 -0.005386
v -0.019322 0.000640 0.009214
v -0.020476 0.011544 -0.004222
v -0.019723 0.015239 -0.000071
v -0.019419 0.010414 -0.007428
v -0.019231 0.000770 -0.009515
v -0.018015 0.013854 0.009855
v -0.018163 0.000396 0.010964
v -0.018387 0.007334 -0.005092
v -0.018090 0.012280 -0.010617
v -0.016430 0.007085 -0.009723
v -0.014650 0.011014 0.014907
v -0.015754 0.007316 -0.010316
v -0.015129 0.005987 0.015092
v -0.015271 0.007297 -0.011093
v -0.015200 0.000690 0.015139
v -0.014592 0.013294 0.014655
v -0.014099 0.015319 0.013681
v -0.014581 0.025226 -0.003955
v -0.015296 0.006086 -0.014852
v -0.013139 0.025924 -0.003300
v -0.015695 0.016700 -0.009728
v -0.013343 0.024449 -0.007684
v -0.013434 0.025058 -0.007288
v -0.013449 0.024610 0.007480
v -0.012762 0.021388 0.007606
v -0.012874 0.069133 0.003542
v -0.012887 0.068884 -0.003640
v -0.011896 0.025924 -0.006531
v -0.012335 0.007293 -0.014343
v -0.012565 0.097666 -0.000772
v -0.012678 0.096715 0.001692
v -0.012649 0.067739 -0.003152
v -0.012478 0.070168 -0.003220
v -0.010958 0.024317 -0.010814
v -0.011894 0.097990 -0.000098
v -0.012075 0.097769 0.000816
v -0.010477 0.071154 -0.004624
v -0.012734 0.006031 0.017010
v -0.010714 0.022471 0.010268
v -0.012643 0.021758 -0.007707
v -0.008578 0.000192 0.018786
v -0.011134 0.070231 0.006396
v -0.009412 0.007285 -0.016348
v -0.010929 0.025157 0.010554
v -0.010290 0.029314 0.005329
v -0.010113 0.008443 -0.017187
v -0.010405 0.094413 0.003296
v -0.010680 0.073437 -0.000231
v -0.010024 0.074116 -0.001445
v -0.010257 0.093970 -0.005435
v -0.009992 0.071538 0.000633
v -0.010165 0.073831 0.002708
v -0.010443 0.097141 0.000184
v -0.010127 0.097065 -0.007807
v -0.010070 0.093676 0.005860
v -0.009976 0.071535 -0.000762
v -0.010151 0.071926 0.002932
v -0.009870 0.071529 0.001619
v -0.010799 0.005404 0.018616
v -0.011011 0.071186 0.002848
v -0.010488 0.021894 -0.010447
v -0.009599 0.006926 0.017076
v -0.010850 0.024740 0.010899
v -0.010271 0.072418 -0.003173
v -0.009948 0.096956 0.008736
v -0.009371 0.071776 -0.004642
v -0.009733 0.071527 0.002320
v -0.009587 0.078390 0.001308
v -0.007829 0.041338 -0.000527
v -0.009463 0.071522 0.003215
v -0.009268 0.073634 0.005494
v -0.009701 0.094001 0.004023
v -0.010857 0.006235 -0.018126
v -0.008870 0.094202 -0.004268
v -0.009615 0.097582 -0.008603
v -0.009072 0.068444 -0.009772
v -0.009344 0.078172 -0.002839
v -0.009869 0.015029 0.017249
v -0.008794 0.074098 -0.005379
v -0.007767 0.019656 0.013499
v -0.009579 0.069340 -0.009270
v -0.008404 0.097097 -0.009979
v -0.008210 0.094078 -0.001982
v -0.008834 0.034872 -0.003538
v -0.008435 0.076978 0.001666
v -0.008716 0.071515 0.004999
v -0.008043 0.092173 0.008058
v -0.008578 0.074484 -0.001399
v -0.009464 0.094085 -0.003928
v -0.006118 0.084017 -0.006065
v -0.007043 0.042491 -0.003069
v -0.007681 0.074014 0.007242
v -0.008154 0.094062 0.001780
v -0.006856 0.069536 0.011288
v -0.007976 0.074465 -0.003565
v -0.008283 0.097436 0.009912
v -0.008459 0.077175 -0.003858
v -0.007725 0.074518 0.003837
v -0.007794 0.071768 -0.007200
v -0.007739 0.093466 -0.003419
v -0.008443 0.076986 -0.001908
v -0.008074 0.079504 -0.001180
v -0.008059 0.097711 -0.008035
v -0.008101 0.079460 0.000960
v -0.007676 0.007338 -0.017224
v -0.007962 0.066450 0.002228
v -0.007306 0.000612 -0.020093
v -0.006970 0.076954 0.004949
v -0.007987 0.035958 0.004380
v -0.007512 0.076960 0.004098
v -0.007279 0.078819 0.006123
v -0.007358 0.096705 0.007104
v -0.007349 0.020955 0.013024
v -0.006329 0.059674 0.002375
v -0.006728 0.050301 -0.000769
v -0.005073 0.013593 -0.020024
v -0.006907 0.044841 0.002574
v -0.006134 0.083176 0.005766
v -0.006318 0.061355 -0.002989
v -0.005464 0.092745 0.003773
v -0.005168 0.094543 -0.009487
v -0.006236 0.079458 -0.005321
v -0.005998 0.095744 0.001517
v -0.006341 0.070408 -0.010902
v -0.006508 0.067776 -0.011262
v -0.006116 0.053498 0.002334
v -0.006579 0.007371 -0.017772
v -0.005373 0.074073 0.008963
v -0.005212 0.077258 -0.008011
v -0.005695 0.072393 0.009408
v -0.005960 0.095823 -0.001625
v -0.004213 0.045559 -0.005882
v -0.006766 0.025951 0.011677
v -0.005909 0.074471 -0.006427
v -0.004707 0.097590 -0.002604
v -0.005027 0.007377 -0.018556
v -0.004799 0.014661 0.019511
v -0.006889 0.067247 0.010446
v -0.004854 0.093707 -0.010186
v -0.004706 0.074473 -0.007366
v -0.004775 0.005613 0.020925
v -0.004703 0.092859 0.004610
v -0.004099 0.025102 0.014661
v -0.004724 0.079467 -0.006692
v -0.004451 0.095662 0.004286
v -0.003810 0.065967 -0.006905
v -0.003752 0.068248 0.012712
v -0.005040 0.079126 0.007826
v -0.004519 0.093699 0.010194
v -0.003598 0.099393 0.001111
v -0.004438 0.071111 0.010540
v -0.004377 0.083932 -0.007329
v -0.003224 0.068035 -0.012830
v -0.003735 0.092705 0.005426
v -0.003288 0.076950 0.007884
v -0.003557 0.093833 -0.008648
v -0.000889 0.074453 0.008517
v -0.005227 0.073373 -0.009710
v -0.003646 0.021068 -0.014511
v -0.003567 0.082544 0.007528
v -0.003253 0.087467 -0.009060
v -0.003372 0.066210 0.007196
v -0.002927 0.076955 -0.008202
v -0.003824 0.022333 0.014282
v -0.002820 0.074453 0.008122
v -0.005332 0.000436 -0.020698
v -0.000182 0.019867 0.015397
v -0.002515 0.032476 0.009926
v -0.002686 0.094613 0.011402
v -0.002672 0.101776 0.001657
v -0.003896 0.019678 -0.015112
v -0.002741 0.074043 -0.010172
v -0.000949 0.066370 -0.008141
v -0.002378 0.079451 -0.007824
v -0.002894 0.102938 0.001492
v -0.002489 0.094153 -0.008782
v -0.002408 0.071449 -0.010100
v -0.001620 0.067241 -0.012323
v -0.003568 0.069973 0.012485
v -0.003282 0.093604 0.008049
v -0.002626 0.100781 0.000688
v -0.000993 0.095866 -0.006126
v -0.002002 0.074461 -0.008551
v -0.001954 0.100388 0.001221
v -0.002271 0.100376 0.000469
v -0.002246 0.100368 -0.000651
v -0.001948 0.071469 0.010066
v -0.001843 0.100364 -0.001488
v -0.001008 0.076927 -0.008635
v -0.001511 0.012110 -0.020870
v 0.000062 0.037244 -0.008739
v -0.001765 0.065914 -0.007618
v -0.001386 0.093697 0.007538
v -0.001754 0.093176 -0.007117
v -0.000014 0.057634 0.006484
v -0.001556 0.096662 0.005559
v -0.001366 0.104905 -0.000974
v -0.000757 0.100362 0.002179
v -0.001575 0.100350 0.001715
v 0.000038 0.019693 -0.015588
v -0.000111 0.097397 0.010611
v -0.001294 0.097163 0.012655
v 0.000013 0.082875 -0.008387
v -0.000131 0.071849 0.010873
v -0.001028 0.100363 -0.002133
v -0.000404 0.101180 0.002885
v -0.001089 0.097743 -0.005098
v -0.000649 0.071458 0.010251
v -0.001514 0.051252 0.006438
v -0.000972 0.077174 -0.009516
v -0.000630 0.097500 0.012839
v 0.000035 0.024912 -0.015385
v 0.000018 0.103062 -0.003210
v -0.000906 0.097676 -0.012281
v 0.000376 0.092851 0.006536
v -0.000111 0.098003 0.011776
v -0.000473 0.103805 0.002868
v -0.001100 0.007292 0.019169
v -0.000023 0.025198 0.015120
v -0.000533 0.005707 0.021433
v -0.000527 0.007238 -0.019250
v 0.000141 0.102430 0.003180
v 0.001016 0.078062 -0.009855
v 0.000191 0.100339 -0.002392
v 0.001776 0.007268 0.019084
v 0.000192 0.105041 0.000214
v 0.000104 0.082576 0.008288
v 0.001443 0.104298 0.001932
v 0.000016 0.025942 -0.013539
v -0.000037 0.015590 0.019368
v 0.000487 0.096212 0.013180
v 0.003366 0.038674 -0.007780
v 0.002574 0.045496 -0.006779
v 0.002602 0.059810 0.006211
v 0.001779 0.101254 -0.002446
v 0.000223 0.021262 -0.014886
v 0.001148 0.097099 -0.012964
v 0.001483 0.053607 0.006236
v 0.001532 0.104588 -0.001522
v 0.001404 0.100351 -0.001841
v 0.001118 0.101250 0.002731
v 0.001555 0.099244 0.003545
v 0.001351 0.079436 0.007936
v -0.000529 0.066381 0.008085
v 0.002991 0.094052 -0.011263
v 0.000917 0.079448 -0.008098
v 0.002668 0.072689 -0.010788
v 0.002565 0.073559 0.010562
v 0.001331 0.096227 0.005826
v 0.002102 0.093605 0.007675
v 0.004713 0.014821 0.019394
v 0.002752 0.030538 -0.010643
v 0.003748 0.078561 0.008897
v 0.002006 0.100359 -0.001123
v 0.002456 0.079111 -0.009141
v 0.002475 0.101432 0.001725
v 0.002140 0.100341 0.000723
v 0.003356 0.082090 0.007493
v 0.003083 0.066394 0.007506
v 0.003320 0.095570 0.005139
v 0.002433 0.092573 0.006154
v 0.003525 0.059797 -0.005778
v 0.003196 0.054634 -0.005625
v 0.002617 0.071473 0.009895
v 0.003152 0.065510 -0.007032
v 0.003213 0.102016 0.000015
v 0.003070 0.079444 -0.007549
v 0.003049 0.029822 0.010818
v 0.002998 0.103532 -0.000341
v 0.003614 0.098312 -0.003112
v 0.003982 0.021353 0.014266
v 0.008931 0.066946 -0.007857
v 0.004279 0.095754 -0.004428
v 0.003534 0.094121 0.009852
v 0.003976 0.071464 -0.009465
v 0.003644 0.022159 -0.014349
v 0.003047 0.095969 -0.005313
v 0.004020 0.076955 -0.007654
v 0.003863 0.024517 0.014857
v 0.004552 0.074476 -0.007439
v 0.004583 0.092974 0.010333
v 0.007283 0.025233 0.013177
v 0.004770 0.000710 0.020907
v 0.004773 0.079057 -0.008119
v 0.006453 0.067729 -0.011291
v 0.004702 0.093804 -0.010094
v 0.004244 0.092829 0.004935
v 0.006420 0.086180 -0.006468
v 0.004779 0.092850 -0.004529
v 0.005764 0.082144 -0.005902
v 0.005625 0.079430 0.005725
v 0.006184 0.061373 -0.003043
v 0.005588 0.079453 -0.005866
v 0.005654 0.029945 -0.009733
v 0.004241 0.077173 0.008311
v 0.004808 0.095979 0.003683
v 0.006107 0.037509 0.006097
v 0.005469 0.007174 -0.018500
v 0.005864 0.071473 -0.008363
v 0.005575 0.093870 -0.010150
v 0.006030 0.084048 0.005934
v 0.006919 0.068021 0.011120
v 0.006564 0.025936 0.011780
v 0.005127 0.000393 -0.020628
v 0.006018 0.095066 -0.009790
v 0.006482 0.053936 -0.000310
v 0.007048 0.045882 -0.001096
v 0.005954 0.058426 0.002675
v 0.006184 0.048844 0.002688
v 0.006334 0.092698 0.001674
v 0.006456 0.092804 -0.000975
v 0.007211 0.021059 -0.013054
v 0.007694 0.077953 0.005741
v 0.007626 0.036905 0.004294
v 0.007016 0.064075 0.001924
v 0.006607 0.076953 -0.005475
v 0.006542 0.071485 -0.007802
v 0.007213 0.043373 0.001784
v 0.006787 0.076969 0.005020
v 0.007175 0.074469 0.004639
v 0.007222 0.071518 0.006930
v 0.007285 0.022136 0.012838
v 0.007706 0.076967 0.003543
v 0.006710 0.066317 -0.004305
v 0.006841 0.079446 -0.004300
v 0.009484 0.069895 0.008891
v 0.007356 0.076971 -0.004395
v 0.007227 0.071493 -0.007159
v 0.008172 0.097028 -0.010053
v 0.007792 0.025181 -0.012995
v 0.007777 0.074084 -0.006996
v 0.007288 0.077186 0.005534
v 0.007281 0.077808 -0.006414
v 0.007559 0.007337 -0.017644
v 0.007574 0.066294 0.002235
v 0.009733 0.074002 0.002832
v 0.006934 0.071171 -0.008934
v 0.007906 0.066300 -0.000114
v 0.008267 0.097661 -0.007848
v 0.010334 0.025117 0.011114
v 0.007780 0.097598 0.007886
v 0.008242 0.071538 0.005549
v 0.008261 0.082440 -0.000215
v 0.008748 0.074157 -0.005240
v 0.010412 0.000377 0.018434
v 0.010227 0.013562 0.017829
v 0.008204 0.074487 0.002436
v 0.009585 0.025934 -0.009521
v 0.010411 0.013755 -0.017727
v 0.008395 0.086001 0.003262
v 0.008993 0.035211 0.002226
v 0.008992 0.069620 -0.009589
v 0.008322 0.076985 -0.001646
v 0.008752 0.078755 0.003651
v 0.009031 0.086067 0.000023
v 0.008618 0.096941 0.010080
v 0.008669 0.071545 0.004806
v 0.008239 0.071518 -0.005769
v 0.008802 0.077229 0.002652
v 0.006083 0.005556 -0.020689
v 0.008215 0.000716 -0.019788
v 0.009101 0.096757 -0.009879
v 0.009093 0.079070 -0.001138
v 0.013913 0.015166 -0.014022
v 0.009101 0.031670 -0.005315
v 0.008783 0.071516 -0.004786
v 0.009019 0.071541 0.004045
v 0.010890 0.097620 0.000202
v 0.009265 0.071547 0.003417
v 0.009286 0.007291 0.016686
v 0.009390 0.071539 -0.003164
v 0.009417 0.077956 0.001011
v 0.009933 0.071843 0.002644
v 0.009486 0.071551 0.002667
v 0.009875 0.093965 0.004559
v 0.010956 0.024443 -0.010801
v 0.010865 0.011379 0.017839
v 0.009779 0.074112 -0.002596
v 0.009707 0.071555 0.001485
v 0.010520 0.022200 0.010371
v 0.009649 0.071542 -0.002172
v 0.010218 0.010024 0.017944
v 0.009544 0.015560 -0.016955
v 0.010052 0.094414 -0.006103
v 0.009289 0.025925 0.009779
v 0.010328 0.073246 -0.002676
v 0.010635 0.007302 0.015721
v 0.010326 0.093480 0.004388
v 0.010418 0.008681 0.017123
v 0.010363 0.073730 0.000007
v 0.009671 0.007294 -0.016612
v 0.010858 0.025152 -0.010634
v 0.010051 0.094729 -0.002753
v 0.011444 0.067855 -0.006307
v 0.011547 0.025970 -0.006923
v 0.010724 0.094719 0.003091
v 0.011056 0.091790 -0.000789
v 0.011543 0.093116 0.001336
v 0.010361 0.006129 0.018540
v 0.010249 0.031390 -0.002511
v 0.013986 0.014880 0.014207
v 0.011075 0.005679 -0.018415
v 0.011527 0.097830 -0.000248
v 0.014530 0.009413 -0.014406
v 0.011950 0.070770 0.001790
v 0.010600 0.005724 0.018653
v 0.012234 0.007298 0.014441
v 0.012406 0.097893 0.000137
v 0.011738 0.069041 0.006190
v 0.013463 0.025951 0.000078
v 0.012734 0.067544 -0.000808
v 0.014366 0.025224 0.004462
v 0.012698 0.007269 -0.014305
v 0.012733 0.068216 -0.003508
v 0.013021 0.069819 -0.000119
v 0.013013 0.096938 -0.000998
v 0.012854 0.068480 0.003228
v 0.013339 0.024651 0.007582
v 0.013336 0.020124 -0.007422
v 0.013111 0.020095 0.007739
v 0.014460 0.022614 0.003387
v 0.013402 0.024342 -0.007522
v 0.015049 0.012125 0.014512
v 0.014288 0.021554 -0.003886
v 0.014520 0.007310 0.012054
v 0.014343 0.021298 0.003678
v 0.014725 0.025065 -0.003925
v 0.014914 0.024391 -0.003568
v 0.017596 0.013364 -0.010850
v 0.015116 0.007260 0.011268
v 0.018058 0.000662 0.011592
v 0.016468 0.016077 0.009422
v 0.016492 0.007294 0.009067
v 0.016924 0.007316 -0.008528
v 0.017010 0.007269 0.008035
v 0.018257 0.007319 0.005422
v 0.019340 0.014848 -0.004998
v 0.018482 0.007279 -0.004817
v 0.018903 0.007354 0.003203
v 0.019218 0.007241 -0.000428
v 0.019959 0.009840 0.005182
v 0.018930 0.007227 -0.003168
v 0.021193 0.006158 -0.000856
v 0.020622 0.000618 -0.005906
v 0.020289 0.011867 0.004897
v 0.021085 0.005501 0.004386
v -0.020766 0.005991 0.005000
v -0.020738 0.000639 -0.005425
v -0.021423 0.005904 -0.000276
v -0.019513 0.014702 0.004853
v -0.019214 0.006206 -0.008777
v -0.020233 0.012145 0.005306
v -0.018470 0.000022 -0.003957
v -0.018181 0.000344 -0.010716
v -0.018795 0.010213 0.008838
v -0.017391 0.000650 0.012473
v -0.018098 0.000706 -0.011564
v -0.017720 0.014335 -0.009918
v -0.017101 0.008926 0.010810
v -0.016498 0.016046 0.009492
v -0.016158 0.007325 -0.009612
v -0.016156 0.000529 -0.013903
v -0.014792 0.022245 -0.000063
v -0.014387 0.021136 0.003973
v -0.014815 0.024664 -0.004128
v -0.014391 0.009232 0.014368
v -0.014386 0.021276 -0.003745
v -0.013534 0.025937 0.000043
v -0.014534 0.025176 0.004263
v -0.013921 0.008268 -0.014014
v -0.013499 0.019956 0.007361
v -0.013359 0.019935 -0.007692
v -0.012916 0.000601 0.016969
v -0.013346 0.096030 0.000063
v -0.012693 0.067938 0.003284
v -0.011975 0.093559 -0.000873
v -0.012908 0.097253 0.001005
v -0.012908 0.096921 -0.001251
v -0.012502 0.070107 0.003100
v -0.011313 0.069977 -0.006413
v -0.010515 0.000646 0.018678
v -0.011542 0.007292 -0.014984
v -0.011315 0.094367 0.003063
v -0.011133 0.091872 0.001119
v -0.011696 0.007042 -0.015219
v -0.010919 0.019865 -0.010945
v -0.010585 0.031567 -0.000480
v -0.011077 0.097380 -0.000571
v -0.010517 0.093611 -0.004053
v -0.012602 0.000243 -0.016734
v -0.011100 0.005796 -0.018389
v -0.010246 0.096904 -0.008298
v -0.010557 0.072015 -0.000994
v -0.009784 0.094647 -0.005232
v -0.007657 0.024524 -0.013363
v -0.010946 0.010881 -0.017830
v -0.009119 0.094231 0.002857
v -0.009549 0.096201 -0.009578
v -0.009760 0.015595 -0.016805
v -0.009122 0.071521 0.004120
v -0.005809 0.005537 -0.020750
v -0.009306 0.071530 -0.003704
v -0.007924 0.093864 0.003996
v -0.007684 0.029990 -0.008238
v -0.009265 0.077254 0.001212
v -0.006603 0.066928 -0.009794
v -0.008846 0.097992 0.008852
v -0.008994 0.085469 -0.000141
v -0.008346 0.097678 -0.009334
v -0.008114 0.093625 0.003251
v -0.008833 0.078598 -0.003892
v -0.008360 0.096877 0.010116
v -0.008327 0.082250 -0.000284
v -0.008559 0.077232 0.003757
v -0.008944 0.079103 -0.002660
v -0.007885 0.071512 0.006308
v -0.007143 0.022069 -0.012992
v -0.007640 0.025177 0.013063
v -0.006316 0.093974 0.009999
v -0.008880 0.067613 -0.009325
v -0.007868 0.072429 0.007646
v -0.007739 0.073393 -0.007678
v -0.007333 0.071508 0.006997
v -0.007422 0.077959 0.006270
v -0.006981 0.077179 -0.006173
v -0.007138 0.069543 -0.011115
v -0.005536 0.077991 -0.008158
v -0.006589 0.057741 -0.000567
v -0.006613 0.087137 0.006743
v -0.006083 0.071486 -0.008253
v -0.006317 0.076946 0.005758
v -0.006069 0.079438 0.005404
v -0.005166 0.012329 0.020204
v -0.005661 0.092716 -0.003536
v -0.006235 0.092576 -0.002532
v -0.005500 0.094264 0.010032
v -0.005749 0.053804 -0.003118
v -0.003685 0.069472 -0.012734
v -0.005736 0.073295 0.009348
v -0.006734 0.025951 -0.011766
v -0.005381 0.095866 0.002953
v -0.005475 0.076947 0.006549
v -0.004849 0.094521 0.008919
v -0.004865 0.076970 -0.007207
v -0.004011 0.024512 -0.014873
v -0.003386 0.079148 -0.008769
v -0.004637 0.007205 0.018636
v -0.004524 0.093838 0.006622
v -0.004281 0.092827 -0.005069
v -0.003905 0.042329 0.006586
v -0.002904 0.072787 0.010640
v -0.003836 0.020287 0.014633
v -0.005028 0.006216 0.020506
v -0.004068 0.071468 0.009392
v -0.002233 0.079048 0.009139
v -0.003181 0.078124 0.009232
v -0.003198 0.039200 -0.007704
v -0.003064 0.028618 -0.011564
v -0.002645 0.083087 -0.008014
v -0.003139 0.025920 -0.013211
v -0.003197 0.101723 0.000138
v -0.002137 0.099904 0.002290
v -0.001827 0.092623 0.006324
v -0.002640 0.104074 0.000816
v -0.000050 0.015943 -0.019143
v -0.000013 0.000414 -0.021296
v -0.002242 0.098870 -0.003749
v -0.001597 0.076945 0.008381
v -0.002925 0.094462 -0.011282
v -0.001312 0.103320 -0.002895
v -0.002171 0.040772 0.007609
v -0.002521 0.094147 0.008769
v -0.001114 0.101543 -0.002960
v -0.000978 0.048952 -0.006794
v -0.001365 0.104268 -0.002195
v -0.001783 0.103945 0.002133
v 0.000859 0.074189 0.010177
v -0.001147 0.097207 -0.012905
v -0.000973 0.092815 -0.006546
v -0.001189 0.079454 -0.008066
v -0.000351 0.095725 0.006105
v -0.000478 0.067873 0.013012
v -0.001010 0.071453 -0.010292
v 0.000423 0.071448 0.010321
v -0.000775 0.092819 0.006494
v -0.000296 0.070081 0.012832
v 0.000125 0.013155 0.020722
v 0.000112 0.072245 -0.011106
v 0.000753 0.104222 -0.002539
v -0.000271 0.096289 -0.013345
v 0.001703 0.076927 0.008345
v -0.000008 0.097633 -0.010926
v 0.000213 0.099313 -0.003879
v -0.000440 0.069162 0.013259
v 0.000276 0.092902 -0.006605
v 0.000225 0.073414 -0.011032
v 0.000092 0.086876 -0.009364
v 0.001080 0.096249 -0.005951
v -0.000139 0.073130 0.011012
v 0.000675 0.071438 -0.010348
v 0.000923 0.100365 0.002076
v 0.001023 0.097189 0.012967
v 0.001111 0.054638 -0.006416
v 0.002471 0.074471 -0.008413
v 0.001723 0.099038 -0.003817
v 0.001042 0.074486 0.008486
v 0.003670 0.068946 -0.012844
v 0.003373 0.047816 0.005938
v 0.002242 0.100365 -0.000075
v 0.002918 0.076950 -0.008160
v 0.003127 0.071457 -0.009826
v 0.002793 0.005951 0.021144
v 0.004533 0.011202 -0.020442
v 0.004399 0.073700 -0.009964
v 0.004311 0.066385 -0.006822
v 0.003308 0.093705 -0.008331
v 0.004163 0.094067 -0.009617
v 0.004761 0.097898 -0.001705
v 0.005071 0.014876 -0.019336
v 0.004946 0.009440 0.019827
v 0.005156 0.074094 -0.009102
v 0.004957 0.071457 -0.008975
v 0.003668 0.092746 -0.005515
v 0.006594 0.000456 0.020229
v 0.004126 0.093915 0.010006
v 0.004351 0.093886 -0.007061
v 0.003624 0.024592 -0.014968
v 0.003252 0.069607 0.012755
v 0.004822 0.059763 0.004610
v 0.005341 0.073512 0.009366
v 0.006118 0.074039 0.008386
v 0.004025 0.093406 0.006313
v 0.005483 0.013018 0.019981
v 0.005306 0.092773 0.003779
v 0.005354 0.077609 -0.008152
v 0.006591 0.078979 0.006629
v 0.005547 0.095898 -0.002607
v 0.006431 0.079447 0.004753
v 0.005937 0.065230 0.004647
v 0.007882 0.007220 0.017414
v 0.006070 0.078434 0.007437
v 0.007762 0.097586 -0.008013
v 0.008057 0.036871 -0.003804
v 0.005324 0.094200 0.009979
v 0.007548 0.093520 0.003355
v 0.006858 0.094295 0.004695
v 0.006584 0.070108 -0.011072
v 0.006936 0.025904 -0.011645
v 0.007544 0.082646 -0.003406
v 0.007158 0.079408 0.003647
v 0.007375 0.073243 -0.008097
v 0.007956 0.040764 -0.000298
v 0.009688 0.015497 0.016877
v 0.007210 0.079109 -0.005905
v 0.008141 0.097867 -0.008925
v 0.007654 0.079437 0.002443
v 0.007997 0.076980 -0.002980
v 0.008320 0.097773 0.009465
v 0.007577 0.020202 0.013128
v 0.007955 0.029519 0.008199
v 0.007684 0.071709 -0.007176
v 0.008498 0.076970 0.000508
v 0.009524 0.094077 -0.003714
v 0.009016 0.097889 0.008948
v 0.009686 0.033926 -0.000090
v 0.008650 0.078174 -0.004269
v 0.007624 0.072211 -0.007777
v 0.009428 0.077973 -0.001636
v 0.009123 0.097899 -0.008400
v 0.009406 0.068929 0.009350
v 0.009862 0.097258 -0.008133
v 0.009921 0.097057 0.008751
v 0.010028 0.009253 -0.017739
v 0.009994 0.097127 -0.008697
v 0.010739 0.020135 0.010754
v 0.010619 0.006124 -0.018348
v 0.010620 0.093140 0.003985
v 0.011336 0.007244 0.015184
v 0.009987 0.094325 0.006280
v 0.011386 0.028808 0.003029
v 0.011038 0.019888 -0.010800
v 0.010563 0.072483 -0.000433
v 0.011236 0.067831 0.006526
v 0.011088 0.070179 0.006271
v 0.009889 0.000279 -0.018411
v 0.010679 0.093765 -0.003746
v 0.011065 0.000613 -0.018400
v 0.011280 0.007261 -0.015461
v 0.011423 0.011053 -0.017503
v 0.012257 0.070277 -0.003262
v 0.011289 0.069450 -0.006942
v 0.012508 0.097279 -0.001174
v 0.013063 0.025885 0.003431
v 0.014387 0.005912 -0.015856
v 0.012550 0.069804 0.003486
v 0.012745 0.069440 -0.003441
v 0.013288 0.025048 -0.007563
v 0.012881 0.096812 0.001329
v 0.012850 0.022084 0.007251
v 0.014903 0.021058 -0.000159
v 0.015296 0.024348 0.000116
v 0.015167 0.007248 -0.011485
v 0.014481 0.013317 -0.014727
v 0.014812 0.019909 -0.004139
v 0.017811 0.013657 0.010285
v 0.018383 0.000032 0.005177
v 0.017692 0.009101 -0.009994
v 0.017427 0.008634 0.009849
v 0.018860 0.006104 -0.009788
v 0.018900 0.006999 0.004586
v 0.019820 0.009396 -0.005071
v 0.020557 0.005917 -0.006060
v 0.020887 0.000522 0.004489
v 0.021488 0.000674 0.000211
v -0.021237 0.000429 -0.000614
v -0.020278 0.000449 -0.006325
v -0.019052 0.000073 0.005965
v -0.018835 0.007361 0.003719
v -0.018779 0.007340 -0.003869
v -0.018905 0.007010 -0.004592
v -0.018228 0.007342 0.005827
v -0.017820 0.007315 -0.006221
v -0.016980 0.007353 0.008402
v -0.014829 0.000305 0.014808
v -0.015293 0.007312 0.011355
v -0.014297 0.007009 0.013075
v -0.014066 0.014571 -0.014485
v -0.014521 0.022509 -0.003246
v -0.005723 0.000016 -0.017292
v -0.013860 0.007339 0.013199
v -0.014333 0.010289 -0.015070
v -0.013260 0.025260 0.007113
v -0.013167 0.022171 -0.006767
v -0.012947 0.070095 -0.000305
v -0.012137 0.007313 0.014786
v -0.010885 0.000620 -0.018506
v -0.013031 0.067788 -0.000153
v -0.011401 0.094434 -0.002868
v -0.010194 0.094551 -0.002989
v -0.011554 0.068546 -0.006774
v -0.010976 0.067353 0.006083
v -0.011759 0.068787 0.006333
v -0.010940 0.067431 -0.006490
v -0.011306 0.029273 0.002605
v -0.010817 0.025065 -0.010830
v -0.010591 0.007310 -0.015657
v -0.010500 0.072624 0.002471
v -0.007887 0.084115 -0.003479
v -0.010696 0.093133 -0.004142
v -0.010303 0.073475 -0.002760
v -0.010304 0.013138 0.017965
v -0.010632 0.093536 0.004048
v -0.009955 0.013244 -0.018223
v -0.006719 0.070902 0.010041
v -0.009968 0.093961 0.005045
v -0.009740 0.071520 -0.002376
v -0.009835 0.097227 0.008116
v -0.009389 0.077422 -0.001208
v -0.005883 0.009424 -0.019604
v -0.009451 0.096423 0.009656
v -0.009174 0.094482 0.004945
v -0.009480 0.097684 0.008810
v -0.008606 0.070801 -0.008584
v -0.008448 0.028724 0.008367
v -0.008390 0.079051 0.004093
v -0.007607 0.077794 -0.006118
v -0.008102 0.071514 -0.006045
v -0.006589 0.092820 0.000554
v -0.008156 0.092783 -0.008439
v -0.006318 0.068598 -0.011785
v -0.007729 0.020088 -0.013233
v -0.009121 0.067887 0.009361
v -0.007985 0.076977 0.003116
v -0.008425 0.007286 -0.016860
v -0.006452 0.006063 -0.020308
v -0.007589 0.065867 0.001741
v -0.007048 0.079057 -0.006361
v -0.007096 0.077242 0.006126
v -0.007368 0.071510 -0.007002
v -0.007629 0.072210 -0.007840
v -0.006524 0.092798 -0.001171
v -0.007120 0.066081 -0.003532
v -0.006945 0.000587 0.020167
v -0.006485 0.068224 0.011532
v -0.006980 0.065933 0.003476
v -0.005560 0.030142 -0.009712
v -0.006464 0.076979 -0.005802
v -0.006925 0.074479 -0.005305
v -0.006554 0.071501 -0.007829
v -0.005155 0.071355 -0.009381
v -0.007939 0.024593 0.013168
v -0.005477 0.030529 0.009510
v -0.005284 0.077155 0.007642
v -0.005280 0.071881 -0.009492
v -0.006193 0.095747 0.000003
v -0.007382 0.025138 -0.013322
v -0.005547 0.041907 0.005439
v -0.004728 0.074468 0.007222
v -0.006106 0.071484 0.008193
v -0.004237 0.057451 0.004973
v -0.004331 0.049517 0.005212
v -0.004325 0.060084 -0.005244
v -0.004185 0.079439 0.006933
v -0.004864 0.095281 -0.004085
v -0.002998 0.070500 -0.012185
v 0.002141 0.000033 0.018940
v -0.005396 0.078039 0.008156
v -0.005724 0.010848 -0.020120
v -0.004171 0.094049 0.009286
v -0.004553 0.076958 0.007234
v -0.004654 0.094388 -0.008346
v -0.004357 0.007240 -0.018781
v -0.003035 0.077191 0.008882
v -0.000048 0.010444 0.020773
v -0.003265 0.093712 -0.011114
v -0.003125 0.094395 -0.010082
v -0.000092 0.006904 0.019553
v -0.002993 0.071472 0.009816
v -0.002418 0.065593 0.007316
v -0.000293 0.022438 -0.014848
v -0.002872 0.073837 0.010301
v -0.003204 0.078043 -0.009432
v -0.002192 0.034242 -0.009394
v -0.000386 0.005950 -0.021452
v 0.000466 0.013614 -0.020608
v -0.001867 0.092674 -0.006393
v -0.001751 0.102129 0.002753
v -0.001328 0.093885 0.011897
v 0.000086 0.069475 -0.013261
v 0.000263 0.079066 0.009334
v 0.000001 0.093417 -0.011995
v 0.000386 0.097995 -0.011935
v 0.001009 0.066087 0.007723
v -0.000003 0.000528 0.021394
v -0.000093 0.104738 0.001783
v 0.000035 0.029445 -0.011529
v 0.000664 0.065930 -0.007791
v 0.001007 0.094132 0.012075
v 0.001302 0.076952 -0.008605
v 0.000466 0.097458 0.010865
v -0.000814 0.000893 -0.021500
v 0.001531 0.094023 -0.007938
v 0.001257 0.103220 0.002821
v 0.000182 0.077118 0.009299
v 0.002563 0.094918 0.010004
v 0.001289 0.078004 0.009693
v 0.001338 0.092728 0.006412
v 0.002416 0.104199 0.000728
v 0.002094 0.071456 -0.010099
v 0.002906 0.099715 -0.001704
v 0.003568 0.070327 -0.012199
v 0.003057 0.094309 -0.009777
v 0.002126 0.037422 0.008421
v 0.002421 0.103503 -0.001821
v 0.002626 0.097651 0.004470
v 0.004046 0.074457 0.007539
v 0.002735 0.099848 0.001465
v 0.002827 0.077860 0.009298
v 0.003356 0.093732 0.008241
v 0.003436 0.092695 0.005587
v 0.002970 0.072031 0.010499
v 0.003704 0.076956 0.007625
v 0.003436 0.025908 0.013075
v 0.003940 0.093924 0.008448
v 0.003917 0.022542 0.014278
v 0.003947 0.099194 0.000117
v 0.004446 0.071168 0.010240
v 0.005174 0.007355 0.018467
v 0.005624 0.077620 0.007739
v 0.005353 0.072320 0.009490
v 0.003666 0.020142 -0.014821
v 0.004819 0.094460 0.009118
v 0.005729 0.067228 0.010855
v 0.005223 0.072301 -0.009726
v 0.004884 0.092847 0.004290
v 0.005277 0.078373 -0.008263
v 0.007378 0.093167 -0.009134
v 0.006485 0.068906 0.011607
v 0.005564 0.012835 -0.020044
v 0.005646 0.071499 0.008389
v 0.005777 0.092675 0.003098
v 0.004935 0.094542 -0.009039
v 0.005446 0.009583 -0.019785
v 0.006576 0.094326 0.009992
v 0.007498 0.073085 0.007791
v 0.007525 0.082544 0.003373
v 0.009344 0.066851 0.006575
v 0.006473 0.092829 0.000730
v 0.006469 0.043649 -0.003663
v 0.006794 0.060832 -0.000278
v 0.005867 0.037890 -0.006260
v 0.007111 0.093480 0.000113
v 0.008225 0.077187 -0.004379
v 0.007790 0.096989 0.010001
v 0.008454 0.086336 -0.003571
v 0.008168 0.093785 0.002711
v 0.008524 0.078882 -0.003977
v 0.008863 0.077612 0.003294
v 0.008589 0.074495 -0.000561
v 0.008856 0.071775 0.005274
v 0.009315 0.011750 -0.018766
v 0.008742 0.097761 0.008003
v 0.010450 0.000863 0.018797
v 0.008636 0.097711 -0.009606
v 0.009823 0.094631 0.005646
v 0.009322 0.073592 -0.005211
v 0.009463 0.072676 0.005020
v 0.010166 0.071279 -0.004267
v 0.009848 0.094527 -0.005273
v 0.009539 0.096236 0.009507
v 0.010258 0.071833 -0.000308
v 0.010186 0.093858 -0.004373
v 0.010222 0.072880 0.002786
v 0.011329 0.094781 -0.002775
v 0.014227 0.000005 -0.010937
v 0.010881 0.024502 0.010800
v 0.015178 0.000396 -0.014867
v 0.012280 0.097212 0.001487
v 0.011738 0.028913 -0.000096
v 0.014012 0.007300 -0.012993
v 0.013783 0.007254 0.012914
v 0.014803 0.011671 -0.014802
v 0.014785 0.022320 -0.000119
v 0.014887 0.024640 0.003730
v 0.015486 0.019750 -0.000146
v 0.015213 0.025090 -0.000114
v 0.014418 0.009223 0.014359
v 0.015975 0.007321 -0.010299
v 0.019744 0.015132 0.000164
v 0.018060 0.010963 -0.010501
v 0.017505 0.007308 -0.007241
v 0.018597 0.015779 0.004804
v 0.020785 0.000296 -0.003018
v 0.017844 0.007323 -0.006289
v 0.019862 0.013776 0.005032
v 0.019139 0.005612 0.009796
v 0.020080 0.010622 -0.005492
v 0.020642 0.009939 0.000354
v 0.021181 0.000791 -0.003475
v -0.020923 0.012411 0.000095
v -0.020574 0.006222 -0.004680
v -0.020059 0.009661 -0.004591
v -0.019999 0.013468 -0.005154
v -0.019175 0.007183 -0.001464
v -0.017689 0.006004 0.011925
v -0.016404 0.007267 0.009600
v -0.017446 0.009872 -0.011075
v -0.015135 0.020376 -0.000120
v -0.014483 0.007266 -0.012147
v -0.013369 0.068715 -0.000002
v -0.011356 0.028976 -0.003108
v -0.010912 0.092894 0.003406
v -0.010728 0.021023 0.010348
v -0.011676 0.025930 0.006827
v -0.010170 0.011510 0.018301
v -0.009543 0.072869 -0.005314
v -0.009715 0.025896 0.009466
v -0.009477 0.030597 -0.005579
v -0.007539 0.022237 0.012738
v -0.008512 0.074516 0.001610
v -0.008933 0.078056 0.003805
v -0.007807 0.082122 0.002916
v -0.007986 0.097812 0.008568
v -0.004562 0.036375 0.007774
v -0.006570 0.074461 0.005555
v -0.003468 0.085775 0.008343
v -0.005281 0.071473 0.008766
v -0.005496 0.065730 0.005370
v -0.004863 0.092852 -0.004513
v -0.003465 0.022324 -0.014438
v -0.002843 0.073223 -0.010714
v -0.004075 0.094013 -0.009655
v -0.004330 0.066371 0.006820
v -0.001594 0.029348 0.011507
v -0.003436 0.074459 -0.008054
v -0.002935 0.102278 -0.001514
v -0.002842 0.092552 0.006182
v -0.001845 0.062085 0.006694
v -0.002589 0.058322 0.006063
v -0.002723 0.103846 -0.001186
v -0.003448 0.094136 0.009903
v -0.002132 0.102558 -0.002525
v -0.002549 0.066919 0.011469
v -0.001791 0.079464 0.007885
v 0.000499 0.074126 -0.010454
v -0.000750 0.078906 -0.009652
v 0.000016 0.035989 0.009020
v 0.003127 0.066806 -0.011086
v 0.001068 0.045644 0.007034
v -0.000036 0.101895 -0.003249
v 0.000998 0.097570 -0.012721
v 0.001425 0.061252 -0.006757
v 0.004147 0.000833 -0.021119
v 0.002514 0.066403 -0.007753
v 0.003528 0.007307 -0.018901
v 0.002154 0.103225 0.002259
v 0.002968 0.102720 0.001145
v 0.003913 0.054790 0.005175
v 0.002455 0.092570 -0.006228
v 0.003605 0.071481 0.009554
v 0.002905 0.082505 -0.007838
v 0.004437 0.079497 -0.006759
v 0.003450 0.067805 -0.012528
v 0.004825 0.071490 0.008953
v 0.004460 0.025102 -0.014552
v 0.005587 0.096392 0.001892
v 0.006609 0.074478 -0.005590
v 0.006259 0.006117 -0.020308
v 0.005824 0.076962 -0.006335
v 0.006246 0.092617 -0.002170
v 0.005340 0.071761 0.009138
v 0.007553 0.066061 -0.001973
v 0.007690 0.079450 -0.002517
v 0.005958 0.005913 0.020544
v 0.009018 0.077212 -0.001510
v 0.009258 0.093764 -0.007652
v 0.007884 0.091913 0.007943
v 0.009486 0.094755 0.002470
v 0.009278 0.072357 -0.005539
v 0.009114 0.071531 -0.004005
v 0.009008 0.079048 0.001787
v 0.009798 0.094052 0.003873
v 0.009541 0.068388 -0.009259
v 0.011668 0.025923 0.006745
v 0.010519 0.093084 -0.004301
v 0.010523 0.021432 -0.010508
v 0.011347 0.094647 0.002891
v 0.012154 0.067570 0.003781
v 0.012842 0.025126 0.008074
v 0.012846 0.022134 -0.007320
v 0.014869 0.000685 -0.015534
v 0.014990 0.005926 0.015274
v 0.017697 0.000377 -0.011701
v 0.017071 0.015236 -0.009830
v 0.017635 0.007283 0.006661
v 0.018187 0.005958 0.011245
v 0.020282 0.000689 0.006944
v 0.020505 0.006074 0.005646
v 0.020627 0.013298 0.000003
v 0.021470 0.005754 -0.001063
v -0.019255 0.005934 0.009336
v -0.019240 0.007282 0.000395
v -0.018946 0.006951 0.004870
v -0.018773 0.015545 -0.005064
v -0.014810 0.019999 0.004086
v -0.014963 0.024583 0.003479
v -0.014508 0.022250 0.002895
v -0.012948 0.007260 -0.013788
v -0.014918 0.019981 -0.003725
v -0.013017 0.025938 0.003679
v -0.010274 0.009563 0.017777
v -0.010064 0.007327 0.016360
v -0.008955 0.005979 0.019341
v -0.009411 0.069877 0.009070
v -0.009791 0.094277 -0.007248
v -0.009032 0.097832 -0.008002
v -0.009327 0.071952 0.005239
v -0.008716 0.071520 -0.005049
v -0.008167 0.085155 0.003533
v -0.007184 0.066457 -0.004304
v -0.007742 0.079450 -0.002688
v -0.007811 0.065904 -0.000454
v -0.006812 0.095237 -0.010048
v -0.007175 0.079434 -0.003991
v -0.005290 0.071477 -0.008818
v -0.004548 0.093072 -0.010460
v -0.003066 0.025973 0.013130
v -0.005359 0.078928 -0.007943
v -0.004582 0.098145 0.001776
v -0.003946 0.093827 -0.010361
v -0.003605 0.025125 -0.014802
v -0.002661 0.071889 -0.010615
v -0.004168 0.071475 -0.009451
v -0.003583 0.079464 -0.007380
v -0.003297 0.071445 -0.009875
v -0.003043 0.098219 0.003805
v -0.003174 0.103061 -0.000618
v -0.001203 0.057419 -0.006466
v -0.002957 0.092593 -0.006071
v -0.003085 0.094471 0.010540
v -0.002807 0.071801 0.010392
v -0.002862 0.095854 0.005415
v -0.001502 0.104813 0.000683
v 0.000110 0.074493 -0.008747
v -0.000085 0.009938 -0.020700
v 0.000453 0.068144 -0.013228
v 0.000738 0.097843 0.012337
v 0.002586 0.071762 -0.010483
v 0.000556 0.096265 -0.013252
v 0.001716 0.100374 0.001445
v 0.001763 0.071463 0.010113
v 0.003013 0.067198 0.011876
v 0.002651 0.102443 -0.001864
v 0.002832 0.077263 -0.009195
v 0.003158 0.094272 -0.010766
v 0.004418 0.093155 -0.010490
v 0.003456 0.025159 0.014728
v 0.005541 0.065942 -0.005452
v 0.005405 0.076963 0.006509
v 0.005106 0.077182 -0.007923
v 0.005408 0.092788 -0.003756
v 0.005358 0.011282 0.020174
v 0.005860 0.092651 -0.003074
v 0.006157 0.092585 0.002466
v 0.007732 0.093558 -0.003500
v 0.006407 0.071511 0.007753
v 0.007872 0.030233 -0.007912
v 0.007622 0.097481 0.008997
v 0.006865 0.068915 -0.011428
v 0.007628 0.071904 0.007308
v 0.009116 0.071097 0.007031
v 0.007691 0.071504 -0.006573
v 0.007834 0.074460 -0.003575
v 0.010164 0.070446 -0.007348
v 0.009643 0.096455 -0.009487
v 0.009047 0.067727 0.009206
v 0.008817 0.094110 0.004280
v 0.010050 0.072027 -0.003062
v 0.011489 0.066848 -0.000598
v 0.011822 0.097918 0.000462
v 0.014205 0.022576 -0.004397
v 0.015830 0.007323 0.010222
v 0.017043 0.007081 -0.008825
v 0.016046 0.005958 -0.014169
v 0.020881 0.011185 -0.000385
v -0.020206 0.009839 0.004365
v -0.017636 0.011833 0.011282
v -0.016646 0.007319 -0.008688
v -0.014644 0.000569 -0.015662
v -0.011405 0.066859 -0.001813
v -0.011505 0.066920 0.002919
v -0.007146 0.033532 0.006763
v -0.011235 0.019631 0.010839
v -0.009221 0.079093 0.000860
v -0.007616 0.076984 -0.004111
v -0.007435 0.079447 0.003403
v -0.006778 0.071500 0.007584
v -0.005265 0.092855 -0.003995
v -0.006255 0.066422 0.005298
v -0.004386 0.000600 0.020936
v -0.003484 0.093730 0.010888
v -0.003633 0.092735 -0.005579
v -0.002610 0.061990 -0.006551
v 0.001227 0.070778 0.012004
v -0.002677 0.100963 -0.001024
v -0.002737 0.099659 -0.002194
v -0.000897 0.078085 -0.009893
v 0.000051 0.026052 0.013391
v 0.001506 0.092748 -0.006460
v 0.002569 0.095028 0.011262
v 0.001709 0.104794 -0.000119
v 0.004376 0.043608 0.005970
v 0.003464 0.098921 0.002448
v 0.002731 0.074468 0.008116
v 0.003459 0.065772 0.006889
v 0.003369 0.085402 -0.008284
v 0.003986 0.007233 0.018741
v 0.003315 0.078279 -0.009281
v 0.003387 0.085363 0.008176
v 0.004910 0.076961 -0.007091
v 0.004356 0.079444 0.006734
v 0.005522 0.074465 0.006501
v 0.007740 0.024517 -0.013317
v 0.006292 0.070214 0.011080
v 0.009718 0.097453 0.008296
v 0.010011 0.071486 0.001831
v 0.009801 0.071546 -0.001207
v 0.012957 0.026011 -0.003587
v 0.011771 0.094615 -0.002247
v 0.015017 0.019767 0.003791
v 0.018288 0.000325 0.010394
v 0.018926 0.000677 -0.010146
v -0.021539 0.000920 -0.000217
v -0.018506 0.005774 -0.010922
v -0.017274 0.008320 -0.009909
v -0.015368 0.024534 0.000115
v -0.014959 0.005502 -0.015528
v -0.013195 0.022385 0.006799
v -0.009989 0.094117 -0.003597
v -0.009637 0.068739 0.009245
v -0.009447 0.025921 -0.009744
v -0.008733 0.097743 0.007924
v -0.008337 0.071510 0.005650
v -0.007907 0.007283 0.017491
v -0.006464 0.074029 -0.008280
v -0.004731 0.015895 -0.018610
v -0.004231 0.054721 -0.005029
v -0.004469 0.093046 0.010501
v -0.000249 0.099041 0.004148
v -0.000360 0.096413 0.013287
v 0.000189 0.024640 0.015342
v 0.003817 0.019857 0.014923
v 0.001297 0.102588 -0.003018
v 0.003670 0.079199 0.008293
v 0.002952 0.079438 0.007479
v 0.004673 0.034678 0.008215
v 0.005256 0.071772 -0.009377
v 0.004502 0.066257 0.006535
v 0.006072 0.095973 -0.000071
v 0.006480 0.066353 0.004732
v 0.007716 0.071532 0.006295
v 0.007987 0.093876 -0.001949
v 0.007858 0.019692 -0.013457
v 0.014717 0.000363 0.015124
v 0.013283 0.068465 -0.000121
v 0.013225 0.096018 0.000155
v 0.018350 0.005498 -0.011245
v -0.017158 0.007307 -0.007548
v -0.008832 0.035927 0.002245
v -0.007770 0.071708 0.007084
v -0.006403 0.092637 0.001753
v -0.006065 0.092573 0.002880
v -0.004537 0.098689 -0.000381
v -0.004176 0.024337 0.014754
v 0.000048 0.021766 0.014723
v 0.002896 0.094245 0.011155
v 0.002913 0.068124 0.012862
v 0.004669 0.058510 -0.004649
v 0.005557 0.029584 0.009950
v 0.004679 0.049142 -0.004828
v 0.007375 0.024630 0.013460
v 0.005846 0.053660 -0.002737
v 0.008673 0.073876 0.005616
v 0.008065 0.079447 0.000267
v 0.010202 0.028859 0.005846
v 0.010528 0.022671 -0.010524
v 0.018113 0.010927 0.010403
v 0.020155 0.012510 -0.005408
v -0.015165 0.025131 -0.000962
v -0.015046 0.011937 -0.014560
v -0.008099 0.066400 -0.001312
v -0.006008 0.038111 -0.006159
v -0.005558 0.010176 0.019962
v -0.005480 0.065846 -0.005531
v -0.003157 0.096113 -0.005221
v -0.004466 0.066439 -0.006987
v -0.003136 0.093001 -0.006966
v -0.001909 0.101023 -0.002261
v -0.000773 0.077999 0.009749
v 0.000158 0.086194 0.009087
v 0.003540 0.025936 -0.013067
v -0.011315 0.068075 0.006747
v -0.005626 0.071742 0.009080
v 0.001454 0.070844 -0.012006
v 0.007551 0.022634 -0.012844
v 0.008995 0.094230 -0.004369
v 0.002620 0.100990 -0.001128
v 0.014921 0.000714 0.015444
v -0.013514 0.007287 -0.013242
vn -0.7995 -0.5634 0.2083
vn -0.8574 0.5143 -0.0158
vn -0.9677 -0.2521 -0.0072
vn -0.9074 0.3307 -0.2594
vn -0.8063 0.5485 0.2215
vn -0.5820 -0.8120 -0.0433
vn -0.8630 -0.4546 -0.2203
vn -0.6457 0.7570 -0.1001
vn -0.5542 0.8140 0.1739
vn -0.9798 -0.0118 -0.1999
vn -0.9445 -0.3284 -0.0076
vn -0.9904 0.1367 0.0188
vn -0.9284 -0.3148 0.1976
vn -0.9155 0.3158 -0.2491
vn -0.9604 0.0915 0.2632
vn -0.5446 -0.8123 -0.2087
vn -0.0945 -0.9952 -0.0238
vn -0.8483 0.4845 0.2137
vn -0.8309 0.5564 -0.0037
vn -0.8415 -0.3715 -0.3923
vn -0.9105 -0.3559 -0.2108
vn -0.1682 -0.9845 0.0505
vn -0.7789 -0.4928 0.3880
vn -0.7394 0.5378 0.4050
vn -0.5855 0.8100 -0.0324
vn -0.6388 0.7063 -0.3051
vn -0.5170 -0.7940 0.3197
vn -0.9131 -0.2033 -0.3534
vn -0.8823 -0.2363 0.4071
vn -0.7631 0.4345 -0.4784
vn -0.8492 0.1083 -0.5168
vn -0.8426 -0.5385 -0.0019
vn -0.9836 0.0186 0.1796
vn -0.5504 0.8201 -0.1567
vn -0.9809 0.0059 -0.1944
vn -0.8185 0.3633 0.4451
vn -0.3985 -0.8885 -0.2277
vn -0.7668 0.6058 -0.2122
vn -0.9170 0.0166 -0.3985
vn -0.7109 -0.5731 -0.4076
vn -0.9219 -0.0059 0.3874
vn -0.7772 0.4508 -0.4389
vn -0.7617 -0.3732 -0.5297
vn -0.4627 0.8406 -0.2816
vn -0.7264 -0.4474 0.5216
vn -0.8343 0.0127 0.5511
vn -0.7850 -0.3022 -0.5408
vn -0.7193 0.5009 0.4813
vn -0.8870 -0.0821 -0.4544
vn -0.5873 0.4889 0.6450
vn -0.8945 -0.0041 -0.4471
vn -0.6669 0.6353 0.3894
vn -0.8731 -0.2725 0.4043
vn -0.7558 -0.4423 0.4829
vn -0.8604 0.2192 0.4600
vn -0.6372 0.6568 -0.4032
vn -0.8288 0.5281 -0.1847
vn -0.7445 0.5122 -0.4282
vn -0.8984 0.4392 -0.0017
vn -0.8138 0.5374 0.2212
vn -0.2267 -0.9243 -0.3071
vn -0.6579 -0.5027 -0.5608
vn -0.5444 0.6500 -0.5302
vn -0.6659 0.2758 0.6932
vn -0.7209 0.0931 -0.6867
vn -0.6597 0.2218 -0.7181
vn -0.2470 -0.9314 0.2673
vn -0.8638 -0.0399 -0.5022
vn -0.6880 -0.1003 0.7187
vn -0.5766 -0.5304 -0.6215
vn -0.4622 0.7784 0.4249
vn -0.0128 -0.9975 -0.0692
vn -0.6314 -0.4287 0.6461
vn -0.8442 0.0056 -0.5361
vn -0.6541 -0.2680 -0.7074
vn -0.6042 0.4752 -0.6396
vn -0.5778 0.5773 0.5769
vn -0.8328 -0.0188 -0.5532
vn -0.7995 -0.1785 0.5735
vn -0.7387 0.5287 0.4181
vn -0.6514 -0.4143 0.6356
vn -0.7870 -0.1315 -0.6027
vn -0.7628 0.2319 -0.6036
vn -0.9306 0.2524 0.2651
vn -0.6012 -0.5329 -0.5954
vn -0.9552 0.0885 -0.2822
vn -0.9939 0.0969 0.0527
vn -0.8117 0.5823 -0.0454
vn -0.9683 0.1117 0.2235
vn -0.9469 0.2042 -0.2482
vn -0.9656 -0.1067 -0.2370
vn -0.9997 -0.0254 0.0070
vn -0.7161 0.6474 0.2611
vn -0.6546 0.7286 0.2017
vn -0.9742 -0.0722 0.2137
vn -0.6970 0.0156 0.7169
vn -0.6384 0.7361 -0.2247
vn -0.6834 0.7294 0.0309
vn -0.8565 0.1029 0.5057
vn -0.8822 -0.1153 0.4566
vn -0.5931 0.5704 0.5682
vn -0.7329 0.5863 -0.3451
vn -0.8474 -0.0357 -0.5298
vn -0.8957 -0.0019 -0.4447
vn -0.4711 -0.7668 -0.4360
vn -0.6404 0.7533 -0.1496
vn -0.4914 -0.5615 0.6657
vn -0.3311 0.8386 -0.4326
vn -0.5170 -0.1469 -0.8433
vn -0.2827 0.8129 0.5092
vn -0.6971 -0.2021 -0.6879
vn -0.5725 0.7509 -0.3291
vn -0.4836 0.2053 0.8509
vn -0.5984 0.7228 0.3456
vn -0.4513 0.2825 -0.8465
vn -0.5512 0.7587 0.3472
vn -0.8251 0.1918 0.5315
vn -0.4951 0.5837 0.6436
vn -0.8084 0.1550 -0.5679
vn -0.4053 -0.5332 -0.7426
vn -0.6505 -0.0018 -0.7595
vn -0.7002 0.3735 -0.6084
vn -0.9919 -0.1270 -0.0013
vn -0.7468 0.5535 0.3687
vn -0.7868 0.6169 -0.0186
vn -0.9585 0.0408 -0.2823
vn -0.9993 -0.0364 0.0029
vn -0.7600 -0.6206 -0.1929
vn -0.9518 0.1315 0.2770
vn -0.3947 0.8094 -0.4349
vn -0.4051 0.5518 0.7290
vn -0.3159 0.7760 -0.5460
vn -0.1118 -0.9547 0.2759
vn -0.7556 0.6282 0.1858
vn -0.7851 -0.6192 -0.0172
vn -0.4781 0.2995 -0.8257
vn -0.7403 0.6520 -0.1639
vn -0.5811 0.3072 0.7536
vn -0.9215 0.3872 -0.0297
vn -0.8354 -0.5028 0.2221
vn -0.4649 -0.3524 0.8122
vn -0.5091 0.6845 0.5218
vn -0.7110 0.2785 0.6456
vn -0.4271 -0.5290 -0.7333
vn -0.4778 0.2523 0.8414
vn -0.6019 -0.3240 0.7298
vn -0.9167 -0.3668 0.1586
vn -0.8929 -0.2605 0.3672
vn -0.8710 0.4361 0.2264
vn -0.6580 0.1846 -0.7300
vn -0.3842 -0.9180 0.0984
vn -0.4787 -0.0230 0.8777
vn -0.0075 0.8929 0.4501
vn -0.9085 -0.3648 -0.2039
vn -0.8473 -0.1558 -0.5077
vn -0.6002 0.5284 -0.6005
vn -0.7033 -0.0536 -0.7089
vn -0.8644 0.4436 -0.2367
vn -0.4207 0.9002 0.1123
vn -0.6386 0.1600 0.7527
vn -0.8817 0.0241 0.4713
vn 0.0598 0.9952 -0.0780
vn -0.6353 0.6649 0.3928
vn -0.7210 0.5508 -0.4203
vn -0.3199 -0.9458 -0.0556
vn -0.7553 -0.4511 0.4754
vn -0.5473 0.5711 -0.6118
vn -0.6947 0.0359 -0.7184
vn 0.1886 0.7373 -0.6487
vn -0.4799 -0.8302 0.2839
vn -0.6006 0.1189 -0.7907
vn -0.7115 -0.0909 0.6968
vn -0.4317 -0.5221 0.7355
vn -0.3959 0.9022 -0.1712
vn -0.6752 0.1051 0.7301
vn -0.3982 0.5906 -0.7019
vn 0.4500 0.7617 -0.4662
vn -0.7856 0.4372 0.4378
vn 0.0115 0.7067 0.7074
vn -0.5507 0.0571 0.8327
vn -0.4674 0.7514 0.4657
vn -0.8033 0.3909 0.4493
vn -0.5076 -0.0521 -0.8600
vn -0.5202 -0.7879 -0.3296
vn -0.7861 0.3915 -0.4783
vn 0.6316 0.7627 0.1391
vn -0.4853 0.1959 -0.8521
vn -0.9882 0.1408 -0.0609
vn -0.6869 0.2942 -0.6646
vn -0.9240 -0.0692 -0.3760
vn -0.4883 0.7429 -0.4579
vn -0.6268 0.4817 0.6125
vn -0.9000 -0.2170 -0.3781
vn -0.6337 0.6669 -0.3920
vn -0.6248 0.4231 -0.6563
vn -0.3233 0.5119 0.7959
vn -0.0325 0.8798 -0.4742
vn 0.4327 0.7951 0.4250
vn -0.9258 0.2838 0.2498
vn -0.9383 0.3459 -0.0045
vn -0.8884 -0.4507 -0.0868
vn -0.9773 -0.0702 0.2001
vn -0.5619 -0.5674 0.6019
vn -0.7878 -0.5714 0.2300
vn -0.7200 0.6622 0.2076
vn -0.6432 -0.2206 -0.7332
vn -0.9344 -0.2502 -0.2536
vn -0.9531 -0.3026 0.0036
vn -0.7183 -0.0405 0.6946
vn -0.8881 0.3997 -0.2268
vn -0.5018 -0.6980 -0.5109
vn -0.4051 0.5739 0.7117
vn -0.6121 0.5229 0.5932
vn -0.9687 0.2444 0.0440
vn -0.9411 0.3349 0.0467
vn -0.8563 -0.3254 -0.4010
vn -0.9245 0.2433 0.2934
vn -0.4370 0.4966 -0.7500
vn -0.8769 0.3086 -0.3685
vn -0.6713 0.3238 0.6667
vn -0.9475 -0.1072 0.3012
vn -0.1167 0.9897 0.0826
vn -0.7027 0.7006 -0.1241
vn -0.5475 0.8326 -0.0837
vn -0.7211 0.6216 0.3060
vn -0.9256 0.2895 -0.2436
vn -0.9276 0.2751 -0.2529
vn -0.2969 -0.8375 0.4587
vn -0.6918 -0.6418 -0.3309
vn -0.4218 -0.9016 -0.0960
vn -0.0728 0.9912 0.1105
vn -0.8810 0.0313 -0.4720
vn 0.5907 0.7716 -0.2359
vn -0.5992 0.5942 0.5366
vn -0.7753 0.4714 0.4204
vn -0.4904 -0.0411 0.8705
vn -0.3856 0.2156 -0.8971
vn -0.9739 0.0964 0.2054
vn -0.7615 0.5733 -0.3023
vn -0.5940 0.7710 -0.2296
vn -0.6534 -0.0884 -0.7519
vn -0.8422 0.2660 0.4690
vn -0.9361 0.1692 0.3084
vn -0.4088 0.8159 -0.4089
vn -0.7722 -0.4916 0.4025
vn 0.6516 0.7054 0.2789
vn -0.4983 0.0078 -0.8670
vn -0.8869 -0.2719 0.3735
vn -0.1720 0.9339 0.3135
vn -0.6194 0.7478 0.2391
vn -0.2601 -0.5169 0.8156
vn -0.8188 0.2203 0.5301
vn -0.3078 0.7626 -0.5689
vn -0.5352 0.7853 -0.3112
vn -0.3172 0.7615 0.5652
vn -0.6736 -0.0701 0.7358
vn -0.3101 0.8232 0.4756
vn -0.8655 0.1857 0.4653
vn -0.2697 -0.4004 -0.8758
vn -0.1940 -0.9322 -0.3056
vn -0.9670 -0.0084 -0.2545
vn -0.8068 -0.5849 -0.0833
vn -0.9800 0.1445 0.1369
vn -0.8316 0.2993 -0.4678
vn -0.0038 0.8097 0.5868
vn -0.7215 -0.6859 0.0953
vn -0.6534 0.7557 0.0444
vn -0.7614 0.6458 -0.0558
vn -0.6979 0.6613 -0.2749
vn -0.1011 0.8472 -0.5216
vn -0.4370 0.2606 0.8609
vn -0.1649 0.9720 0.1676
vn -0.9208 -0.0312 0.3887
vn -0.3223 0.6716 0.6671
vn -0.3334 -0.0310 0.9423
vn -0.6507 0.7496 -0.1215
vn -0.0183 0.4420 -0.8968
vn -0.2444 0.6368 -0.7313
vn -0.3444 0.6642 -0.6635
vn -0.2306 0.2344 -0.9444
vn -0.3210 -0.5129 -0.7962
vn -0.6595 -0.3893 0.6431
vn -0.8297 0.1504 -0.5376
vn -0.8435 0.3269 -0.4262
vn -0.1624 -0.6486 -0.7436
vn -0.5916 -0.6633 -0.4583
vn -0.5886 -0.3751 -0.7161
vn -0.6164 -0.7387 0.2727
vn 0.1293 0.6854 0.7166
vn -0.6038 -0.7448 -0.2842
vn 0.1836 0.8295 -0.5274
vn -0.2692 -0.1077 -0.9570
vn -0.9769 0.2039 -0.0635
vn -0.7693 0.5809 -0.2658
vn -0.6417 0.6963 0.3217
vn -0.6874 0.3553 -0.6335
vn -0.8543 -0.0305 0.5189
vn -0.5096 0.0869 0.8560
vn -0.7732 0.6068 0.1842
vn -0.8503 -0.5002 -0.1636
vn -0.4691 -0.0033 -0.8831
vn 0.4048 0.9130 -0.0504
vn 0.1627 0.8897 -0.4265
vn -0.8316 0.0606 0.5520
vn -0.5103 0.7164 0.4758
vn -0.7167 -0.1665 0.6772
vn -0.2980 0.7489 -0.5919
vn -0.3034 0.9442 0.1286
vn -0.7553 -0.6386 0.1470
vn -0.1661 0.1049 0.9805
vn -0.8246 0.1243 -0.5519
vn -0.6728 -0.2941 -0.6788
vn -0.5305 -0.7257 0.4381
vn 0.3896 0.8795 0.2733
vn -0.9930 -0.1177 -0.0119
vn -0.4758 0.3373 0.8123
vn -0.5513 0.6726 -0.4936
vn -0.8005 0.5884 0.1141
vn -0.7759 -0.2169 -0.5924
vn 0.4089 0.8751 0.2588
vn -0.4264 -0.8952 0.1294
vn 0.4843 0.8745 -0.0254
vn -0.8897 0.1842 -0.4178
vn -0.3681 -0.9023 -0.2242
vn -0.9301 -0.1097 0.3505
vn -0.4039 -0.2333 -0.8845
vn -0.8206 0.0205 0.5711
vn -0.7363 -0.6045 0.3042
vn -0.8086 -0.5778 -0.1105
vn -0.6176 0.5842 0.5265
vn -0.9160 0.1531 0.3708
vn -0.4427 0.4070 -0.7990
vn -0.4367 -0.3168 0.8420
vn -0.7211 0.5885 0.3657
vn -0.6590 -0.6420 -0.3919
vn -0.3245 0.7371 -0.5928
vn -0.5194 0.3549 -0.7773
vn -0.7729 -0.0975 0.6271
vn -0.4490 -0.0974 -0.8882
vn -0.6995 -0.2179 -0.6806
vn -0.1425 0.7280 0.6706
vn -0.6630 -0.6853 0.3014
vn -0.2573 -0.2704 0.9277
vn -0.2401 0.1070 0.9648
vn -0.2312 0.3373 -0.9126
vn -0.9396 -0.3397 -0.0425
vn -0.6722 0.0480 -0.7388
vn -0.5906 0.6621 -0.4612
vn -0.2779 -0.1926 0.9411
vn -0.3748 0.7928 -0.4806
vn -0.5283 -0.7260 0.4403
vn -0.3564 -0.5256 -0.7725
vn -0.7006 -0.5790 0.4169
vn -0.9010 -0.3969 0.1753
vn 0.0433 0.0474 -0.9979
vn -0.7044 0.5864 -0.3999
vn 0.4209 0.7642 -0.4887
vn -0.3686 -0.6324 -0.6814
vn -0.5746 0.6500 0.4974
vn -0.7368 0.0618 0.6733
vn 0.2565 0.3824 0.8877
vn -0.4376 0.3903 0.8101
vn -0.8042 -0.4691 -0.3651
vn -0.5725 0.5911 0.5682
vn -0.0812 -0.9120 0.4020
vn 0.5293 0.7399 -0.4151
vn -0.4281 -0.8101 -0.4005
vn -0.2006 0.4982 0.8435
vn 0.5957 0.7831 0.1783
vn -0.6838 -0.5503 0.4792
vn -0.8147 -0.3544 0.4591
vn -0.1310 0.7534 -0.6444
vn -0.3211 0.9434 0.0837
vn -0.3905 -0.8553 0.3406
vn -0.5805 -0.6053 -0.5446
vn -0.4019 -0.6591 0.6356
vn -0.1888 0.6115 -0.7684
vn -0.3425 0.7524 0.5626
vn -0.7190 -0.1697 0.6740
vn -0.6449 -0.3163 0.6957
vn -0.1363 0.8917 0.4317
vn -0.6611 0.2363 0.7121
vn -0.5039 0.3037 0.8086
vn -0.6851 0.2659 -0.6782
vn -0.1656 0.9318 -0.3231
vn -0.6490 0.1700 -0.7416
vn -0.6027 0.1823 0.7768
vn -0.2036 0.3100 0.9287
vn -0.3212 0.9364 -0.1415
vn -0.6158 0.5832 -0.5298
vn -0.3776 0.9045 0.1984
vn -0.9956 -0.0636 -0.0682
vn 0.5604 0.7578 -0.3342
vn -0.9930 0.0898 -0.0766
vn -0.8498 -0.1569 -0.5032
vn -0.2045 0.2802 -0.9379
vn -0.9187 -0.1350 0.3711
vn -0.4458 0.3226 -0.8350
vn -0.9170 0.0251 0.3980
vn -0.0953 -0.9626 -0.2536
vn -0.5022 -0.2113 0.8386
vn -0.7067 0.1887 0.6819
vn -0.5524 0.5676 -0.6104
vn -0.3563 -0.2890 0.8885
vn -0.5836 -0.5976 0.5498
vn -0.3653 0.9294 0.0519
vn -0.3722 -0.7255 -0.5789
vn -0.8800 0.0318 -0.4740
vn -0.3494 -0.7767 0.5241
vn -0.2786 0.9447 -0.1729
vn -0.6249 -0.3909 0.6757
vn -0.5980 -0.0542 -0.7997
vn -0.9453 0.3261 0.0041
vn -0.9100 0.3284 -0.2530
vn -0.1944 0.5507 0.8117
vn -0.3815 0.9244 -0.0022
vn -0.9168 0.3213 0.2371
vn -0.5449 -0.0379 0.8376
vn -0.1566 0.7653 0.6243
vn -0.5326 0.2798 0.7988
vn -0.2063 0.2436 0.9477
vn -0.4354 -0.4969 -0.7507
vn -0.2250 -0.8862 -0.4050
vn -0.6472 -0.3709 -0.6660
vn -0.2825 0.8141 0.5074
vn -0.3770 0.2167 -0.9005
vn -0.2579 0.3005 -0.9182
vn -0.3974 0.6544 0.6433
vn -0.2199 0.9527 -0.2096
vn -0.5357 0.2137 -0.8169
vn -0.2644 -0.0022 -0.9644
vn -0.4387 0.6404 -0.6304
vn -0.2416 0.2622 -0.9343
vn -0.1605 -0.6063 0.7788
vn -0.5182 0.5271 -0.6735
vn -0.3504 0.5831 -0.7329
vn -0.8189 0.3298 0.4697
vn -0.2778 -0.0731 0.9578
vn -0.3495 -0.5969 -0.7222
vn -0.3612 -0.0702 0.9299
vn -0.3646 0.2304 0.9022
vn -0.4320 -0.6014 -0.6721
vn -0.7445 0.2729 -0.6093
vn -0.6478 0.0815 0.7574
vn -0.6150 -0.1216 -0.7791
vn -0.2259 -0.0881 -0.9701
vn -0.5194 -0.6250 0.5828
vn 0.1389 0.6464 -0.7503
vn -0.1224 0.4256 0.8966
vn -0.4894 0.1721 0.8549
vn 0.6093 0.7922 -0.0353
vn -0.2457 -0.0744 0.9665
vn -0.7512 0.6572 -0.0620
vn -0.2052 0.5829 -0.7862
vn -0.3005 -0.3090 -0.9023
vn -0.3867 -0.1532 -0.9094
vn -0.6006 0.1519 -0.7850
vn 0.2385 0.8758 0.4196
vn -0.4129 -0.1367 0.9005
vn -0.7566 0.1409 -0.6386
vn -0.7527 0.5780 0.3152
vn -0.7318 0.5357 -0.4213
vn -0.6774 -0.0589 0.7333
vn -0.1207 0.6400 -0.7589
vn -0.2596 -0.3333 0.9064
vn -0.6380 0.0296 -0.7694
vn -0.3880 0.6381 -0.6651
vn -0.4988 -0.2013 -0.8430
vn -0.4055 -0.4125 -0.8158
vn -0.2834 0.9203 0.2698
vn -0.2340 0.4554 0.8590
vn -0.2551 -0.8735 0.4147
vn -0.2170 -0.4328 -0.8750
vn -0.3687 -0.6308 0.6828
vn -0.3644 0.6358 0.6804
vn -0.6805 0.3047 0.6664
vn -0.2034 0.5340 0.8207
vn -0.1090 0.6905 0.7151
vn -0.2638 0.0182 0.9644
vn -0.1485 0.7612 -0.6312
vn -0.4931 0.6132 0.6171
vn -0.4291 0.1716 -0.8868
vn -0.4001 -0.1420 0.9054
vn -0.3250 -0.0847 -0.9419
vn -0.3382 0.2896 -0.8954
vn -0.0073 0.9853 -0.1708
vn -0.4001 0.2019 0.8940
vn -0.1770 0.6877 0.7040
vn -0.0221 0.9215 0.3879
vn 0.1672 0.9758 0.1410
vn -0.3636 -0.0937 0.9268
vn -0.0707 0.0709 -0.9950
vn -0.1361 0.8147 -0.5637
vn -0.2842 -0.2715 0.9195
vn -0.0659 -0.8608 -0.5047
vn -0.2578 0.3201 0.9116
vn -0.2072 0.4740 -0.8558
vn 0.0907 -0.9376 -0.3357
vn 0.0097 0.4874 -0.8731
vn -0.2038 -0.5781 0.7901
vn -0.6190 0.7580 0.2057
vn -0.2429 0.7794 -0.5776
vn -0.2735 0.8790 -0.3906
vn -0.3806 -0.1637 -0.9101
vn -0.2630 -0.5779 -0.7725
vn -0.4834 0.3498 -0.8025
vn -0.3453 0.8844 -0.3139
vn -0.4701 0.8816 0.0414
vn 0.1094 0.9507 0.2902
vn -0.3001 0.6510 -0.6972
vn -0.4838 -0.0581 -0.8733
vn -0.1251 0.6073 0.7846
vn -0.5626 0.3807 0.7339
vn -0.2193 0.6141 0.7581
vn -0.2082 -0.4614 -0.8624
vn -0.2573 0.2378 -0.9366
vn -0.2076 -0.7405 0.6391
vn -0.2361 -0.5829 0.7775
vn -0.3423 0.0094 0.9395
vn -0.2481 0.2166 0.9442
vn -0.5070 0.7753 -0.3766
vn 0.0177 -0.9938 0.1101
vn 0.0153 -0.2871 -0.9578
vn -0.0648 -0.8645 -0.4984
vn -0.1084 0.8966 -0.4293
vn -0.2861 -0.1581 -0.9451
vn -0.8481 0.4315 0.3075
vn -0.4328 0.2960 0.8515
vn 0.1358 0.9087 -0.3947
vn -0.1944 0.3153 -0.9289
vn 0.0491 -0.9980 -0.0391
vn -0.0489 -0.2158 -0.9752
vn -0.5547 0.8186 0.1490
vn -0.0179 0.4634 0.8859
vn -0.3774 0.6770 -0.6319
vn -0.2226 -0.3330 0.9163
vn -0.0104 0.6188 -0.7855
vn 0.0001 0.5739 -0.8189
vn 0.1326 0.9838 -0.1207
vn 0.0089 0.9999 -0.0085
vn 0.0328 -0.7817 -0.6229
vn 0.0534 0.8592 0.5088
vn -0.0395 -0.7344 -0.6776
vn -0.1517 0.7149 0.6826
vn -0.7914 0.3783 -0.4802
vn -0.3948 0.7933 0.4635
vn -0.3216 0.1499 0.9349
vn 0.0236 0.8088 0.5876
vn -0.0707 0.0490 0.9963
vn -0.0150 -0.6378 0.7700
vn -0.7101 0.0973 0.6973
vn 0.0453 0.3669 -0.9292
vn -0.3316 0.8095 -0.4845
vn -0.1976 0.9339 -0.2980
vn -0.3689 0.7918 0.4868
vn -0.9703 0.2125 -0.1157
vn -0.9685 -0.2423 0.0583
vn -0.8669 0.1740 0.4671
vn -0.0045 -0.1098 -0.9939
vn -0.8835 -0.0685 -0.4635
vn -0.1801 0.1436 -0.9731
vn -0.7421 0.6342 0.2170
vn -0.8158 -0.4965 -0.2964
vn 0.0057 0.2664 -0.9638
vn -0.0415 0.6698 -0.7413
vn -0.2127 -0.0346 -0.9765
vn -0.8048 -0.2823 0.5221
vn -0.0749 -0.1625 0.9839
vn -0.2062 0.0716 0.9759
vn -0.0033 0.7107 0.7035
vn -0.7866 -0.5737 0.2284
vn 0.0080 -0.8942 0.4476
vn -0.1509 0.3171 -0.9363
vn 0.0220 0.0502 0.9985
vn -0.3116 0.9038 0.2932
vn -0.7640 0.5413 -0.3512
vn -0.1673 0.7365 -0.6554
vn -0.0194 0.1198 0.9926
vn -0.9621 0.1803 -0.2047
vn -0.1579 0.6533 -0.7404
vn 0.0017 -0.5027 0.8645
vn -0.1313 0.0861 -0.9876
vn 0.0632 0.8314 0.5521
vn -0.0254 0.6265 0.7790
vn -0.0540 0.6627 0.7469
vn -0.2296 -0.3588 -0.9047
vn -0.0551 0.8038 0.5923
vn -0.0862 -0.6263 0.7748
vn -0.2093 0.4389 0.8738
vn -0.2156 0.5828 -0.7835
vn 0.0090 -0.2211 0.9752
vn -0.5058 -0.1090 0.8558
vn 0.0417 0.3352 -0.9412
vn -0.8259 0.2009 0.5268
vn -0.9839 0.1317 0.1209
vn -0.0341 -0.5596 0.8281
vn -0.5705 -0.4599 -0.6805
vn -0.6469 0.0650 -0.7598
vn -0.0009 0.5420 0.8404
vn -0.1196 0.0841 0.9892
vn -0.6027 0.3126 0.7342
vn 0.0218 -0.3803 -0.9246
vn 0.0218 -0.3115 -0.9500
vn -0.0779 -0.0725 0.9943
vn -0.7355 0.5335 0.4176
vn -0.2876 0.9334 -0.2145
vn -0.4987 0.5708 0.6523
vn -0.7730 0.1622 -0.6133
vn 0.0241 0.0672 0.9975
vn 0.0025 0.3263 -0.9453
vn -0.3683 0.3397 -0.8654
vn -0.4724 0.8725 -0.1250
vn -0.2036 0.8101 -0.5498
vn -0.3501 0.7050 -0.6167
vn -0.1508 0.5673 -0.8096
vn 0.0301 0.2365 -0.9712
vn -0.0840 -0.5955 -0.7989
vn 0.0167 0.4140 -0.9101
vn 0.0034 0.2753 -0.9614
vn 0.0168 0.2466 0.9690
vn -0.0586 0.5685 -0.8206
vn -0.3456 0.9169 0.1998
vn -0.3103 -0.3162 -0.8965
vn 0.0018 -0.3192 -0.9477
vn -0.0879 -0.0228 -0.9959
vn -0.1390 0.9175 -0.3727
vn -0.0101 0.8586 0.5125
vn 0.0429 -0.3118 0.9492
vn -0.1394 0.9349 0.3264
vn -0.0392 0.6948 0.7182
vn -0.0538 0.2926 0.9547
vn 0.0197 -0.7807 0.6245
vn 0.1840 -0.6085 0.7720
vn -0.5498 0.4836 -0.6810
vn 0.0148 -0.1473 0.9890
vn -0.0575 0.2137 -0.9752
vn 0.0172 0.2730 0.9619
vn 0.0007 0.2556 0.9668
vn -0.1206 0.5006 0.8572
vn 0.0292 -0.2829 0.9587
vn -0.0143 0.6619 -0.7494
vn 0.0462 0.8335 -0.5506
vn -0.3318 0.2266 -0.9157
vn 0.0852 -0.3059 -0.9482
vn -0.1861 -0.0619 0.9806
vn -0.0008 0.6068 0.7949
vn 0.0351 0.7243 0.6886
vn -0.1072 -0.4443 0.8894
vn 0.0047 0.3792 -0.9253
vn 0.2083 -0.3677 0.9063
vn -0.0186 -0.0584 0.9981
vn 0.1310 -0.3173 0.9392
vn 0.0546 0.1549 0.9864
vn -0.0384 -0.9116 0.4092
vn 0.0002 0.8937 0.4487
vn -0.2686 0.2064 0.9409
vn -0.1613 -0.0260 -0.9866
vn 0.0581 -0.4248 -0.9034
vn 0.1770 0.7545 -0.6320
vn 0.0246 0.7292 -0.6838
vn 0.1370 -0.5864 -0.7984
vn 0.0763 0.5991 -0.7970
vn -0.2123 0.9695 -0.1229
vn 0.0212 -0.1359 -0.9905
vn 0.0923 0.2239 -0.9702
vn -0.2787 0.7002 0.6573
vn 0.1773 -0.8661 0.4674
vn 0.1477 0.5458 0.8248
vn 0.0702 0.8188 -0.5697
vn 0.0225 0.7077 -0.7061
vn 0.0701 0.9970 0.0326
vn 0.0471 -0.0113 0.9988
vn 0.0209 -0.2165 -0.9761
vn 0.1339 0.1373 0.9814
vn 0.2383 0.0184 0.9710
vn 0.2390 0.9705 0.0318
vn 0.0965 0.6689 0.7370
vn 0.2045 0.6874 -0.6969
vn 0.0277 0.9527 -0.3026
vn 0.0015 0.2738 -0.9618
vn 0.1338 0.2758 -0.9519
vn 0.1427 0.6184 0.7728
vn 0.2296 0.4100 0.8827
vn 0.2081 0.7489 0.6292
vn 0.4601 0.8593 0.2233
vn 0.4927 0.7455 -0.4488
vn 0.1210 0.9489 0.2916
vn 0.1865 0.3764 -0.9075
vn 0.1216 -0.0285 -0.9922
vn 0.2522 0.4612 0.8507
vn 0.2399 -0.1467 -0.9597
vn 0.4057 0.2031 0.8912
vn 0.1652 -0.0536 0.9848
vn 0.2156 0.3722 0.9028
vn 0.5548 0.3507 -0.7545
vn 0.4279 0.7652 -0.4810
vn 0.3721 -0.3829 0.8456
vn 0.4178 -0.1097 0.9019
vn 0.2103 -0.3777 0.9017
vn 0.5605 0.4014 0.7243
vn 0.4054 0.8389 -0.3633
vn 0.2706 -0.2022 0.9412
vn 0.1629 0.7676 0.6198
vn 0.2243 0.7307 -0.6448
vn 0.3785 0.2653 0.8867
vn 0.1347 -0.8702 0.4739
vn 0.2476 -0.1127 -0.9623
vn 0.1993 -0.0734 -0.9772
vn 0.3965 0.7505 0.5288
vn 0.1785 0.0254 -0.9836
vn 0.2117 -0.6018 -0.7701
vn 0.1575 -0.8480 -0.5061
vn 0.4323 0.0745 -0.8987
vn 0.4152 0.9097 -0.0086
vn 0.1260 -0.6760 -0.7261
vn 0.1968 0.5250 0.8280
vn 0.2075 0.5505 0.8087
vn 0.2162 0.9099 0.3540
vn 0.2327 0.5309 -0.8149
vn 0.3566 0.1583 -0.9208
vn 0.2796 0.7306 0.6230
vn 0.5470 -0.3978 -0.7365
vn 0.1341 -0.0057 0.9910
vn 0.2595 -0.0126 -0.9657
vn 0.3208 0.6843 -0.6549
vn 0.5912 0.1851 -0.7850
vn 0.3668 -0.1149 -0.9232
vn 0.2907 0.9021 -0.3190
vn 0.2873 -0.3963 0.8720
vn 0.1480 -0.2859 -0.9467
vn 0.2497 0.3943 0.8844
vn 0.2665 0.6478 0.7137
vn 0.2373 -0.6745 -0.6991
vn 0.4018 0.8720 0.2796
vn 0.2689 0.1769 0.9468
vn 0.2777 -0.1392 0.9505
vn 0.6090 -0.0049 -0.7931
vn 0.2145 0.1764 0.9607
vn 0.2841 0.2250 -0.9320
vn 0.4006 -0.2957 -0.8672
vn 0.5636 -0.0930 -0.8208
vn 0.2513 0.2266 0.9410
vn 0.2690 -0.0668 0.9608
vn 0.6778 0.1730 0.7146
vn 0.2308 -0.3724 0.8989
vn 0.1999 0.1036 -0.9743
vn 0.2596 0.6356 -0.7271
vn 0.8661 0.4623 0.1901
vn 0.2403 0.3961 -0.8862
vn 0.2051 0.9699 0.1309
vn 0.2399 0.6401 -0.7299
vn 0.1707 0.8255 -0.5381
vn 0.6845 0.2567 0.6823
vn 0.1970 0.7440 -0.6385
vn 0.3728 -0.2704 0.8877
vn 0.7082 0.6668 0.2320
vn 0.6274 0.7266 -0.2802
vn 0.9216 0.2810 0.2678
vn 0.7617 -0.3572 0.5405
vn 0.1747 -0.8057 -0.5660
vn 0.2531 0.0222 -0.9672
vn 0.2380 0.8475 0.4744
vn 0.7333 0.4202 -0.5344
vn 0.2026 0.2575 0.9448
vn 0.4253 0.5413 0.7253
vn 0.3354 0.6107 -0.7173
vn 0.2225 0.6852 -0.6935
vn 0.2969 0.0639 -0.9528
vn 0.3701 0.0373 -0.9283
vn 0.4666 0.3415 -0.8159
vn 0.3007 -0.2682 0.9152
vn 0.7341 0.6299 -0.2536
vn 0.1088 -0.9938 0.0220
vn 0.4058 -0.1117 0.9071
vn 0.5405 0.7856 -0.3013
vn 0.2077 0.6173 0.7588
vn 0.2070 -0.5901 -0.7803
vn 0.3446 -0.8926 -0.2907
vn 0.8290 -0.4738 -0.2972
vn 0.2358 0.4789 -0.8456
vn 0.4712 0.0127 -0.8819
vn 0.5164 0.8102 0.2772
vn 0.2747 0.2464 -0.9294
vn 0.3569 0.4971 -0.7909
vn 0.8871 0.1639 -0.4315
vn 0.8377 -0.0047 -0.5461
vn 0.4490 -0.3674 0.8145
vn 0.3165 -0.7418 0.5913
vn 0.3647 0.2423 -0.8991
vn -0.0913 0.9341 0.3451
vn 0.3742 -0.2630 -0.8893
vn 0.1612 0.9287 0.3341
vn 0.4039 0.3335 0.8518
vn 0.3469 0.1003 0.9325
vn 0.6083 0.6694 0.4265
vn 0.3260 -0.5928 -0.7364
vn 0.4636 0.2567 0.8481
vn 0.1869 0.8976 0.3992
vn 0.1666 0.9248 -0.3420
vn 0.9058 0.4124 -0.0971
vn 0.9755 0.2195 0.0167
vn 0.3639 0.1333 -0.9219
vn 0.2721 -0.6479 0.7114
vn 0.2810 0.4877 0.8265
vn 0.3755 0.6575 0.6532
vn 0.2932 0.0478 0.9548
vn 0.6235 -0.0018 0.7818
vn -0.0462 0.9296 -0.3656
vn 0.7153 0.6980 0.0346
vn 0.4451 0.6448 -0.6214
vn 0.2976 0.6013 0.7416
vn 0.2528 0.6917 -0.6765
vn 0.9219 0.1085 0.3720
vn 0.4131 0.0721 -0.9078
vn 0.3775 0.0427 -0.9250
vn 0.5262 0.2635 0.8085
vn 0.9857 -0.1684 0.0097
vn 0.2070 -0.4372 0.8753
vn 0.2661 -0.3627 -0.8931
vn 0.3252 -0.8299 -0.4533
vn 0.5973 0.6052 -0.5263
vn 0.0837 0.9135 0.3981
vn 0.3671 -0.0812 0.9266
vn 0.4519 0.8909 -0.0465
vn 0.3766 0.2603 0.8891
vn 0.4156 -0.6579 -0.6280
vn 0.1634 0.9078 -0.3863
vn 0.4707 0.5693 0.6741
vn 0.3620 -0.6212 0.6951
vn 0.3581 -0.8129 -0.4592
vn 0.4967 -0.1802 -0.8490
vn 0.6873 0.3124 -0.6558
vn 0.3201 0.8244 -0.4667
vn 0.7447 0.3231 0.5840
vn 0.6251 0.1377 0.7683
vn 0.6248 0.1675 0.7626
vn 0.4229 -0.6748 0.6048
vn 0.3885 -0.6112 -0.6896
vn 0.0170 0.9606 -0.2773
vn 0.3936 -0.6082 -0.6893
vn 0.6942 0.0983 -0.7130
vn -0.2887 0.9415 -0.1737
vn 0.2718 0.2306 0.9343
vn 0.4719 0.2981 0.8297
vn 0.2120 0.9251 0.3151
vn 0.2181 0.8535 0.4733
vn 0.3898 0.6626 0.6395
vn 0.5562 -0.3393 -0.7586
vn 0.3992 0.1029 -0.9111
vn 0.7884 0.5673 -0.2382
vn 0.2790 0.8961 -0.3452
vn -0.5274 0.7850 -0.3251
vn 0.7256 -0.0378 -0.6870
vn 0.2540 0.9450 -0.2062
vn 0.3517 0.7784 -0.5200
vn 0.2588 -0.6268 0.7350
vn 0.4448 0.4321 0.7845
vn 0.3257 0.7458 0.5811
vn 0.4059 0.0780 0.9106
vn -0.6074 0.7345 0.3026
vn 0.5779 -0.3987 0.7121
vn -0.2386 0.6312 -0.7380
vn 0.7151 -0.1235 0.6880
vn 0.8656 0.3210 -0.3842
vn 0.4409 0.4118 0.7975
vn 0.3980 0.7858 0.4733
vn 0.5148 -0.1884 0.8363
vn -0.5903 0.7901 0.1653
vn 0.4635 0.4074 -0.7869
vn 0.5584 0.2488 -0.7914
vn 0.7492 -0.2776 0.6014
vn 0.4829 0.0594 0.8736
vn 0.5466 -0.5893 0.5950
vn -0.5699 0.8019 -0.1794
vn 0.2327 -0.8642 0.4461
vn 0.6907 -0.1918 -0.6972
vn 0.4983 0.1328 -0.8568
vn 0.3315 0.7638 -0.5538
vn 0.3988 0.6253 -0.6708
vn -0.2361 0.4879 0.8404
vn 0.4746 -0.5143 -0.7143
vn 0.7073 -0.2018 0.6775
vn 0.4893 -0.5902 -0.6421
vn 0.5158 0.0401 -0.8557
vn 0.4835 -0.8157 0.3175
vn 0.5701 0.5707 -0.5910
vn 0.8748 0.3837 0.2958
vn 0.5629 0.7103 -0.4227
vn 0.6762 0.2418 -0.6959
vn 0.3752 0.8861 0.2721
vn 0.4136 0.8958 -0.1631
vn 0.5501 0.6901 0.4703
vn 0.5092 -0.3484 -0.7869
vn 0.6033 0.2402 0.7605
vn 0.6485 -0.3726 0.6638
vn 0.5164 0.6411 0.5678
vn 0.9467 0.3220 0.0003
vn 0.6157 0.0919 0.7826
vn 0.7089 0.2711 0.6511
vn 0.1645 0.0396 -0.9856
vn 0.6943 -0.1070 -0.7117
vn 0.6767 -0.2911 -0.6763
vn 0.4037 0.5944 0.6955
vn 0.3409 0.7173 0.6077
vn 0.3734 0.9207 0.1131
vn 0.9113 0.0325 -0.4105
vn -0.2880 0.7592 -0.5837
vn 0.4093 0.5766 -0.7071
vn 0.4954 -0.0132 0.8686
vn 0.5899 0.2385 -0.7714
vn 0.3329 -0.5426 -0.7712
vn 0.4702 -0.4749 0.7439
vn 0.5107 0.0504 -0.8583
vn 0.5979 0.6531 -0.4647
vn 0.9231 0.0749 0.3772
vn 0.9166 -0.0679 0.3940
vn 0.8843 -0.1368 -0.4464
vn 0.5111 -0.1276 -0.8500
vn 0.4524 0.2384 -0.8594
vn 0.6001 -0.5417 -0.5886
vn 0.7113 0.2345 0.6626
vn -0.5410 0.5523 -0.6342
vn 0.4863 0.1058 0.8673
vn 0.2486 0.8117 0.5286
vn 0.4458 0.4586 0.7687
vn 0.3770 0.8818 0.2834
vn 0.4250 0.9039 0.0473
vn 0.6704 0.2539 -0.6972
vn 0.8671 0.1540 -0.4737
vn 0.8633 0.2770 -0.4219
vn 0.6376 0.2161 -0.7394
vn 0.7016 0.5433 0.4611
vn -0.6151 0.7674 0.1810
vn -0.3721 0.8596 -0.3501
vn -0.3508 0.8868 -0.3009
vn 0.4072 0.6813 -0.6082
vn 0.6927 -0.3166 -0.6480
vn 0.7247 0.1638 0.6693
vn 0.5640 -0.7572 -0.3294
vn 0.2864 -0.9388 0.1913
vn 0.5077 0.7597 -0.4063
vn 0.4004 0.9091 -0.1148
vn 0.3212 0.9257 -0.1998
vn 0.3164 0.9038 0.2881
vn 0.6744 0.6034 0.4255
vn 0.2495 -0.2473 0.9363
vn -0.5336 0.7944 0.2902
vn -0.3780 0.9120 -0.1596
vn -0.3469 0.8934 0.2856
vn 0.6404 0.4196 0.6434
vn 0.6696 0.1579 0.7258
vn 0.3567 -0.4510 -0.8181
vn 0.5635 -0.7052 -0.4303
vn 0.7939 -0.3510 -0.4965
vn 0.6874 -0.4957 -0.5309
vn 0.6323 -0.7177 -0.2917
vn 0.0217 0.9990 0.0385
vn 0.8465 0.2516 0.4691
vn 0.4811 0.3621 -0.7983
vn 0.4316 0.0014 -0.9021
vn 0.5239 -0.7713 0.3614
vn -0.3553 0.4811 0.8014
vn 0.2606 0.9591 0.1104
vn 0.3420 0.7151 -0.6097
vn 0.9993 0.0219 -0.0296
vn 0.6872 0.5963 -0.4150
vn 0.2509 0.9611 -0.1152
vn 0.9139 -0.1279 0.3854
vn 0.9371 -0.1982 0.2873
vn 0.9911 -0.1276 -0.0377
vn 0.9883 0.1283 -0.0819
vn 0.3786 0.6864 0.6209
vn 0.8130 -0.1113 0.5715
vn 0.7508 -0.2278 -0.6200
vn 0.3370 -0.7547 0.5630
vn 0.6538 -0.6040 0.4558
vn 0.9054 -0.1327 -0.4032
vn -0.1772 0.4289 -0.8858
vn 0.9420 0.1873 -0.2784
vn -0.6895 0.7238 0.0261
vn 0.7532 0.5479 0.3638
vn 0.5409 -0.0226 0.8408
vn -0.5083 0.8476 0.1526
vn 0.3781 0.6177 -0.6895
vn 0.6110 -0.7713 0.1782
vn 0.9728 0.1709 0.1563
vn 0.6557 -0.5190 0.5483
vn 0.7784 -0.5208 0.3506
vn 0.4669 -0.4835 0.7404
vn 0.7098 -0.6016 -0.3664
vn 0.2842 -0.8654 0.4127
vn 0.7284 0.1338 0.6720
vn 0.7392 0.0789 -0.6689
vn 0.4489 -0.3931 -0.8025
vn 0.4930 -0.2706 0.8269
vn -0.5596 0.8046 -0.1988
vn 0.4751 0.3226 0.8187
vn 0.6560 0.7337 0.1769
vn 0.5891 0.7240 0.3590
vn 0.8913 -0.2950 0.3444
vn 0.6481 0.4093 -0.6423
vn 0.6573 -0.7534 -0.0179
vn 0.9801 0.1945 -0.0399
vn 0.7151 0.6914 0.1024
vn 0.7935 0.5629 -0.2313
vn 0.3149 0.2544 0.9144
vn 0.7431 -0.1676 0.6479
vn 0.5353 0.7540 -0.3807
vn 0.8876 -0.2835 -0.3631
vn 0.4900 0.1044 -0.8655
vn 0.8166 0.3583 -0.4524
vn 0.4621 -0.2843 0.8400
vn 0.7970 0.5537 0.2413
vn 0.6430 -0.7538 0.1355
vn 0.6903 0.6754 -0.2594
vn 0.5658 -0.6164 0.5477
vn 0.8457 0.1160 -0.5208
vn 0.4438 0.8679 -0.2230
vn 0.8006 0.1253 0.5860
vn 0.6924 -0.3100 -0.6515
vn 0.7489 0.6280 0.2115
vn 0.0405 0.9061 -0.4211
vn 0.8827 -0.3428 0.3213
vn 0.9908 -0.1343 -0.0144
vn 0.1202 0.8476 0.5168
vn -0.0417 0.8513 0.5231
vn 0.7788 -0.5871 -0.2210
vn 0.5056 0.2260 0.8326
vn 0.6194 0.5415 0.5684
vn -0.0912 0.8726 0.4799
vn 0.1463 -0.9457 -0.2903
vn 0.6681 -0.6568 0.3495
vn 0.3721 0.9180 -0.1371
vn 0.8198 0.5715 0.0372
vn 0.8694 0.3381 -0.3604
vn 0.7152 0.6434 -0.2730
vn 0.9125 -0.0130 -0.4089
vn 0.8033 0.4974 0.3276
vn -0.0464 0.9815 -0.1857
vn 0.1149 0.7878 -0.6051
vn 0.7273 0.6845 -0.0503
vn 0.4960 0.2567 -0.8295
vn 0.9276 0.2935 0.2311
vn 0.6251 0.4245 -0.6550
vn 0.9589 -0.2837 -0.0006
vn 0.4812 0.7493 0.4550
vn 0.7062 0.1487 0.6922
vn 0.5572 0.5967 0.5774
vn 0.8364 0.3756 -0.3991
vn 0.7799 0.6259 0.0051
vn 0.8647 -0.4956 0.0816
vn 0.8064 -0.5694 -0.1596
vn 0.4732 0.7507 -0.4610
vn 0.8436 -0.3103 -0.4382
vn 0.7141 0.0151 0.6999
vn 0.0975 0.8972 -0.4308
vn 0.3360 0.9078 0.2509
vn 0.9068 -0.0348 0.4201
vn -0.5442 0.8347 0.0848
vn 0.8995 0.3810 -0.2141
vn 0.6980 -0.7125 -0.0712
vn 0.7093 0.1781 -0.6821
vn 0.3456 0.9225 0.1718
vn 0.7576 -0.0964 -0.6456
vn 0.5884 0.6287 -0.5085
vn 0.3501 -0.9364 -0.0257
vn 0.9277 -0.0488 0.3700
vn 0.7367 0.0238 0.6758
vn 0.1736 0.9813 -0.0837
vn 0.8793 0.2871 -0.3800
vn 0.9464 0.3223 0.0199
vn 0.6282 0.4558 0.6306
vn 0.7144 -0.0345 0.6989
vn 0.9891 -0.0753 -0.1266
vn 0.0386 0.9320 0.3603
vn 0.5845 0.5694 -0.5781
vn 0.9834 0.1357 0.1206
vn 0.9037 -0.1168 0.4120
vn 0.9830 -0.0747 0.1679
vn -0.2845 0.7804 -0.5568
vn 0.5838 0.8041 -0.1127
vn 0.9267 -0.3567 -0.1184
vn 0.5208 0.2835 -0.8052
vn 0.6927 0.6902 -0.2093
vn 0.7046 -0.1349 -0.6966
vn -0.3683 0.7190 0.5894
vn 0.9105 0.1819 0.3715
vn 0.6490 0.6458 0.4021
vn 0.9835 -0.1742 0.0494
vn 0.4709 -0.5057 -0.7229
vn 0.7922 -0.5872 0.1660
vn 0.7119 -0.0268 -0.7018
vn 0.8391 0.2653 -0.4748
vn 0.6204 0.5287 -0.5793
vn 0.2896 0.9564 0.0386
vn 0.7806 0.4283 0.4552
vn 0.9208 0.3177 -0.2263
vn 0.7617 0.5550 0.3344
vn 0.8487 -0.4815 -0.2189
vn 0.7918 0.4898 -0.3649
vn 0.9211 0.2821 0.2682
vn 0.5467 0.8186 -0.1760
vn 0.9234 0.0480 0.3809
vn 0.9155 0.3282 -0.2328
vn 0.4739 -0.5299 0.7033
vn 0.6695 0.7428 0.0056
vn 0.9639 0.2156 -0.1566
vn 0.6004 0.2479 -0.7603
vn 0.9094 -0.3633 0.2024
vn 0.7163 -0.5511 0.4280
vn 0.9480 0.3148 0.0470
vn 0.0678 0.6328 0.7714
vn 0.9588 0.2073 -0.1942
vn 0.9702 0.0453 0.2380
vn 0.8720 0.4263 0.2407
vn 0.9872 0.0737 0.1416
vn 0.8351 0.5483 0.0456
vn 0.9937 0.0329 -0.1067
vn 0.7635 -0.6454 0.0223
vn 0.6970 0.7145 0.0600
vn 0.9233 -0.0748 -0.3768
vn 0.5795 -0.0844 -0.8106
vn 0.6076 0.7192 -0.3370
vn 0.5643 0.8221 0.0755
vn 0.6675 0.6038 0.4357
vn 0.7527 -0.5380 -0.3794
vn 0.6238 0.2466 0.7416
vn 0.9868 -0.1618 -0.0109
vn 0.5233 0.5644 -0.6385
vn 0.6260 -0.3936 0.6732
vn 0.8968 0.4423 0.0107
vn 0.4603 0.3897 -0.7977
vn 0.6699 0.6517 0.3557
vn 0.8817 0.0882 0.4635
vn 0.8644 -0.1879 -0.4663
vn 0.1838 0.6816 0.7083
vn -0.2514 0.8994 -0.3575
vn 0.5762 0.7569 0.3083
vn 0.1757 0.4932 0.8520
vn 0.6716 -0.3600 -0.6476
vn 0.6513 -0.7351 0.1881
vn -0.1190 0.9289 0.3506
vn 0.6101 0.5115 0.6051
vn 0.8154 0.2703 0.5120
vn 0.6165 0.4638 0.6363
vn 0.8682 -0.0277 -0.4954
vn 0.6485 0.7413 -0.1731
vn 0.6763 0.7182 -0.1634
vn 0.7687 0.4814 -0.4211
vn 0.7142 -0.0110 -0.6999
vn 0.4166 -0.8309 -0.3688
vn 0.2475 0.6974 -0.6726
vn 0.7496 0.5478 -0.3715
vn 0.8557 0.4567 0.2432
vn 0.7122 -0.6995 -0.0587
vn 0.4682 0.8832 0.0262
vn 0.5682 0.5162 -0.6409
vn 0.4792 -0.6988 0.5311
vn 0.8798 -0.0764 -0.4691
vn 0.9878 -0.1521 0.0334
vn 0.9578 -0.1990 0.2074
vn 0.7507 0.4794 0.4545
vn 0.8866 -0.3774 -0.2674
vn 0.8678 0.0071 0.4968
vn 0.8893 0.0785 0.4506
vn 0.8593 0.3051 -0.4105
vn 0.8680 0.4965 0.0072
vn 0.9256 0.2783 -0.2564
vn 0.8053 0.5672 -0.1723
vn 0.6570 -0.3955 0.6419
vn 0.9827 -0.1846 0.0175
vn 0.6459 0.7523 0.1299
vn 0.6639 0.2427 -0.7074
vn 0.7145 0.5775 -0.3949
vn 0.6594 0.7514 -0.0248
vn 0.6968 0.6859 0.2099
vn 0.7307 0.2411 0.6387
vn 0.6053 -0.3984 -0.6891
vn 0.6576 0.3141 -0.6848
vn 0.7187 0.0625 0.6925
vn 0.9412 -0.1684 -0.2930
vn 0.2718 -0.9179 0.2890
vn 0.9610 0.1524 -0.2308
vn 0.9575 -0.1597 0.2400
vn 0.9664 0.1106 0.2322
vn 0.4495 -0.7920 -0.4132
vn 0.9487 0.2109 0.2355
vn 0.8270 0.5561 -0.0828
vn 0.6893 0.4885 -0.5350
vn 0.8100 0.5577 0.1813
vn 0.9787 -0.0415 -0.2009
vn 0.8213 0.5316 -0.2071
vn 0.6444 -0.5639 0.5165
vn 0.6848 0.6147 0.3914
vn 0.7885 0.2564 -0.5590
vn 0.7716 0.2625 0.5794
vn 0.9969 -0.0774 -0.0117
vn 0.9664 0.2571 -0.0044
vn 0.5724 -0.7093 -0.4115
vn 0.8347 0.5504 -0.0185
vn 0.8243 0.3379 0.4542
vn 0.9981 -0.0616 0.0033
vn 0.7582 -0.4938 0.4257
vn 0.8221 0.2906 -0.4896
vn 0.7416 0.5164 0.4282
vn 0.4356 -0.8969 -0.0763
vn 0.8592 -0.1297 0.4949
vn 0.5883 -0.7118 0.3836
vn 0.4015 -0.8960 0.1895
vn 0.7586 0.6145 0.2164
vn 0.8332 0.5529 0.0001
vn 0.7887 -0.4326 -0.4369
vn 0.8312 -0.2254 -0.5082
vn 0.7472 -0.4483 0.4906
vn 0.8626 -0.0951 -0.4968
vn 0.5149 0.8213 -0.2456
vn 0.4786 -0.8409 0.2524
vn 0.8964 0.0905 -0.4339
vn 0.8336 0.5075 -0.2179
vn 0.8335 0.2331 -0.5010
vn 0.9027 0.1804 0.3907
vn 0.9346 -0.0566 -0.3511
vn 0.9133 0.0192 0.4068
vn 0.7117 0.6378 -0.2945
vn 0.9246 0.0018 0.3809
vn 0.9332 0.0471 -0.3562
vn 0.5487 0.8237 0.1433
vn 0.7480 -0.6181 -0.2417
vn 0.7962 -0.4850 -0.3616
vn 0.8906 -0.3958 -0.2238
vn 0.9188 -0.3109 0.2432
vn 0.8329 -0.4744 0.2851
vn 0.9466 0.2693 -0.1772
vn 0.9884 -0.1070 0.1080
vn 0.8634 0.3110 0.3972
vn 0.9510 0.1755 -0.2547
vn 0.7463 -0.6516 0.1357
vn 0.9048 0.3521 0.2395
vn 0.8233 0.5162 -0.2360
vn 0.9518 -0.1558 -0.2641
vn 0.9483 -0.3164 0.0263
vn 0.9561 0.2928 -0.0145
vn 0.7385 0.6180 0.2695
vn 0.6742 0.7382 -0.0230
vn 0.9724 0.0445 0.2290
vn 0.7856 -0.5681 -0.2453
vn 0.9636 0.2674 0.0047
vn 0.9981 -0.0575 -0.0242
vn 0.9466 0.2856 0.1494
vn 0.9315 -0.3332 -0.1461
vn 0.9431 0.3285 -0.0515
vn 0.8425 -0.5384 0.0193
vt 0.333646 0.367924
vt 0.306609 0.340906
vt 0.332473 0.340013
vt 0.236814 0.220723
vt 0.255770 0.238196
vt 0.235886 0.237726
vt 0.307531 0.368100
vt 0.259141 0.237671
vt 0.257051 0.219576
vt 0.336206 0.337222
vt 0.233860 0.223358
vt 0.295572 0.369743
vt 0.303431 0.029374
vt 0.312227 0.018291
vt 0.315334 0.026628
vt 0.278587 0.343271
vt 0.277529 0.367969
vt 0.262808 0.345141
vt 0.313031 0.037583
vt 0.304666 0.034894
vt 0.264975 0.372779
vt 0.259830 0.214337
vt 0.273463 0.221329
vt 0.587860 0.169596
vt 0.612280 0.154663
vt 0.621075 0.164409
vt 0.256857 0.203930
vt 0.299833 0.021253
vt 0.342670 0.368284
vt 0.161430 0.008637
vt 0.163516 0.017052
vt 0.144406 0.017917
vt 0.293724 0.340534
vt 0.301766 0.335814
vt 0.258032 0.372658
vt 0.644499 0.147975
vt 0.143696 0.008722
vt 0.233934 0.209993
vt 0.277213 0.033500
vt 0.253859 0.040474
vt 0.274817 0.031237
vt 0.287925 0.026763
vt 0.259608 0.033103
vt 0.273362 0.378873
vt 0.235687 0.203143
vt 0.286896 0.033115
vt 0.291816 0.345677
vt 0.292826 0.365070
vt 0.229101 0.218335
vt 0.349965 0.342121
vt 0.300554 0.009646
vt 0.256955 0.380938
vt 0.292398 0.218991
vt 0.260317 0.203305
vt 0.297749 0.008115
vt 0.302348 0.003354
vt 0.309342 0.007409
vt 0.636998 0.135840
vt 0.881013 0.976132
vt 0.894634 0.969658
vt 0.895955 0.986772
vt 0.087367 0.777532
vt 0.075142 0.767649
vt 0.085372 0.765743
vt 0.311401 0.008095
vt 0.295249 0.010070
vt 0.285264 0.014324
vt 0.293551 0.375381
vt 0.659620 0.132365
vt 0.666027 0.142698
vt 0.644889 0.339091
vt 0.629390 0.337375
vt 0.634472 0.333516
vt 0.285835 0.001148
vt 0.280993 0.006684
vt 0.633062 0.363685
vt 0.885923 0.960544
vt 0.889769 0.953124
vt 0.246177 0.043702
vt 0.246314 0.020397
vt 0.904010 0.979614
vt 0.784466 0.623446
vt 0.809764 0.613819
vt 0.809349 0.643106
vt 0.085319 0.787639
vt 0.289782 0.009966
vt 0.231555 0.022774
vt 0.487301 0.857024
vt 0.508843 0.847606
vt 0.501912 0.855408
vt 0.283752 0.009804
vt 0.138123 0.834788
vt 0.131159 0.813340
vt 0.142548 0.812145
vt 0.897941 0.957738
vt 0.904327 0.965101
vt 0.071883 0.786935
vt 0.831434 0.613692
vt 0.646036 0.114452
vt 0.615713 0.108392
vt 0.629872 0.100918
vt 0.072636 0.768293
vt 0.071344 0.780107
vt 0.594175 0.115834
vt 0.574608 0.127408
vt 0.602182 0.327177
vt 0.643094 0.307321
vt 0.609270 0.334872
vt 0.966849 0.137817
vt 0.966130 0.104274
vt 0.969463 0.131221
vt 0.168152 0.833582
vt 0.916847 0.990162
vt 0.781247 0.571375
vt 0.600885 0.362317
vt 0.244873 0.052432
vt 0.773627 0.018923
vt 0.781100 0.013398
vt 0.777478 0.017986
vt 0.062454 0.791737
vt 0.782543 0.019538
vt 0.047303 0.806234
vt 0.053119 0.796574
vt 0.970112 0.100470
vt 0.595479 0.337013
vt 0.084693 0.801698
vt 0.076704 0.803367
vt 0.597619 0.300577
vt 0.485812 0.853556
vt 0.782652 0.017671
vt 0.960963 0.131880
vt 0.800479 0.561623
vt 0.760117 0.629195
vt 0.754099 0.570264
vt 0.137711 0.786119
vt 0.786722 0.017410
vt 0.072100 0.796682
vt 0.165550 0.815456
vt 0.911462 0.994685
vt 0.056744 0.805106
vt 0.791279 0.017116
vt 0.920444 0.984415
vt 0.792951 0.019014
vt 0.351603 0.902144
vt 0.343862 0.893135
vt 0.347159 0.892977
vt 0.577540 0.120910
vt 0.826704 0.562668
vt 0.916245 0.268914
vt 0.923256 0.293920
vt 0.919770 0.289080
vt 0.923723 0.311313
vt 0.138066 0.008052
vt 0.142327 0.018428
vt 0.132094 0.017641
vt 0.605870 0.103855
vt 0.739421 0.627079
vt 0.580416 0.096421
vt 0.590087 0.098344
vt 0.587646 0.106524
vt 0.920319 0.312155
vt 0.910354 0.315282
vt 0.585952 0.089775
vt 0.573304 0.112855
vt 0.410195 0.001042
vt 0.410969 0.002505
vt 0.410177 0.003064
vt 0.912248 0.271201
vt 0.594413 0.104396
vt 0.568372 0.102314
vt 0.908984 0.298467
vt 0.938660 0.266531
vt 0.929404 0.265298
vt 0.935691 0.260365
vt 0.387755 0.882115
vt 0.382409 0.857174
vt 0.390945 0.876555
vt 0.834107 0.586679
vt 0.372930 0.884359
vt 0.370022 0.861367
vt 0.123483 0.015022
vt 0.136347 0.019510
vt 0.165915 0.795634
vt 0.907195 0.255941
vt 0.910945 0.252474
vt 0.925606 0.247622
vt 0.126292 0.013480
vt 0.523615 0.848553
vt 0.536316 0.848567
vt 0.523833 0.853207
vt 0.099564 0.019063
vt 0.089810 0.019198
vt 0.097591 0.012176
vt 0.365503 0.880138
vt 0.358760 0.880655
vt 0.353931 0.863374
vt 0.345871 0.908081
vt 0.329637 0.901931
vt 0.940463 0.252161
vt 0.343340 0.879461
vt 0.957424 0.104994
vt 0.954885 0.095780
vt 0.499729 0.754100
vt 0.541638 0.766209
vt 0.501503 0.774336
vt 0.524991 0.820407
vt 0.521220 0.850084
vt 0.955472 0.099544
vt 0.905253 0.270066
vt 0.090990 0.012395
vt 0.500412 0.840008
vt 0.388973 0.856840
vt 0.499468 0.732708
vt 0.550467 0.738504
vt 0.122999 0.011264
vt 0.400916 0.853863
vt 0.404239 0.876670
vt 0.937937 0.242792
vt 0.362206 0.859079
vt 0.013186 0.261644
vt 0.013646 0.255296
vt 0.018083 0.271361
vt 0.930810 0.242741
vt 0.034321 0.706678
vt 0.028222 0.715407
vt 0.023023 0.709742
vt 0.484830 0.846959
vt 0.120732 0.010109
vt 0.703684 0.669741
vt 0.680515 0.679594
vt 0.672983 0.659073
vt 0.712147 0.704988
vt 0.711249 0.744133
vt 0.695078 0.706900
vt 0.695354 0.747423
vt 0.274946 0.781449
vt 0.236475 0.802462
vt 0.233051 0.787586
vt 0.697043 0.660352
vt 0.130341 0.774090
vt 0.141553 0.760754
vt 0.012172 0.526085
vt 0.018081 0.533691
vt 0.008459 0.541601
vt 0.333855 0.868594
vt 0.273649 0.797458
vt 0.683944 0.712002
vt 0.003081 0.528704
vt 0.005393 0.528982
vt 0.006064 0.539866
vt 0.728587 0.736465
vt 0.665296 0.656782
vt 0.698372 0.099324
vt 0.716869 0.110328
vt 0.697732 0.108207
vt 0.269408 0.766690
vt 0.230632 0.772651
vt 0.540344 0.821541
vt 0.547393 0.849023
vt 0.388074 0.846169
vt 0.344749 0.854581
vt 0.348415 0.852032
vt 0.542737 0.795583
vt 0.500788 0.799571
vt 0.559576 0.850730
vt 0.561766 0.824243
vt 0.565753 0.826668
vt 0.525271 0.836109
vt 0.323452 0.910187
vt 0.341639 0.943437
vt 0.321373 0.938615
vt 0.709540 0.100303
vt 0.722121 0.669325
vt 0.259315 0.748948
vt 0.551831 0.822732
vt 0.516422 0.825563
vt 0.677346 0.646967
vt 0.063591 0.961977
vt 0.074246 0.981368
vt 0.043606 0.995105
vt 0.708372 0.767817
vt 0.506077 0.812236
vt 0.270630 0.051787
vt 0.309418 0.085116
vt 0.259807 0.097978
vt 0.320395 0.949319
vt 0.333464 0.974047
vt 0.317573 0.970524
vt 0.020218 0.529456
vt 0.019684 0.527511
vt 0.083546 0.018082
vt 0.274502 0.809290
vt 0.657871 0.677977
vt 0.656655 0.668150
vt 0.568472 0.902826
vt 0.560856 0.903136
vt 0.571869 0.873018
vt 0.289648 0.769196
vt 0.690449 0.648749
vt 0.411312 0.319755
vt 0.430813 0.315147
vt 0.424365 0.339642
vt 0.729235 0.757090
vt 0.348823 0.936531
vt 0.351932 0.916702
vt 0.226544 0.751637
vt 0.334248 0.966402
vt 0.668222 0.740981
vt 0.398391 0.335916
vt 0.401033 0.311725
vt 0.312070 0.971549
vt 0.311099 0.943583
vt 0.558203 0.875418
vt 0.727602 0.650885
vt 0.707007 0.119588
vt 0.281891 0.754770
vt 0.019351 0.533669
vt 0.361850 0.849747
vt 0.396084 0.660961
vt 0.381760 0.683933
vt 0.376398 0.660645
vt 0.036081 0.257902
vt 0.035546 0.270333
vt 0.900257 0.945474
vt 0.904257 0.927081
vt 0.948026 0.931988
vt 0.698210 0.113427
vt 0.431606 0.335936
vt 0.426063 0.334012
vt 0.968206 0.711133
vt 0.968164 0.723238
vt 0.951765 0.720828
vt 0.388892 0.314956
vt 0.296777 0.802579
vt 0.953956 0.714615
vt 0.533175 0.722928
vt 0.702114 0.637231
vt 0.965613 0.726363
vt 0.011983 0.184680
vt 0.003566 0.178063
vt 0.003133 0.174018
vt 0.517328 0.812367
vt 0.045834 0.719174
vt 0.748931 0.956456
vt 0.737418 0.963260
vt 0.731240 0.924240
vt 0.241512 0.064987
vt 0.011442 0.173140
vt 0.527263 0.821704
vt 0.404385 0.833302
vt 0.392674 0.838046
vt 0.766739 0.955364
vt 0.760639 0.965959
vt 0.529993 0.812526
vt 0.414572 0.661286
vt 0.409095 0.682255
vt 0.215488 0.679071
vt 0.212806 0.688934
vt 0.205937 0.693564
vt 0.338626 0.866092
vt 0.710243 0.126552
vt 0.701201 0.125270
vt 0.685439 0.774432
vt 0.692207 0.626501
vt 0.019729 0.544731
vt 0.538217 0.877536
vt 0.961209 0.703557
vt 0.969416 0.703386
vt 0.914632 0.912218
vt 0.388404 0.621927
vt 0.928393 0.949732
vt 0.019526 0.538782
vt 0.306494 0.564752
vt 0.331818 0.579852
vt 0.314003 0.574039
vt 0.514340 0.883349
vt 0.516642 0.873512
vt 0.529824 0.875782
vt 0.642064 0.650252
vt 0.023520 0.172768
vt 0.023891 0.181583
vt 0.844774 0.643078
vt 0.864892 0.647702
vt 0.862392 0.699911
vt 0.298070 0.568168
vt 0.295842 0.971057
vt 0.322870 0.136619
vt 0.324073 0.127427
vt 0.337875 0.139416
vt 0.499286 0.017042
vt 0.486996 0.014516
vt 0.487703 0.009932
vt 0.014369 0.275789
vt 0.721441 0.050874
vt 0.702744 0.049264
vt 0.717495 0.042233
vt 0.713352 0.973967
vt 0.732850 0.966971
vt 0.708472 0.055920
vt 0.732435 0.102342
vt 0.647799 0.606614
vt 0.364675 0.659940
vt 0.359874 0.675815
vt 0.262156 0.954469
vt 0.257914 0.948613
vt 0.286395 0.938574
vt 0.399527 0.275853
vt 0.285530 0.926362
vt 0.897753 0.248527
vt 0.886231 0.254260
vt 0.886107 0.223849
vt 0.402815 0.619138
vt 0.887905 0.803082
vt 0.890304 0.826502
vt 0.879458 0.833597
vt 0.843075 0.690926
vt 0.411911 0.276777
vt 0.879642 0.806874
vt 0.414998 0.620826
vt 0.166446 0.765598
vt 0.428980 0.277301
vt 0.258384 0.936620
vt 0.627989 0.701508
vt 0.601660 0.687470
vt 0.644823 0.695539
vt 0.267492 0.908450
vt 0.268673 0.928360
vt 0.247123 0.939821
vt 0.292345 0.039894
vt 0.318436 0.073681
vt 0.291830 0.559537
vt 0.726349 0.121665
vt 0.023275 0.196808
vt 0.511169 0.030607
vt 0.515103 0.018202
vt 0.493498 0.023284
vt 0.502884 0.029223
vt 0.872863 0.228749
vt 0.573900 0.722115
vt 0.568523 0.714683
vt 0.250349 0.943394
vt 0.866914 0.820136
vt 0.934780 0.914777
vt 0.918228 0.901523
vt 0.387904 0.272510
vt 0.943225 0.901212
vt 0.950036 0.911461
vt 0.635821 0.754777
vt 0.634849 0.723101
vt 0.281432 0.564249
vt 0.288778 0.568750
vt 0.714303 0.093043
vt 0.881063 0.776558
vt 0.724809 0.604814
vt 0.636725 0.710202
vt 0.625020 0.715135
vt 0.894036 0.287248
vt 0.549513 0.813124
vt 0.971222 0.694559
vt 0.985405 0.714033
vt 0.020638 0.549788
vt 0.275639 0.922565
vt 0.234721 0.367155
vt 0.211070 0.387387
vt 0.205410 0.377327
vt 0.552629 0.720021
vt 0.557134 0.694377
vt 0.733904 0.093711
vt 0.572875 0.855076
vt 0.233714 0.361317
vt 0.376468 0.615507
vt 0.191002 0.929430
vt 0.174057 0.940074
vt 0.174292 0.930199
vt 0.034485 0.385572
vt 0.062365 0.373284
vt 0.074298 0.400481
vt 0.828066 0.653687
vt 0.681031 0.595491
vt 0.533972 0.858994
vt 0.984436 0.306850
vt 0.982153 0.346155
vt 0.972746 0.301820
vt 0.337638 0.128342
vt 0.542995 0.655974
vt 0.535624 0.653211
vt 0.545532 0.641478
vt 0.519211 0.814661
vt 0.548162 0.651205
vt 0.371167 0.329503
vt 0.305803 0.923707
vt 0.133941 0.303793
vt 0.131390 0.308777
vt 0.128444 0.300377
vt 0.624067 0.018139
vt 0.617616 0.020192
vt 0.626895 0.011349
vt 0.285204 0.916029
vt 0.492359 0.641183
vt 0.494394 0.036222
vt 0.865219 0.776030
vt 0.067584 0.430146
vt 0.074453 0.420967
vt 0.083084 0.431035
vt 0.410065 0.818666
vt 0.402855 0.826103
vt 0.121723 0.313638
vt 0.488458 0.886292
vt 0.489246 0.898463
vt 0.481241 0.891750
vt 0.447157 0.278280
vt 0.822651 0.697765
vt 0.805740 0.665052
vt 0.290847 0.911852
vt 0.583643 0.781088
vt 0.444497 0.628196
vt 0.456265 0.187691
vt 0.471517 0.177269
vt 0.488095 0.184116
vt 0.949759 0.915555
vt 0.264015 0.561159
vt 0.280527 0.555425
vt 0.040686 0.357531
vt 0.052441 0.352919
vt 0.054581 0.365566
vt 0.865440 0.740095
vt 0.854382 0.741749
vt 0.850124 0.739860
vt 0.847212 0.818385
vt 0.847650 0.793625
vt 0.239956 0.364960
vt 0.242754 0.378539
vt 0.987549 0.705962
vt 0.130995 0.330202
vt 0.734720 0.036944
vt 0.244066 0.369909
vt 0.213934 0.396748
vt 0.071470 0.359775
vt 0.372435 0.941033
vt 0.399441 0.948530
vt 0.393417 0.959894
vt 0.983621 0.730379
vt 0.526871 0.816240
vt 0.051485 0.294578
vt 0.090614 0.302242
vt 0.061808 0.304816
vt 0.865631 0.737488
vt 0.535780 0.693984
vt 0.051719 0.720296
vt 0.063025 0.730161
vt 0.187693 0.942906
vt 0.185842 0.952143
vt 0.520785 0.857305
vt 0.053474 0.735104
vt 0.040871 0.743832
vt 0.036009 0.734514
vt 0.125489 0.332498
vt 0.086013 0.415547
vt 0.068446 0.414891
vt 0.068268 0.877493
vt 0.051203 0.867358
vt 0.065912 0.867679
vt 0.084652 0.621005
vt 0.088402 0.618310
vt 0.094653 0.621237
vt 0.444633 0.674476
vt 0.227238 0.665241
vt 0.248602 0.688391
vt 0.040521 0.419532
vt 0.582314 0.651372
vt 0.072215 0.351536
vt 0.113556 0.301083
vt 0.732513 0.054647
vt 0.483420 0.169627
vt 0.438846 0.178014
vt 0.503181 0.885605
vt 0.494387 0.876261
vt 0.594518 0.758466
vt 0.750158 0.112911
vt 0.864193 0.729492
vt 0.843997 0.743766
vt 0.835437 0.743725
vt 0.869867 0.748089
vt 0.173736 0.951672
vt 0.560160 0.813607
vt 0.985179 0.726110
vt 0.846970 0.832682
vt 0.459312 0.165669
vt 0.548141 0.855698
vt 0.553145 0.858679
vt 0.461021 0.327909
vt 0.502118 0.896190
vt 0.185015 0.959429
vt 0.533462 0.706190
vt 0.694821 0.965739
vt 0.704081 0.967313
vt 0.705348 0.972888
vt 0.164165 0.951010
vt 0.881724 0.307521
vt 0.146773 0.935727
vt 0.058982 0.284728
vt 0.039166 0.864414
vt 0.033900 0.858454
vt 0.040043 0.857950
vt 0.564758 0.635621
vt 0.509527 0.863519
vt 0.691145 0.589871
vt 0.955628 0.309893
vt 0.058292 0.342070
vt 0.038399 0.343227
vt 0.486962 0.628861
vt 0.111514 0.305434
vt 0.053138 0.413911
vt 0.033690 0.426467
vt 0.055348 0.863221
vt 0.148065 0.945298
vt 0.491324 0.606666
vt 0.124405 0.295102
vt 0.706866 0.591486
vt 0.849835 0.710328
vt 0.885738 0.141671
vt 0.877329 0.179982
vt 0.857585 0.174098
vt 0.880415 0.747933
vt 0.111837 0.618395
vt 0.846838 0.731974
vt 0.337022 0.115321
vt 0.221410 0.664535
vt 0.562502 0.856999
vt 0.442840 0.194900
vt 0.411723 0.186736
vt 0.859194 0.250430
vt 0.549116 0.628197
vt 0.427753 0.980110
vt 0.401542 0.985408
vt 0.395781 0.962796
vt 0.119279 0.288617
vt 0.127065 0.287988
vt 0.036221 0.317293
vt 0.053762 0.312311
vt 0.754163 0.122044
vt 0.143067 0.961715
vt 0.640472 0.771817
vt 0.832560 0.719197
vt 0.569005 0.814248
vt 0.154016 0.950416
vt 0.074507 0.341001
vt 0.859543 0.728790
vt 0.697666 0.958327
vt 0.684238 0.938729
vt 0.761078 0.101019
vt 0.322826 0.117534
vt 0.741187 0.058444
vt 0.759653 0.050550
vt 0.868596 0.131037
vt 0.851869 0.167628
vt 0.835452 0.735696
vt 0.431435 0.169748
vt 0.871129 0.691318
vt 0.904872 0.669028
vt 0.901508 0.682486
vt 0.686057 0.971223
vt 0.675602 0.939906
vt 0.917235 0.692089
vt 0.877507 0.704745
vt 0.095996 0.294720
vt 0.455443 0.150536
vt 0.429560 0.153604
vt 0.988939 0.698503
vt 0.044369 0.882051
vt 0.043661 0.861061
vt 0.215227 0.422679
vt 0.900367 0.309459
vt 0.073169 0.311177
vt 0.502757 0.821147
vt 0.487726 0.835602
vt 0.476163 0.829364
vt 0.870071 0.672472
vt 0.743147 0.489045
vt 0.727610 0.475482
vt 0.743360 0.477423
vt 0.427041 0.986746
vt 0.037761 0.413646
vt 0.842469 0.771740
vt 0.506319 0.830463
vt 0.205000 0.061461
vt 0.164718 0.064055
vt 0.169355 0.047665
vt 0.860607 0.751618
vt 0.018775 0.195201
vt 0.668244 0.945578
vt 0.583359 0.814321
vt 0.671533 0.970195
vt 0.677073 0.977809
vt 0.409345 0.198054
vt 0.406207 0.991211
vt 0.085082 0.609353
vt 0.090890 0.580851
vt 0.090145 0.611009
vt 0.533067 0.682581
vt 0.064368 0.720937
vt 0.099252 0.610386
vt 0.249228 0.401772
vt 0.118668 0.273364
vt 0.914050 0.704619
vt 0.906413 0.724490
vt 0.881483 0.716125
vt 0.857978 0.299135
vt 0.841473 0.277390
vt 0.841303 0.272694
vt 0.859778 0.275856
vt 0.143613 0.950035
vt 0.681772 0.381646
vt 0.675928 0.410562
vt 0.665355 0.400987
vt 0.099602 0.310131
vt 0.497824 0.912990
vt 0.031087 0.186043
vt 0.984334 0.570428
vt 0.969164 0.590081
vt 0.983302 0.560608
vt 0.052591 0.070204
vt 0.070426 0.079290
vt 0.054538 0.079266
vt 0.830972 0.118026
vt 0.851397 0.138683
vt 0.810248 0.154672
vt 0.762180 0.034156
vt 0.573580 0.625877
vt 0.585992 0.596609
vt 0.499234 0.812062
vt 0.406737 0.177910
vt 0.976565 0.591742
vt 0.470891 0.816537
vt 0.494043 0.803435
vt 0.088455 0.277692
vt 0.648981 0.979203
vt 0.642617 0.970824
vt 0.663512 0.961014
vt 0.323191 0.317701
vt 0.315440 0.317988
vt 0.316890 0.304779
vt 0.156142 0.051656
vt 0.153248 0.065204
vt 0.725564 0.570529
vt 0.724138 0.585401
vt 0.695390 0.579316
vt 0.526779 0.901919
vt 0.065616 0.719797
vt 0.068086 0.722953
vt 0.327006 0.287572
vt 0.981720 0.738467
vt 0.407257 0.168734
vt 0.053280 0.256149
vt 0.042931 0.227649
vt 0.050466 0.223483
vt 0.731926 0.532231
vt 0.709492 0.495623
vt 0.896318 0.156088
vt 0.086450 0.069442
vt 0.959376 0.352164
vt 0.955751 0.334948
vt 0.739354 0.587304
vt 0.083595 0.242745
vt 0.077224 0.269275
vt 0.058912 0.243616
vt 0.704666 0.213661
vt 0.742777 0.218466
vt 0.708609 0.234703
vt 0.297097 0.127233
vt 0.392467 0.919458
vt 0.356169 0.928281
vt 0.375351 0.913067
vt 0.055119 0.222342
vt 0.057046 0.231564
vt 0.034915 0.878740
vt 0.666187 0.276530
vt 0.657097 0.274071
vt 0.668221 0.251549
vt 0.751673 0.716918
vt 0.773259 0.717918
vt 0.775279 0.738056
vt 0.109959 0.609771
vt 0.524005 0.914304
vt 0.511157 0.918020
vt 0.795236 0.104998
vt 0.794891 0.087529
vt 0.842878 0.104995
vt 0.111268 0.271870
vt 0.780319 0.725402
vt 0.780890 0.118292
vt 0.823360 0.087776
vt 0.069496 0.726487
vt 0.148220 0.079619
vt 0.182893 0.087951
vt 0.143731 0.095561
vt 0.789445 0.134893
vt 0.775592 0.142046
vt 0.759761 0.132689
vt 0.194895 0.071799
vt 0.783552 0.103217
vt 0.067477 0.068357
vt 0.052379 0.093187
vt 0.360118 0.905415
vt 0.367279 0.912783
vt 0.358958 0.912517
vt 0.735416 0.210334
vt 0.032106 0.171876
vt 0.754834 0.090198
vt 0.400563 0.153789
vt 0.410760 0.152838
vt 0.808269 0.111444
vt 0.958642 0.980404
vt 0.927113 0.979456
vt 0.917504 0.959945
vt 0.655983 0.953883
vt 0.071546 0.106678
vt 0.060011 0.122623
vt 0.533405 0.899171
vt 0.043041 0.256559
vt 0.361416 0.890626
vt 0.397932 0.891824
vt 0.363266 0.897891
vt 0.298897 0.135727
vt 0.837508 0.758414
vt 0.981952 0.418493
vt 0.980786 0.418095
vt 0.976928 0.403600
vt 0.780904 0.125467
vt 0.656982 0.944164
vt 0.277115 0.134392
vt 0.781882 0.041246
vt 0.779119 0.032602
vt 0.595417 0.737294
vt 0.321911 0.282009
vt 0.223685 0.074585
vt 0.976729 0.413836
vt 0.761568 0.684530
vt 0.777819 0.683174
vt 0.217170 0.448590
vt 0.250299 0.437758
vt 0.890086 0.021250
vt 0.889043 0.017083
vt 0.895567 0.015708
vt 0.219033 0.090776
vt 0.114222 0.580740
vt 0.865237 0.085982
vt 0.609477 0.255782
vt 0.604314 0.264350
vt 0.594730 0.258933
vt 0.144697 0.147469
vt 0.147230 0.154674
vt 0.135901 0.136745
vt 0.383170 0.934764
vt 0.602093 0.599986
vt 0.744795 0.716329
vt 0.743728 0.682482
vt 0.863166 0.905523
vt 0.873442 0.878757
vt 0.873629 0.906725
vt 0.479605 0.647173
vt 0.900117 0.017839
vt 0.026668 0.202473
vt 0.594554 0.014502
vt 0.603186 0.009971
vt 0.876671 0.101392
vt 0.730422 0.085794
vt 0.145851 0.108953
vt 0.049106 0.880678
vt 0.884485 0.906485
vt 0.393194 0.904483
vt 0.478407 0.623928
vt 0.084428 0.443651
vt 0.072656 0.440775
vt 0.086114 0.438999
vt 0.140788 0.048294
vt 0.138792 0.041924
vt 0.161753 0.038621
vt 0.028140 0.874325
vt 0.041660 0.711362
vt 0.038805 0.678357
vt 0.038606 0.664142
vt 0.080518 0.065935
vt 0.731287 0.706809
vt 0.739560 0.708217
vt 0.742107 0.232671
vt 0.292933 0.116994
vt 0.929040 0.674915
vt 0.851496 0.306420
vt 0.842139 0.308166
vt 0.608822 0.204774
vt 0.579618 0.250198
vt 0.387994 0.913457
vt 0.699404 0.560901
vt 0.727896 0.565235
vt 0.509923 0.960884
vt 0.469230 0.965170
vt 0.469132 0.961284
vt 0.077366 0.445959
vt 0.587318 0.302103
vt 0.701439 0.535265
vt 0.728997 0.547234
vt 0.610004 0.028782
vt 0.123347 0.608825
vt 0.130885 0.607747
vt 0.726142 0.704573
vt 0.729623 0.676652
vt 0.132448 0.139393
vt 0.122009 0.015650
vt 0.115938 0.020764
vt 0.113499 0.012185
vt 0.959224 0.962373
vt 0.947425 0.953205
vt 0.060022 0.256890
vt 0.770952 0.024005
vt 0.756197 0.018393
vt 0.771200 0.017513
vt 0.568514 0.280502
vt 0.859386 0.882907
vt 0.771056 0.094206
vt 0.795403 0.073271
vt 0.829495 0.069673
vt 0.699801 0.544634
vt 0.812694 0.487584
vt 0.833598 0.452384
vt 0.828779 0.488558
vt 0.846665 0.905427
vt 0.845856 0.894154
vt 0.707431 0.374248
vt 0.704347 0.386778
vt 0.673882 0.994082
vt 0.659848 0.994645
vt 0.665643 0.984089
vt 0.744725 0.084708
vt 0.113006 0.010225
vt 0.117412 0.009568
vt 0.563709 0.584622
vt 0.137811 0.161741
vt 0.122405 0.146405
vt 0.763513 0.660879
vt 0.735589 0.265848
vt 0.706017 0.261130
vt 0.701861 0.524271
vt 0.607524 0.246088
vt 0.924985 0.288019
vt 0.940935 0.300207
vt 0.924819 0.298793
vt 0.710013 0.396737
vt 0.823806 0.902412
vt 0.272973 0.123517
vt 0.935998 0.729493
vt 0.936411 0.746352
vt 0.927127 0.766053
vt 0.165880 0.031892
vt 0.262142 0.407788
vt 0.267420 0.420058
vt 0.561186 0.226135
vt 0.723782 0.430171
vt 0.093864 0.104526
vt 0.076546 0.124934
vt 0.089481 0.122654
vt 0.753508 0.023812
vt 0.586972 0.255183
vt 0.256767 0.134294
vt 0.742988 0.656168
vt 0.566422 0.311830
vt 0.196996 0.106520
vt 0.696747 0.565365
vt 0.777994 0.659823
vt 0.787517 0.099653
vt 0.884123 0.115438
vt 0.862298 0.069763
vt 0.163506 0.297021
vt 0.171601 0.313810
vt 0.166485 0.315020
vt 0.764677 0.165554
vt 0.786652 0.148702
vt 0.779991 0.165272
vt 0.958192 0.268712
vt 0.944855 0.262555
vt 0.624447 0.951361
vt 0.623174 0.929808
vt 0.630467 0.927355
vt 0.250238 0.128921
vt 0.926998 0.280937
vt 0.919036 0.746273
vt 0.228769 0.452027
vt 0.096818 0.173471
vt 0.112997 0.153050
vt 0.106880 0.188742
vt 0.946480 0.427715
vt 0.946489 0.407814
vt 0.955912 0.429988
vt 0.129833 0.166033
vt 0.935667 0.705193
vt 0.846712 0.881072
vt 0.087690 0.079178
vt 0.219992 0.481162
vt 0.564111 0.207009
vt 0.027306 0.127774
vt 0.029270 0.135429
vt 0.025604 0.140177
vt 0.839942 0.485633
vt 0.823360 0.502914
vt 0.124010 0.173794
vt 0.208559 0.479365
vt 0.012075 0.113258
vt 0.026281 0.117537
vt 0.011381 0.122871
vt 0.968901 0.371718
vt 0.037826 0.279078
vt 0.038570 0.264703
vt 0.828673 0.510584
vt 0.931972 0.668696
vt 0.212572 0.499817
vt 0.404384 0.914811
vt 0.941061 0.399001
vt 0.434464 0.617209
vt 0.427965 0.599896
vt 0.439880 0.615373
vt 0.932784 0.813509
vt 0.915612 0.806790
vt 0.934486 0.804306
vt 0.412282 0.914550
vt 0.211473 0.846292
vt 0.216317 0.855837
vt 0.204909 0.852019
vt 0.060971 0.273058
vt 0.760677 0.229437
vt 0.908005 0.845252
vt 0.910925 0.864313
vt 0.888859 0.851614
vt 0.729775 0.658537
vt 0.126235 0.579466
vt 0.239942 0.458125
vt 0.810676 0.499157
vt 0.193795 0.121817
vt 0.020110 0.396389
vt 0.026251 0.393689
vt 0.028746 0.410398
vt 0.732251 0.144045
vt 0.149158 0.133872
vt 0.887379 0.877171
vt 0.928565 0.881973
vt 0.159173 0.329304
vt 0.168979 0.333419
vt 0.156229 0.340998
vt 0.218397 0.845866
vt 0.451449 0.608520
vt 0.327607 0.106824
vt 0.812343 0.885662
vt 0.850374 0.846313
vt 0.841883 0.871979
vt 0.667664 0.247965
vt 0.696616 0.255854
vt 0.050283 0.277925
vt 0.343886 0.751228
vt 0.369281 0.748586
vt 0.360397 0.756932
vt 0.145169 0.122018
vt 0.126511 0.618660
vt 0.133258 0.618329
vt 0.133899 0.619624
vt 0.931115 0.795552
vt 0.135703 0.619001
vt 0.569945 0.244680
vt 0.815772 0.051937
vt 0.791367 0.060530
vt 0.907669 0.779974
vt 0.135151 0.612943
vt 0.549748 0.286188
vt 0.975829 0.428466
vt 0.208586 0.861530
vt 0.809631 0.509048
vt 0.228745 0.845587
vt 0.230104 0.852961
vt 0.848508 0.953354
vt 0.828395 0.936709
vt 0.832774 0.933262
vt 0.748630 0.167317
vt 0.415313 0.847794
vt 0.441401 0.842463
vt 0.439237 0.856524
vt 0.199237 0.869498
vt 0.197554 0.855382
vt 0.416214 0.929980
vt 0.097226 0.078688
vt 0.819433 0.518415
vt 0.761143 0.265728
vt 0.741487 0.303428
vt 0.415582 0.902485
vt 0.417280 0.896470
vt 0.859729 0.849588
vt 0.760594 0.304799
vt 0.542793 0.259616
vt 0.873330 0.846654
vt 0.882859 0.855265
vt 0.765531 0.314663
vt 0.742303 0.312255
vt 0.430121 0.908980
vt 0.436551 0.926402
vt 0.424526 0.926041
vt 0.156418 0.302820
vt 0.318764 0.762747
vt 0.320237 0.737331
vt 0.978814 0.806628
vt 0.976616 0.826449
vt 0.961733 0.829245
vt 0.011231 0.398968
vt 0.020993 0.416566
vt 0.004823 0.410154
vt 0.803285 0.826120
vt 0.787977 0.851663
vt 0.560556 0.239332
vt 0.085463 0.727829
vt 0.069937 0.741202
vt 0.078367 0.725133
vt 0.811656 0.518190
vt 0.231238 0.488502
vt 0.788057 0.496596
vt 0.647461 0.979995
vt 0.308293 0.109927
vt 0.555858 0.212533
vt 0.251128 0.705057
vt 0.285917 0.709293
vt 0.688661 0.277021
vt 0.162864 0.275266
vt 0.168860 0.297260
vt 0.216079 0.868103
vt 0.233778 0.911974
vt 0.219710 0.945469
vt 0.200879 0.915550
vt 0.591092 0.014157
vt 0.587542 0.024065
vt 0.441401 0.909705
vt 0.445579 0.913853
vt 0.300281 0.759510
vt 0.826416 0.538964
vt 0.523608 0.071489
vt 0.498038 0.084084
vt 0.499517 0.069768
vt 0.509236 0.044176
vt 0.524420 0.044037
vt 0.463822 0.042927
vt 0.469345 0.036675
vt 0.474540 0.045449
vt 0.785731 0.483489
vt 0.552250 0.233867
vt 0.691232 0.281618
vt 0.909412 0.752138
vt 0.335995 0.104611
vt 0.474330 0.867368
vt 0.412773 0.875697
vt 0.907731 0.787283
vt 0.107068 0.014581
vt 0.099371 0.066667
vt 0.102676 0.070411
vt 0.287119 0.726812
vt 0.209281 0.870152
vt 0.650570 0.637333
vt 0.635008 0.614518
vt 0.648600 0.626059
vt 0.828937 0.925136
vt 0.843874 0.922180
vt 0.443972 0.923237
vt 0.031221 0.892561
vt 0.029873 0.888534
vt 0.600990 0.036772
vt 0.484256 0.037153
vt 0.813959 0.523292
vt 0.194551 0.937291
vt 0.672447 0.561452
vt 0.861024 0.554737
vt 0.791696 0.507205
vt 0.632833 0.635447
vt 0.728004 0.134182
vt 0.371429 0.587276
vt 0.386660 0.600731
vt 0.366277 0.611538
vt 0.159662 0.975713
vt 0.181567 0.984697
vt 0.151957 0.986575
vt 0.547741 0.236400
vt 0.236296 0.866779
vt 0.450990 0.929860
vt 0.500709 0.508208
vt 0.479903 0.511846
vt 0.485220 0.487273
vt 0.680368 0.544266
vt 0.500271 0.526006
vt 0.845277 0.933658
vt 0.504021 0.481128
vt 0.250694 0.846799
vt 0.480904 0.533777
vt 0.182135 0.862152
vt 0.982860 0.943464
vt 0.987116 0.952884
vt 0.977873 0.968296
vt 0.038970 0.760390
vt 0.039773 0.758095
vt 0.048998 0.772142
vt 0.251325 0.122360
vt 0.467582 0.497499
vt 0.096782 0.099564
vt 0.169592 0.131609
vt 0.153723 0.270986
vt 0.034343 0.696456
vt 0.031347 0.703463
vt 0.025406 0.700078
vt 0.462670 0.515554
vt 0.453745 0.964620
vt 0.466046 0.986062
vt 0.449265 0.965875
vt 0.086832 0.869548
vt 0.068002 0.862693
vt 0.064446 0.840998
vt 0.106269 0.131368
vt 0.482286 0.053812
vt 0.464613 0.069339
vt 0.517941 0.509456
vt 0.775803 0.508425
vt 0.413416 0.561276
vt 0.402458 0.597406
vt 0.434551 0.531596
vt 0.469493 0.538753
vt 0.448410 0.543965
vt 0.739455 0.194275
vt 0.732117 0.168630
vt 0.431928 0.954014
vt 0.260736 0.115960
vt 0.441791 0.559530
vt 0.428636 0.560362
vt 0.460536 0.897658
vt 0.436113 0.901524
vt 0.790751 0.045935
vt 0.129469 0.119450
vt 0.137125 0.109801
vt 0.135784 0.123192
vt 0.605502 0.043346
vt 0.823566 0.968795
vt 0.814762 0.951175
vt 0.829259 0.963664
vt 0.236183 0.499193
vt 0.223942 0.501897
vt 0.470636 0.557816
vt 0.050195 0.755175
vt 0.061479 0.738476
vt 0.980744 0.753899
vt 0.983821 0.762925
vt 0.977455 0.766786
vt 0.845266 0.042654
vt 0.046629 0.750111
vt 0.645525 0.585456
vt 0.635454 0.580032
vt 0.647521 0.575656
vt 0.525518 0.086069
vt 0.791451 0.829512
vt 0.794451 0.825992
vt 0.253076 0.857366
vt 0.438949 0.522092
vt 0.451465 0.516356
vt 0.458367 0.524654
vt 0.813021 0.817946
vt 0.395141 0.562326
vt 0.493968 0.548543
vt 0.514122 0.536553
vt 0.610849 0.046281
vt 0.456162 0.789382
vt 0.434658 0.790129
vt 0.229782 0.128613
vt 0.442663 0.936514
vt 0.455944 0.507335
vt 0.960472 0.542872
vt 0.973032 0.518538
vt 0.985541 0.517140
vt 0.092681 0.061598
vt 0.061097 0.045225
vt 0.094586 0.044543
vt 0.923875 0.398969
vt 0.922688 0.407551
vt 0.875801 0.411342
vt 0.157849 0.262981
vt 0.202194 0.559964
vt 0.200138 0.529451
vt 0.208483 0.537661
vt 0.539138 0.499644
vt 0.650274 0.555689
vt 0.643386 0.560706
vt 0.479316 0.550561
vt 0.963702 0.963035
vt 0.465896 0.968346
vt 0.119131 0.123090
vt 0.912552 0.829851
vt 0.950617 0.846669
vt 0.822501 0.971475
vt 0.788060 0.979911
vt 0.772458 0.946485
vt 0.086252 0.035402
vt 0.529804 0.536764
vt 0.788371 0.840277
vt 0.204307 0.909034
vt 0.194580 0.881512
vt 0.213573 0.903122
vt 0.130353 0.109883
vt 0.883553 0.383655
vt 0.931221 0.383581
vt 0.635019 0.601200
vt 0.538386 0.519368
vt 0.285475 0.750935
vt 0.686357 0.531923
vt 0.684262 0.535689
vt 0.720068 0.196358
vt 0.640627 0.602034
vt 0.322428 0.097426
vt 0.297362 0.104105
vt 0.439099 0.988409
vt 0.439121 0.966081
vt 0.642514 0.600471
vt 0.446920 0.833763
vt 0.515640 0.092483
vt 0.041596 0.838327
vt 0.038298 0.852122
vt 0.497481 0.050957
vt 0.054831 0.761609
vt 0.522465 0.473908
vt 0.509573 0.555078
vt 0.839687 0.911746
vt 0.875470 0.918210
vt 0.184624 0.975454
vt 0.157226 0.528397
vt 0.202933 0.525197
vt 0.105824 0.090776
vt 0.131806 0.098742
vt 0.146211 0.966827
vt 0.144446 0.972945
vt 0.109149 0.967401
vt 0.005978 0.416241
vt 0.159458 0.351052
vt 0.152173 0.350900
vt 0.491240 0.061465
vt 0.610002 0.620036
vt 0.611216 0.649426
vt 0.044094 0.769278
vt 0.475862 0.079124
vt 0.820638 0.932057
vt 0.181667 0.996933
vt 0.170127 0.993956
vt 0.806485 0.929259
vt 0.647120 0.544950
vt 0.197651 0.874807
vt 0.668184 0.187905
vt 0.642740 0.171649
vt 0.663332 0.171290
vt 0.974133 0.758074
vt 0.972036 0.749378
vt 0.863980 0.934826
vt 0.467766 0.084037
vt 0.150213 0.318636
vt 0.475556 0.848801
vt 0.629368 0.561043
vt 0.641462 0.197435
vt 0.713852 0.172273
vt 0.705446 0.149702
vt 0.060365 0.061342
vt 0.306444 0.778058
vt 0.791043 0.036144
vt 0.155451 0.546251
vt 0.443908 0.819389
vt 0.687491 0.172191
vt 0.695521 0.165808
vt 0.699815 0.181614
vt 0.489224 0.563875
vt 0.621682 0.587458
vt 0.866351 0.911320
vt 0.611466 0.202434
vt 0.197932 0.137352
vt 0.148325 0.145666
vt 0.441003 0.958145
vt 0.441850 0.952803
vt 0.632064 0.545731
vt 0.624575 0.599322
vt 0.307597 0.656601
vt 0.310142 0.676386
vt 0.291616 0.659231
vt 0.326061 0.668704
vt 0.702909 0.138586
vt 0.142664 0.987576
vt 0.953740 0.865191
vt 0.058723 0.783989
vt 0.264450 0.672351
vt 0.594311 0.578896
vt 0.583445 0.563954
vt 0.605041 0.569515
vt 0.788714 0.039426
vt 0.193113 0.997741
vt 0.336837 0.670438
vt 0.354114 0.637077
vt 0.355110 0.685726
vt 0.061326 0.770241
vt 0.970982 0.549427
vt 0.868698 0.396649
vt 0.424149 0.954417
vt 0.099695 0.141231
vt 0.078914 0.754018
vt 0.566565 0.577141
vt 0.564474 0.580253
vt 0.552456 0.586721
vt 0.561993 0.566640
vt 0.145127 0.534316
vt 0.332881 0.578148
vt 0.349789 0.563954
vt 0.922851 0.364088
vt 0.129272 0.543177
vt 0.122974 0.545412
vt 0.118249 0.538868
vt 0.878863 0.954566
vt 0.334767 0.094275
vt 0.146263 0.501470
vt 0.158578 0.509300
vt 0.141727 0.510313
vt 0.025545 0.672462
vt 0.003471 0.681095
vt 0.022191 0.669212
vt 0.635469 0.537077
vt 0.545363 0.479469
vt 0.630856 0.969695
vt 0.626837 0.982115
vt 0.616469 0.969641
vt 0.620269 0.573354
vt 0.868097 0.409427
vt 0.701229 0.175700
vt 0.545839 0.579401
vt 0.532801 0.595807
vt 0.145245 0.288098
vt 0.143053 0.272981
vt 0.088011 0.745834
vt 0.341318 0.688671
vt 0.769731 0.938096
vt 0.517249 0.599794
vt 0.517764 0.583834
vt 0.479395 0.985066
vt 0.135843 0.083980
vt 0.127934 0.531365
vt 0.669199 0.575169
vt 0.955319 0.829309
vt 0.001780 0.763388
vt 0.025272 0.756466
vt 0.013520 0.771986
vt 0.533265 0.585345
vt 0.502904 0.598048
vt 0.674066 0.299699
vt 0.878793 0.933774
vt 0.692277 0.192219
vt 0.142198 0.338695
vt 0.942461 0.042230
vt 0.967435 0.037908
vt 0.948948 0.060621
vt 0.175394 0.843287
vt 0.186656 0.844469
vt 0.174342 0.854757
vt 0.329664 0.695842
vt 0.980918 0.660901
vt 0.969366 0.657411
vt 0.984762 0.631417
vt 0.060225 0.816313
vt 0.130018 0.175994
vt 0.144223 0.184211
vt 0.133256 0.205875
vt 0.709479 0.197333
vt 0.195001 0.979374
vt 0.170803 0.596412
vt 0.982587 0.674547
vt 0.962355 0.665504
vt 0.973892 0.663977
vt 0.482289 0.859698
vt 0.596612 0.645580
vt 0.549320 0.220479
vt 0.540090 0.220760
vt 0.542666 0.200051
vt 0.811655 0.031788
vt 0.979689 0.074858
vt 0.609404 0.542387
vt 0.609756 0.595063
vt 0.037664 0.795787
vt 0.040904 0.802154
vt 0.028207 0.808047
vt 0.969578 0.620110
vt 0.322686 0.696665
vt 0.878076 0.378942
vt 0.612012 0.582876
vt 0.149875 0.222445
vt 0.888269 0.643534
vt 0.902199 0.630193
vt 0.905041 0.646341
vt 0.451775 0.960232
vt 0.134306 0.557173
vt 0.505544 0.574917
vt 0.150492 0.559739
vt 0.361312 0.940221
vt 0.370561 0.942706
vt 0.359402 0.961586
vt 0.929885 0.541841
vt 0.938255 0.549628
vt 0.933029 0.556324
vt 0.138488 0.845965
vt 0.155990 0.845855
vt 0.112600 0.840924
vt 0.132429 0.546277
vt 0.616435 0.561705
vt 0.491841 0.586197
vt 0.084388 0.199467
vt 0.096299 0.192291
vt 0.090915 0.223066
vt 0.019738 0.804730
vt 0.027565 0.796336
vt 0.115399 0.061619
vt 0.309629 0.690402
vt 0.548290 0.097076
vt 0.524817 0.100511
vt 0.590850 0.631621
vt 0.621841 0.547049
vt 0.873696 0.034970
vt 0.860035 0.033900
vt 0.517185 0.220686
vt 0.540358 0.231973
vt 0.960991 0.941701
vt 0.969038 0.930804
vt 0.964950 0.946378
vt 0.971008 0.438409
vt 0.995783 0.433764
vt 0.974887 0.465106
vt 0.532409 0.568869
vt 0.496566 0.572741
vt 0.990019 0.979738
vt 0.972250 0.980186
vt 0.420488 0.828879
vt 0.418042 0.793120
vt 0.962035 0.653660
vt 0.548776 0.077607
vt 0.354362 0.943011
vt 0.275117 0.105234
vt 0.316350 0.827737
vt 0.308797 0.814666
vt 0.324746 0.820188
vt 0.595470 0.612312
vt 0.543436 0.558082
vt 0.120889 0.523025
vt 0.132651 0.531041
vt 0.617973 0.553865
vt 0.396507 0.034839
vt 0.376778 0.033204
vt 0.394784 0.028462
vt 0.904501 0.541230
vt 0.904723 0.576379
vt 0.581926 0.544504
vt 0.555187 0.551755
vt 0.073158 0.764143
vt 0.377296 0.216620
vt 0.391195 0.203300
vt 0.386316 0.231062
vt 0.287688 0.862191
vt 0.279730 0.856195
vt 0.314124 0.855725
vt 0.141270 0.069296
vt 0.894340 0.561529
vt 0.886920 0.570271
vt 0.862312 0.567504
vt 0.699118 0.279937
vt 0.135126 0.257073
vt 0.862589 0.624841
vt 0.357012 0.830301
vt 0.337563 0.804407
vt 0.654931 0.410022
vt 0.676730 0.424795
vt 0.664445 0.431044
vt 0.053752 0.781871
vt 0.343804 0.726662
vt 0.207508 0.138075
vt 0.215733 0.156044
vt 0.205617 0.157337
vt 0.061530 0.168878
vt 0.081611 0.136356
vt 0.093582 0.172719
vt 0.890059 0.578870
vt 0.872854 0.578702
vt 0.981134 0.938254
vt 0.978747 0.910805
vt 0.552375 0.087868
vt 0.446215 0.028680
vt 0.428875 0.037953
vt 0.442292 0.024587
vt 0.258199 0.846119
vt 0.286084 0.841591
vt 0.871001 0.559022
vt 0.085557 0.447838
vt 0.114055 0.437868
vt 0.085908 0.458212
vt 0.142486 0.313523
vt 0.118579 0.491413
vt 0.152967 0.609960
vt 0.114503 0.501948
vt 0.377771 0.045737
vt 0.394350 0.048337
vt 0.376237 0.049401
vt 0.399933 0.208951
vt 0.177281 0.864758
vt 0.138374 0.885197
vt 0.316798 0.089873
vt 0.449517 0.211024
vt 0.470704 0.204468
vt 0.448456 0.222429
vt 0.648664 0.464268
vt 0.677105 0.469416
vt 0.022160 0.865926
vt 0.025837 0.859088
vt 0.023971 0.878751
vt 0.088600 0.125978
vt 0.093172 0.122228
vt 0.437804 0.207497
vt 0.415458 0.214405
vt 0.415997 0.204126
vt 0.331949 0.083879
vt 0.652864 0.216759
vt 0.399894 0.225149
vt 0.127311 0.877458
vt 0.963635 0.444403
vt 0.204573 0.257952
vt 0.197474 0.283442
vt 0.182997 0.271469
vt 0.095559 0.147692
vt 0.446827 0.232129
vt 0.433901 0.221953
vt 0.072948 0.624751
vt 0.090494 0.623584
vt 0.089057 0.640382
vt 0.336763 0.080896
vt 0.671173 0.518205
vt 0.640122 0.524125
vt 0.641674 0.511497
vt 0.703200 0.201885
vt 0.516221 0.561366
vt 0.110469 0.515587
vt 0.582784 0.628657
vt 0.716544 0.874393
vt 0.707570 0.866635
vt 0.716187 0.863360
vt 0.560565 0.178572
vt 0.521578 0.177445
vt 0.527324 0.160994
vt 0.523422 0.215025
vt 0.600837 0.530770
vt 0.945304 0.030041
vt 0.029379 0.828499
vt 0.043233 0.204852
vt 0.034501 0.194539
vt 0.062510 0.196020
vt 0.327346 0.721429
vt 0.357995 0.075983
vt 0.322445 0.050753
vt 0.373106 0.054257
vt 0.677677 0.210036
vt 0.924791 0.532417
vt 0.560898 0.534094
vt 0.259353 0.858005
vt 0.143669 0.602811
vt 0.701196 0.014014
vt 0.715379 0.020158
vt 0.700162 0.019133
vt 0.964185 0.472794
vt 0.094734 0.626411
vt 0.093777 0.637171
vt 0.953794 0.185313
vt 0.968265 0.211845
vt 0.959197 0.209162
vt 0.880761 0.603438
vt 0.096243 0.423135
vt 0.995858 0.469047
vt 0.062376 0.151474
vt 0.035591 0.168221
vt 0.056957 0.151265
vt 0.900640 0.616433
vt 0.542050 0.545768
vt 0.396746 0.023326
vt 0.378286 0.025768
vt 0.449635 0.035551
vt 0.458648 0.228887
vt 0.113153 0.630794
vt 0.108032 0.641589
vt 0.684683 0.509719
vt 0.014590 0.976860
vt 0.015364 0.957161
vt 0.023815 0.980055
vt 0.550484 0.543857
vt 0.524831 0.556107
vt 0.009150 0.959075
vt 0.078608 0.213672
vt 0.515604 0.228253
vt 0.035711 0.829469
vt 0.293540 0.097901
vt 0.969489 0.028499
vt 0.608657 0.952714
vt 0.629041 0.959881
vt 0.921276 0.521500
vt 0.937684 0.518700
vt 0.314414 0.841932
vt 0.583764 0.977333
vt 0.545500 0.041210
vt 0.387984 0.059505
vt 0.706100 0.191569
vt 0.706756 0.200686
vt 0.719673 0.860988
vt 0.737212 0.873139
vt 0.138167 0.281038
vt 0.476249 0.223531
vt 0.688864 0.437171
vt 0.648765 0.497127
vt 0.743419 0.859026
vt 0.755656 0.874101
vt 0.861427 0.578085
vt 0.845345 0.588559
vt 0.867561 0.494188
vt 0.894105 0.468149
vt 0.900428 0.479317
vt 0.406753 0.238897
vt 0.393622 0.246207
vt 0.445149 0.242702
vt 0.442739 0.254008
vt 0.433810 0.250988
vt 0.961661 0.903611
vt 0.453849 0.258035
vt 0.961046 0.974799
vt 0.964283 0.172508
vt 0.986348 0.183467
vt 0.098984 0.521882
vt 0.153928 0.255415
vt 0.123681 0.233499
vt 0.347860 0.789854
vt 0.957040 0.915227
vt 0.866587 0.487552
vt 0.196032 0.156400
vt 0.189816 0.139794
vt 0.200218 0.143096
vt 0.403656 0.249110
vt 0.139141 0.263545
vt 0.565016 0.158899
vt 0.909918 0.524534
vt 0.466984 0.249149
vt 0.487851 0.203683
vt 0.020799 0.834279
vt 0.688895 0.464201
vt 0.680588 0.432695
vt 0.695656 0.203466
vt 0.561459 0.984130
vt 0.547898 0.998470
vt 0.555357 0.975325
vt 0.827001 0.365948
vt 0.841203 0.379690
vt 0.822365 0.366162
vt 0.417696 0.226155
vt 0.034296 0.157677
vt 0.543546 0.147397
vt 0.510170 0.212385
vt 0.162216 0.187931
vt 0.076623 0.209558
vt 0.137293 0.465349
vt 0.150797 0.457119
vt 0.140574 0.481914
vt 0.946706 0.629864
vt 0.944921 0.640868
vt 0.829742 0.387030
vt 0.842484 0.399455
vt 0.425455 0.239360
vt 0.978009 0.186153
vt 0.552520 0.105705
vt 0.531894 0.103448
vt 0.974766 0.478898
vt 0.178281 0.276730
vt 0.417332 0.250662
vt 0.577950 0.523622
vt 0.148144 0.351852
vt 0.146158 0.426830
vt 0.157822 0.425796
vt 0.625236 0.232214
vt 0.188570 0.292090
vt 0.200779 0.293030
vt 0.849241 0.576518
vt 0.503728 0.214909
vt 0.878783 0.505271
vt 0.183405 0.309440
vt 0.200184 0.300919
vt 0.210941 0.315751
vt 0.718309 0.015602
vt 0.693159 0.208880
vt 0.370504 0.812088
vt 0.214788 0.965424
vt 0.199934 0.961595
vt 0.206671 0.949024
vt 0.504817 0.225110
vt 0.444711 0.359313
vt 0.441414 0.382299
vt 0.429002 0.376779
vt 0.150016 0.421676
vt 0.156952 0.407444
vt 0.692065 0.481489
vt 0.862556 0.503699
vt 0.166750 0.471637
vt 0.691900 0.905442
vt 0.688787 0.884913
vt 0.696877 0.890672
vt 0.136880 0.298441
vt 0.846429 0.572603
vt 0.697286 0.207056
vt 0.370056 0.958907
vt 0.202445 0.354968
vt 0.108829 0.409135
vt 0.854366 0.396210
vt 0.201326 0.948792
vt 0.443633 0.040788
vt 0.175477 0.280178
vt 0.122830 0.483328
vt 0.102652 0.692093
vt 0.109755 0.687766
vt 0.111672 0.712692
vt 0.490712 0.219090
vt 0.135509 0.324234
vt 0.162519 0.429453
vt 0.689564 0.498118
vt 0.182265 0.299205
vt 0.840209 0.614801
vt 0.845176 0.408554
vt 0.859706 0.413507
vt 0.846516 0.415361
vt 0.199723 0.972013
vt 0.004457 0.347935
vt 0.025893 0.341526
vt 0.010606 0.348703
vt 0.463760 0.271927
vt 0.475002 0.270235
vt 0.007830 0.864514
vt 0.016727 0.856559
vt 0.562493 0.987046
vt 0.478462 0.279333
vt 0.482216 0.270091
vt 0.519478 0.267461
vt 0.381216 0.818433
vt 0.162853 0.422975
vt 0.362937 0.837056
vt 0.656316 0.832174
vt 0.650859 0.840205
vt 0.639949 0.833571
vt 0.904461 0.508715
vt 0.294942 0.830675
vt 0.135959 0.309080
vt 0.890083 0.517213
vt 0.707063 0.881678
vt 0.105226 0.511287
vt 0.128835 0.481167
vt 0.731915 0.425850
vt 0.724753 0.427758
vt 0.722604 0.412245
vt 0.135097 0.338073
vt 0.134223 0.349515
vt 0.960619 0.739780
vt 0.958356 0.752791
vt 0.952015 0.756764
vt 0.211543 0.977588
vt 0.870946 0.521251
vt 0.379926 0.834476
vt 0.396099 0.807460
vt 0.392600 0.832689
vt 0.200319 0.991294
vt 0.208751 0.985801
vt 0.207404 0.988772
vt 0.861633 0.402579
vt 0.170607 0.217193
vt 0.922052 0.615186
vt 0.914741 0.577416
vt 0.934528 0.587711
vt 0.457458 0.381666
vt 0.021826 0.332695
vt 0.005766 0.340922
vt 0.968224 0.746429
vt 0.322819 0.780082
vt 0.333683 0.775795
vt 0.315582 0.787633
vt 0.458937 0.357430
vt 0.008695 0.350943
vt 0.022890 0.361409
vt 0.005782 0.361159
vt 0.090778 0.670363
vt 0.062221 0.678907
vt 0.090356 0.653785
vt 0.943074 0.752441
vt 0.949817 0.735238
vt 0.174895 0.292720
vt 0.814387 0.914922
vt 0.792446 0.921539
vt 0.815022 0.909164
vt 0.119453 0.653192
vt 0.120985 0.663571
vt 0.102894 0.651478
vt 0.176921 0.252491
vt 0.171925 0.446720
vt 0.091899 0.947286
vt 0.084723 0.940516
vt 0.103794 0.936125
vt 0.706016 0.917002
vt 0.722595 0.924072
vt 0.713681 0.942481
vt 0.384795 0.794183
vt 0.861741 0.389149
vt 0.856483 0.363181
vt 0.702386 0.948068
vt 0.690709 0.933161
vt 0.253863 0.826027
vt 0.255035 0.837069
vt 0.024630 0.348977
vt 0.949029 0.148097
vt 0.958581 0.150494
vt 0.957248 0.156807
vt 0.013260 0.304092
vt 0.030179 0.294989
vt 0.036519 0.309645
vt 0.322623 0.832149
vt 0.506250 0.159869
vt 0.174438 0.300402
vt 0.716728 0.885305
vt 0.078764 0.948643
vt 0.062411 0.947983
vt 0.067539 0.933645
vt 0.123206 0.686965
vt 0.367121 0.040213
vt 0.690778 0.920269
vt 0.716763 0.895312
vt 0.494100 0.237345
vt 0.938102 0.688609
vt 0.939999 0.675575
vt 0.941411 0.699905
vt 0.705660 0.903003
vt 0.090472 0.408186
vt 0.754693 0.927350
vt 0.787907 0.913258
vt 0.778985 0.924813
vt 0.741732 0.422615
vt 0.753362 0.443323
vt 0.495308 0.227568
vt 0.895126 0.522974
vt 0.032535 0.931297
vt 0.035113 0.946147
vt 0.030774 0.951151
vt 0.622695 0.823767
vt 0.096269 0.689635
vt 0.407323 0.809158
vt 0.403650 0.820992
vt 0.109415 0.645123
vt 0.486367 0.096043
vt 0.506459 0.108296
vt 0.473605 0.125510
vt 0.326307 0.080238
vt 0.119734 0.671213
vt 0.360726 0.773102
vt 0.487245 0.256327
vt 0.107414 0.943551
vt 0.956226 0.765470
vt 0.042819 0.942968
vt 0.042680 0.931005
vt 0.348460 0.444245
vt 0.351956 0.435028
vt 0.354432 0.434332
vt 0.735115 0.896620
vt 0.747653 0.893559
vt 0.227372 0.152236
vt 0.269581 0.144785
vt 0.276907 0.172937
vt 0.946296 0.506589
vt 0.927707 0.514072
vt 0.919237 0.504666
vt 0.748754 0.420232
vt 0.643032 0.380490
vt 0.644417 0.408369
vt 0.632067 0.386986
vt 0.349009 0.433123
vt 0.319513 0.455286
vt 0.453225 0.415742
vt 0.745348 0.396313
vt 0.380491 0.181535
vt 0.360373 0.170193
vt 0.389076 0.159491
vt 0.559920 0.044301
vt 0.215022 0.183667
vt 0.033696 0.349652
vt 0.029160 0.854054
vt 0.353569 0.150592
vt 0.343706 0.176488
vt 0.333957 0.165812
vt 0.100465 0.398539
vt 0.954662 0.597990
vt 0.315281 0.161841
vt 0.329126 0.143163
vt 0.187878 0.173661
vt 0.187808 0.206592
vt 0.168484 0.257997
vt 0.637864 0.423808
vt 0.950118 0.692642
vt 0.364137 0.035220
vt 0.365776 0.030014
vt 0.061609 0.699694
vt 0.134460 0.690080
vt 0.137357 0.712556
vt 0.985330 0.211238
vt 0.946009 0.658508
vt 0.939779 0.655946
vt 0.357446 0.443250
vt 0.353877 0.457809
vt 0.200978 0.171940
vt 0.100662 0.511315
vt 0.230825 0.181640
vt 0.364981 0.047594
vt 0.962176 0.786131
vt 0.364339 0.449064
vt 0.340104 0.237499
vt 0.336532 0.250609
vt 0.337327 0.233222
vt 0.757873 0.418429
vt 0.050570 0.301321
vt 0.746282 0.923958
vt 0.767364 0.914169
vt 0.504452 0.294367
vt 0.782397 0.902139
vt 0.510662 0.253232
vt 0.523305 0.250391
vt 0.042908 0.921690
vt 0.622395 0.779380
vt 0.634895 0.776979
vt 0.360524 0.136386
vt 0.346667 0.121589
vt 0.374912 0.115023
vt 0.768357 0.454098
vt 0.703679 0.886669
vt 0.278713 0.822856
vt 0.760613 0.396318
vt 0.917343 0.624222
vt 0.933144 0.639491
vt 0.333091 0.077153
vt 0.335816 0.074975
vt 0.143341 0.713569
vt 0.035209 0.334097
vt 0.135988 0.939698
vt 0.109208 0.934108
vt 0.326756 0.029769
vt 0.349655 0.042582
vt 0.340765 0.041379
vt 0.290323 0.264283
vt 0.300861 0.241594
vt 0.944968 0.624697
vt 0.383338 0.157054
vt 0.388812 0.151031
vt 0.378594 0.159960
vt 0.773941 0.418256
vt 0.903747 0.184597
vt 0.904824 0.219573
vt 0.883705 0.200077
vt 0.595374 0.835293
vt 0.601001 0.814126
vt 0.610601 0.822497
vt 0.948142 0.523302
vt 0.371687 0.502270
vt 0.354161 0.508408
vt 0.066476 0.656631
vt 0.506953 0.310983
vt 0.487155 0.309071
vt 0.946283 0.500373
vt 0.936220 0.488595
vt 0.947583 0.488488
vt 0.390301 0.466209
vt 0.734911 0.020887
vt 0.139662 0.410887
vt 0.134094 0.410618
vt 0.151358 0.391849
vt 0.572629 0.019065
vt 0.551907 0.015560
vt 0.556611 0.009474
vt 0.446543 0.432997
vt 0.452566 0.422142
vt 0.457270 0.430781
vt 0.954552 0.778127
vt 0.088828 0.649534
vt 0.509258 0.247395
vt 0.528360 0.245224
vt 0.092435 0.714996
vt 0.573188 0.010065
vt 0.077944 0.483417
vt 0.080336 0.497480
vt 0.065272 0.459894
vt 0.554761 0.037921
vt 0.765867 0.416332
vt 0.954044 0.656979
vt 0.568140 0.079192
vt 0.570033 0.092635
vt 0.904324 0.228740
vt 0.921673 0.217927
vt 0.909687 0.234526
vt 0.713792 0.385390
vt 0.610579 0.781225
vt 0.076035 0.504691
vt 0.392551 0.107682
vt 0.410552 0.119109
vt 0.405960 0.125302
vt 0.572837 0.970657
vt 0.616701 0.394574
vt 0.290269 0.192893
vt 0.297422 0.154928
vt 0.725407 0.904117
vt 0.396507 0.140447
vt 0.057133 0.919093
vt 0.195709 0.245315
vt 0.618292 0.427407
vt 0.736955 0.919124
vt 0.756313 0.910513
vt 0.253596 0.821877
vt 0.128643 0.402399
vt 0.948817 0.232352
vt 0.961763 0.222150
vt 0.959746 0.232165
vt 0.513331 0.333393
vt 0.549978 0.337957
vt 0.514018 0.347753
vt 0.405273 0.798160
vt 0.045715 0.505464
vt 0.054843 0.487082
vt 0.055432 0.504106
vt 0.951759 0.235621
vt 0.966563 0.229932
vt 0.916952 0.210127
vt 0.203010 0.185296
vt 0.727979 0.907996
vt 0.344529 0.495953
vt 0.119434 0.792065
vt 0.107458 0.787065
vt 0.108705 0.781664
vt 0.206185 0.235087
vt 0.526378 0.236959
vt 0.508986 0.236211
vt 0.525821 0.232742
vt 0.459356 0.100088
vt 0.628881 0.461048
vt 0.126354 0.391093
vt 0.121562 0.396233
vt 0.582607 0.010120
vt 0.066949 0.504883
vt 0.121910 0.951354
vt 0.042549 0.911981
vt 0.100514 0.493290
vt 0.638600 0.460904
vt 0.637627 0.438642
vt 0.040833 0.486711
vt 0.961784 0.264909
vt 0.957949 0.255723
vt 0.978407 0.247411
vt 0.770146 0.390421
vt 0.410612 0.135807
vt 0.567372 0.065555
vt 0.193676 0.256189
vt 0.748430 0.906277
vt 0.741762 0.907934
vt 0.956853 0.676378
vt 0.944971 0.785787
vt 0.715817 0.904681
vt 0.348920 0.258066
vt 0.348169 0.262895
vt 0.625088 0.064408
vt 0.613953 0.052618
vt 0.641442 0.043021
vt 0.960403 0.690466
vt 0.956906 0.703920
vt 0.356554 0.013377
vt 0.351767 0.036815
vt 0.175785 0.436749
vt 0.171334 0.409573
vt 0.189117 0.400866
vt 0.928230 0.224619
vt 0.933266 0.196820
vt 0.340682 0.264876
vt 0.972221 0.234555
vt 0.078711 0.463904
vt 0.096894 0.473691
vt 0.935410 0.780276
vt 0.993804 0.174017
vt 0.087774 0.849432
vt 0.094992 0.852555
vt 0.086528 0.855797
vt 0.531918 0.248281
vt 0.777094 0.409503
vt 0.013075 0.629345
vt 0.017895 0.612822
vt 0.022395 0.617768
vt 0.992973 0.187708
vt 0.135647 0.378124
vt 0.555800 0.026228
vt 0.574743 0.999955
vt 0.585194 0.993924
vt 0.979890 0.257474
vt 0.970129 0.267770
vt 0.195334 0.455667
vt 0.196528 0.425201
vt 0.861250 0.556850
vt 0.084361 0.855299
vt 0.083942 0.823556
vt 0.534923 0.121960
vt 0.512838 0.140763
vt 0.809362 0.902670
vt 0.553669 0.113004
vt 0.549849 0.110731
vt 0.616328 0.444230
vt 0.619403 0.461437
vt 0.961045 0.678477
vt 0.035619 0.899738
vt 0.210876 0.775611
vt 0.204372 0.753671
vt 0.211467 0.750938
vt 0.827383 0.359191
vt 0.789420 0.354505
vt 0.824736 0.346603
vt 0.541757 0.279875
vt 0.229152 0.795439
vt 0.217972 0.805689
vt 0.333851 0.501893
vt 0.204569 0.255537
vt 0.651083 0.932653
vt 0.645645 0.912272
vt 0.794999 0.894146
vt 0.972886 0.241892
vt 0.954265 0.245674
vt 0.558166 0.117922
vt 0.918144 0.241764
vt 0.936408 0.230448
vt 0.605849 0.774771
vt 0.940729 0.203318
vt 0.766028 0.840780
vt 0.724975 0.850439
vt 0.710033 0.838177
vt 0.340457 0.208169
vt 0.406749 0.065307
vt 0.410293 0.069881
vt 0.401644 0.069379
vt 0.735566 0.822333
vt 0.400151 0.081711
vt 0.091099 0.839739
vt 0.545125 0.312776
vt 0.507574 0.326820
vt 0.926271 0.166413
vt 0.691025 0.863880
vt 0.408656 0.481512
vt 0.356892 0.216370
vt 0.610237 0.048630
vt 0.605940 0.068868
vt 0.578498 0.048311
vt 0.945352 0.207077
vt 0.551153 0.125039
vt 0.452626 0.468028
vt 0.413857 0.486910
vt 0.078895 0.453066
vt 0.205878 0.403549
vt 0.986588 0.286456
vt 0.983615 0.299801
vt 0.968866 0.285361
vt 0.939064 0.127544
vt 0.944683 0.136994
vt 0.933565 0.133919
vt 0.310069 0.198269
vt 0.768214 0.896572
vt 0.634202 0.464037
vt 0.616968 0.770277
vt 0.078223 0.658944
vt 0.283893 0.162920
vt 0.101566 0.824165
vt 0.447942 0.082655
vt 0.069038 0.714459
vt 0.059484 0.129859
vt 0.046298 0.140605
vt 0.046000 0.129873
vt 0.274619 0.953916
vt 0.293405 0.939921
vt 0.292989 0.944590
vt 0.423610 0.069976
vt 0.757889 0.377514
vt 0.188470 0.782209
vt 0.189985 0.761257
vt 0.037508 0.090157
vt 0.043119 0.101435
vt 0.044378 0.110743
vt 0.404885 0.492546
vt 0.017295 0.632588
vt 0.558656 0.113908
vt 0.564349 0.114856
vt 0.559168 0.116993
vt 0.039402 0.463735
vt 0.048956 0.453523
vt 0.951712 0.218303
vt 0.161748 0.375044
vt 0.345422 0.507831
vt 0.035486 0.120289
vt 0.867444 0.437626
vt 0.896626 0.430006
vt 0.900571 0.440843
vt 0.563670 0.965764
vt 0.559698 0.968900
vt 0.767916 0.887915
vt 0.762973 0.893926
vt 0.540815 0.295779
vt 0.189538 0.806533
vt 0.171076 0.783871
vt 0.583348 0.018840
vt 0.094912 0.828568
vt 0.966960 0.507856
vt 0.533668 0.137246
vt 0.742296 0.810353
vt 0.176139 0.451570
vt 0.031785 0.905909
vt 0.872604 0.453706
vt 0.950702 0.168336
vt 0.936997 0.147725
vt 0.009210 0.467931
vt 0.017055 0.475097
vt 0.009659 0.483360
vt 0.907776 0.462532
vt 0.036274 0.140451
vt 0.958890 0.138785
vt 0.750243 0.809003
vt 0.782951 0.829434
vt 0.779380 0.839472
vt 0.959662 0.661936
vt 0.780966 0.316606
vt 0.402191 0.057195
vt 0.431538 0.054030
vt 0.326069 0.207895
vt 0.605892 0.085403
vt 0.621668 0.763900
vt 0.113499 0.823632
vt 0.101302 0.858643
vt 0.123665 0.375807
vt 0.122527 0.356588
vt 0.105468 0.913654
vt 0.144589 0.889546
vt 0.149223 0.897458
vt 0.941628 0.359154
vt 0.950246 0.327135
vt 0.947405 0.336120
vt 0.911461 0.425378
vt 0.788858 0.891639
vt 0.921558 0.462354
vt 0.275125 0.956536
vt 0.119040 0.761013
vt 0.099540 0.752681
vt 0.122624 0.747669
vt 0.035560 0.099549
vt 0.001246 0.240571
vt 0.037526 0.222232
vt 0.035994 0.246123
vt 0.208353 0.421819
vt 0.414345 0.498898
vt 0.287272 0.474195
vt 0.321498 0.503316
vt 0.177291 0.462753
vt 0.095138 0.332114
vt 0.085213 0.311047
vt 0.089541 0.308802
vt 0.571095 0.363638
vt 0.606348 0.363819
vt 0.596457 0.394813
vt 0.167976 0.384313
vt 0.349433 0.514537
vt 0.631871 0.765682
vt 0.098078 0.818159
vt 0.046223 0.615762
vt 0.045965 0.581429
vt 0.073983 0.609094
vt 0.972026 0.497803
vt 0.438554 0.068374
vt 0.449041 0.065003
vt 0.920744 0.495421
vt 0.913208 0.478881
vt 0.777404 0.890281
vt 0.113438 0.768332
vt 0.079209 0.566831
vt 0.773288 0.883087
vt 0.421523 0.104497
vt 0.232661 0.199066
vt 0.216366 0.199252
vt 0.926005 0.417093
vt 0.937883 0.454517
vt 0.766241 0.369743
vt 0.826701 0.383078
vt 0.794735 0.405943
vt 0.805089 0.375373
vt 0.101118 0.807875
vt 0.684155 0.039283
vt 0.698789 0.048829
vt 0.689032 0.064288
vt 0.157884 0.366004
vt 0.912044 0.337867
vt 0.940629 0.317515
vt 0.935966 0.416417
vt 0.201229 0.836253
vt 0.576060 0.974906
vt 0.932989 0.491002
vt 0.599088 0.090450
vt 0.607759 0.092654
vt 0.095410 0.758930
vt 0.966508 0.298725
vt 0.965788 0.287199
vt 0.823618 0.295683
vt 0.946328 0.446968
vt 0.141666 0.913318
vt 0.788546 0.290107
vt 0.103440 0.802105
vt 0.453650 0.480701
vt 0.034017 0.484148
vt 0.029093 0.462396
vt 0.037186 0.471817
vt 0.591559 0.988232
vt 0.592590 0.990622
vt 0.407745 0.389559
vt 0.394240 0.389591
vt 0.399879 0.382917
vt 0.108289 0.803815
vt 0.019946 0.452193
vt 0.026825 0.485009
vt 0.091136 0.769653
vt 0.590389 0.893990
vt 0.581725 0.891104
vt 0.603315 0.861145
vt 0.928271 0.149949
vt 0.934562 0.139963
vt 0.097944 0.739783
vt 0.100784 0.799224
vt 0.726389 0.807385
vt 0.573254 0.029824
vt 0.777546 0.374506
vt 0.454896 0.062803
vt 0.455643 0.064939
vt 0.426384 0.502899
vt 0.956323 0.477056
vt 0.954024 0.468310
vt 0.452822 0.053822
vt 0.570652 0.068416
vt 0.947796 0.480548
vt 0.838308 0.342035
vt 0.846477 0.352392
vt 0.830713 0.277864
vt 0.841435 0.285557
vt 0.832520 0.293572
vt 0.970769 0.884300
vt 0.970342 0.875269
vt 0.977277 0.873155
vt 0.094031 0.791933
vt 0.093849 0.791243
vt 0.328517 0.516346
vt 0.762243 0.368791
vt 0.564825 0.907685
vt 0.572341 0.919662
vt 0.560601 0.915994
vt 0.972940 0.226323
vt 0.179512 0.383515
vt 0.173909 0.374239
vt 0.408739 0.503305
vt 0.424908 0.507702
vt 0.965092 0.864824
vt 0.545960 0.922575
vt 0.560810 0.930455
vt 0.393640 0.401317
vt 0.379671 0.387937
vt 0.967788 0.485612
vt 0.090314 0.887980
vt 0.111251 0.878159
vt 0.171412 0.806335
vt 0.181035 0.836798
vt 0.273013 0.286495
vt 0.261148 0.248043
vt 0.970126 0.860158
vt 0.776357 0.365571
vt 0.846523 0.342267
vt 0.446735 0.040897
vt 0.452057 0.043027
vt 0.610683 0.892410
vt 0.205794 0.463392
vt 0.566402 0.036330
vt 0.554671 0.033169
vt 0.561021 0.944710
vt 0.195387 0.483982
vt 0.186378 0.484543
vt 0.290630 0.496973
vt 0.318819 0.513581
vt 0.568551 0.957117
vt 0.561896 0.961932
vt 0.827212 0.422137
vt 0.244283 0.254809
vt 0.455107 0.489397
vt 0.552158 0.392162
vt 0.898796 0.340047
vt 0.896244 0.324840
vt 0.976022 0.843257
vt 0.327503 0.980594
vt 0.327246 0.985625
vt 0.322979 0.981895
vt 0.987679 0.870964
vt 0.982873 0.885653
vt 0.968975 0.843181
vt 0.182068 0.366332
vt 0.204295 0.360596
vt 0.195090 0.375667
vt 0.817782 0.274132
vt 0.826110 0.276269
vt 0.418356 0.395717
vt 0.421869 0.387066
vt 0.187316 0.380768
vt 0.103328 0.321036
vt 0.036466 0.607838
vt 0.047971 0.621329
vt 0.031255 0.639841
vt 0.958378 0.128447
vt 0.961393 0.889606
vt 0.955277 0.880195
vt 0.224417 0.602824
vt 0.227437 0.633990
vt 0.208240 0.606140
vt 0.362587 0.000734
vt 0.352275 0.004487
vt 0.332225 0.000599
vt 0.638209 0.884950
vt 0.626661 0.858196
vt 0.975903 0.224395
vt 0.216184 0.595852
vt 0.987942 0.843436
vt 0.579891 0.954865
vt 0.172779 0.366688
vt 0.587578 0.927062
vt 0.507277 0.972807
vt 0.491476 0.986958
vt 0.484361 0.966952
vt 0.946467 0.105951
vt 0.923751 0.104508
vt 0.942695 0.095766
vt 0.165288 0.363903
vt 0.234772 0.262935
vt 0.243529 0.299904
vt 0.224013 0.282614
vt 0.259977 0.298586
vt 0.228869 0.838278
vt 0.218853 0.832220
vt 0.021301 0.627755
vt 0.310353 0.984351
vt 0.375674 0.389133
vt 0.347048 0.386367
vt 0.360533 0.378068
vt 0.555187 0.961939
vt 0.203514 0.487733
vt 0.835697 0.971401
vt 0.865409 0.992000
vt 0.828239 0.988335
vt 0.316196 0.993012
vt 0.140952 0.921457
vt 0.134418 0.921003
vt 0.095109 0.915433
vt 0.581840 0.031654
vt 0.179455 0.665888
vt 0.162164 0.681337
vt 0.152678 0.676028
vt 0.302142 0.991824
vt 0.428786 0.398703
vt 0.407007 0.420914
vt 0.251225 0.199442
vt 0.937681 0.117135
vt 0.928905 0.110596
vt 0.562113 0.420047
vt 0.647747 0.841256
vt 0.172156 0.367027
vt 0.175080 0.360067
vt 0.219318 0.842069
vt 0.098013 0.922156
vt 0.991984 0.259017
vt 0.982619 0.263541
vt 0.823188 0.984339
vt 0.164609 0.739762
vt 0.161106 0.750787
vt 0.156535 0.743216
vt 0.255905 0.972004
vt 0.249764 0.953918
vt 0.083410 0.346411
vt 0.090760 0.335596
vt 0.102062 0.364423
vt 0.534397 0.959866
vt 0.954637 0.116472
vt 0.080415 0.351197
vt 0.195597 0.688179
vt 0.161509 0.688910
vt 0.190923 0.685253
vt 0.458274 0.126523
vt 0.434121 0.117837
vt 0.290490 0.299661
vt 0.148630 0.682717
vt 0.080293 0.353880
vt 0.094070 0.375557
vt 0.078664 0.369266
vt 0.186238 0.674258
vt 0.420550 0.421899
vt 0.321144 0.411958
vt 0.342189 0.383344
vt 0.342633 0.419711
vt 0.081692 0.913639
vt 0.078708 0.894484
vt 0.114864 0.348393
vt 0.230839 0.604878
vt 0.457925 0.102112
vt 0.549714 0.464318
vt 0.567610 0.452571
vt 0.585932 0.469811
vt 0.210907 0.637036
vt 0.827837 0.746104
vt 0.774938 0.752482
vt 0.809463 0.736329
vt 0.089171 0.921439
vt 0.544808 0.473128
vt 0.376264 0.414248
vt 0.977185 0.224606
vt 0.112047 0.353093
vt 0.198639 0.731277
vt 0.162371 0.704195
vt 0.197000 0.711061
vt 0.815648 0.817975
vt 0.761768 0.806734
vt 0.807026 0.799804
vt 0.569780 0.435256
vt 0.545541 0.431828
vt 0.547938 0.454755
vt 0.548138 0.442839
vt 0.267541 0.604472
vt 0.317892 0.597181
vt 0.270665 0.637428
vt 0.606197 0.420316
vt 0.810935 0.765071
vt 0.616838 0.831656
vt 0.250416 0.605102
vt 0.251102 0.639310
vt 0.232035 0.639097
vt 0.144975 0.713230
vt 0.148132 0.709767
vt 0.762373 0.788362
vt 0.833920 0.775669
vt 0.808088 0.783678
vt 0.453520 0.128483
vt 0.145052 0.692931
vt 0.844633 0.264615
vt 0.831038 0.262160
vt 0.830882 0.247160
vt 0.792043 0.372133
vt 0.243361 0.952619
vt 0.246949 0.956060
vt 0.241321 0.954414
vt 0.606149 0.433727
vt 0.572856 0.037564
vt 0.608386 0.453012
vt 0.948441 0.086068
vt 0.950480 0.092590
vt 0.767999 0.768381
vt 0.080290 0.918030
vt 0.392888 0.413431
vt 0.303250 0.577804
vt 0.122847 0.335796
vt 0.792536 0.440881
vt 0.953083 0.100836
vt 0.224721 0.649898
vt 0.247296 0.960516
vt 0.346187 0.415700
vt 0.783480 0.403798
vt 0.781842 0.387454
vt 0.992633 0.243060
vt 0.987596 0.230633
vt 0.509791 0.974125
vt 0.413396 0.738102
vt 0.411942 0.765750
vt 0.382528 0.756563
vt 0.955279 0.106076
vt 0.109513 0.367422
vt 0.500168 0.997305
vt 0.515614 0.985130
vt 0.494319 0.989983
vt 0.411998 0.708693
vt 0.399803 0.685570
vt 0.418697 0.683837
vt 0.206368 0.653739
vt 0.108563 0.374448
vt 0.788516 0.232846
vt 0.787074 0.244510
vt 0.773630 0.242496
vt 0.392414 0.424119
vt 0.775209 0.233054
vt 0.786367 0.224112
vt 0.787288 0.259794
vt 0.783817 0.250511
vt 0.809132 0.246506
vt 0.374891 0.425880
vt 0.784161 0.214281
vt 0.777712 0.225015
vt 0.773487 0.225163
vt 0.831358 0.225983
vt 0.842080 0.221958
vt 0.842443 0.226454
vt 0.808362 0.259381
vt 0.834576 0.233320
vt 0.840779 0.243182
vt 0.829279 0.242606
vt 0.832473 0.215942
vt 0.825719 0.444082
vt 0.133684 0.343256
vt 0.844866 0.255205
vt 0.427136 0.684183
vt 0.313344 0.639376
vt 0.784005 0.249328
vt 0.775797 0.246648
vt 0.479885 0.974578
vt 0.241854 0.654095
vt 0.389466 0.428802
vt 0.260432 0.508354
vt 0.257881 0.522509
vt 0.259155 0.515560
vt 0.809293 0.230194
vt 0.809006 0.222243
vt 0.203718 0.617582
vt 0.200172 0.637860
vt 0.190429 0.641084
vt 0.808410 0.213462
vt 0.469862 0.752693
vt 0.456204 0.777299
vt 0.807410 0.241479
vt 0.249842 0.537218
vt 0.784011 0.432351
vt 0.279424 0.506435
vt 0.274147 0.535858
vt 0.471230 0.699163
vt 0.439822 0.684102
vt 0.809253 0.018234
vt 0.813048 0.015941
vt 0.815555 0.020928
vt 0.488443 0.371235
vt 0.482718 0.388392
vt 0.467829 0.383210
vt 0.469181 0.726319
vt 0.257096 0.530242
vt 0.330148 0.536376
vt 0.311771 0.545036
vt 0.316545 0.517166
vt 0.780328 0.183426
vt 0.807786 0.177215
vt 0.808353 0.022872
vt 0.805674 0.021260
vt 0.306633 0.539482
vt 0.309981 0.517228
vt 0.014547 0.568320
vt 0.023619 0.566266
vt 0.030135 0.579534
vt 0.802739 0.021717
vt 0.808857 0.013754
vt 0.798323 0.014121
vt 0.430194 0.433224
vt 0.428959 0.422110
vt 0.255516 0.537909
vt 0.010275 0.585578
vt 0.014330 0.593811
vt 0.012571 0.593702
vt 0.343557 0.429873
vt 0.768728 0.207031
vt 0.837866 0.177797
vt 0.021100 0.584456
vt 0.048388 0.082685
vt 0.027674 0.088681
vt 0.026721 0.078597
vt 0.254028 0.541854
vt 0.051541 0.537171
vt 0.053833 0.547671
vt 0.051991 0.547917
vt 0.788639 0.461681
vt 0.762229 0.182077
vt 0.017239 0.599531
vt 0.030393 0.573231
vt 0.045478 0.547793
vt 0.036319 0.060187
vt 0.041887 0.062194
vt 0.039041 0.065685
vt 0.039254 0.547635
vt 0.023821 0.078012
vt 0.018988 0.603665
vt 0.035015 0.550092
vt 0.050732 0.558418
vt 0.828591 0.457588
vt 0.018327 0.605303
vt 0.045452 0.070894
vt 0.027196 0.600355
vt 0.035168 0.534474
vt 0.036383 0.033553
vt 0.044909 0.030321
vt 0.054232 0.029823
vt 0.697259 0.013148
vt 0.675188 0.017534
vt 0.682969 0.012313
vt 0.759637 0.172676
vt 0.305853 0.552520
vt 0.016227 0.608501
vt 0.029165 0.548822
vt 0.030572 0.066534
vt 0.049483 0.526463
vt 0.277723 0.541528
vt 0.680084 0.023601
vt 0.695283 0.020145
vt 0.499285 0.378837
vt 0.671483 0.794157
vt 0.695745 0.803604
vt 0.683972 0.812738
vt 0.774765 0.171023
vt 0.010962 0.608652
vt 0.008185 0.605378
vt 0.038350 0.597283
vt 0.016678 0.029222
vt 0.020805 0.160114
vt 0.028407 0.162512
vt 0.018536 0.169135
vt 0.492841 0.442916
vt 0.485918 0.432709
vt 0.494876 0.432530
vt 0.022572 0.542866
vt 0.499127 0.433302
vt 0.021960 0.058281
vt 0.042098 0.050528
vt 0.469994 0.432238
vt 0.462338 0.434850
vt 0.461625 0.433439
vt 0.041706 0.590022
vt 0.038041 0.558898
vt 0.025289 0.561281
vt 0.460203 0.438244
vt 0.467596 0.448498
vt 0.048675 0.516119
vt 0.032773 0.524325
vt 0.472883 0.421477
vt 0.980833 0.114406
vt 0.991269 0.115198
vt 0.988846 0.118936
vt 0.021887 0.556448
vt 0.032621 0.517795
vt 0.019418 0.036637
vt 0.468551 0.469754
vt 0.459764 0.473415
vt 0.470915 0.463859
vt 0.676270 0.805717
vt 0.495541 0.468024
vt 0.496149 0.460321
vt 0.022555 0.520497
vt 0.696518 0.823566
vt 0.496726 0.451024
vt 0.472589 0.454816
vt 0.022357 0.532768
vt 0.461251 0.460227
vt 0.009449 0.369775
vt 0.016883 0.375317
vt 0.008645 0.370803
vt 0.496518 0.417742
vt 0.496257 0.394698
vt 0.484271 0.395018
vt 0.974487 0.117119
vt 0.977909 0.133045
vt 0.472842 0.417471
vt 0.694469 0.824858
vt 0.013773 0.376311
vt 0.021697 0.385812
vt 0.668383 0.818345
vt 0.031752 0.365457
vt 0.038623 0.369158
vt 0.020943 0.387969
vt 0.465659 0.394439
vt 0.460921 0.415088
s 1
usemtl Material
f 1/1/1 452/2/2 1176/3/3
f 3/4/4 1176/5/3 452/6/2
f 450/7/5 452/2/2 1/1/1
f 718/8/6 1176/5/3 451/9/7
f 1176/3/3 718/10/6 1/1/1
f 451/9/7 1176/5/3 3/4/4
f 452/6/2 944/11/8 3/4/4
f 450/7/5 1046/12/9 452/2/2
f 5/13/10 2/14/11 943/15/12
f 2/16/11 1129/17/13 943/18/12
f 943/19/12 946/20/14 5/13/10
f 1129/17/13 455/21/15 943/18/12
f 719/22/16 456/23/17 718/8/6
f 453/24/18 6/25/19 943/26/12
f 451/9/7 3/4/4 8/27/20
f 945/28/21 2/14/11 5/13/10
f 720/29/22 1/1/1 718/10/6
f 719/22/16 718/8/6 451/9/7
f 1/30/1 4/31/23 1044/32/24
f 947/33/25 944/34/8 452/2/2
f 943/18/12 455/21/15 453/35/18
f 6/25/19 946/36/14 943/26/12
f 1/30/1 1044/32/24 450/37/5
f 3/4/4 944/11/8 454/38/26
f 720/39/22 10/40/27 1/41/1
f 946/20/14 7/42/28 5/13/10
f 1046/12/9 947/33/25 452/2/2
f 4/43/23 1/41/1 10/40/27
f 7/42/28 945/28/21 5/13/10
f 8/27/20 719/22/16 451/9/7
f 1129/17/13 458/44/29 455/21/15
f 1177/45/30 3/4/4 454/38/26
f 3/4/4 1177/45/30 8/27/20
f 946/20/14 12/46/31 7/42/28
f 1045/47/32 721/48/33 2/16/11
f 944/11/8 723/49/34 454/38/26
f 720/29/22 718/10/6 456/50/17
f 945/28/21 722/51/35 2/14/11
f 9/52/36 453/35/18 455/21/15
f 456/53/17 719/22/16 457/54/37
f 723/55/34 944/56/8 947/57/25
f 946/36/14 6/25/19 1047/58/38
f 455/59/15 458/60/29 9/61/36
f 1044/62/24 1046/63/9 450/64/5
f 721/48/33 1129/17/13 2/16/11
f 8/27/20 457/54/37 719/22/16
f 1046/12/9 1045/47/32 947/33/25
f 2/14/11 722/51/35 1045/65/32
f 1045/65/32 722/51/35 947/57/25
f 11/66/39 945/28/21 1178/67/40
f 11/66/39 722/51/35 945/28/21
f 1046/12/9 721/48/33 1045/47/32
f 722/51/35 723/55/34 947/57/25
f 721/48/33 724/68/41 1129/17/13
f 7/42/28 1178/67/40 945/28/21
f 461/69/42 946/36/14 1047/58/38
f 12/70/31 946/36/14 461/69/42
f 8/71/20 460/72/43 457/73/37
f 454/74/26 723/55/34 13/75/44
f 723/55/34 722/51/35 11/66/39
f 1046/12/9 724/68/41 721/48/33
f 460/72/43 8/71/20 1177/76/30
f 1129/77/13 724/78/41 458/60/29
f 459/79/45 1044/80/24 4/43/23
f 458/60/29 1130/81/46 9/61/36
f 12/82/31 950/83/47 7/84/28
f 459/79/45 4/43/23 10/40/27
f 1046/63/9 1044/62/24 948/85/48
f 1178/67/40 725/86/49 11/66/39
f 723/55/34 11/66/39 725/86/49
f 948/87/48 1044/80/24 459/79/45
f 459/88/45 16/89/50 948/90/48
f 1211/91/51 723/55/34 725/86/49
f 453/92/18 9/93/36 463/94/52
f 458/60/29 726/95/53 462/96/54
f 1046/63/9 948/85/48 949/97/55
f 458/60/29 724/78/41 726/95/53
f 1178/98/40 7/84/28 950/83/47
f 1178/67/40 1211/91/51 725/86/49
f 24/99/56 1052/100/57 475/101/58
f 949/97/55 724/102/41 1046/63/9
f 13/75/44 723/55/34 1211/91/51
f 949/97/55 726/103/53 724/102/41
f 951/104/59 6/25/19 1048/105/60
f 457/73/37 493/106/61 456/107/17
f 457/73/37 460/72/43 465/108/62
f 462/96/54 1130/81/46 458/60/29
f 454/109/26 22/110/63 1177/111/30
f 1048/112/60 453/92/18 463/94/52
f 453/24/18 1048/105/60 6/25/19
f 9/61/36 1130/81/46 19/113/64
f 1233/114/65 950/83/47 12/82/31
f 1047/58/38 24/99/56 461/69/42
f 1177/76/30 1180/115/66 460/72/43
f 10/40/27 727/116/67 459/79/45
f 1211/117/51 1178/118/40 1131/119/68
f 462/120/54 726/103/53 949/97/55
f 1211/117/51 1131/119/68 13/121/44
f 1052/100/57 1047/58/38 6/25/19
f 462/120/54 14/122/69 1130/123/46
f 1177/111/30 22/110/63 1180/124/66
f 460/72/43 1132/125/70 465/108/62
f 16/126/50 729/127/71 949/97/55
f 493/106/61 732/128/72 456/107/17
f 18/129/73 16/89/50 459/88/45
f 1131/119/68 1178/118/40 464/130/74
f 22/110/63 454/109/26 13/131/44
f 13/121/44 1131/119/68 464/130/74
f 950/83/47 1233/114/65 734/132/75
f 6/25/19 951/104/59 1052/100/57
f 461/133/42 730/134/76 12/82/31
f 463/94/52 9/93/36 20/135/77
f 13/121/44 464/130/74 15/136/78
f 15/136/78 464/130/74 1178/118/40
f 462/120/54 949/97/55 728/137/79
f 474/138/80 1048/112/60 463/94/52
f 9/61/36 19/113/64 20/139/77
f 462/120/54 469/140/81 14/122/69
f 462/120/54 728/137/79 469/140/81
f 16/126/50 949/97/55 948/85/48
f 463/94/52 20/135/77 474/138/80
f 17/141/82 15/136/78 1178/118/40
f 17/141/82 13/121/44 15/136/78
f 1130/81/46 14/142/69 19/113/64
f 952/143/83 13/121/44 17/141/82
f 1132/125/70 460/72/43 1180/115/66
f 459/144/45 727/145/67 18/146/73
f 465/108/62 493/106/61 457/73/37
f 24/99/56 1047/58/38 1052/100/57
f 1048/105/60 467/147/84 951/104/59
f 734/132/75 473/148/85 1178/98/40
f 734/132/75 1178/98/40 950/83/47
f 730/134/76 1233/114/65 12/82/31
f 468/149/86 1179/150/87 1232/151/88
f 1232/151/88 1179/150/87 1049/152/89
f 22/153/63 13/154/44 952/155/83
f 470/156/90 1052/100/57 951/104/59
f 949/97/55 729/127/71 728/137/79
f 730/134/76 461/133/42 24/157/56
f 1179/158/87 731/159/91 466/160/92
f 1232/151/88 1049/152/89 472/161/93
f 493/106/61 465/108/62 1132/125/70
f 1232/151/88 472/161/93 1053/162/94
f 1179/158/87 468/163/86 731/159/91
f 466/160/92 1050/164/95 1179/158/87
f 728/165/79 729/166/71 733/167/96
f 951/104/59 1050/164/95 466/160/92
f 1232/151/88 21/168/97 468/149/86
f 731/169/91 951/104/59 466/160/92
f 1050/164/95 1049/170/89 1179/158/87
f 951/104/59 467/147/84 1050/164/95
f 1232/151/88 1053/162/94 471/171/98
f 951/172/59 731/173/91 470/174/90
f 1049/175/89 27/176/99 472/177/93
f 473/148/85 17/178/82 1178/98/40
f 1050/179/95 1181/180/100 1049/175/89
f 473/181/85 952/155/83 17/182/82
f 474/138/80 20/135/77 1136/183/101
f 26/184/102 25/185/103 468/149/86
f 468/149/86 736/186/104 731/173/91
f 1181/180/100 27/176/99 1049/175/89
f 473/181/85 1252/187/105 952/155/83
f 733/188/96 469/189/81 728/190/79
f 468/149/86 21/168/97 26/184/102
f 21/191/97 23/192/106 26/193/102
f 467/194/84 1181/180/100 1050/179/95
f 1048/195/60 474/196/80 467/194/84
f 727/145/67 10/197/27 720/198/22
f 21/168/97 1232/151/88 471/171/98
f 736/186/104 468/149/86 25/185/103
f 736/186/104 1052/199/57 470/174/90
f 476/200/107 18/146/73 727/145/67
f 952/201/83 488/202/108 22/110/63
f 1233/203/65 499/204/109 734/205/75
f 736/186/104 470/174/90 731/173/91
f 16/89/50 65/206/110 729/207/71
f 952/201/83 1051/208/111 488/202/108
f 21/168/97 471/171/98 23/209/106
f 26/193/102 23/192/106 31/210/112
f 16/89/50 18/129/73 62/211/113
f 472/177/93 27/176/99 735/212/114
f 1233/203/65 730/213/76 756/214/115
f 952/155/83 1252/187/105 1051/215/111
f 957/216/116 1053/217/94 472/177/93
f 736/186/104 475/218/58 1052/199/57
f 499/204/109 1233/203/65 756/214/115
f 467/194/84 474/196/80 28/219/117
f 467/194/84 28/219/117 1181/180/100
f 41/220/118 16/221/50 62/222/113
f 475/218/58 736/186/104 43/223/119
f 1180/224/66 739/225/120 1132/226/70
f 62/211/113 18/129/73 476/227/107
f 1252/187/105 473/181/85 1051/215/111
f 473/181/85 32/228/121 1051/215/111
f 481/229/122 477/230/123 480/231/124
f 737/232/125 30/233/126 953/234/127
f 953/234/127 30/233/126 35/235/128
f 29/236/129 737/237/125 953/238/127
f 480/231/124 33/239/130 481/229/122
f 20/135/77 19/240/64 81/241/131
f 22/242/63 488/243/108 76/244/132
f 727/145/67 720/198/22 44/245/133
f 29/236/129 482/246/134 737/237/125
f 740/247/135 953/234/127 35/235/128
f 1180/248/66 22/249/63 494/250/136
f 737/232/125 36/251/137 30/233/126
f 477/230/123 34/252/138 480/231/124
f 1053/253/94 490/254/139 471/255/98
f 478/256/140 953/238/127 740/257/135
f 1054/258/141 14/259/69 469/189/81
f 47/260/142 735/212/114 27/176/99
f 29/236/129 953/238/127 478/256/140
f 474/196/80 1136/261/101 956/262/143
f 733/188/96 729/207/71 65/206/110
f 49/263/144 473/264/85 734/205/75
f 19/265/64 754/266/145 81/267/131
f 733/188/96 738/268/146 469/189/81
f 477/269/123 487/270/147 955/271/148
f 1053/253/94 747/272/149 490/254/139
f 477/230/123 481/229/122 741/273/150
f 740/257/135 1134/274/151 478/256/140
f 14/259/69 958/275/152 19/265/64
f 16/89/50 41/276/118 65/206/110
f 480/231/124 34/252/138 39/277/153
f 76/244/132 494/250/136 22/249/63
f 741/278/150 479/279/154 477/280/123
f 35/235/128 30/233/126 743/281/155
f 473/264/85 49/263/144 32/282/121
f 489/283/156 730/284/76 24/285/56
f 37/286/157 736/287/104 25/288/103
f 32/289/121 488/243/108 1051/290/111
f 23/192/106 954/291/158 31/210/112
f 737/237/125 482/246/134 63/292/159
f 957/216/116 472/177/93 735/212/114
f 477/230/123 955/293/148 486/294/160
f 477/230/123 486/294/160 34/252/138
f 475/295/58 43/296/119 489/297/156
f 1054/258/141 958/275/152 14/259/69
f 745/298/161 29/236/129 478/256/140
f 480/231/124 38/299/162 33/239/130
f 745/300/161 45/301/163 29/302/129
f 36/251/137 483/303/164 30/233/126
f 39/277/153 38/299/162 480/231/124
f 479/304/154 487/270/147 477/305/123
f 1133/306/165 1134/274/151 740/257/135
f 37/286/157 43/307/119 736/287/104
f 740/247/135 35/235/128 1133/308/165
f 745/300/161 478/309/140 1245/310/166
f 28/219/117 474/196/80 956/262/143
f 26/311/102 748/312/167 25/288/103
f 43/296/119 64/313/168 489/297/156
f 481/229/122 33/239/130 742/314/169
f 471/255/98 490/254/139 954/315/158
f 478/256/140 1134/274/151 744/316/170
f 488/243/108 32/289/121 485/317/171
f 1181/180/100 28/219/117 42/318/172
f 734/205/75 499/204/109 49/263/144
f 743/319/155 30/320/126 483/321/164
f 476/322/107 484/323/173 62/222/113
f 737/324/125 63/325/159 40/326/174
f 471/255/98 954/315/158 23/327/106
f 482/328/134 29/329/129 45/301/163
f 42/330/172 66/331/175 27/332/99
f 478/309/140 744/333/170 1245/310/166
f 482/246/134 45/334/163 63/292/159
f 42/330/172 27/332/99 1181/335/100
f 756/214/115 730/213/76 502/336/176
f 33/239/130 38/299/162 491/337/177
f 66/331/175 47/338/142 27/332/99
f 48/339/178 747/340/149 1053/341/94
f 49/263/144 485/342/171 32/282/121
f 738/268/146 1054/258/141 469/189/81
f 733/188/96 65/206/110 738/268/146
f 494/343/136 739/225/120 1180/224/66
f 486/344/160 50/345/179 34/346/138
f 489/283/156 24/285/56 475/347/58
f 48/339/178 1053/341/94 957/348/116
f 65/206/110 1055/349/180 738/268/146
f 960/350/181 735/212/114 47/351/142
f 37/286/157 25/288/103 748/312/167
f 955/352/148 755/353/182 486/344/160
f 49/263/144 749/354/183 485/342/171
f 960/350/181 957/216/116 735/212/114
f 746/355/184 35/356/128 743/319/155
f 739/357/120 493/358/61 1132/359/70
f 742/314/169 33/239/130 491/337/177
f 754/266/145 19/265/64 958/275/152
f 741/273/150 481/229/122 742/314/169
f 476/200/107 44/245/133 484/360/173
f 476/200/107 727/145/67 44/245/133
f 954/315/158 961/361/185 31/362/112
f 1133/308/165 35/235/128 746/363/184
f 38/299/162 39/277/153 56/364/186
f 46/365/187 76/244/132 488/243/108
f 37/366/157 64/313/168 43/296/119
f 42/330/172 28/367/117 956/368/143
f 63/325/159 59/369/188 40/326/174
f 84/370/189 743/319/155 483/321/164
f 36/371/137 737/324/125 40/326/174
f 485/317/171 749/372/183 488/243/108
f 38/299/162 56/364/186 491/337/177
f 752/373/190 479/374/154 741/375/150
f 31/376/112 1184/377/191 748/378/167
f 39/277/153 34/252/138 50/379/179
f 960/380/181 767/381/192 957/348/116
f 479/382/154 752/383/190 751/384/193
f 752/373/190 741/375/150 492/385/194
f 31/386/112 748/312/167 26/311/102
f 961/387/185 507/388/195 31/389/112
f 755/390/182 50/391/179 486/392/160
f 1056/393/196 41/220/118 62/222/113
f 1182/394/197 741/395/150 742/396/169
f 39/397/153 50/345/179 500/398/198
f 46/365/187 488/243/108 749/372/183
f 741/395/150 1182/394/197 492/399/194
f 490/254/139 747/272/149 1212/400/199
f 56/364/186 39/277/153 500/401/198
f 40/402/174 483/321/164 36/403/137
f 51/404/200 496/405/201 750/406/202
f 738/268/146 1055/349/180 1054/258/141
f 1245/310/166 744/333/170 775/407/203
f 750/406/202 496/405/201 60/408/204
f 750/409/202 55/410/205 51/411/200
f 743/319/155 84/370/189 79/412/206
f 67/413/207 496/414/201 51/415/200
f 511/416/208 479/382/154 751/384/193
f 1183/417/209 745/300/161 1245/310/166
f 51/415/200 753/418/210 67/413/207
f 48/339/178 957/348/116 767/381/192
f 743/319/155 523/419/211 746/355/184
f 1136/183/101 20/135/77 83/420/212
f 1183/417/209 1057/421/213 745/300/161
f 745/300/161 1057/421/213 45/301/163
f 60/408/204 496/405/201 54/422/214
f 53/423/215 1058/424/216 752/425/190
f 63/426/159 61/427/217 54/422/214
f 59/428/188 63/426/159 54/422/214
f 489/283/156 774/429/218 502/430/176
f 752/373/190 492/385/194 53/431/215
f 954/315/158 490/254/139 87/432/219
f 48/339/178 767/381/192 1135/433/220
f 58/434/221 755/390/182 955/435/148
f 75/436/222 50/391/179 755/390/182
f 81/241/131 83/420/212 20/135/77
f 755/390/182 58/434/221 758/437/223
f 51/411/200 55/410/205 52/438/224
f 53/423/215 57/439/225 495/440/226
f 54/422/214 496/405/201 59/441/188
f 755/390/182 758/437/223 75/436/222
f 52/442/224 753/418/210 51/415/200
f 759/443/227 59/369/188 496/444/201
f 775/407/203 744/333/170 141/445/228
f 67/446/207 69/447/229 496/444/201
f 53/423/215 495/440/226 1058/424/216
f 1133/308/165 1234/448/230 1134/449/151
f 92/450/231 492/385/194 1182/451/197
f 1212/400/199 747/272/149 48/452/178
f 753/418/210 959/453/232 67/413/207
f 491/337/177 56/364/186 86/454/233
f 53/431/215 492/385/194 92/450/231
f 60/408/204 54/422/214 61/427/217
f 40/326/174 59/369/188 759/443/227
f 53/423/215 92/455/231 497/456/234
f 775/407/203 1183/417/209 1245/310/166
f 74/457/235 55/410/205 750/409/202
f 57/439/225 53/423/215 497/456/234
f 49/263/144 46/458/187 749/354/183
f 1136/459/101 962/460/236 956/368/143
f 76/244/132 46/365/187 777/461/237
f 70/462/238 60/408/204 61/427/217
f 760/463/239 758/464/223 58/465/221
f 78/466/240 501/467/241 495/440/226
f 69/447/229 759/443/227 496/444/201
f 1212/400/199 48/452/178 112/468/242
f 64/313/168 774/469/218 489/297/156
f 743/319/155 79/412/206 523/419/211
f 760/463/239 58/465/221 68/470/243
f 483/321/164 766/471/244 84/370/189
f 495/440/226 501/467/241 1058/424/216
f 750/472/202 1060/473/245 74/474/235
f 766/475/244 483/476/164 40/477/174
f 63/426/159 70/462/238 61/427/217
f 511/416/208 487/478/147 479/382/154
f 56/364/186 500/401/198 96/479/246
f 748/378/167 498/480/247 37/366/157
f 955/481/148 1062/482/248 58/483/221
f 1184/484/191 31/389/112 507/388/195
f 495/485/226 57/486/225 1059/487/249
f 1056/488/196 65/206/110 41/276/118
f 495/485/226 1059/487/249 78/489/240
f 141/445/228 744/333/170 1134/490/151
f 1060/491/245 750/406/202 60/408/204
f 760/492/239 68/493/243 765/494/250
f 44/495/133 786/496/251 484/497/173
f 63/426/159 73/498/252 70/462/238
f 1059/487/249 57/486/225 497/499/234
f 758/437/223 764/500/253 75/436/222
f 52/442/224 82/501/254 753/418/210
f 959/502/232 69/503/229 67/504/207
f 136/505/255 960/350/181 47/506/142
f 60/408/204 70/462/238 73/498/252
f 962/460/236 42/330/172 956/368/143
f 959/453/232 753/418/210 82/501/254
f 765/494/250 68/493/243 763/507/256
f 75/508/222 500/509/198 50/510/179
f 757/511/257 45/301/163 1057/421/213
f 487/478/147 1062/512/248 955/513/148
f 73/498/252 503/514/258 60/408/204
f 954/315/158 87/432/219 961/361/185
f 49/263/144 499/204/109 762/515/259
f 523/419/211 509/516/260 746/355/184
f 80/517/261 761/518/262 71/519/263
f 505/520/264 40/326/174 759/443/227
f 77/521/265 497/522/234 92/450/231
f 69/447/229 505/520/264 759/443/227
f 761/523/262 508/524/266 71/525/263
f 80/526/261 71/527/263 1137/528/267
f 91/529/268 98/530/269 82/501/254
f 765/531/250 1185/532/270 760/463/239
f 1136/459/101 116/533/271 962/460/236
f 63/426/159 503/514/258 73/498/252
f 763/507/256 68/493/243 58/534/221
f 86/535/233 1182/394/197 742/396/169
f 765/531/250 510/536/272 1185/532/270
f 760/463/239 1185/532/270 764/537/253
f 508/524/266 964/538/273 71/525/263
f 491/539/177 86/540/233 742/541/169
f 47/338/142 66/331/175 521/542/274
f 760/463/239 764/537/253 758/464/223
f 1187/543/275 1055/349/180 65/206/110
f 1058/544/216 751/545/193 752/546/190
f 1137/528/267 518/547/276 80/526/261
f 85/548/277 501/467/241 78/466/240
f 76/549/132 778/550/278 494/343/136
f 1060/473/245 60/551/204 503/552/258
f 489/283/156 502/430/176 730/284/76
f 498/480/247 748/378/167 799/553/279
f 504/554/280 110/555/281 739/556/120
f 58/534/221 90/557/282 763/507/256
f 40/477/174 505/558/264 1061/559/283
f 505/558/264 69/503/229 1061/559/283
f 786/560/251 1056/561/196 484/562/173
f 80/563/261 518/564/276 514/565/284
f 509/516/260 1133/566/165 746/355/184
f 493/358/61 169/567/285 732/568/72
f 778/550/278 504/554/280 494/343/136
f 69/503/229 959/502/232 102/569/286
f 501/467/241 772/570/287 1058/424/216
f 517/571/288 964/538/273 508/524/266
f 765/494/250 763/507/256 99/572/289
f 1182/394/197 86/535/233 92/573/231
f 508/574/266 761/518/262 100/575/290
f 506/576/291 75/508/222 764/577/253
f 499/204/109 811/578/292 762/515/259
f 490/254/139 72/579/293 87/432/219
f 518/547/276 1137/528/267 1064/580/294
f 71/581/263 768/582/295 1137/528/267
f 959/453/232 82/501/254 525/583/296
f 1060/473/245 503/552/258 89/584/297
f 49/263/144 777/585/237 46/458/187
f 794/586/298 42/330/172 962/460/236
f 91/529/268 52/442/224 963/587/299
f 508/574/266 100/575/290 104/588/300
f 64/313/168 498/589/247 520/590/301
f 45/301/163 757/511/257 63/591/159
f 100/575/290 761/518/262 80/517/261
f 75/508/222 513/592/302 500/509/198
f 89/584/297 503/552/258 63/593/159
f 78/466/240 512/594/303 85/548/277
f 794/586/298 521/542/274 66/331/175
f 964/595/273 768/596/295 71/597/263
f 1186/598/304 89/584/297 63/593/159
f 74/457/235 95/599/305 55/410/205
f 74/474/235 1060/473/245 524/600/306
f 772/601/287 751/545/193 1058/544/216
f 1062/512/248 487/478/147 511/416/208
f 1187/602/275 1054/603/141 1055/604/180
f 78/489/240 1059/487/249 512/605/303
f 748/378/167 1184/377/191 543/606/307
f 771/607/308 56/364/186 96/479/246
f 90/608/282 58/483/221 1062/482/248
f 88/609/309 508/524/266 104/610/300
f 75/508/222 506/576/291 513/592/302
f 77/611/265 1059/487/249 497/499/234
f 99/572/289 763/507/256 515/612/310
f 69/503/229 102/569/286 770/613/311
f 102/569/286 959/502/232 783/614/312
f 1056/561/196 62/615/113 484/562/173
f 811/578/292 499/204/109 756/214/115
f 504/554/280 739/556/120 494/343/136
f 1213/616/313 524/600/306 1060/473/245
f 766/475/244 40/477/174 1061/559/283
f 103/617/314 1059/487/249 77/611/265
f 99/572/289 510/618/272 765/494/250
f 64/313/168 37/366/157 498/480/247
f 56/364/186 771/619/308 86/454/233
f 516/620/315 1062/512/248 511/416/208
f 97/621/316 1057/622/213 1183/623/209
f 959/453/232 525/583/296 783/624/312
f 514/565/284 518/564/276 780/625/317
f 1137/528/267 107/626/318 1064/580/294
f 490/254/139 1212/400/199 72/579/293
f 89/584/297 1186/598/304 1060/473/245
f 766/475/244 1061/559/283 770/613/311
f 507/388/195 543/627/307 1184/484/191
f 739/357/120 110/628/281 493/358/61
f 82/501/254 52/442/224 91/529/268
f 520/629/301 774/469/218 64/313/168
f 80/517/261 514/630/284 769/631/319
f 963/632/299 52/438/224 55/410/205
f 516/620/315 511/416/208 751/384/193
f 106/633/320 512/605/303 1059/487/249
f 1234/634/230 109/635/321 1134/636/151
f 510/618/272 966/637/322 1185/638/270
f 104/610/300 91/639/268 88/609/309
f 1060/473/245 1186/598/304 1213/616/313
f 1061/559/283 69/503/229 770/613/311
f 88/609/309 91/639/268 963/640/299
f 94/641/323 87/432/219 72/579/293
f 80/517/261 769/631/319 100/575/290
f 63/593/159 757/642/257 1186/598/304
f 493/358/61 110/628/281 169/567/285
f 1133/308/165 1063/643/324 1234/448/230
f 88/609/309 517/571/288 508/524/266
f 516/620/315 965/644/325 1062/512/248
f 49/263/144 108/645/326 777/585/237
f 1213/616/313 1186/598/304 519/646/327
f 517/571/288 88/609/309 776/647/328
f 107/626/318 105/648/329 1064/580/294
f 794/586/298 66/331/175 42/330/172
f 1137/528/267 768/582/295 107/626/318
f 106/633/320 1059/487/249 103/617/314
f 768/649/295 964/595/273 114/650/330
f 776/647/328 88/609/309 963/640/299
f 120/651/331 72/579/293 1212/400/199
f 507/388/195 789/652/332 543/627/307
f 77/653/265 92/573/231 103/654/314
f 787/655/333 1183/623/209 775/656/203
f 768/582/295 1139/657/334 107/626/318
f 966/637/322 510/618/272 99/572/289
f 100/575/290 1138/658/335 104/588/300
f 84/659/189 127/660/336 529/661/337
f 964/595/273 517/662/288 527/663/338
f 773/664/339 79/665/206 84/659/189
f 751/545/193 772/601/287 93/666/340
f 91/667/268 104/588/300 98/668/269
f 83/669/212 116/533/271 1136/459/101
f 556/670/341 65/671/110 1056/561/196
f 963/632/299 55/410/205 95/599/305
f 506/672/291 764/537/253 1185/532/270
f 516/620/315 105/648/329 107/626/318
f 524/673/306 95/599/305 74/457/235
f 776/647/328 963/640/299 101/674/342
f 107/626/318 965/644/325 516/620/315
f 958/675/152 1236/676/343 536/677/344
f 766/678/244 127/660/336 84/659/189
f 1186/598/304 757/642/257 519/646/327
f 502/679/176 119/680/345 756/681/115
f 1234/634/230 1065/682/346 109/635/321
f 770/613/311 102/569/286 782/683/347
f 791/684/348 82/501/254 98/530/269
f 1054/685/141 1236/676/343 958/675/152
f 90/686/282 522/687/349 763/688/256
f 1188/689/350 525/583/296 82/501/254
f 112/690/242 48/339/178 1135/433/220
f 97/621/316 1183/623/209 787/655/333
f 527/663/338 517/662/288 781/691/351
f 130/692/352 108/645/326 49/263/144
f 766/475/244 770/613/311 782/683/347
f 113/693/353 517/662/288 776/694/328
f 84/659/189 529/661/337 773/664/339
f 105/648/329 516/620/315 751/384/193
f 107/626/318 1139/657/334 965/644/325
f 780/695/317 769/631/319 514/630/284
f 109/635/321 1065/682/346 779/696/354
f 105/697/329 751/698/193 1064/699/294
f 1066/700/355 501/467/241 85/548/277
f 76/549/132 777/701/237 778/550/278
f 518/564/276 1067/702/356 780/625/317
f 115/703/357 506/672/291 1185/532/270
f 115/704/357 1185/638/270 966/637/322
f 128/705/358 509/706/260 523/707/211
f 968/708/359 963/632/299 95/599/305
f 113/709/353 776/710/328 101/711/342
f 120/651/331 1212/400/199 112/468/242
f 526/712/360 519/646/327 757/642/257
f 1066/713/355 772/714/287 501/715/241
f 515/612/310 539/716/361 99/572/289
f 128/705/358 523/707/211 79/665/206
f 96/717/246 500/509/198 513/592/302
f 1067/702/356 518/564/276 1064/699/294
f 795/718/362 1135/433/220 767/381/192
f 964/595/273 527/663/338 114/650/330
f 1234/719/230 785/720/363 1065/721/346
f 1213/616/313 519/646/327 526/712/360
f 768/722/295 535/723/364 1139/724/334
f 986/725/365 141/726/228 1134/727/151
f 79/665/206 773/664/339 128/705/358
f 98/668/269 104/588/300 1138/658/335
f 751/698/193 1067/702/356 1064/699/294
f 103/654/314 92/573/231 86/728/233
f 85/729/277 512/605/303 124/730/366
f 536/677/344 754/731/145 958/675/152
f 528/732/367 100/575/290 769/631/319
f 1063/733/324 785/720/363 1234/719/230
f 963/632/299 968/708/359 101/711/342
f 754/731/145 140/734/368 81/735/131
f 99/572/289 546/736/369 966/637/322
f 101/737/342 968/738/359 111/739/370
f 109/740/321 779/741/354 788/742/371
f 515/743/310 522/687/349 539/744/361
f 113/693/353 781/691/351 517/662/288
f 799/745/279 543/746/307 563/747/372
f 787/655/333 775/656/203 141/726/228
f 781/691/351 113/693/353 111/739/370
f 513/592/302 506/576/291 1215/748/373
f 108/749/326 130/750/352 777/701/237
f 109/740/321 1142/751/374 1134/490/151
f 136/752/255 47/338/142 521/542/274
f 98/668/269 1138/658/335 790/753/375
f 100/575/290 790/753/375 1138/658/335
f 1246/754/376 524/755/306 1213/756/313
f 774/757/218 1189/758/377 502/679/176
f 757/759/257 1057/622/213 97/621/316
f 768/722/295 151/760/378 535/723/364
f 121/761/379 532/762/380 1062/482/248
f 543/746/307 799/745/279 748/763/167
f 515/743/310 763/688/256 522/687/349
f 532/762/380 90/608/282 1062/482/248
f 757/764/257 154/765/381 802/766/382
f 524/767/306 542/768/383 95/769/305
f 961/387/185 1235/770/384 507/388/195
f 793/771/385 766/772/244 533/773/386
f 526/774/360 757/764/257 1140/775/387
f 556/670/341 550/776/388 65/671/110
f 788/742/371 1142/751/374 109/740/321
f 100/575/290 528/732/367 790/753/375
f 169/777/285 110/778/281 504/779/280
f 771/780/308 784/781/389 86/782/233
f 1067/702/356 125/783/390 780/625/317
f 513/592/302 1214/784/391 771/785/308
f 526/774/360 1140/775/387 1213/756/313
f 1065/786/346 785/787/363 531/788/392
f 966/637/322 551/789/393 115/704/357
f 86/782/233 784/781/389 103/790/314
f 118/791/394 94/641/323 72/579/293
f 1214/784/391 513/592/302 1215/748/373
f 531/788/392 785/787/363 122/792/395
f 777/701/237 130/750/352 815/793/396
f 779/794/354 117/795/397 788/796/371
f 525/797/296 1188/798/350 161/799/398
f 531/800/392 117/795/397 779/794/354
f 120/651/331 129/801/399 72/579/293
f 151/760/378 768/722/295 114/802/330
f 101/737/342 111/739/370 113/693/353
f 536/677/344 140/734/368 754/731/145
f 535/723/364 965/803/325 1139/724/334
f 102/804/286 792/805/400 782/806/347
f 133/807/401 542/768/383 524/767/306
f 751/698/193 125/783/390 1067/702/356
f 136/808/255 795/718/362 960/380/181
f 757/764/257 802/766/382 1140/775/387
f 513/592/302 771/785/308 96/717/246
f 800/809/402 120/651/331 112/468/242
f 790/753/375 137/810/403 791/811/348
f 531/788/392 779/812/354 1065/786/346
f 90/813/282 532/814/380 969/815/404
f 1187/602/275 65/671/110 550/776/388
f 766/772/244 782/806/347 533/773/386
f 72/579/293 129/801/399 118/791/394
f 781/691/351 111/739/370 534/816/405
f 965/803/325 121/817/379 1062/818/248
f 123/819/406 1215/748/373 506/576/291
f 1246/754/376 133/820/401 524/755/306
f 525/821/296 161/822/398 783/823/312
f 791/811/348 98/668/269 790/753/375
f 87/824/219 1235/770/384 961/387/185
f 965/803/325 535/723/364 121/817/379
f 82/501/254 791/684/348 137/825/403
f 782/806/347 792/805/400 533/773/386
f 767/381/192 960/380/181 795/718/362
f 1213/756/313 1140/775/387 1246/754/376
f 528/826/367 769/827/319 132/828/407
f 534/816/405 111/739/370 968/738/359
f 118/791/394 540/829/408 94/641/323
f 796/830/409 781/691/351 534/816/405
f 1246/754/376 1140/775/387 802/766/382
f 87/824/219 94/831/323 1235/770/384
f 538/832/410 103/654/314 784/833/389
f 756/214/115 119/834/345 811/578/292
f 1142/751/374 788/742/371 971/835/411
f 118/836/394 117/795/397 531/800/392
f 769/827/319 530/837/412 132/828/407
f 771/780/308 798/838/413 784/781/389
f 798/838/413 134/839/414 784/781/389
f 123/840/406 115/703/357 551/841/393
f 136/842/255 521/843/274 146/844/415
f 123/840/406 506/672/291 115/703/357
f 118/836/394 129/845/399 117/795/397
f 125/783/390 751/698/193 93/846/340
f 540/847/408 531/788/392 122/792/395
f 103/848/314 538/849/410 537/850/416
f 521/851/274 794/852/298 146/853/415
f 766/772/244 793/771/385 127/854/336
f 1066/855/355 85/729/277 124/730/366
f 1214/856/391 126/857/417 771/780/308
f 781/858/351 810/859/418 527/860/338
f 1063/861/324 1133/566/165 509/516/260
f 1070/862/419 136/842/255 146/844/415
f 102/804/286 533/773/386 792/805/400
f 967/863/420 1135/433/220 795/718/362
f 512/605/303 106/633/320 124/730/366
f 786/496/251 144/864/421 1056/865/196
f 540/847/408 118/866/394 531/788/392
f 1135/867/220 800/809/402 112/468/242
f 798/838/413 771/780/308 126/857/417
f 788/796/371 117/795/397 971/868/411
f 144/869/421 556/670/341 1056/561/196
f 114/870/330 527/860/338 810/859/418
f 797/871/422 102/804/286 783/823/312
f 778/550/278 777/701/237 815/793/396
f 1063/861/324 509/516/260 1239/872/423
f 780/873/317 530/874/412 769/875/319
f 785/876/363 1063/877/324 1237/878/424
f 1236/879/343 1054/603/141 1187/602/275
f 969/880/404 522/881/349 90/882/282
f 810/883/418 151/760/378 114/802/330
f 1215/884/373 126/857/417 1214/885/391
f 95/769/305 542/768/383 131/886/425
f 797/871/422 533/773/386 102/804/286
f 507/388/195 560/887/426 789/652/332
f 560/887/426 507/388/195 1235/770/384
f 541/888/427 529/661/337 127/660/336
f 801/889/428 534/890/405 968/708/359
f 106/891/320 537/850/416 972/892/429
f 793/771/385 533/773/386 1068/893/430
f 529/661/337 541/888/427 773/664/339
f 799/745/279 548/894/431 498/895/247
f 134/896/414 538/897/410 784/898/389
f 530/874/412 780/873/317 1071/899/432
f 134/900/414 537/850/416 538/849/410
f 162/901/433 774/757/218 520/902/301
f 1143/903/434 144/864/421 786/496/251
f 780/625/317 147/904/435 1077/905/436
f 1189/758/377 119/680/345 502/679/176
f 123/906/406 544/907/437 126/857/417
f 1217/908/438 146/853/415 794/852/298
f 49/909/144 762/910/259 139/911/439
f 797/871/422 1068/893/430 533/773/386
f 1215/884/373 123/906/406 126/857/417
f 522/912/349 969/815/404 1191/913/440
f 780/625/317 125/783/390 147/904/435
f 802/766/382 154/765/381 970/914/441
f 528/915/367 547/916/442 790/917/375
f 134/900/414 807/918/443 537/850/416
f 1246/754/376 802/766/382 970/914/441
f 161/822/398 797/871/422 783/823/312
f 796/919/409 810/859/418 781/858/351
f 804/920/444 129/801/399 120/651/331
f 122/792/395 1237/921/424 805/922/445
f 520/902/301 498/895/247 973/923/446
f 546/924/369 99/925/289 539/926/361
f 534/927/405 545/928/447 796/919/409
f 124/929/366 142/930/448 1066/713/355
f 795/931/362 136/932/255 977/933/449
f 1135/867/220 553/934/450 800/809/402
f 815/935/396 130/936/352 139/911/439
f 124/730/366 106/633/320 814/937/451
f 1217/908/438 962/938/236 167/939/452
f 1216/940/453 798/838/413 126/857/417
f 801/941/428 968/942/359 95/769/305
f 134/839/414 798/838/413 1216/940/453
f 174/943/454 774/757/218 162/901/433
f 106/891/320 103/944/314 537/850/416
f 164/945/455 772/946/287 1066/947/355
f 1069/948/456 1066/713/355 142/930/448
f 545/928/447 534/927/405 801/949/428
f 135/950/457 1235/770/384 94/831/323
f 137/951/403 790/952/375 547/953/442
f 1237/878/424 1063/877/324 1239/954/423
f 800/809/402 804/920/444 120/651/331
f 786/496/251 44/495/133 1143/903/434
f 551/841/393 966/955/322 546/956/369
f 106/891/320 972/892/429 1240/957/458
f 164/958/455 1066/713/355 1069/948/456
f 163/959/459 121/817/379 535/723/364
f 532/960/380 121/817/379 969/961/404
f 122/792/395 805/922/445 540/847/408
f 528/915/367 132/962/407 547/916/442
f 139/911/439 130/936/352 49/909/144
f 537/850/416 807/918/443 1141/963/460
f 540/964/408 135/950/457 94/831/323
f 1216/940/453 126/857/417 1072/965/461
f 138/966/462 807/918/443 134/900/414
f 971/868/411 117/795/397 803/967/463
f 1074/968/464 799/745/279 563/747/372
f 126/857/417 544/907/437 1072/965/461
f 803/967/463 117/795/397 129/845/399
f 134/839/414 1216/940/453 138/969/462
f 129/801/399 804/920/444 803/970/463
f 787/655/333 150/971/465 97/621/316
f 540/847/408 805/922/445 1190/972/466
f 553/973/450 1135/974/220 967/975/420
f 147/904/435 125/783/390 93/846/340
f 143/976/467 82/977/254 137/978/403
f 93/979/340 772/946/287 155/980/468
f 1237/981/424 1239/982/423 149/983/469
f 540/964/408 1190/984/466 135/950/457
f 122/792/395 785/787/363 1237/921/424
f 772/946/287 164/985/455 155/980/468
f 962/938/236 1217/908/438 794/852/298
f 163/959/459 969/961/404 121/817/379
f 537/850/416 1141/963/460 972/892/429
f 137/951/403 547/953/442 143/986/467
f 145/987/470 123/840/406 551/841/393
f 973/923/446 498/895/247 548/894/431
f 140/988/368 555/989/471 81/990/131
f 971/991/411 976/992/472 1142/993/374
f 962/938/236 116/994/271 167/939/452
f 156/995/473 509/706/260 128/705/358
f 1236/879/343 1187/602/275 550/776/388
f 131/886/425 801/941/428 95/769/305
f 796/919/409 545/928/447 813/996/474
f 151/760/378 806/997/475 535/723/364
f 123/840/406 145/987/470 148/998/476
f 106/891/320 1240/957/458 814/999/451
f 150/1000/465 182/1001/477 97/1002/316
f 143/976/467 1188/798/350 82/977/254
f 522/1003/349 152/1004/478 539/926/361
f 116/994/271 83/1005/212 555/989/471
f 123/840/406 148/998/476 544/1006/437
f 806/997/475 163/959/459 535/723/364
f 141/1007/228 150/1008/465 787/1009/333
f 152/1004/478 546/924/369 539/926/361
f 774/757/218 174/943/454 1189/758/377
f 976/992/472 986/1010/365 1142/993/374
f 554/1011/479 542/1012/383 133/820/401
f 1191/1013/440 152/1004/478 522/1003/349
f 541/888/427 127/660/336 808/1014/480
f 544/1006/437 148/998/476 1079/1015/481
f 555/989/471 83/1005/212 81/990/131
f 773/664/339 156/995/473 128/705/358
f 1068/893/430 1076/1016/482 793/771/385
f 560/887/426 1235/770/384 135/950/457
f 165/1017/483 976/992/472 971/991/411
f 97/1018/316 182/1019/477 757/1020/257
f 797/871/422 1076/1016/482 1068/893/430
f 1071/1021/432 825/1022/484 530/1023/412
f 1076/1016/482 797/871/422 1078/1024/485
f 124/1025/366 975/1026/486 142/1027/448
f 154/765/381 557/1028/487 970/914/441
f 542/768/383 824/1029/488 131/886/425
f 541/1030/427 156/1031/473 773/1032/339
f 813/996/474 545/928/447 801/949/428
f 970/914/441 557/1028/487 1246/754/376
f 167/939/452 116/994/271 555/989/471
f 544/907/437 1079/1033/481 1072/965/461
f 155/1034/468 147/904/435 93/846/340
f 548/894/431 799/745/279 1074/968/464
f 972/892/429 1141/963/460 807/918/443
f 551/841/393 157/1035/489 145/987/470
f 812/1036/490 546/924/369 152/1004/478
f 971/868/411 803/967/463 982/1037/491
f 811/1038/292 119/1039/345 193/1040/492
f 161/799/398 1188/798/350 175/1041/493
f 982/1037/491 822/1042/494 971/868/411
f 973/923/446 162/901/433 520/902/301
f 509/1043/260 156/1031/473 181/1044/495
f 171/1045/496 795/1046/362 977/1047/449
f 814/1048/451 975/1026/486 124/1025/366
f 154/1049/381 757/1020/257 182/1019/477
f 561/1050/497 543/627/307 789/652/332
f 991/1051/498 509/1052/260 181/1053/495
f 504/779/280 778/1054/278 827/1055/499
f 1246/754/376 1084/1056/500 133/820/401
f 1216/1057/453 1072/1058/461 153/1059/501
f 971/868/411 822/1042/494 165/1060/483
f 1071/1061/432 549/1062/502 825/1063/484
f 530/1023/412 825/1022/484 132/1064/407
f 780/625/317 549/1065/502 1071/1061/432
f 972/892/429 552/1066/503 1240/957/458
f 1146/1067/504 1237/921/424 149/1068/469
f 132/1064/407 166/1069/505 547/953/442
f 1077/905/436 549/1070/502 780/625/317
f 807/918/443 138/966/462 1238/1071/506
f 986/1010/365 1134/1072/151 1142/993/374
f 142/1027/448 975/1026/486 1073/1073/507
f 812/1036/490 152/1004/478 984/1074/508
f 975/1026/486 814/1075/451 159/1076/509
f 807/918/443 552/1066/503 972/892/429
f 157/1035/489 148/998/476 145/987/470
f 1146/1067/504 805/922/445 1237/921/424
f 808/1077/480 793/1078/385 1078/1079/485
f 1188/798/350 978/1080/510 175/1041/493
f 542/1081/383 554/1082/479 824/1083/488
f 142/1027/448 818/1084/511 1069/1085/456
f 127/854/336 793/771/385 808/1086/480
f 987/1087/512 806/997/475 151/760/378
f 155/1034/468 1077/905/436 147/904/435
f 152/1004/478 1144/1088/513 984/1074/508
f 168/1089/514 813/1090/474 801/941/428
f 1075/1091/515 161/822/398 974/1092/516
f 796/919/409 816/1093/517 810/859/418
f 152/1004/478 1191/1013/440 1144/1088/513
f 168/1089/514 158/1094/518 813/1090/474
f 552/1066/503 807/918/443 1238/1095/506
f 810/859/418 559/1096/519 151/1097/378
f 816/1098/517 796/1099/409 813/1090/474
f 133/1100/401 1084/1101/500 554/1102/479
f 574/1103/520 967/975/420 795/1046/362
f 1149/1104/521 138/1105/462 1216/1057/453
f 809/1106/522 44/1107/133 720/1108/22
f 762/1109/259 1088/1110/523 815/1111/396
f 1239/1112/423 991/1051/498 176/1113/524
f 818/1084/511 142/1027/448 1073/1073/507
f 1145/1114/525 1240/957/458 552/1066/503
f 164/1115/455 562/1116/526 155/1117/468
f 1144/1088/513 1083/1118/527 984/1074/508
f 1075/1091/515 797/871/422 161/822/398
f 552/1066/503 1238/1095/506 1145/1114/525
f 1079/1015/481 148/998/476 1085/1119/528
f 546/924/369 812/1036/490 183/1120/529
f 158/1094/518 816/1098/517 813/1090/474
f 1070/1121/419 977/933/449 136/932/255
f 789/652/332 560/887/426 826/1122/530
f 1240/957/458 159/1123/509 814/999/451
f 456/1124/17 732/568/72 918/1125/531
f 168/1089/514 801/941/428 131/886/425
f 169/777/285 827/1055/499 844/1126/532
f 804/1127/444 800/1128/402 553/973/450
f 975/1026/486 819/1129/533 1073/1073/507
f 918/1130/531 809/1131/522 456/1132/17
f 556/1133/341 144/864/421 223/1134/534
f 1246/1135/376 557/1136/487 1084/1101/500
f 1085/1119/528 148/998/476 157/1035/489
f 138/1105/462 1149/1104/521 570/1137/535
f 831/1138/536 1144/1088/513 1191/1013/440
f 568/1139/537 119/1140/345 1189/1141/377
f 174/1142/454 203/1143/538 568/1139/537
f 157/1144/489 551/1145/393 980/1146/539
f 183/1120/529 551/1147/393 546/924/369
f 1145/1114/525 1082/1148/540 1240/957/458
f 169/777/285 844/1126/532 569/1149/541
f 547/953/442 166/1069/505 978/1150/510
f 193/1040/492 1088/1110/523 811/1038/292
f 561/1050/497 563/1151/372 543/627/307
f 580/1152/542 131/1153/425 824/1083/488
f 978/1150/510 143/986/467 547/953/442
f 166/1069/505 132/1064/407 213/1154/543
f 815/1155/396 139/911/439 762/910/259
f 1078/1024/485 793/771/385 1076/1016/482
f 151/760/378 559/1156/519 558/1157/544
f 570/1137/535 1238/1158/506 138/1105/462
f 818/1084/511 1073/1073/507 572/1159/545
f 1072/1160/461 565/1161/546 153/1162/501
f 1073/1073/507 819/1129/533 572/1159/545
f 797/1163/422 1075/1164/515 1078/1079/485
f 975/1026/486 159/1076/509 819/1129/533
f 559/1096/519 810/859/418 816/1093/517
f 574/1103/520 553/973/450 967/975/420
f 821/1165/547 1084/1101/500 557/1136/487
f 550/776/388 556/670/341 820/1166/548
f 1236/879/343 550/776/388 221/1167/549
f 1143/903/434 223/1134/534 144/864/421
f 1143/903/434 837/1168/550 223/1134/534
f 183/1169/529 980/1146/539 551/1145/393
f 1144/1088/513 172/1170/551 1083/1118/527
f 456/1132/17 809/1131/522 720/1171/22
f 563/747/372 215/1172/552 1074/968/464
f 1191/1013/440 969/1173/404 831/1138/536
f 575/1174/553 812/1036/490 984/1074/508
f 1079/1175/481 565/1161/546 1072/1160/461
f 161/799/398 175/1041/493 974/1176/516
f 986/1177/365 150/1178/465 141/1179/228
f 825/1180/484 213/1181/543 132/1182/407
f 1145/1114/525 1238/1095/506 829/1183/554
f 159/1076/509 179/1184/555 819/1129/533
f 557/1136/487 154/1185/381 821/1165/547
f 1080/1186/556 564/1187/557 178/1188/558
f 823/1189/559 548/894/431 215/1172/552
f 564/1187/557 1080/1186/556 979/1190/560
f 1078/1079/485 180/1191/561 808/1077/480
f 558/1157/544 987/1087/512 151/760/378
f 567/1192/562 1080/1186/556 178/1188/558
f 812/1036/490 575/1174/553 183/1120/529
f 561/1050/497 789/652/332 826/1122/530
f 159/1076/509 1240/1193/458 179/1184/555
f 1148/1194/563 564/1187/557 979/1190/560
f 818/1084/511 164/1195/455 1069/1085/456
f 778/1196/278 815/1197/396 224/1198/564
f 825/1199/484 549/1200/502 989/1201/565
f 1081/1202/566 135/950/457 1190/984/466
f 564/1187/557 173/1203/567 178/1188/558
f 806/997/475 987/1087/512 163/1204/459
f 982/1037/491 981/1205/568 822/1042/494
f 804/1127/444 553/973/450 212/1206/569
f 1070/1207/419 146/1208/415 222/1209/570
f 173/1203/567 564/1187/557 184/1210/571
f 165/1211/483 247/1212/572 976/1213/472
f 829/1214/554 1238/1215/506 185/1216/573
f 167/939/452 1218/1217/574 1217/908/438
f 157/1144/489 566/1218/575 1085/1219/528
f 567/1192/562 983/1220/576 1080/1186/556
f 1145/1114/525 829/1183/554 1082/1148/540
f 183/1120/529 575/1174/553 196/1221/577
f 597/1222/578 182/1019/477 150/1223/465
f 157/1144/489 980/1146/539 566/1218/575
f 153/1224/501 189/1225/579 1216/1226/453
f 166/1227/505 186/1228/580 978/1080/510
f 207/1229/581 554/1102/479 1084/1101/500
f 983/1220/576 979/1190/560 1080/1186/556
f 577/1230/582 560/887/426 135/950/457
f 823/1189/559 973/923/446 548/894/431
f 1147/1231/583 182/1019/477 589/1232/584
f 160/1233/585 168/1234/514 131/1153/425
f 143/976/467 978/1080/510 1188/798/350
f 1146/1067/504 149/1068/469 195/1235/586
f 1082/1236/540 197/1237/587 1240/1238/458
f 1143/903/434 44/495/133 837/1239/550
f 158/1240/518 571/1241/588 816/1242/517
f 199/1243/589 1079/1244/481 1085/1119/528
f 1216/1226/453 189/1225/579 1149/1245/521
f 177/1246/590 155/1247/468 562/1116/526
f 817/1248/591 536/1249/344 1236/1250/343
f 805/922/445 1081/1251/566 1190/972/466
f 805/922/445 1146/1067/504 1081/1251/566
f 1078/1079/485 1075/1164/515 180/1191/561
f 549/1200/502 1077/1252/436 177/1246/590
f 564/1187/557 1148/1194/563 184/1210/571
f 189/1225/579 184/1210/571 1148/1194/563
f 173/1253/567 830/1254/592 178/1255/558
f 568/1139/537 828/1256/593 119/1140/345
f 149/1257/469 1239/1258/423 176/1113/524
f 182/1019/477 597/1222/578 589/1232/584
f 179/1184/555 1240/1193/458 197/1259/587
f 565/1260/546 187/1261/594 153/1224/501
f 153/1224/501 187/1261/594 188/1262/595
f 577/1230/582 135/950/457 1081/1202/566
f 153/1224/501 188/1262/595 189/1225/579
f 1239/1112/423 509/1263/260 991/1051/498
f 150/1223/465 585/1264/596 597/1222/578
f 566/1218/575 980/1146/539 183/1169/529
f 171/1045/496 574/1103/520 795/1046/362
f 979/1190/560 1241/1265/597 1148/1194/563
f 979/1190/560 985/1266/598 1241/1265/597
f 983/1220/576 985/1266/598 979/1190/560
f 44/495/133 809/1267/522 837/1239/550
f 555/1268/471 140/734/368 170/1269/599
f 982/1037/491 803/967/463 212/1270/569
f 154/1185/381 190/1271/600 821/1165/547
f 1084/1101/500 821/1165/547 190/1271/600
f 177/1246/590 1077/1252/436 155/1247/468
f 202/1272/601 173/1203/567 184/1210/571
f 834/1273/602 600/1274/603 164/1275/455
f 816/1276/517 1242/1277/604 559/1278/519
f 984/1279/508 1083/1280/527 205/1281/605
f 803/1282/463 804/1127/444 212/1206/569
f 189/1225/579 188/1262/595 184/1210/571
f 831/1283/536 172/1284/551 1144/1285/513
f 169/777/285 504/779/280 827/1055/499
f 567/1192/562 200/1286/606 983/1220/576
f 567/1287/562 178/1255/558 579/1288/607
f 215/1172/552 548/894/431 1074/968/464
f 1148/1194/563 191/1289/608 189/1225/579
f 224/1198/564 827/1290/499 778/1196/278
f 247/1212/572 165/1211/483 822/1291/494
f 1147/1231/583 154/1049/381 182/1019/477
f 189/1225/579 191/1289/608 1149/1245/521
f 1148/1194/563 1241/1265/597 191/1289/608
f 1088/1110/523 762/1109/259 811/1038/292
f 1194/1292/609 146/853/415 1217/908/438
f 808/1293/480 832/1294/610 541/1030/427
f 571/1241/588 158/1295/518 168/1296/514
f 571/1241/588 168/1296/514 160/1297/585
f 558/1298/544 559/1278/519 1242/1277/604
f 985/1266/598 983/1220/576 573/1299/611
f 184/1210/571 188/1262/595 187/1261/594
f 574/1103/520 212/1206/569 553/973/450
f 176/1113/524 195/1300/586 149/1257/469
f 819/1301/533 217/1302/612 572/1303/545
f 197/1237/587 1082/1236/540 829/1304/554
f 984/1279/508 204/1305/613 575/1306/553
f 202/1307/601 830/1254/592 173/1253/567
f 167/939/452 555/989/471 1218/1217/574
f 578/1308/614 573/1299/611 983/1220/576
f 210/1309/615 1238/1158/506 570/1137/535
f 203/1310/538 174/943/454 239/1311/616
f 186/1228/580 166/1227/505 192/1312/617
f 202/1307/601 187/1313/594 565/1161/546
f 839/1314/618 826/1122/530 194/1315/619
f 983/1220/576 200/1286/606 578/1308/614
f 239/1311/616 174/943/454 162/901/433
f 820/1166/548 221/1167/549 550/776/388
f 823/1189/559 162/901/433 973/923/446
f 986/1316/365 976/1317/472 247/1212/572
f 184/1318/571 187/1313/594 202/1307/601
f 140/734/368 536/677/344 590/1319/620
f 828/1256/593 193/1320/492 119/1140/345
f 210/1321/615 185/1216/573 1238/1322/506
f 183/1169/529 196/1323/577 566/1218/575
f 177/1246/590 562/1116/526 583/1324/621
f 567/1192/562 1086/1325/622 200/1286/606
f 178/1255/558 830/1254/592 579/1288/607
f 1241/1265/597 985/1266/598 576/1326/623
f 1075/1164/515 974/1327/516 591/1328/624
f 1150/1329/625 213/1181/543 825/1180/484
f 205/1330/605 1083/1331/527 172/1284/551
f 185/1332/573 582/1333/626 829/1304/554
f 819/1334/533 179/1335/555 595/1336/627
f 1088/1110/523 224/1337/564 815/1111/396
f 1070/1338/419 1151/1339/628 977/1047/449
f 566/1218/575 196/1323/577 588/1340/629
f 1192/1341/630 1079/1175/481 199/1342/589
f 177/1246/590 583/1324/621 549/1200/502
f 1150/1343/625 825/1199/484 989/1201/565
f 829/1304/554 582/1333/626 197/1237/587
f 1085/1219/528 566/1218/575 584/1344/631
f 816/1242/517 571/1241/588 847/1345/632
f 213/1181/543 192/1346/617 166/1347/505
f 847/1345/632 571/1241/588 594/1348/633
f 1086/1349/622 567/1287/562 579/1288/607
f 572/1303/545 217/1302/612 581/1350/634
f 230/1351/635 969/1352/404 163/1353/459
f 221/1354/549 817/1355/591 1236/1250/343
f 174/1142/454 568/1139/537 1189/1141/377
f 832/1294/610 156/1031/473 541/1030/427
f 1075/1164/515 586/1356/636 180/1191/561
f 199/1357/589 1085/1219/528 584/1344/631
f 586/1356/636 808/1077/480 180/1191/561
f 574/1103/520 171/1045/496 990/1358/637
f 602/1359/638 824/1083/488 554/1082/479
f 220/1360/639 579/1288/607 830/1254/592
f 969/1352/404 230/1351/635 1243/1361/640
f 186/1228/580 1087/1362/641 988/1363/642
f 1242/1277/604 816/1276/517 847/1364/632
f 239/1311/616 162/901/433 823/1189/559
f 1149/1104/521 208/1365/643 570/1137/535
f 840/1366/644 1081/1251/566 1146/1067/504
f 1193/1367/645 172/1284/551 831/1283/536
f 977/1047/449 990/1358/637 171/1045/496
f 140/734/368 590/1319/620 233/1368/646
f 988/1363/642 974/1176/516 175/1041/493
f 987/1369/512 558/1370/544 833/1371/647
f 208/1372/643 1149/1245/521 191/1289/608
f 209/1373/648 830/1254/592 202/1307/601
f 974/1327/516 599/1374/649 591/1328/624
f 969/1352/404 1243/1361/640 841/1375/650
f 1241/1265/597 208/1372/643 191/1289/608
f 1193/1367/645 205/1330/605 172/1284/551
f 170/1269/599 140/734/368 233/1368/646
f 981/1205/568 198/1376/651 836/1377/652
f 154/1185/381 587/1378/653 190/1271/600
f 190/1271/600 211/1379/654 1084/1101/500
f 163/1353/459 987/1369/512 230/1351/635
f 838/1380/655 1086/1349/622 579/1288/607
f 202/1307/601 201/1381/656 209/1373/648
f 565/1161/546 201/1381/656 202/1307/601
f 587/1378/653 211/1379/654 190/1271/600
f 194/1315/619 826/1122/530 560/887/426
f 565/1161/546 1079/1175/481 1192/1341/630
f 572/1382/545 593/1383/657 818/1384/511
f 572/1382/545 581/1385/634 593/1383/657
f 974/1176/516 988/1363/642 599/1386/649
f 576/1326/623 985/1266/598 573/1299/611
f 197/1387/587 595/1336/627 179/1335/555
f 981/1205/568 982/1037/491 198/1376/651
f 195/1235/586 840/1366/644 1146/1067/504
f 585/1264/596 150/1223/465 986/1177/365
f 156/1031/473 1089/1388/658 181/1044/495
f 549/1200/502 258/1389/659 989/1201/565
f 818/1384/511 593/1383/657 834/1390/602
f 570/1391/535 596/1392/660 210/1393/615
f 195/1235/586 176/1394/524 840/1366/644
f 824/1083/488 602/1359/638 580/1152/542
f 842/1395/661 192/1346/617 213/1181/543
f 579/1288/607 220/1360/639 838/1380/655
f 217/1396/612 819/1397/533 595/1398/627
f 186/1228/580 988/1363/642 175/1041/493
f 258/1389/659 583/1324/621 249/1399/662
f 834/1273/602 164/1275/455 818/1400/511
f 198/1376/651 982/1037/491 212/1270/569
f 204/1305/613 205/1281/605 219/1401/663
f 602/1402/638 554/1102/479 207/1229/581
f 555/989/471 170/1403/599 1218/1217/574
f 583/1324/621 562/1116/526 206/1404/664
f 566/1218/575 588/1340/629 584/1344/631
f 1084/1101/500 587/1378/653 207/1229/581
f 208/1405/643 596/1392/660 570/1391/535
f 1241/1406/597 576/1407/623 227/1408/665
f 205/1330/605 1193/1367/645 214/1409/666
f 247/1410/572 262/1411/667 986/1177/365
f 156/1031/473 832/1294/610 1089/1388/658
f 196/1412/577 575/1306/553 204/1305/613
f 556/1413/341 223/1414/534 615/1415/668
f 808/1077/480 586/1356/636 1247/1416/669
f 205/1281/605 204/1305/613 984/1279/508
f 1241/1406/597 227/1408/665 208/1405/643
f 561/1050/497 839/1314/618 232/1417/670
f 590/1418/620 536/1419/344 817/1420/591
f 222/1421/570 146/1422/415 1194/1423/609
f 838/1380/655 229/1424/671 1086/1349/622
f 1086/1325/622 229/1425/671 200/1286/606
f 201/1381/656 565/1161/546 1192/1341/630
f 561/1050/497 232/1417/670 563/1151/372
f 822/1042/494 981/1205/568 836/1377/652
f 1084/1101/500 211/1379/654 587/1378/653
f 562/1426/526 164/1427/455 600/1428/603
f 830/1254/592 225/1429/672 220/1360/639
f 205/1281/605 214/1430/666 219/1401/663
f 839/1314/618 561/1050/497 826/1122/530
f 558/1370/544 1242/1431/604 833/1371/647
f 206/1404/664 249/1399/662 583/1324/621
f 830/1254/592 209/1373/648 225/1429/672
f 993/1432/673 576/1407/623 573/1433/611
f 212/1206/569 992/1434/674 241/1435/675
f 576/1407/623 993/1432/673 227/1408/665
f 206/1404/664 562/1116/526 600/1436/603
f 217/1396/612 835/1437/676 581/1385/634
f 1218/1217/574 1194/1292/609 1217/908/438
f 186/1228/580 175/1041/493 978/1080/510
f 609/1438/677 571/1241/588 160/1297/585
f 186/1228/580 192/1312/617 1087/1362/641
f 596/1392/660 208/1405/643 227/1408/665
f 573/1433/611 578/1439/614 592/1440/678
f 574/1103/520 992/1434/674 212/1206/569
f 247/1212/572 822/1291/494 836/1441/652
f 197/1237/587 582/1333/626 598/1442/679
f 820/1443/548 556/1413/341 615/1415/668
f 215/1172/552 563/747/372 232/1444/670
f 808/1293/480 1247/1445/669 832/1294/610
f 831/1446/536 969/1447/404 841/1448/650
f 216/1449/680 993/1432/673 573/1433/611
f 573/1433/611 592/1440/678 216/1449/680
f 200/1450/606 592/1440/678 578/1439/614
f 598/1442/679 582/1333/626 185/1332/573
f 569/1149/541 732/1451/72 169/777/285
f 1075/1164/515 603/1452/681 586/1356/636
f 1075/1164/515 591/1328/624 603/1452/681
f 987/1369/512 833/1371/647 246/1453/682
f 990/1358/637 977/1047/449 271/1454/683
f 598/1455/679 845/1456/684 197/1457/587
f 219/1458/663 214/1459/666 1090/1460/685
f 835/1437/676 994/1461/686 581/1385/634
f 549/1200/502 583/1324/621 258/1389/659
f 588/1462/629 218/1463/687 584/1464/631
f 210/1321/615 601/1465/688 185/1216/573
f 212/1466/569 241/1467/675 198/1468/651
f 1087/1362/641 192/1312/617 842/1469/661
f 213/1181/543 1150/1329/625 226/1470/689
f 841/1471/650 1193/1367/645 831/1283/536
f 196/1472/577 204/1473/613 218/1474/687
f 595/1398/627 835/1437/676 217/1396/612
f 251/1475/690 580/1152/542 602/1359/638
f 1192/1341/630 199/1342/589 584/1476/631
f 586/1477/636 603/1478/681 1247/1479/669
f 574/1103/520 990/1358/637 992/1434/674
f 840/1366/644 995/1480/691 1081/1251/566
f 595/1481/627 197/1457/587 845/1456/684
f 596/1392/660 601/1482/688 210/1393/615
f 201/1381/656 1192/1341/630 604/1483/692
f 1242/1484/604 847/1485/632 849/1486/693
f 218/1463/687 252/1487/694 584/1464/631
f 240/1488/695 581/1385/634 994/1461/686
f 204/1305/613 219/1401/663 843/1489/696
f 201/1381/656 244/1490/697 209/1373/648
f 194/1315/619 560/887/426 577/1230/582
f 198/1468/651 241/1467/675 237/1491/698
f 1220/1492/699 597/1493/578 585/1494/596
f 587/1378/653 154/1185/381 1147/1495/583
f 594/1348/633 571/1241/588 609/1438/677
f 214/1409/666 1193/1367/645 605/1496/700
f 209/1373/648 244/1490/697 225/1429/672
f 200/1450/606 242/1497/701 592/1440/678
f 244/1490/697 201/1381/656 604/1483/692
f 580/1152/542 160/1233/585 131/1153/425
f 593/1383/657 581/1385/634 240/1488/695
f 1193/1367/645 234/1498/702 605/1496/700
f 1070/1499/419 222/1500/570 866/1501/703
f 218/1502/687 588/1503/629 196/1504/577
f 204/1505/613 843/1506/696 253/1507/704
f 1090/1508/685 214/1409/666 605/1496/700
f 220/1360/639 225/1429/672 846/1509/705
f 200/1450/606 229/1510/671 242/1497/701
f 246/1453/682 230/1351/635 987/1369/512
f 585/1511/596 986/1512/365 1095/1513/706
f 849/1486/693 833/1514/647 1242/1515/604
f 598/1442/679 185/1332/573 601/1516/688
f 1092/1517/707 834/1390/602 593/1383/657
f 193/1320/492 616/1518/708 1088/1519/523
f 1192/1341/630 584/1476/631 252/1520/694
f 838/1380/655 220/1360/639 231/1521/709
f 843/1506/696 219/1458/663 1090/1460/685
f 577/1522/582 1081/1251/566 606/1523/710
f 1091/1524/711 603/1478/681 591/1525/624
f 989/1526/565 226/1527/689 1150/1528/625
f 176/1529/524 991/1530/498 997/1531/712
f 1196/1532/713 216/1449/680 592/1440/678
f 240/1488/695 1092/1517/707 593/1383/657
f 229/1510/671 1154/1533/714 242/1497/701
f 224/1198/564 1088/1534/523 998/1535/715
f 233/1368/646 254/1536/716 1195/1537/717
f 993/1432/673 216/1449/680 1196/1532/713
f 252/1487/694 218/1463/687 850/1538/718
f 234/1498/702 1193/1367/645 841/1471/650
f 622/1539/719 828/1256/593 568/1139/537
f 1151/1540/628 1070/1499/419 866/1501/703
f 236/1541/720 194/1315/619 577/1230/582
f 160/1542/585 580/1543/542 609/1544/677
f 252/1520/694 245/1545/721 1192/1341/630
f 993/1432/673 238/1546/722 227/1408/665
f 228/1547/723 221/1548/549 820/1443/548
f 220/1360/639 846/1509/705 231/1549/709
f 823/1550/559 279/1551/724 239/1552/616
f 253/1553/704 218/1502/687 204/1554/613
f 608/1555/725 227/1408/665 243/1556/726
f 1004/1557/727 249/1399/662 206/1404/664
f 596/1392/660 227/1408/665 608/1555/725
f 604/1483/692 1192/1341/630 245/1545/721
f 229/1558/671 838/1559/655 1154/1560/714
f 1081/1561/566 995/1562/691 606/1563/710
f 598/1442/679 601/1516/688 1152/1564/728
f 602/1565/638 207/1566/581 864/1567/729
f 244/1490/697 846/1509/705 225/1429/672
f 601/1482/688 596/1392/660 608/1555/725
f 238/1546/722 993/1432/673 1196/1532/713
f 996/1568/730 844/1126/532 827/1055/499
f 836/1569/652 198/1468/651 237/1491/698
f 597/1493/578 1220/1492/699 631/1570/731
f 594/1571/633 609/1544/677 1157/1572/732
f 213/1573/543 1097/1574/733 842/1575/661
f 258/1389/659 226/1576/689 989/1201/565
f 595/1398/627 855/1577/734 835/1437/676
f 844/1126/532 996/1568/730 569/1149/541
f 1218/1578/574 274/1579/735 868/1580/736
f 834/1581/602 1092/1582/707 248/1583/737
f 587/1584/653 1094/1585/738 207/1566/581
f 213/1586/543 226/1527/689 1097/1587/733
f 828/1256/593 882/1588/739 616/1518/708
f 606/1589/710 236/1590/720 577/1591/582
f 995/1562/691 268/1592/740 265/1593/741
f 602/1565/638 864/1567/729 251/1594/690
f 1089/1595/658 991/1596/498 181/1597/495
f 856/1598/742 992/1434/674 990/1358/637
f 227/1408/665 238/1546/722 243/1556/726
f 817/1420/591 1105/1599/743 590/1418/620
f 616/1518/708 193/1320/492 828/1256/593
f 1219/1600/744 234/1498/702 841/1471/650
f 605/1496/700 234/1498/702 1219/1600/744
f 623/1601/745 817/1420/591 221/1548/549
f 630/1602/746 215/1603/552 1008/1604/747
f 1154/1560/714 838/1559/655 231/1605/709
f 605/1606/700 1153/1607/748 1090/1460/685
f 839/1314/618 194/1315/619 255/1608/749
f 604/1609/692 245/1610/721 1093/1611/750
f 1087/1612/641 842/1575/661 607/1613/751
f 998/1614/715 301/1615/752 224/1616/564
f 170/1403/599 1195/1617/717 274/1618/735
f 580/1543/542 1157/1572/732 609/1544/677
f 233/1368/646 1195/1537/717 170/1269/599
f 244/1619/697 999/1620/753 846/1621/705
f 839/1314/618 1244/1622/754 232/1417/670
f 1162/1623/755 1243/1361/640 230/1351/635
f 851/1624/756 1154/1560/714 231/1605/709
f 1090/1460/685 848/1625/757 843/1506/696
f 176/1529/524 997/1531/712 840/1626/644
f 843/1627/696 848/1628/757 253/1629/704
f 248/1583/737 1092/1582/707 240/1630/695
f 1093/1611/750 260/1631/758 604/1609/692
f 604/1609/692 259/1632/759 244/1619/697
f 279/1551/724 823/1550/559 215/1603/552
f 732/1633/72 569/1634/541 307/1635/760
f 590/1319/620 254/1536/716 233/1368/646
f 274/1618/735 1218/1217/574 170/1403/599
f 1008/1636/747 232/1417/670 1244/1622/754
f 250/1637/761 591/1638/624 599/1639/649
f 1197/1640/762 246/1453/682 833/1371/647
f 857/1641/763 1196/1532/713 592/1440/678
f 1090/1460/685 1153/1607/748 848/1625/757
f 820/1443/548 1160/1642/764 228/1547/723
f 245/1545/721 252/1520/694 858/1643/765
f 270/1644/766 258/1645/659 249/1646/662
f 990/1358/637 271/1454/683 856/1598/742
f 832/1647/610 854/1648/767 610/1649/768
f 603/1478/681 1091/1524/711 852/1650/769
f 280/1651/770 601/1482/688 608/1555/725
f 598/1455/679 1152/1652/728 845/1456/684
f 847/1485/632 861/1653/771 849/1486/693
f 999/1620/753 231/1605/709 846/1621/705
f 845/1654/684 855/1655/734 595/1656/627
f 1098/1657/772 994/1461/686 835/1437/676
f 809/1658/522 918/1659/531 709/1660/773
f 230/1351/635 246/1453/682 261/1661/774
f 253/1553/704 850/1662/718 218/1502/687
f 243/1556/726 853/1663/775 608/1555/725
f 840/1664/644 268/1592/740 995/1562/691
f 605/1496/700 1219/1600/744 1153/1665/748
f 1194/1666/609 1100/1667/776 222/1668/570
f 268/1669/740 840/1626/644 997/1531/712
f 569/1670/541 996/1671/730 307/1635/760
f 837/1672/550 615/1673/668 223/1674/534
f 1147/1675/583 1094/1585/738 587/1584/653
f 1089/1595/658 1006/1676/777 991/1596/498
f 275/1677/778 997/1531/712 991/1530/498
f 604/1609/692 260/1631/758 259/1632/759
f 994/1678/686 1098/1679/772 240/1680/695
f 279/1551/724 215/1603/552 630/1602/746
f 1147/1675/583 589/1681/584 631/1570/731
f 852/1650/769 1247/1479/669 603/1478/681
f 243/1556/726 238/1546/722 1250/1682/779
f 203/1683/538 239/1552/616 874/1684/780
f 592/1440/678 242/1497/701 857/1641/763
f 606/1589/710 266/1685/781 236/1590/720
f 245/1610/721 860/1686/782 1093/1611/750
f 996/1671/730 827/1687/499 363/1688/783
f 864/1567/729 207/1566/581 1094/1585/738
f 250/1637/761 599/1639/649 617/1689/784
f 836/1690/652 262/1691/667 247/1692/572
f 243/1556/726 1250/1682/779 257/1693/785
f 1196/1532/713 1096/1694/786 238/1546/722
f 262/1691/667 836/1690/652 1158/1695/787
f 1220/1696/699 585/1511/596 1095/1513/706
f 1091/1524/711 591/1525/624 250/1697/761
f 298/1698/788 861/1653/771 847/1485/632
f 243/1556/726 257/1693/785 853/1663/775
f 1096/1694/786 1196/1532/713 857/1641/763
f 235/1699/789 255/1608/749 194/1315/619
f 860/1686/782 260/1631/758 1093/1611/750
f 619/1700/790 845/1456/684 1152/1652/728
f 597/1493/578 631/1570/731 589/1681/584
f 244/1619/697 259/1632/759 999/1620/753
f 1159/1701/791 206/1702/664 600/1428/603
f 264/1703/792 252/1704/694 850/1662/718
f 266/1705/781 995/1562/691 265/1593/741
f 1159/1701/791 600/1428/603 834/1706/602
f 623/1601/745 221/1548/549 228/1547/723
f 228/1547/723 1160/1642/764 623/1601/745
f 874/1707/780 568/1139/537 203/1143/538
f 215/1603/552 232/1708/670 1008/1604/747
f 833/1371/647 849/1709/693 256/1710/793
f 270/1644/766 249/1711/662 1004/1712/727
f 856/1598/742 611/1713/794 992/1434/674
f 235/1699/789 194/1315/619 236/1541/720
f 1244/1622/754 839/1314/618 255/1608/749
f 245/1610/721 1156/1714/795 860/1686/782
f 855/1577/734 1098/1657/772 835/1437/676
f 851/1624/756 231/1605/709 999/1620/753
f 611/1713/794 241/1435/675 992/1434/674
f 607/1613/751 842/1575/661 613/1715/796
f 599/1639/649 988/1716/642 617/1689/784
f 206/1717/664 1159/1718/791 1004/1712/727
f 832/1647/610 1247/1479/669 854/1648/767
f 267/1719/797 1094/1585/738 870/1720/798
f 1002/1721/799 601/1722/688 280/1723/770
f 272/1724/800 242/1725/701 1154/1560/714
f 612/1726/801 257/1727/785 1250/1728/779
f 833/1371/647 256/1710/793 1197/1640/762
f 272/1724/800 1154/1560/714 851/1624/756
f 226/1527/689 1161/1729/802 1097/1587/733
f 612/1726/801 853/1730/775 257/1727/785
f 224/1198/564 301/1731/752 827/1290/499
f 809/1732/522 627/1733/803 837/1672/550
f 820/1443/548 615/1415/668 1017/1734/804
f 237/1491/698 1158/1735/787 836/1569/652
f 1095/1513/706 986/1512/365 262/1736/667
f 859/1737/805 1157/1572/732 580/1543/542
f 226/1527/689 258/1738/659 1161/1729/802
f 1002/1721/799 1152/1739/728 601/1722/688
f 282/1740/806 1194/1741/609 1218/1742/574
f 1094/1585/738 267/1719/797 864/1567/729
f 857/1743/763 242/1725/701 272/1724/800
f 1250/1728/779 260/1631/758 612/1726/801
f 241/1435/675 611/1713/794 1001/1744/807
f 610/1649/768 1089/1745/658 832/1647/610
f 850/1662/718 862/1746/808 264/1703/792
f 612/1726/801 260/1631/758 869/1747/809
f 1156/1714/795 245/1610/721 858/1748/765
f 1162/1623/755 230/1351/635 261/1661/774
f 861/1653/771 256/1749/793 849/1486/693
f 1147/1675/583 870/1720/798 1094/1585/738
f 283/1750/810 607/1613/751 613/1715/796
f 1097/1574/733 613/1751/796 842/1575/661
f 1198/1752/811 261/1661/774 246/1453/682
f 860/1686/782 869/1747/809 260/1631/758
f 1011/1753/812 827/1754/499 301/1755/752
f 266/1705/781 606/1563/710 995/1562/691
f 1002/1756/799 619/1757/790 1152/1758/728
f 259/1632/759 1000/1759/813 999/1620/753
f 240/1680/695 1098/1679/772 248/1760/737
f 610/1649/768 1006/1761/777 1089/1745/658
f 614/1762/814 1247/1479/669 852/1650/769
f 607/1613/751 988/1716/642 1087/1612/641
f 1001/1763/807 237/1491/698 241/1467/675
f 238/1546/722 1096/1694/786 1250/1682/779
f 1091/1524/711 614/1762/814 852/1650/769
f 1099/1764/815 834/1581/602 248/1583/737
f 252/1765/694 263/1766/816 858/1767/765
f 263/1768/816 252/1487/694 264/1769/792
f 845/1770/684 619/1757/790 855/1771/734
f 999/1620/753 1000/1759/813 851/1624/756
f 862/1746/808 850/1662/718 253/1553/704
f 859/1737/805 594/1571/633 1157/1572/732
f 260/1631/758 1250/1728/779 269/1772/817
f 286/1773/818 615/1673/668 837/1672/550
f 886/1774/819 1088/1775/523 616/1518/708
f 268/1669/740 997/1531/712 618/1776/820
f 848/1628/757 862/1777/808 253/1629/704
f 1000/1759/813 259/1632/759 269/1772/817
f 857/1743/763 272/1724/800 1096/1778/786
f 608/1555/725 273/1779/821 280/1651/770
f 271/1454/683 1151/1339/628 866/1780/703
f 264/1781/792 863/1782/822 263/1766/816
f 869/1747/809 853/1730/775 612/1726/801
f 271/1454/683 977/1047/449 1151/1339/628
f 259/1632/759 260/1631/758 269/1772/817
f 1000/1759/813 272/1724/800 851/1624/756
f 1250/1728/779 1096/1778/786 269/1772/817
f 284/1783/823 1243/1361/640 1162/1623/755
f 273/1779/821 608/1555/725 853/1663/775
f 239/1552/616 279/1551/724 874/1684/780
f 848/1628/757 277/1784/824 862/1777/808
f 277/1784/824 848/1628/757 1153/1785/748
f 282/1740/806 1218/1742/574 868/1580/736
f 870/1720/798 1003/1786/825 267/1719/797
f 1200/1787/826 614/1762/814 1091/1524/711
f 626/1788/827 1002/1721/799 280/1723/770
f 284/1789/823 1219/1790/744 841/1791/650
f 1096/1778/786 272/1724/800 269/1772/817
f 282/1792/806 1100/1667/776 1194/1666/609
f 261/1661/774 1198/1752/811 1164/1793/828
f 859/1737/805 865/1794/829 594/1571/633
f 1000/1759/813 269/1772/817 272/1724/800
f 874/1707/780 622/1539/719 568/1139/537
f 1097/1795/733 1103/1796/830 613/1797/796
f 267/1719/797 1003/1786/825 864/1567/729
f 250/1697/761 877/1798/831 1091/1524/711
f 627/1733/803 286/1773/818 837/1672/550
f 273/1799/821 276/1800/832 280/1801/770
f 1153/1785/748 1219/1790/744 277/1784/824
f 264/1802/792 862/1803/808 863/1782/822
f 624/1804/833 988/1716/642 607/1613/751
f 626/1788/827 619/1805/790 1002/1721/799
f 299/1806/834 858/1767/765 263/1766/816
f 1201/1807/835 262/1808/667 1158/1809/787
f 611/1713/794 856/1598/742 1155/1810/836
f 618/1776/820 997/1531/712 275/1677/778
f 864/1567/729 1003/1786/825 1014/1811/837
f 1198/1752/811 246/1453/682 1197/1640/762
f 1197/1640/762 1164/1812/828 1198/1752/811
f 866/1501/703 222/1500/570 1100/1813/776
f 284/1789/823 841/1791/650 1243/1814/640
f 991/1596/498 1006/1676/777 288/1815/838
f 623/1601/745 1105/1599/743 817/1420/591
f 619/1757/790 620/1816/839 855/1771/734
f 281/1817/840 613/1797/796 1103/1796/830
f 236/1590/720 266/1685/781 1223/1818/841
f 867/1819/842 862/1777/808 277/1784/824
f 1105/1599/743 636/1820/843 590/1418/620
f 613/1821/796 281/1822/840 283/1823/810
f 299/1824/834 1156/1714/795 858/1748/765
f 271/1454/683 1199/1825/844 856/1598/742
f 290/1826/845 263/1766/816 863/1782/822
f 624/1827/833 617/1689/784 988/1716/642
f 1219/1790/744 284/1789/823 628/1828/846
f 860/1686/782 1156/1714/795 869/1747/809
f 1167/1829/847 1147/1675/583 631/1570/731
f 1098/1830/772 1099/1831/815 248/1832/737
f 638/1833/848 1103/1796/830 1097/1795/733
f 614/1834/814 1200/1835/826 278/1836/849
f 273/1837/821 853/1730/775 621/1838/850
f 1219/1790/744 628/1828/846 277/1784/824
f 998/1614/715 1088/1839/523 886/1840/819
f 1011/1753/812 363/1841/783 827/1754/499
f 854/1842/767 1247/1843/669 340/1844/851
f 594/1571/633 865/1794/829 298/1845/788
f 277/1784/824 628/1828/846 867/1819/842
f 862/1803/808 635/1846/852 863/1782/822
f 298/1845/788 847/1847/632 594/1571/633
f 855/1771/734 620/1816/839 1098/1830/772
f 1098/1830/772 620/1816/839 1099/1831/815
f 635/1848/852 862/1849/808 867/1850/842
f 626/1788/827 280/1723/770 276/1851/832
f 266/1705/781 265/1593/741 1221/1852/853
f 1155/1853/836 856/1598/742 1199/1825/844
f 619/1805/790 626/1788/827 292/1854/854
f 270/1644/766 287/1855/855 258/1645/659
f 1160/1642/764 871/1856/856 623/1601/745
f 636/1820/843 254/1857/716 590/1418/620
f 290/1858/845 863/1859/822 635/1860/852
f 1167/1829/847 870/1720/798 1147/1675/583
f 1222/1861/857 271/1454/683 306/1862/858
f 1003/1863/825 1007/1864/859 1014/1865/837
f 1161/1866/802 638/1833/848 1097/1795/733
f 629/1867/860 619/1805/790 292/1854/854
f 861/1868/771 872/1869/861 256/1870/793
f 287/1871/855 1161/1872/802 258/1873/659
f 620/1816/839 289/1874/862 1099/1831/815
f 1001/1763/807 632/1875/863 237/1491/698
f 624/1876/833 607/1877/751 283/1878/810
f 271/1454/683 866/1780/703 306/1862/858
f 273/1799/821 640/1879/864 276/1800/832
f 853/1730/775 869/1747/809 621/1838/850
f 877/1880/831 1200/1835/826 1091/1881/711
f 1003/1863/825 870/1882/798 1007/1864/859
f 633/1883/865 634/1884/866 251/1885/690
f 634/1884/866 580/1543/542 251/1885/690
f 273/1799/821 621/1886/850 640/1879/864
f 614/1887/814 340/1888/851 1247/1889/669
f 1099/1890/815 1159/1891/791 834/1892/602
f 873/1893/867 864/1894/729 1014/1865/837
f 875/1895/868 867/1819/842 628/1828/846
f 255/1896/749 235/1897/789 297/1898/869
f 879/1899/870 638/1900/848 1161/1901/802
f 861/1868/771 298/1845/788 872/1869/861
f 237/1491/698 632/1875/863 642/1902/871
f 299/1806/834 263/1766/816 290/1903/845
f 251/1904/690 864/1905/729 873/1906/867
f 881/1907/872 631/1908/731 1220/1909/699
f 340/1888/851 614/1887/814 278/1836/849
f 865/1794/829 859/1737/805 1102/1910/873
f 885/1911/874 619/1757/790 629/1912/860
f 1220/1909/699 1095/1913/706 876/1914/875
f 885/1911/874 620/1816/839 619/1757/790
f 1101/1915/876 268/1592/740 618/1916/820
f 276/1851/832 292/1854/854 626/1788/827
f 1200/1835/826 625/1917/877 278/1836/849
f 622/1539/719 882/1588/739 828/1256/593
f 297/1918/869 651/1919/878 1244/1920/754
f 250/1921/761 617/1922/784 877/1923/831
f 1221/1852/853 1223/1924/841 266/1705/781
f 610/1649/768 854/1648/767 650/1925/879
f 289/1874/862 620/1816/839 885/1911/874
f 647/1926/880 875/1895/868 628/1828/846
f 237/1491/698 642/1902/871 1158/1735/787
f 270/1644/766 1004/1712/727 1005/1927/881
f 1162/1928/755 261/1929/774 304/1930/882
f 340/1888/851 278/1836/849 625/1917/877
f 1163/1931/883 283/1823/810 281/1822/840
f 279/1551/724 630/1602/746 1166/1932/884
f 262/1808/667 1201/1807/835 1203/1933/885
f 270/1644/766 1005/1927/881 296/1934/886
f 869/1747/809 1156/1714/795 1009/1935/887
f 611/1936/794 1155/1937/836 1001/1938/807
f 270/1644/766 657/1939/888 287/1855/855
f 1006/1676/777 610/1940/768 288/1815/838
f 271/1454/683 1222/1861/857 1199/1825/844
f 1223/1941/841 894/1942/889 236/1943/720
f 290/1858/845 878/1944/890 299/1945/834
f 1156/1714/795 299/1946/834 1009/1935/887
f 276/1851/832 1104/1947/891 292/1854/854
f 639/1948/892 1197/1949/762 256/1950/793
f 290/1858/845 635/1860/852 878/1944/890
f 875/1951/868 635/1848/852 867/1850/842
f 880/1952/893 1159/1891/791 1099/1890/815
f 1101/1915/876 265/1593/741 268/1592/740
f 628/1828/846 284/1789/823 647/1926/880
f 644/1953/894 639/1954/892 256/1870/793
f 287/1955/855 879/1899/870 1161/1901/802
f 1162/1956/755 304/1957/882 1020/1958/895
f 297/1959/869 1244/1622/754 255/1608/749
f 1103/1960/830 1163/1931/883 281/1822/840
f 1165/1961/896 1102/1910/873 859/1737/805
f 869/1747/809 1009/1935/887 1202/1962/897
f 873/1906/867 633/1963/865 251/1904/690
f 870/1882/798 883/1964/898 1007/1864/859
f 865/1794/829 1102/1910/873 298/1845/788
f 304/1930/882 1164/1965/828 294/1966/899
f 303/1967/900 1099/1968/815 289/1969/862
f 1004/1712/727 293/1970/901 1005/1927/881
f 291/1971/902 1004/1712/727 1159/1718/791
f 1195/1972/717 254/1973/716 656/1974/903
f 285/1975/904 866/1976/703 1100/1977/776
f 299/1945/834 878/1944/890 637/1978/905
f 1223/1979/841 1221/1980/853 1225/1981/906
f 1099/1982/815 303/1967/900 880/1983/893
f 1202/1962/897 621/1838/850 869/1747/809
f 1104/1984/891 276/1800/832 640/1879/864
f 635/1860/852 649/1985/907 637/1978/905
f 262/1986/667 876/1987/875 1095/1988/706
f 304/1930/882 261/1929/774 1164/1965/828
f 622/1539/719 874/1707/780 1206/1989/908
f 325/1990/909 868/1580/736 274/1579/735
f 302/1991/910 340/1888/851 625/1917/877
f 301/1615/752 998/1614/715 337/1992/911
f 1220/1993/699 305/1994/912 881/1995/872
f 288/1815/838 610/1940/768 1112/1996/913
f 637/1978/905 878/1944/890 635/1860/852
f 283/1878/810 1010/1997/914 624/1876/833
f 657/1939/888 270/1644/766 296/1934/886
f 294/1966/899 1164/1965/828 1197/1949/762
f 1014/1865/837 1007/1864/859 883/1964/898
f 1017/1734/804 1160/1642/764 820/1443/548
f 881/1995/872 1167/1998/847 631/1999/731
f 312/2000/915 311/2001/916 1001/1763/807
f 311/2001/916 632/1875/863 1001/1763/807
f 642/1902/871 1201/2002/835 1158/1735/787
f 295/2003/917 1225/1981/906 1221/1980/853
f 312/2004/915 1001/1938/807 1155/1937/836
f 1248/2005/918 315/2006/919 279/1551/724
f 1159/1891/791 880/1952/893 291/2007/902
f 876/1987/875 305/1994/912 1220/1993/699
f 1163/1931/883 1012/2008/920 283/2009/810
f 634/1884/866 1165/1961/896 859/1737/805
f 256/1870/793 872/1869/861 644/1953/894
f 291/1971/902 293/1970/901 1004/1712/727
f 1017/2010/804 615/1673/668 286/1773/818
f 894/1942/889 235/1897/789 236/1943/720
f 874/1684/780 279/1551/724 315/2006/919
f 300/2011/921 1155/1937/836 1199/2012/844
f 303/1967/900 289/2013/862 308/2014/922
f 1224/2015/923 282/1740/806 868/1580/736
f 1160/1642/764 643/2016/924 871/1856/856
f 662/2017/925 274/1579/735 1195/1972/717
f 642/1902/871 632/1875/863 311/2001/916
f 1166/2018/884 630/1602/746 1008/1604/747
f 870/1882/798 1114/2019/926 883/1964/898
f 885/2020/874 308/2014/922 289/2013/862
f 302/1991/910 625/1917/877 1200/1835/826
f 1005/1927/881 293/1970/901 296/1934/886
f 642/2021/871 1203/2022/885 1201/2023/835
f 299/1945/834 637/1978/905 884/2024/927
f 654/2025/928 877/1923/831 617/1922/784
f 1223/1941/841 1225/2026/906 892/2027/929
f 854/1842/767 340/1844/851 650/2028/879
f 894/1942/889 892/2027/929 646/2029/930
f 340/1844/851 302/2030/910 320/2031/931
f 1103/1960/830 1012/2008/920 1163/1931/883
f 639/1948/892 641/2032/932 1197/1949/762
f 635/1848/852 1111/2033/933 344/2034/934
f 640/2035/864 621/2036/850 1202/2037/897
f 312/2004/915 1155/1937/836 300/2011/921
f 884/2024/927 1009/2038/887 299/1945/834
f 287/1855/855 657/1939/888 879/2039/870
f 998/1614/715 886/1840/819 337/1992/911
f 295/2040/917 1221/1852/853 265/1593/741
f 637/1978/905 649/1985/907 648/2041/935
f 617/2042/784 624/1876/833 654/2043/928
f 651/2044/878 333/2045/936 1008/1636/747
f 1010/2046/914 283/2009/810 1012/2008/920
f 1200/1835/826 877/1880/831 670/2047/937
f 888/2048/938 633/1963/865 873/2049/867
f 618/2050/820 327/2051/939 1101/2052/876
f 1203/2022/885 890/2053/940 262/2054/667
f 295/2040/917 265/1593/741 1101/1915/876
f 1010/1997/914 334/2055/941 624/1876/833
f 1106/2056/942 640/2035/864 1013/2057/943
f 1106/2056/942 1104/2058/891 640/2035/864
f 884/2024/927 313/2059/944 1009/2038/887
f 323/2060/945 1102/2061/873 1165/2062/896
f 894/1942/889 297/1898/869 235/1897/789
f 634/1884/866 859/1737/805 580/1543/542
f 284/2063/823 887/2064/946 647/2065/880
f 866/1976/703 285/1975/904 306/2066/858
f 885/2020/874 645/2067/947 658/2068/948
f 1248/2005/918 279/1551/724 1166/1932/884
f 732/1633/72 307/1635/760 918/2069/531
f 650/2028/879 1112/2070/913 610/2071/768
f 1224/2072/923 868/2073/736 325/2074/909
f 645/2067/947 885/2020/874 629/2075/860
f 1224/2076/923 1100/1667/776 282/1792/806
f 1104/2077/891 1106/2078/942 1108/2079/949
f 663/2080/950 300/2081/921 1199/2082/844
f 274/1579/735 662/2017/925 325/1990/909
f 292/2083/854 1104/2084/891 1108/2085/949
f 1114/2019/926 1109/2086/951 883/1964/898
f 648/2041/935 884/2024/927 637/1978/905
f 364/2087/952 307/1635/760 996/1671/730
f 1200/2088/826 664/2089/953 302/2030/910
f 880/1952/893 1019/2090/954 291/2007/902
f 1222/2091/857 663/2080/950 1199/2082/844
f 319/2092/955 1012/2093/920 896/2094/956
f 315/2095/919 1206/1989/908 874/1707/780
f 313/2059/944 884/2024/927 1107/2096/957
f 883/1964/898 1109/2086/951 1014/1865/837
f 884/2024/927 648/2041/935 1107/2096/957
f 300/2011/921 317/2097/958 312/2004/915
f 892/2027/929 894/1942/889 1223/1941/841
f 1244/1622/754 651/2044/878 1008/1636/747
f 302/2030/910 664/2089/953 320/2031/931
f 882/1588/739 352/2098/959 904/2099/960
f 298/2100/788 335/2101/961 872/2102/861
f 344/2103/934 649/1985/907 635/1860/852
f 875/1951/868 647/2065/880 897/2104/962
f 896/2094/956 1012/2093/920 1103/2105/830
f 1202/2037/897 1009/2106/887 313/2107/944
f 1202/2037/897 313/2107/944 891/2108/963
f 301/1755/752 679/2109/964 1011/1753/812
f 309/2110/965 1225/1981/906 295/2003/917
f 1167/1998/847 1114/2111/926 870/2112/798
f 335/2101/961 298/2100/788 1102/2061/873
f 296/1934/886 293/1970/901 328/2113/966
f 1202/2037/897 314/2114/967 640/2035/864
f 304/1930/882 641/2032/932 889/2115/968
f 642/1902/871 311/2001/916 318/2116/969
f 309/2110/965 295/2003/917 893/2117/970
f 309/2118/965 310/2119/971 1225/2026/906
f 314/2114/967 1013/2057/943 640/2035/864
f 295/2040/917 1101/1915/876 327/2120/939
f 1013/2121/943 1108/2079/949 1106/2078/942
f 641/2032/932 304/1930/882 294/1966/899
f 1160/2122/764 402/2123/972 643/2124/924
f 288/2125/838 275/2126/778 991/2127/498
f 641/2032/932 294/1966/899 1197/1949/762
f 316/2128/973 644/1953/894 872/1869/861
f 879/2129/870 336/2130/974 638/2131/848
f 871/2132/856 643/2124/924 373/2133/975
f 314/2114/967 1202/2037/897 891/2108/963
f 323/2060/945 322/2134/976 1102/2061/873
f 312/2000/915 309/2135/965 311/2001/916
f 892/2027/929 1225/2026/906 310/2119/971
f 293/1970/901 652/2136/977 328/2113/966
f 308/2014/922 332/2137/978 303/1967/900
f 616/1518/708 882/1588/739 904/2099/960
f 1008/2138/747 333/2139/936 1166/2140/884
f 893/2141/970 311/2001/916 309/2135/965
f 670/2142/937 877/2143/831 654/2144/928
f 1162/1956/755 1020/1958/895 284/2145/823
f 285/1975/904 1100/1977/776 1224/2072/923
f 893/2117/970 295/2003/917 1015/2146/979
f 635/1848/852 875/1951/868 1111/2033/933
f 895/2147/980 1013/2121/943 314/2148/967
f 663/2080/950 1222/2091/857 306/2149/858
f 336/2130/974 1103/2150/830 638/2131/848
f 1200/2088/826 670/2142/937 664/2089/953
f 634/2151/866 633/1963/865 888/2048/938
f 653/2152/981 641/2032/932 639/1948/892
f 904/2099/960 886/1774/819 616/1518/708
f 1012/2093/920 319/2092/955 1010/2153/914
f 327/2154/939 1015/2146/979 295/2155/917
f 879/2129/870 657/2156/888 336/2130/974
f 658/2068/948 308/2014/922 885/2020/874
f 1103/2150/830 336/2130/974 896/2094/956
f 636/2157/843 1105/2158/743 380/2159/982
f 313/2059/944 1107/2096/957 899/2160/983
f 891/2108/963 895/2161/980 314/2114/967
f 622/1539/719 386/2162/984 352/2098/959
f 895/2161/980 891/2108/963 313/2107/944
f 642/1902/871 318/2116/969 338/2163/985
f 875/1951/868 897/2104/962 1111/2033/933
f 291/2164/902 652/2165/977 293/1970/901
f 312/2004/915 317/2097/958 321/2166/986
f 1113/2167/987 1014/1865/837 1109/2086/951
f 328/2168/966 657/1939/888 296/1934/886
f 1113/2167/987 873/1893/867 1014/1865/837
f 893/2141/970 318/2116/969 311/2001/916
f 642/2169/871 338/2170/985 1203/2022/885
f 887/2171/946 284/2172/823 1020/2173/895
f 310/2174/971 309/2175/965 312/2004/915
f 275/2176/778 327/2177/939 618/2050/820
f 323/2178/945 1165/2179/896 634/2180/866
f 335/2101/961 316/2181/973 872/2102/861
f 654/2043/928 624/1876/833 334/2055/941
f 882/1588/739 622/1539/719 352/2098/959
f 321/2166/986 310/2174/971 312/2004/915
f 322/2134/976 323/2060/945 326/2182/988
f 1203/2022/885 338/2183/985 890/2053/940
f 871/2132/856 373/2133/975 392/2184/989
f 1107/2096/957 648/2041/935 899/2160/983
f 330/2185/990 1010/2186/914 319/2092/955
f 873/1893/867 1113/2167/987 888/2187/938
f 348/2188/991 627/1733/803 809/1732/522
f 324/2189/992 1113/2190/987 1109/2191/951
f 331/2192/993 320/2031/931 664/2089/953
f 899/2160/983 895/2193/980 313/2059/944
f 340/1844/851 320/2031/931 331/2192/993
f 676/2194/994 337/2195/911 886/2196/819
f 906/2197/995 1017/2010/804 286/1773/818
f 1013/2121/943 895/2147/980 1205/2198/996
f 322/2134/976 335/2101/961 1102/2061/873
f 300/2081/921 663/2080/950 317/2199/958
f 996/2200/730 363/1841/783 364/2201/952
f 636/2157/843 349/2202/997 254/2203/716
f 339/2204/998 634/2180/866 1226/2205/999
f 645/2206/947 629/1867/860 292/1854/854
f 324/2189/992 1109/2207/951 1114/2208/926
f 906/2197/995 286/1773/818 627/1733/803
f 662/2017/925 1195/1972/717 656/1974/903
f 304/1957/882 889/2209/968 353/2210/1000
f 1110/2211/1001 297/1898/869 894/1942/889
f 653/2212/981 889/2209/968 641/2213/932
f 893/2214/970 1015/2146/979 341/2215/1002
f 321/2166/986 655/2216/1003 310/2174/971
f 653/2152/981 639/1948/892 1024/2217/1004
f 652/2218/977 1016/2219/1005 328/2220/966
f 896/2094/956 330/2185/990 319/2092/955
f 359/2221/1006 887/2222/946 913/2223/1007
f 650/2028/879 340/1844/851 1117/2224/1008
f 291/2225/902 898/2226/1009 652/2218/977
f 365/2227/1010 303/1967/900 332/2137/978
f 341/2228/1002 338/2163/985 318/2116/969
f 890/2229/940 876/2230/875 262/1808/667
f 646/2029/930 368/2231/1011 894/1942/889
f 385/2232/1012 1105/2158/743 623/2233/745
f 653/2212/981 659/2234/1013 889/2209/968
f 644/2235/894 316/2181/973 639/2236/892
f 341/2228/1002 318/2116/969 893/2141/970
f 887/2064/946 359/2237/1006 647/2065/880
f 326/2182/988 362/2238/1014 322/2134/976
f 334/2239/941 1010/2240/914 1116/2241/1015
f 1108/2079/949 1013/2121/943 1205/2198/996
f 1119/2242/1016 305/1994/912 876/1987/875
f 664/2243/953 1115/2244/1017 331/2245/993
f 334/2239/941 1116/2241/1015 347/2246/1018
f 340/2247/851 331/2245/993 1115/2244/1017
f 1113/2190/987 324/2189/992 1204/2248/1019
f 335/2101/961 322/2134/976 362/2238/1014
f 365/2227/1010 880/1983/893 303/1967/900
f 1112/2070/913 1026/2249/1020 288/2250/838
f 350/2251/1021 326/2182/988 323/2060/945
f 310/2119/971 646/2029/930 892/2027/929
f 871/2132/856 392/2184/989 623/2233/745
f 339/2204/998 323/2178/945 634/2180/866
f 1116/2241/1015 1010/2240/914 330/2252/990
f 645/2253/947 292/2083/854 1108/2085/949
f 876/1987/875 890/2254/940 1119/2242/1016
f 649/2255/907 344/2256/934 1120/2257/1022
f 901/2258/1023 316/2181/973 335/2101/961
f 659/2234/1013 346/2259/1024 889/2209/968
f 1108/2085/949 1249/2260/1025 342/2261/1026
f 359/2237/1006 897/2104/962 647/2065/880
f 330/2185/990 896/2094/956 660/2262/1027
f 1226/2205/999 634/2180/866 888/2263/938
f 409/2264/1028 1017/2265/804 906/2266/995
f 368/2267/1011 1110/2268/1001 894/2269/889
f 881/1995/872 329/2270/1029 1167/1998/847
f 658/2068/948 332/2137/978 308/2014/922
f 655/2271/1003 646/2029/930 310/2119/971
f 327/2272/939 341/2215/1002 1015/2146/979
f 661/2273/1030 344/2034/934 1111/2033/933
f 688/2274/1031 307/1635/760 364/2087/952
f 349/2275/997 656/1974/903 254/1973/716
f 1113/2190/987 1204/2248/1019 903/2276/1032
f 342/2261/1026 645/2253/947 1108/2085/949
f 1115/2244/1017 911/2277/1033 340/2247/851
f 1019/2090/954 898/2278/1009 291/2007/902
f 346/2279/1024 659/2280/1013 1227/2281/1034
f 402/2282/972 1160/2283/764 1017/2284/804
f 361/2285/1035 1115/2244/1017 664/2243/953
f 649/1985/907 1120/2286/1022 648/2041/935
f 652/2218/977 346/2287/1024 1016/2288/1005
f 335/2101/961 362/2238/1014 901/2258/1023
f 897/2104/962 661/2273/1030 1111/2033/933
f 657/2289/888 328/2290/966 1016/2291/1005
f 645/2253/947 342/2261/1026 658/2292/948
f 304/1957/882 353/2210/1000 1020/1958/895
f 676/2194/994 886/2196/819 904/2293/960
f 653/2294/981 1024/2295/1004 659/2296/1013
f 900/2297/1036 669/2298/1037 657/2156/888
f 316/2181/973 357/2299/1038 639/2236/892
f 666/2300/1039 1108/2079/949 1205/2198/996
f 332/2137/978 658/2068/948 907/2301/1040
f 1167/1998/847 329/2270/1029 1114/2111/926
f 1114/2208/926 1204/2248/1019 324/2189/992
f 366/2302/1041 657/2289/888 1016/2291/1005
f 1116/2303/1015 330/2304/990 660/2305/1027
f 394/2306/1042 301/1755/752 337/2307/911
f 669/2298/1037 896/2094/956 336/2130/974
f 1227/2281/1034 1016/2291/1005 346/2279/1024
f 354/2308/1043 655/2271/1003 321/2309/986
f 1112/2070/913 650/2028/879 355/2310/1044
f 346/2287/1024 358/2311/1045 889/2312/968
f 388/2313/1046 663/2080/950 306/2149/858
f 1204/2248/1019 345/2314/1047 903/2276/1032
f 285/1975/904 1224/2072/923 343/2315/1048
f 889/2209/968 358/2316/1045 353/2210/1000
f 347/2246/1018 909/2317/1049 334/2239/941
f 336/2130/974 657/2156/888 669/2298/1037
f 1115/2244/1017 361/2285/1035 911/2277/1033
f 323/2178/945 339/2204/998 350/2318/1021
f 639/1948/892 357/2319/1038 1024/2217/1004
f 902/2320/1050 1116/2303/1015 660/2305/1027
f 665/2321/1051 350/2251/1021 902/2322/1050
f 661/2273/1030 897/2104/962 359/2237/1006
f 665/2323/1051 362/2324/1014 326/2325/988
f 902/2320/1050 660/2305/1027 356/2326/1052
f 1227/2281/1034 659/2280/1013 1024/2327/1004
f 345/2314/1047 1204/2248/1019 1114/2208/926
f 351/2328/1053 651/1919/878 297/1918/869
f 351/2328/1053 297/1918/869 1110/2268/1001
f 1022/2329/1054 670/2330/937 654/2331/928
f 354/2332/1043 321/2166/986 317/2097/958
f 898/2226/1009 346/2287/1024 652/2218/977
f 887/2222/946 1020/2333/895 913/2223/1007
f 664/2243/953 670/2334/937 1022/2335/1054
f 1112/2070/913 355/2310/1044 1026/2249/1020
f 301/1755/752 394/2306/1042 679/2109/964
f 673/2336/1055 305/1994/912 1119/2242/1016
f 1120/2257/1022 344/2256/934 905/2337/1056
f 667/2338/1057 344/2034/934 661/2273/1030
f 673/2336/1055 881/1995/872 305/1994/912
f 910/2339/1058 888/2340/938 1113/2190/987
f 895/2341/980 371/2342/1059 1205/2198/996
f 371/2343/1059 895/2344/980 899/2345/983
f 902/2346/1050 347/2347/1018 1116/2348/1015
f 896/2349/956 356/2326/1052 660/2305/1027
f 665/2321/1051 326/2182/988 350/2251/1021
f 366/2302/1041 1016/2291/1005 1227/2281/1034
f 368/2231/1011 646/2029/930 403/2350/1060
f 1018/2351/1061 356/2326/1052 896/2349/956
f 650/2028/879 1117/2224/1008 355/2310/1044
f 409/2352/1028 402/2282/972 1017/2284/804
f 315/2353/919 1029/2354/1062 1206/2355/908
f 366/2302/1041 900/2356/1036 657/2289/888
f 902/2357/1050 356/2358/1052 665/2359/1051
f 888/2263/938 910/2360/1058 1226/2205/999
f 658/2292/948 342/2261/1026 672/2361/1063
f 1019/2362/954 880/1983/893 1118/2363/1064
f 902/2364/1050 350/2318/1021 339/2204/998
f 395/2365/1065 333/2366/936 651/2367/878
f 338/2368/985 341/2369/1002 1122/2370/1066
f 1108/2079/949 666/2300/1039 1249/2371/1025
f 907/2301/1040 658/2068/948 672/2372/1063
f 905/2373/1056 344/2034/934 667/2338/1057
f 316/2181/973 901/2258/1023 357/2299/1038
f 903/2276/1032 345/2314/1047 360/2374/1067
f 341/2375/1002 327/2376/939 1122/2377/1066
f 366/2302/1041 1227/2281/1034 1024/2327/1004
f 334/2239/941 909/2317/1049 654/2331/928
f 1224/2072/923 325/2074/909 919/2378/1068
f 1114/2208/926 360/2374/1067 345/2314/1047
f 369/2379/1069 911/2277/1033 361/2285/1035
f 899/2160/983 648/2041/935 1120/2286/1022
f 1023/2380/1070 369/2379/1069 361/2285/1035
f 362/2381/1014 665/2382/1051 1018/2351/1061
f 673/2336/1055 329/2270/1029 881/1995/872
f 668/2383/1071 403/2350/1060 655/2271/1003
f 385/2232/1012 380/2159/982 1105/2158/743
f 332/2137/978 907/2301/1040 365/2227/1010
f 315/2353/919 1248/2384/918 1029/2354/1062
f 327/2376/939 275/2385/778 1122/2377/1066
f 1018/2351/1061 665/2382/1051 356/2326/1052
f 358/2311/1045 346/2287/1024 898/2226/1009
f 361/2285/1035 664/2243/953 1023/2380/1070
f 354/2308/1043 668/2386/1071 655/2271/1003
f 1117/2387/1008 340/2247/851 911/2277/1033
f 909/2317/1049 1022/2329/1054 654/2331/928
f 325/1990/909 678/2388/1072 383/2389/1073
f 646/2029/930 655/2271/1003 403/2350/1060
f 896/2349/956 669/2390/1037 671/2391/1074
f 359/2237/1006 667/2338/1057 661/2273/1030
f 896/2349/956 671/2391/1074 1018/2351/1061
f 903/2276/1032 910/2339/1058 1113/2190/987
f 899/2160/983 1120/2286/1022 1025/2392/1075
f 1206/2393/908 367/2394/1076 386/2395/984
f 360/2374/1067 370/2396/1077 903/2276/1032
f 353/2397/1000 680/2398/1078 682/2399/1079
f 666/2300/1039 1205/2198/996 396/2400/1080
f 381/2401/1081 347/2402/1018 902/2346/1050
f 669/2390/1037 900/2403/1036 671/2391/1074
f 1023/2380/1070 664/2243/953 1022/2335/1054
f 358/2311/1045 898/2226/1009 400/2404/1082
f 1011/1753/812 679/2109/964 405/2405/1083
f 392/2184/989 385/2232/1012 623/2233/745
f 386/2162/984 622/1539/719 1206/1989/908
f 1114/2208/926 370/2396/1077 360/2374/1067
f 1018/2351/1061 671/2391/1074 362/2406/1014
f 1026/2249/1020 275/2126/778 288/2250/838
f 1168/2407/1084 905/2337/1056 667/2408/1057
f 1118/2363/1064 880/1983/893 365/2227/1010
f 1011/1753/812 405/2405/1083 363/1841/783
f 369/2379/1069 1023/2380/1070 911/2277/1033
f 1248/2384/918 1229/2409/1085 1029/2354/1062
f 906/2266/995 627/2410/803 348/2411/991
f 1020/2333/895 682/2412/1079 913/2223/1007
f 671/2391/1074 900/2403/1036 366/2413/1041
f 1021/2414/1086 371/2343/1059 899/2345/983
f 1020/2333/895 353/2415/1000 682/2412/1079
f 903/2276/1032 370/2396/1077 372/2416/1087
f 285/1975/904 343/2315/1048 306/2066/858
f 342/2261/1026 1249/2260/1025 912/2417/1088
f 357/2418/1038 375/2419/1089 1024/2420/1004
f 364/2201/952 690/2421/1090 688/2422/1031
f 676/2423/994 394/2424/1042 337/2425/911
f 903/2276/1032 372/2416/1087 376/2426/1091
f 671/2427/1074 375/2419/1089 362/2324/1014
f 357/2418/1038 901/2428/1023 375/2419/1089
f 379/2429/1092 1248/2384/918 1166/2140/884
f 375/2419/1089 901/2428/1023 362/2324/1014
f 355/2430/1044 1117/2431/1008 694/2432/1093
f 339/2433/998 381/2434/1081 902/2322/1050
f 684/2435/1094 1206/2355/908 1029/2354/1062
f 372/2416/1087 370/2396/1077 1169/2436/1095
f 381/2437/1081 909/2317/1049 347/2246/1018
f 1228/2438/1096 317/2199/958 663/2080/950
f 1021/2439/1086 899/2160/983 1025/2392/1075
f 374/2440/1097 911/2441/1033 1023/2380/1070
f 672/2361/1063 912/2417/1088 674/2442/1098
f 1114/2208/926 1169/2436/1095 370/2396/1077
f 1024/2443/1004 671/2391/1074 366/2444/1041
f 349/2202/997 636/2157/843 380/2159/982
f 1022/2335/1054 1121/2445/1099 1023/2380/1070
f 1168/2407/1084 908/2446/1100 1120/2257/1022
f 1024/2443/1004 375/2447/1089 671/2391/1074
f 678/2388/1072 325/1990/909 662/2017/925
f 1168/2407/1084 1120/2257/1022 905/2337/1056
f 376/2426/1091 910/2339/1058 903/2276/1032
f 359/2221/1006 675/2448/1101 667/2449/1057
f 378/2450/1102 1120/2451/1022 908/2452/1100
f 372/2453/1087 377/2454/1103 376/2455/1091
f 1166/2140/884 395/2456/1065 379/2457/1092
f 342/2261/1026 912/2417/1088 672/2361/1063
f 907/2301/1040 677/2458/1104 365/2227/1010
f 1120/2286/1022 378/2459/1102 1025/2392/1075
f 1023/2460/1070 1121/2461/1099 374/2462/1097
f 390/2463/1105 392/2184/989 373/2133/975
f 912/2464/1088 1249/2371/1025 915/2465/1106
f 907/2466/1040 672/2361/1063 677/2467/1104
f 377/2454/1103 372/2453/1087 1169/2468/1095
f 911/2469/1033 374/2462/1097 384/2470/1107
f 359/2221/1006 913/2223/1007 675/2448/1101
f 910/2360/1058 339/2204/998 1226/2205/999
f 395/2456/1065 1166/2140/884 333/2139/936
f 677/2458/1104 1118/2363/1064 365/2227/1010
f 394/2424/1042 691/2471/1108 679/2472/964
f 919/2378/1068 325/2074/909 383/2473/1073
f 396/2474/1080 1205/2475/996 371/2343/1059
f 353/2476/1000 358/2311/1045 401/2477/1109
f 686/2478/1110 1119/2479/1016 890/2053/940
f 1169/2468/1095 382/2480/1111 377/2454/1103
f 399/2481/1112 1021/2439/1086 1025/2392/1075
f 672/2361/1063 674/2442/1098 677/2467/1104
f 667/2449/1057 675/2448/1101 1168/2482/1084
f 1022/2335/1054 909/2483/1049 389/2484/1113
f 918/2069/531 307/1635/760 688/2274/1031
f 1026/2485/1020 355/2430/1044 694/2432/1093
f 339/2204/998 910/2360/1058 916/2486/1114
f 1228/2438/1096 683/2487/1115 354/2488/1043
f 1170/2489/1116 911/2469/1033 384/2470/1107
f 339/2204/998 393/2490/1117 381/2491/1081
f 377/2454/1103 382/2480/1111 376/2455/1091
f 682/2412/1079 675/2448/1101 913/2223/1007
f 387/2492/1118 1019/2362/954 677/2493/1104
f 384/2470/1107 374/2462/1097 1121/2461/1099
f 666/2300/1039 915/2465/1106 1249/2371/1025
f 1170/2489/1116 384/2470/1107 914/2494/1119
f 382/2495/1111 1170/2489/1116 914/2494/1119
f 908/2452/1100 675/2448/1101 682/2412/1079
f 1206/2393/908 684/2496/1094 367/2394/1076
f 677/2493/1104 1019/2362/954 1118/2363/1064
f 908/2452/1100 1168/2482/1084 675/2448/1101
f 686/2478/1110 673/2497/1055 1119/2479/1016
f 387/2498/1118 674/2442/1098 912/2417/1088
f 338/2368/985 1122/2370/1066 890/2499/940
f 384/2470/1107 1121/2461/1099 914/2494/1119
f 1022/2335/1054 389/2484/1113 1121/2445/1099
f 389/2500/1113 909/2501/1049 381/2401/1081
f 354/2488/1043 317/2199/958 1228/2438/1096
f 914/2502/1119 376/2455/1091 382/2480/1111
f 378/2503/1102 391/2504/1120 1025/2505/1075
f 378/2450/1102 908/2452/1100 682/2412/1079
f 674/2442/1098 387/2498/1118 677/2467/1104
f 376/2455/1091 916/2506/1114 910/2507/1058
f 919/2378/1068 343/2315/1048 1224/2072/923
f 379/2429/1092 1229/2409/1085 1248/2384/918
f 1170/2508/1116 382/2480/1111 1169/2468/1095
f 1028/2509/1121 898/2510/1009 1019/2511/954
f 682/2412/1079 680/2512/1078 391/2513/1120
f 378/2450/1102 682/2412/1079 391/2513/1120
f 692/2514/1122 676/2423/994 904/2515/960
f 387/2516/1118 912/2464/1088 915/2465/1106
f 395/2365/1065 651/2367/878 351/2517/1053
f 389/2518/1113 381/2519/1081 393/2520/1117
f 398/2521/1123 1110/2268/1001 368/2267/1011
f 1114/2522/926 408/2523/1124 1169/2468/1095
f 1019/2511/954 387/2516/1118 1028/2509/1121
f 343/2524/1048 1032/2525/1125 388/2526/1046
f 358/2527/1045 400/2528/1082 401/2529/1109
f 275/2530/778 1026/2485/1020 397/2531/1126
f 915/2465/1106 1028/2509/1121 387/2516/1118
f 390/2463/1105 373/2133/975 681/2532/1127
f 343/2524/1048 388/2526/1046 306/2533/858
f 643/2124/924 681/2532/1127 373/2133/975
f 376/2455/1091 685/2534/1128 916/2506/1114
f 914/2494/1119 1121/2461/1099 685/2535/1128
f 666/2300/1039 689/2536/1129 915/2465/1106
f 1121/2461/1099 389/2537/1113 685/2535/1128
f 405/2405/1083 364/2201/952 363/1841/783
f 906/2538/995 1251/2539/1130 409/2540/1028
f 393/2490/1117 339/2204/998 916/2486/1114
f 922/2541/1131 354/2542/1043 683/2543/1115
f 914/2502/1119 685/2534/1128 376/2455/1091
f 666/2300/1039 396/2400/1080 917/2544/1132
f 329/2545/1029 687/2546/1133 1114/2547/926
f 686/2478/1110 412/2548/1134 673/2497/1055
f 1028/2549/1121 1172/2550/1135 898/2226/1009
f 689/2536/1129 666/2300/1039 917/2544/1132
f 1028/2509/1121 915/2465/1106 689/2536/1129
f 389/2518/1113 393/2520/1117 685/2551/1128
f 1025/2505/1075 391/2504/1120 399/2552/1112
f 405/2553/1083 690/2554/1090 364/2555/952
f 1169/2556/1095 911/2469/1033 1170/2489/1116
f 393/2490/1117 916/2486/1114 685/2557/1128
f 680/2558/1078 353/2559/1000 401/2560/1109
f 694/2432/1093 397/2531/1126 1026/2485/1020
f 388/2313/1046 1228/2438/1096 663/2080/950
f 399/2552/1112 391/2504/1120 680/2561/1078
f 399/2562/1112 921/2563/1136 1021/2414/1086
f 398/2521/1123 351/2328/1053 1110/2268/1001
f 673/2497/1055 412/2548/1134 329/2545/1029
f 406/2564/1137 396/2474/1080 371/2343/1059
f 691/2471/1108 394/2424/1042 676/2423/994
f 388/2313/1046 1027/2565/1138 1228/2438/1096
f 1021/2566/1086 921/2567/1136 371/2568/1059
f 680/2561/1078 1030/2569/1139 399/2552/1112
f 904/2515/960 352/2570/959 692/2514/1122
f 676/2423/994 407/2571/1140 691/2471/1108
f 656/1974/903 678/2572/1072 662/2017/925
f 403/2573/1060 668/2574/1071 922/2541/1131
f 1031/2575/1141 890/2499/940 1122/2370/1066
f 397/2531/1126 1122/2576/1066 275/2530/778
f 922/2541/1131 668/2574/1071 354/2542/1043
f 689/2577/1129 1172/2578/1135 1028/2509/1121
f 1172/2550/1135 400/2579/1082 898/2226/1009
f 403/2573/1060 398/2521/1123 368/2267/1011
f 392/2184/989 390/2463/1105 681/2532/1127
f 371/2343/1059 1123/2580/1142 406/2564/1137
f 329/2545/1029 412/2548/1134 687/2546/1133
f 404/2581/1143 656/2582/903 349/2202/997
f 401/2560/1109 701/2583/1144 680/2558/1078
f 1172/2584/1135 689/2585/1129 917/2586/1132
f 402/2282/972 1035/2587/1145 681/2588/1127
f 1229/2589/1085 379/2590/1092 1033/2591/1146
f 408/2592/1124 911/2469/1033 1169/2556/1095
f 403/2573/1060 1171/2593/1147 398/2521/1123
f 1229/2589/1085 1033/2591/1146 1029/2594/1062
f 680/2595/1078 701/2596/1144 1030/2597/1139
f 1117/2387/1008 693/2598/1148 694/2599/1093
f 1031/2600/1141 686/2478/1110 890/2053/940
f 1123/2601/1142 371/2568/1059 921/2567/1136
f 1029/2602/1062 422/2603/1149 684/2604/1094
f 399/2605/1112 1030/2597/1139 921/2567/1136
f 925/2606/1150 692/2514/1122 352/2570/959
f 918/2607/531 688/2608/1031 920/2609/1151
f 695/2610/1152 917/2611/1132 396/2474/1080
f 379/2590/1092 395/2365/1065 700/2612/1153
f 1032/2525/1125 343/2524/1048 919/2613/1068
f 693/2614/1148 1117/2387/1008 911/2277/1033
f 687/2615/1133 698/2616/1154 408/2617/1124
f 1032/2525/1125 1027/2618/1138 388/2526/1046
f 397/2619/1126 414/2620/1155 1122/2621/1066
f 406/2564/1137 1123/2580/1142 411/2622/1156
f 408/2617/1124 1114/2623/926 687/2615/1133
f 697/2624/1157 405/2553/1083 679/2472/964
f 392/2184/989 681/2532/1127 410/2625/1158
f 425/2626/1159 379/2590/1092 700/2612/1153
f 400/2627/1082 1209/2628/1160 401/2629/1109
f 396/2474/1080 406/2564/1137 695/2610/1152
f 911/2630/1033 408/2631/1124 693/2632/1148
f 420/2633/1161 686/2634/1110 1031/2575/1141
f 687/2635/1133 412/2636/1134 698/2616/1154
f 409/2352/1028 1035/2587/1145 402/2282/972
f 379/2590/1092 425/2626/1159 1033/2591/1146
f 678/2637/1072 404/2638/1143 423/2639/1162
f 690/2554/1090 920/2609/1151 688/2608/1031
f 411/2622/1156 695/2610/1152 406/2564/1137
f 414/2640/1155 1031/2575/1141 1122/2370/1066
f 397/2619/1126 417/2641/1163 414/2620/1155
f 417/2642/1163 397/2531/1126 694/2432/1093
f 701/2596/1144 921/2567/1136 1030/2597/1139
f 686/2634/1110 420/2633/1161 412/2636/1134
f 383/2643/1073 702/2644/1164 421/2645/1165
f 400/2627/1082 1172/2584/1135 1209/2628/1160
f 695/2646/1152 419/2647/1166 917/2586/1132
f 408/2631/1124 418/2648/1167 693/2632/1148
f 694/2649/1093 699/2650/1168 417/2641/1163
f 699/2651/1168 694/2599/1093 693/2598/1148
f 922/2541/1131 1171/2593/1147 403/2573/1060
f 1123/2601/1142 921/2567/1136 411/2652/1156
f 398/2653/1123 1171/2654/1147 430/2655/1169
f 919/2613/1068 421/2645/1165 1032/2525/1125
f 383/2643/1073 421/2645/1165 919/2613/1068
f 386/2395/984 367/2394/1076 352/2656/959
f 678/2637/1072 702/2644/1164 383/2643/1073
f 392/2657/989 410/2658/1158 930/2659/1170
f 419/2647/1166 1172/2584/1135 917/2586/1132
f 414/2640/1155 1208/2660/1171 1031/2575/1141
f 1027/2565/1138 683/2661/1115 1228/2438/1096
f 1033/2591/1146 422/2603/1149 1029/2602/1062
f 420/2633/1161 698/2616/1154 412/2636/1134
f 408/2617/1124 698/2616/1154 418/2662/1167
f 1209/2628/1160 1172/2584/1135 419/2647/1166
f 683/2543/1115 1027/2663/1138 696/2664/1172
f 701/2596/1144 411/2652/1156 921/2567/1136
f 401/2629/1109 1209/2628/1160 701/2596/1144
f 414/2620/1155 417/2641/1163 1208/2665/1171
f 407/2571/1140 676/2423/994 692/2514/1122
f 411/2622/1156 419/2666/1166 695/2610/1152
f 678/2637/1072 423/2639/1162 702/2644/1164
f 1208/2660/1171 420/2633/1161 1031/2575/1141
f 407/2571/1140 416/2667/1173 691/2471/1108
f 656/2668/903 404/2638/1143 678/2637/1072
f 395/2365/1065 351/2517/1053 398/2669/1123
f 684/2496/1094 1037/2670/1174 367/2394/1076
f 413/2671/1175 922/2541/1131 696/2664/1172
f 402/2123/972 681/2532/1127 643/2124/924
f 1032/2525/1125 415/2672/1176 1027/2618/1138
f 681/2588/1127 924/2673/1177 410/2658/1158
f 398/2669/1123 700/2612/1153 395/2365/1065
f 1034/2674/1178 920/2609/1151 690/2554/1090
f 693/2632/1148 418/2648/1167 699/2650/1168
f 706/2675/1179 925/2676/1150 352/2656/959
f 349/2202/997 380/2159/982 426/2677/1180
f 385/2232/1012 930/2678/1170 380/2159/982
f 1208/2665/1171 417/2641/1163 699/2650/1168
f 906/2538/995 348/2679/991 1251/2539/1130
f 419/2647/1166 411/2652/1156 701/2596/1144
f 930/2678/1170 385/2232/1012 392/2184/989
f 426/2680/1180 404/2681/1143 349/2682/997
f 413/2683/1175 1171/2593/1147 922/2541/1131
f 420/2633/1161 1208/2660/1171 418/2662/1167
f 419/2647/1166 701/2596/1144 1209/2628/1160
f 696/2664/1172 922/2541/1131 683/2543/1115
f 418/2648/1167 1208/2665/1171 699/2650/1168
f 420/2633/1161 418/2662/1167 698/2616/1154
f 1033/2591/1146 425/2626/1159 1124/2684/1181
f 709/2685/773 348/2679/991 809/2686/522
f 690/2554/1090 405/2553/1083 697/2624/1157
f 1251/2539/1130 348/2679/991 1207/2687/1182
f 930/2688/1170 410/2689/1158 924/2690/1177
f 415/2672/1176 696/2691/1172 1027/2618/1138
f 427/2692/1183 1033/2591/1146 1124/2684/1181
f 424/2693/1184 927/2694/1185 421/2695/1165
f 421/2645/1165 415/2672/1176 1032/2525/1125
f 923/2696/1186 416/2667/1173 407/2571/1140
f 679/2472/964 691/2471/1108 416/2667/1173
f 424/2693/1184 702/2697/1164 429/2698/1187
f 696/2699/1172 415/2700/1176 929/2701/1188
f 407/2571/1140 692/2514/1122 925/2606/1150
f 416/2667/1173 1127/2702/1189 697/2624/1157
f 706/2675/1179 352/2656/959 367/2394/1076
f 930/2678/1170 426/2677/1180 380/2159/982
f 709/2685/773 1207/2687/1182 348/2679/991
f 1173/2703/1190 702/2704/1164 423/2705/1162
f 427/2706/1183 422/2707/1149 1033/2708/1146
f 929/2701/1188 413/2709/1175 696/2699/1172
f 1124/2710/1181 425/2711/1159 431/2712/1191
f 422/2707/1149 427/2706/1183 707/2713/1192
f 697/2624/1157 679/2472/964 416/2667/1173
f 1035/2587/1145 924/2673/1177 681/2588/1127
f 422/2714/1149 1037/2670/1174 684/2496/1094
f 700/2612/1153 398/2669/1123 430/2715/1169
f 430/2655/1169 425/2711/1159 700/2716/1153
f 428/2717/1193 930/2688/1170 924/2690/1177
f 435/2718/1194 423/2639/1162 404/2638/1143
f 1173/2703/1190 429/2698/1187 702/2704/1164
f 927/2694/1185 415/2719/1176 421/2720/1165
f 1035/2721/1145 409/2540/1028 1251/2539/1130
f 424/2722/1184 421/2645/1165 702/2644/1164
f 430/2655/1169 413/2709/1175 929/2701/1188
f 705/2723/1195 416/2667/1173 923/2696/1186
f 924/2724/1177 433/2725/1196 428/2726/1193
f 430/2655/1169 431/2712/1191 425/2711/1159
f 926/2727/1197 429/2698/1187 703/2728/1198
f 430/2655/1169 1171/2654/1147 413/2709/1175
f 1124/2710/1181 926/2727/1197 427/2706/1183
f 707/2713/1192 427/2706/1183 703/2728/1198
f 920/2729/1151 1036/2730/1199 918/2731/531
f 424/2693/1184 429/2698/1187 926/2727/1197
f 429/2698/1187 928/2732/1200 703/2728/1198
f 404/2681/1143 708/2733/1201 435/2734/1194
f 703/2728/1198 427/2706/1183 926/2727/1197
f 690/2554/1090 697/2624/1157 1034/2674/1178
f 426/2680/1180 708/2733/1201 404/2681/1143
f 704/2735/1202 927/2694/1185 424/2693/1184
f 415/2700/1176 927/2694/1185 929/2701/1188
f 926/2727/1197 1124/2710/1181 431/2712/1191
f 430/2655/1169 929/2701/1188 431/2712/1191
f 1173/2703/1190 928/2732/1200 429/2698/1187
f 424/2693/1184 926/2727/1197 704/2735/1202
f 703/2728/1198 928/2732/1200 707/2713/1192
f 428/2726/1193 433/2725/1196 711/2736/1203
f 706/2675/1179 367/2394/1076 432/2737/1204
f 929/2701/1188 927/2694/1185 704/2735/1202
f 1035/2738/1145 433/2725/1196 924/2724/1177
f 929/2701/1188 704/2735/1202 431/2712/1191
f 704/2735/1202 926/2727/1197 431/2712/1191
f 1035/2738/1145 1039/2739/1205 433/2725/1196
f 711/2740/1203 930/2688/1170 428/2741/1193
f 705/2742/1195 923/2743/1186 407/2744/1140
f 918/2745/531 936/2746/1206 709/2747/773
f 426/2680/1180 1230/2748/1207 708/2733/1201
f 1125/2749/1208 711/2736/1203 433/2725/1196
f 709/2750/773 1174/2751/1209 1207/2752/1182
f 1037/2670/1174 432/2737/1204 367/2394/1076
f 1127/2702/1189 1034/2674/1178 697/2624/1157
f 1173/2703/1190 935/2753/1210 932/2754/1211
f 710/2755/1212 931/2756/1213 705/2742/1195
f 434/2757/1214 1251/2758/1130 1207/2752/1182
f 407/2759/1140 925/2760/1150 933/2761/1215
f 1230/2748/1207 426/2680/1180 930/2688/1170
f 710/2755/1212 705/2742/1195 407/2744/1140
f 434/2757/1214 1039/2739/1205 1035/2738/1145
f 931/2756/1213 1126/2762/1216 705/2742/1195
f 1207/2752/1182 1174/2751/1209 434/2757/1214
f 416/2763/1173 705/2742/1195 1127/2764/1189
f 432/2765/1204 925/2606/1150 706/2766/1179
f 1173/2703/1190 932/2754/1211 928/2732/1200
f 436/2767/1217 1125/2749/1208 433/2725/1196
f 931/2768/1213 437/2769/1218 1126/2770/1216
f 1036/2771/1199 920/2609/1151 1034/2674/1178
f 935/2753/1210 1173/2703/1190 423/2772/1162
f 707/2713/1192 928/2732/1200 440/2773/1219
f 436/2767/1217 711/2736/1203 1125/2749/1208
f 437/2769/1218 931/2768/1213 710/2774/1212
f 1034/2775/1178 1127/2776/1189 1210/2777/1220
f 433/2725/1196 438/2778/1221 436/2767/1217
f 1230/2748/1207 930/2688/1170 711/2740/1203
f 711/2779/1203 436/2780/1217 438/2781/1221
f 933/2761/1215 710/2774/1212 407/2759/1140
f 422/2714/1149 440/2782/1219 1037/2670/1174
f 434/2757/1214 1035/2738/1145 1251/2758/1130
f 435/2783/1194 935/2753/1210 423/2772/1162
f 934/2784/1222 1126/2770/1216 437/2769/1218
f 432/2785/1204 933/2761/1215 925/2760/1150
f 711/2779/1203 438/2781/1221 1038/2786/1223
f 712/2787/1224 1127/2788/1189 705/2789/1195
f 710/2774/1212 934/2784/1222 437/2769/1218
f 711/2779/1203 1038/2786/1223 439/2790/1225
f 712/2791/1224 1210/2777/1220 1127/2776/1189
f 1126/2770/1216 934/2784/1222 937/2792/1226
f 713/2793/1227 438/2781/1221 1039/2794/1205
f 440/2782/1219 422/2714/1149 707/2795/1192
f 1126/2770/1216 937/2792/1226 441/2796/1228
f 1175/2797/1229 1034/2775/1178 1210/2777/1220
f 1038/2786/1223 713/2793/1227 439/2790/1225
f 934/2784/1222 714/2798/1230 937/2792/1226
f 1039/2739/1205 438/2778/1221 433/2725/1196
f 439/2790/1225 444/2799/1231 711/2779/1203
f 1175/2800/1229 1036/2801/1199 1034/2802/1178
f 713/2793/1227 1038/2786/1223 438/2781/1221
f 714/2798/1230 934/2784/1222 710/2774/1212
f 440/2803/1219 432/2804/1204 1037/2805/1174
f 435/2783/1194 708/2806/1201 935/2753/1210
f 1174/2751/1209 1040/2807/1232 434/2757/1214
f 441/2796/1228 445/2808/1233 1126/2770/1216
f 932/2754/1211 440/2773/1219 928/2732/1200
f 442/2809/1234 439/2790/1225 713/2793/1227
f 705/2789/1195 1126/2810/1216 712/2787/1224
f 711/2779/1203 444/2799/1231 1230/2811/1207
f 939/2812/1235 1039/2739/1205 434/2757/1214
f 933/2813/1215 432/2804/1204 1231/2814/1236
f 918/2745/531 1036/2815/1199 936/2746/1206
f 1174/2816/1209 709/2817/773 716/2818/1237
f 442/2809/1234 444/2799/1231 439/2790/1225
f 708/2806/1201 938/2819/1238 935/2753/1210
f 1126/2770/1216 715/2820/1239 712/2821/1224
f 710/2774/1212 933/2761/1215 940/2822/1240
f 1175/2800/1229 936/2823/1206 1036/2801/1199
f 434/2824/1214 1040/2825/1232 939/2826/1235
f 714/2827/1230 445/2828/1233 441/2829/1228
f 710/2774/1212 940/2822/1240 714/2798/1230
f 440/2803/1219 1231/2814/1236 432/2804/1204
f 444/2799/1231 442/2809/1234 941/2830/1241
f 714/2827/1230 441/2829/1228 937/2831/1226
f 712/2787/1224 715/2832/1239 1210/2833/1220
f 443/2834/1242 442/2835/1234 713/2836/1227
f 1231/2837/1236 940/2822/1240 933/2761/1215
f 715/2820/1239 1126/2770/1216 445/2808/1233
f 1041/2838/1243 446/2839/1244 713/2793/1227
f 1210/2833/1220 715/2832/1239 1175/2800/1229
f 1041/2838/1243 713/2793/1227 1039/2794/1205
f 442/2840/1234 443/2834/1242 941/2841/1241
f 708/2842/1201 1230/2811/1207 448/2843/1245
f 445/2828/1233 443/2834/1242 446/2844/1244
f 1041/2845/1243 1039/2846/1205 939/2847/1235
f 443/2848/1242 713/2793/1227 446/2839/1244
f 445/2828/1233 941/2841/1241 443/2834/1242
f 448/2843/1245 938/2849/1238 708/2842/1201
f 444/2799/1231 448/2843/1245 1230/2811/1207
f 938/2819/1238 932/2754/1211 935/2753/1210
f 715/2832/1239 447/2850/1246 1175/2800/1229
f 941/2841/1241 445/2828/1233 714/2827/1230
f 447/2850/1246 936/2823/1206 1175/2800/1229
f 932/2851/1211 938/2852/1238 1042/2853/1247
f 716/2818/1237 1040/2854/1232 1174/2816/1209
f 1042/2853/1247 440/2855/1219 932/2851/1211
f 1231/2856/1236 440/2855/1219 1042/2853/1247
f 938/2849/1238 448/2843/1245 1042/2857/1247
f 709/2817/773 936/2858/1206 716/2818/1237
f 940/2859/1240 1128/2860/1248 714/2827/1230
f 714/2827/1230 1128/2860/1248 941/2841/1241
f 1231/2856/1236 1128/2860/1248 940/2859/1240
f 448/2843/1245 444/2799/1231 941/2861/1241
f 941/2841/1241 1128/2860/1248 448/2862/1245
f 939/2863/1235 449/2864/1249 1041/2865/1243
f 446/2844/1244 715/2866/1239 445/2828/1233
f 1128/2860/1248 1231/2856/1236 1042/2853/1247
f 1128/2860/1248 1042/2853/1247 448/2862/1245
f 447/2867/1246 715/2866/1239 942/2868/1250
f 449/2869/1249 939/2847/1235 1040/2870/1232
f 1043/2871/1251 942/2868/1250 715/2866/1239
f 717/2872/1252 716/2818/1237 936/2858/1206
f 936/2746/1206 447/2867/1246 942/2868/1250
f 1041/2873/1243 449/2864/1249 1043/2874/1251
f 1040/2854/1232 716/2818/1237 449/2875/1249
f 446/2844/1244 1043/2871/1251 715/2866/1239
f 449/2864/1249 716/2876/1237 717/2877/1252
f 1041/2873/1243 1043/2874/1251 446/2878/1244
f 717/2879/1252 936/2746/1206 942/2868/1250
f 942/2868/1250 1043/2871/1251 717/2879/1252
f 449/2880/1249 717/2879/1252 1043/2871/1251
