# Blender 5.2.2 LTS
# www.blender.org
mtllib rey.mtl
o Meshy_AI_staunton_chess_king_3_0926011854_image-to-3d-texture
v -0.022175 0.000440 -0.003490
v -0.021529 0.006330 0.005720
v -0.021907 0.011675 0.000911
v -0.021480 0.009807 0.002980
v -0.020452 0.000530 0.009293
v -0.020403 0.000252 -0.008849
v -0.021302 0.005884 -0.007264
v -0.020844 0.015023 -0.000793
v -0.020613 0.008713 -0.005073
v -0.019326 0.005842 0.011501
v -0.019528 0.013838 -0.009010
v -0.020009 0.015249 0.005146
v -0.019146 0.007094 -0.005968
v -0.018704 0.007246 -0.007047
v -0.017775 0.011713 -0.012945
v -0.018439 0.007286 0.007717
v -0.017693 0.007181 -0.009301
v -0.016303 0.010723 -0.014657
v -0.017291 0.005917 0.014357
v -0.015925 0.000339 -0.015691
v -0.016985 0.006382 0.014233
v -0.017568 0.005859 -0.014096
v -0.016208 0.019415 0.003327
v -0.015862 0.020495 -0.002607
v -0.016168 0.024786 -0.000201
v -0.016231 0.024020 0.002956
v -0.015972 0.021772 -0.000171
v -0.016447 0.000609 0.015342
v -0.015347 0.024852 -0.004503
v -0.015789 0.021682 0.002623
v -0.015384 0.020837 0.004550
v -0.014695 0.019996 0.006951
v -0.015395 0.018574 0.007703
v -0.015188 0.019487 -0.006278
v -0.014658 0.025170 0.002383
v -0.014166 0.025445 -0.002034
v -0.013716 0.012579 -0.017125
v -0.015092 0.024870 0.005243
v -0.014075 0.071079 0.001523
v -0.014003 0.095462 -0.002766
v -0.014170 0.007125 -0.014203
v -0.014383 0.021916 -0.007054
v -0.011542 0.007927 -0.017104
v -0.013614 0.067689 -0.000419
v -0.012006 0.024049 0.011335
v -0.012385 0.024795 0.010316
v -0.013136 0.069919 -0.006533
v -0.012755 0.072055 0.001782
v -0.012321 0.098065 -0.005375
v -0.012786 0.072144 -0.001262
v -0.012707 0.007242 0.015376
v -0.012691 0.095391 -0.006325
v -0.011019 0.013630 0.018456
v -0.011579 0.007182 0.016253
v -0.012154 0.068859 0.008015
v -0.011760 0.072098 0.005308
v -0.011757 0.073908 0.001257
v -0.011913 0.070757 -0.008021
v -0.010591 0.095152 -0.009385
v -0.011837 0.096942 0.008222
v -0.011142 0.073105 0.003441
v -0.011535 0.088439 -0.000237
v -0.012143 0.000055 0.018125
v -0.011332 0.067872 -0.008026
v -0.010634 0.087343 0.003181
v -0.010325 0.021735 -0.012219
v -0.010960 0.072612 0.002463
v -0.011404 0.021830 0.011202
v -0.010928 0.069837 -0.009751
v -0.010632 0.023921 -0.012683
v -0.011146 0.075382 0.000723
v -0.012004 0.025273 -0.008470
v -0.010873 0.074764 -0.004285
v -0.009435 0.024751 0.013141
v -0.010821 0.097109 -0.009471
v -0.011084 0.009518 -0.018539
v -0.010648 0.072591 -0.003553
v -0.009839 0.070835 -0.010443
v -0.010244 0.072600 -0.004642
v -0.010062 0.034784 -0.001547
v -0.010451 0.068381 0.009832
v -0.010655 0.007180 -0.016933
v -0.005876 0.006456 -0.021304
v -0.009952 0.005918 0.020155
v -0.009597 0.072900 -0.006444
v -0.008527 0.069609 0.011953
v -0.009568 0.078173 -0.001034
v -0.009561 0.007218 -0.017560
v -0.009888 0.074256 -0.006594
v -0.009349 0.075624 0.002206
v -0.009284 0.075614 -0.002606
v -0.008414 0.075595 -0.004763
v -0.008810 0.072592 -0.007014
v -0.009050 0.074007 0.007769
v -0.008582 0.033745 -0.005943
v -0.008687 0.072614 0.007223
v -0.007084 0.097989 0.011413
v -0.006882 0.070944 -0.012533
v -0.008248 0.072617 0.007620
v -0.007887 0.078161 -0.005519
v -0.007917 0.107679 0.000763
v -0.008639 0.096727 0.011548
v -0.005889 0.087507 -0.009553
v -0.006759 0.087559 0.008898
v -0.007670 0.115654 -0.000820
v -0.008482 0.080103 0.006306
v -0.007758 0.062947 0.001491
v -0.007192 0.068144 -0.012232
v -0.007078 0.007295 0.018640
v -0.007005 0.072593 -0.008844
v -0.007792 0.078545 0.007170
v -0.008710 0.019644 0.013878
v -0.006929 0.053410 0.002367
v -0.007583 0.107499 -0.000822
v -0.006985 0.037181 0.006404
v -0.007599 0.107449 0.000569
v -0.005788 0.079882 -0.009064
v -0.006857 0.072621 0.008890
v -0.006308 0.063156 -0.004832
v -0.006045 0.039574 -0.006554
v -0.005575 0.072596 -0.009816
v -0.001582 0.099679 0.007488
v -0.005912 0.097003 0.013044
v -0.003492 0.108394 -0.000608
v -0.002375 0.012928 0.021636
v -0.004603 0.044912 -0.006579
v -0.003310 0.114503 -0.000637
v -0.005837 0.078174 -0.007706
v -0.005213 0.053887 -0.005081
v -0.003078 0.028355 0.012242
v -0.005232 0.056725 0.005130
v -0.005848 0.069129 0.013376
v -0.005639 0.078158 0.007744
v -0.003272 0.009582 -0.021365
v -0.005179 0.070351 0.013597
v -0.005218 0.100880 0.000842
v -0.004733 0.072604 -0.010227
v -0.004434 0.101607 0.002874
v -0.005718 0.007141 -0.019179
v -0.004022 0.068813 -0.013990
v -0.004170 0.067018 0.007744
v -0.004769 0.099958 -0.001061
v -0.004834 0.102064 -0.001870
v -0.004373 0.099970 0.002166
v -0.004871 0.025670 0.013215
v -0.003062 0.025620 -0.013897
v -0.003350 0.006143 0.022138
v -0.003821 0.075628 0.008793
v -0.004047 0.103359 -0.000535
v -0.004381 0.007222 -0.019489
v -0.004275 0.119035 -0.000668
v -0.000101 0.000310 0.022333
v -0.002637 0.079442 -0.010561
v -0.003543 0.067009 -0.008113
v -0.005325 0.011383 0.021224
v -0.004295 0.119112 0.000600
v -0.003650 0.009605 0.021278
v -0.003792 0.080202 -0.009737
v -0.003174 0.108040 -0.000618
v -0.002454 0.043051 0.007869
v -0.003690 0.119871 0.000686
v -0.002981 0.097587 -0.013599
v -0.003585 0.097479 0.013504
v -0.003964 0.020286 -0.015646
v -0.002794 0.099960 -0.004005
v -0.003342 0.103698 0.000910
v -0.002788 0.099962 0.003946
v -0.003026 0.114810 0.000696
v -0.002957 0.024264 0.016168
v -0.003076 0.078157 -0.009103
v -0.003381 0.078175 0.008969
v -0.002579 0.079643 0.010512
v -0.003016 0.080524 0.008730
v -0.002520 0.100573 -0.004554
v -0.000328 0.013744 -0.021527
v -0.001940 0.075611 0.009373
v -0.003788 0.119529 -0.000931
v -0.002091 0.007212 -0.019886
v -0.002473 0.066987 0.008391
v -0.000083 0.074396 -0.011851
v -0.000851 0.096946 -0.014349
v -0.001331 0.104256 -0.000951
v -0.000950 0.015445 0.020284
v -0.000970 0.103625 -0.003618
v -0.001119 0.025199 -0.014836
v -0.001615 0.072630 0.011081
v -0.000834 0.061729 -0.007667
v -0.002830 0.021641 0.015688
v -0.002688 0.067870 -0.013579
v -0.001528 0.101528 -0.005087
v -0.000172 0.100511 -0.005194
v 0.003028 0.000131 -0.021896
v 0.000822 0.019268 0.016483
v -0.001282 0.063570 0.007812
v -0.001652 0.037554 0.009184
v 0.000622 0.097808 -0.013649
v -0.001408 0.010900 -0.021909
v -0.001095 0.019418 -0.016562
v 0.000740 0.085345 -0.010386
v 0.000366 0.078686 -0.010715
v -0.000619 0.068832 0.014462
v -0.001190 0.078165 -0.009531
v 0.000683 0.099971 -0.004821
v -0.000616 0.075277 -0.011182
v 0.001088 0.063880 0.007906
v 0.002741 0.005547 -0.022410
v 0.001797 0.103894 -0.002535
v 0.000172 0.007178 0.019944
v -0.000054 0.080059 -0.010685
v 0.004827 0.067127 -0.010815
v 0.000592 0.102567 -0.004925
v 0.000452 0.075637 0.009557
v 0.002216 0.067010 0.008476
v 0.001026 0.099967 0.004710
v 0.000102 0.021423 -0.015955
v 0.000469 0.078726 0.010680
v 0.001406 0.025636 0.014041
v 0.002504 0.075651 -0.009285
v 0.002150 0.100883 -0.004807
v 0.002275 0.103404 0.003253
v 0.001693 0.098804 0.011344
v 0.001972 0.104100 0.000911
v 0.002391 0.074132 0.011556
v 0.001117 0.080571 0.009116
v 0.002238 0.007211 -0.019892
v 0.002670 0.080518 -0.008853
v 0.002780 0.069136 0.014309
v 0.003267 0.075377 -0.010526
v 0.002335 0.099967 -0.004244
v 0.003205 0.114281 -0.000873
v 0.003751 0.021568 0.015413
v 0.000789 0.025624 -0.014230
v 0.006964 0.098131 -0.011267
v 0.002858 0.014031 0.021122
v 0.002744 0.108249 -0.000910
v 0.003898 0.119355 0.000850
v 0.002178 0.042036 0.008116
v 0.003009 0.047150 -0.007092
v 0.004578 0.007203 -0.019438
v 0.002987 0.006419 0.021805
v 0.002595 0.068267 0.013915
v 0.003912 0.097062 0.013718
v 0.002963 0.072629 0.010746
v 0.002382 0.007184 0.019774
v 0.002054 0.095730 -0.014159
v 0.003604 0.108455 -0.000772
v 0.003603 0.074143 -0.011327
v 0.004195 0.072626 0.010336
v 0.003872 0.062916 0.006784
v 0.004190 0.029052 0.011457
v 0.003656 0.099956 0.003063
v 0.003748 0.119884 0.000631
v 0.004216 0.099966 -0.002254
v 0.004319 0.067024 0.007644
v 0.003820 0.103437 0.000736
v 0.003859 0.101421 0.003584
v 0.004158 0.103310 0.000074
v 0.004231 0.119073 0.000522
v 0.007482 0.115788 0.000538
v 0.007750 0.008067 -0.019302
v 0.004751 0.072610 -0.010200
v 0.002666 0.012355 0.021697
v 0.004571 0.099964 -0.001383
v 0.004469 0.078146 -0.008466
v 0.004374 0.080172 -0.009578
v 0.004596 0.099967 0.001313
v 0.006672 0.080175 0.008006
v 0.005373 0.073495 -0.010546
v 0.003743 0.024579 -0.015853
v 0.004989 0.072596 0.009998
v 0.005316 0.080494 -0.007595
v 0.008078 0.023820 -0.014444
v 0.005613 0.000586 -0.021765
v 0.005880 0.095612 0.012895
v 0.007646 0.011727 0.020488
v 0.007026 0.042875 0.004318
v 0.006820 0.062874 -0.003870
v 0.006029 0.057550 0.004186
v 0.006305 0.099339 0.007018
v 0.005774 0.071043 -0.012954
v 0.005659 0.072610 -0.009748
v 0.006691 0.020367 0.014587
v 0.006111 0.050414 -0.004200
v 0.007638 0.018887 -0.015169
v 0.006811 0.024875 -0.014419
v 0.005404 0.024032 0.015499
v 0.007440 0.000528 0.021137
v 0.006965 0.072612 0.008775
v 0.006566 0.063178 0.004364
v 0.007634 0.115350 -0.000906
v 0.006316 0.070318 0.013075
v 0.006908 0.086672 0.008373
v 0.006985 0.072602 -0.008847
v 0.006880 0.025635 -0.012438
v 0.006515 0.078149 -0.007029
v 0.008346 0.024264 -0.014296
v 0.007236 0.057142 0.000897
v 0.006498 0.075165 -0.009392
v 0.007634 0.075349 0.008178
v 0.009141 0.068020 0.010607
v 0.009248 0.008449 0.018840
v 0.007586 0.062324 -0.001543
v 0.007934 0.066992 -0.003830
v 0.007654 0.072618 -0.008255
v 0.009534 0.015424 0.017962
v 0.007831 0.063941 0.001544
v 0.007952 0.115168 -0.000718
v 0.007062 0.072879 0.009046
v 0.007453 0.066930 0.004529
v 0.007940 0.107822 -0.000769
v 0.007699 0.107736 0.000806
v 0.008126 0.075606 0.005046
v 0.007993 0.114905 0.000709
v 0.008916 0.074515 -0.007708
v 0.007489 0.074431 0.009080
v 0.009121 0.078890 0.005610
v 0.008443 0.007214 -0.018088
v 0.008269 0.007228 0.018074
v 0.008563 0.066984 -0.001800
v 0.007899 0.006560 -0.020364
v 0.008525 0.078418 0.005751
v 0.008643 0.080504 0.003170
v 0.008246 0.069512 0.012084
v 0.008950 0.096959 -0.011233
v 0.008872 0.000233 -0.020347
v 0.009372 0.029741 -0.007363
v 0.009499 0.073160 -0.006768
v 0.009011 0.080608 0.001613
v 0.009388 0.075694 -0.001634
v 0.008850 0.013609 0.019599
v 0.009235 0.037957 0.000330
v 0.010252 0.085032 -0.000360
v 0.009458 0.078136 -0.000779
v 0.009978 0.079677 0.003952
v 0.010955 0.024767 0.011793
v 0.009521 0.079673 -0.005071
v 0.008492 0.005910 0.020767
v 0.010188 0.074114 -0.005986
v 0.010634 0.075385 0.002577
v 0.010886 0.021601 -0.011733
v 0.010099 0.074010 0.006151
v 0.009641 0.022239 0.012816
v 0.010333 0.007195 0.016997
v 0.009570 0.020866 0.012783
v 0.010511 0.079060 0.002430
v 0.010130 0.072629 -0.004661
v 0.010539 0.025479 -0.009694
v 0.010472 0.078559 -0.000812
v 0.010276 0.080182 0.001928
v 0.010405 0.072627 0.004024
v 0.011979 0.012051 -0.018365
v 0.010822 0.097008 0.009352
v 0.010740 0.072625 0.002934
v 0.010708 0.019072 0.012843
v 0.011944 0.071675 0.006237
v 0.011188 0.072614 -0.000086
v 0.010911 0.075344 -0.001587
v 0.012027 0.025678 -0.007341
v 0.011618 0.095699 0.008109
v 0.012860 0.067494 0.002417
v 0.011500 0.074858 0.001336
v 0.011398 0.073333 0.002708
v 0.011851 0.028960 0.003352
v 0.011458 0.007205 0.016278
v 0.012561 0.098326 0.002789
v 0.011781 0.073911 -0.000436
v 0.013253 0.007950 0.015778
v 0.013268 0.024341 0.009530
v 0.012897 0.021330 0.009242
v 0.015710 0.005718 -0.016158
v 0.014057 0.008323 -0.015588
v 0.011724 0.068607 0.008350
v 0.012945 0.097074 0.006019
v 0.013637 0.097214 -0.003922
v 0.013059 0.006510 -0.017622
v 0.013658 0.025679 -0.003649
v 0.013318 0.068705 -0.005659
v 0.012372 0.013474 -0.017726
v 0.015419 0.006005 0.016281
v 0.013999 0.070928 -0.002253
v 0.013745 0.096414 -0.004090
v 0.014390 0.024687 -0.007283
v 0.011927 0.000732 0.019051
v 0.013328 0.070574 -0.005689
v 0.014149 0.068723 -0.002794
v 0.014072 0.025180 -0.004451
v 0.014544 0.069293 0.001187
v 0.014593 0.020510 0.006613
v 0.014304 0.007205 -0.013902
v 0.014979 0.021660 -0.005486
v 0.015656 0.013630 -0.014833
v 0.013483 0.019186 0.009686
v 0.014031 0.019074 -0.009045
v 0.015514 0.024273 0.005380
v 0.015561 0.007210 0.012378
v 0.015997 0.021701 -0.000648
v 0.015671 0.020317 -0.003695
v 0.015822 0.024799 -0.002949
v 0.017726 0.015955 0.008954
v 0.016897 0.018782 -0.001335
v 0.018022 0.005870 0.013353
v 0.017774 0.009877 0.012295
v 0.019598 0.011643 0.009842
v 0.018399 0.007320 -0.007703
v 0.019010 0.013381 -0.010285
v 0.019827 0.008162 0.006350
v 0.018736 0.007184 0.006698
v 0.019181 0.007203 0.005251
v 0.019768 0.007195 -0.002459
v 0.019750 0.007193 0.002528
v 0.019077 0.015311 -0.007493
v 0.020514 0.006454 0.007726
v 0.019647 0.014167 0.007985
v 0.019629 0.005920 -0.010848
v 0.020678 0.011577 -0.007359
v 0.020527 0.008697 -0.005307
v 0.021231 0.005853 0.007255
v 0.020151 0.000063 0.008243
v 0.021140 0.005716 -0.007600
v 0.021842 0.006056 0.004866
v 0.021712 0.010866 -0.002482
v 0.022380 0.000491 0.000329
v -0.022561 0.000537 -0.000220
v -0.022090 0.006393 0.002532
v -0.021916 0.000596 0.005434
v -0.022276 0.005714 0.004224
v -0.021742 0.013101 -0.001164
v -0.021530 0.006393 -0.005157
v -0.021114 0.013519 0.004682
v -0.021340 0.010948 0.005153
v -0.021216 0.000505 -0.007437
v -0.022017 0.000053 0.001321
v -0.020143 0.011855 -0.008634
v -0.019919 0.009927 -0.008637
v -0.019552 0.007198 0.004155
v -0.018167 0.008082 -0.010020
v -0.018814 0.013571 0.010614
v -0.018856 0.000601 0.012202
v -0.018595 0.000633 -0.012741
v -0.016773 0.013922 -0.013320
v -0.017475 0.007226 0.009662
v -0.016624 0.012899 0.014085
v -0.016811 0.007145 -0.010865
v -0.016521 0.023883 -0.000025
v -0.016218 0.020061 0.000680
v -0.016070 0.007121 -0.011986
v -0.014395 0.015074 0.014960
v -0.014999 0.000527 -0.016759
v -0.011301 0.000082 -0.018941
v -0.013457 0.010759 0.017335
v -0.013853 0.024703 -0.008399
v -0.014709 0.023792 -0.007384
v -0.014470 0.069409 0.002337
v -0.014768 0.009712 -0.015937
v -0.014466 0.069550 -0.002395
v -0.014393 0.068576 -0.000355
v -0.013879 0.068386 0.003435
v -0.014134 0.007329 -0.014246
v -0.012840 0.020886 0.009530
v -0.012629 0.071555 -0.005266
v -0.013247 0.015042 -0.016036
v -0.011536 0.025433 0.008502
v -0.013244 0.025671 -0.004863
v -0.011588 0.000652 -0.019307
v -0.013122 0.007128 -0.015180
v -0.012433 0.028580 -0.001763
v -0.013492 0.069425 0.005827
v -0.012697 0.098302 0.001876
v -0.011786 0.097840 0.007006
v -0.011309 0.029527 -0.004073
v -0.012412 0.095492 0.006867
v -0.011325 0.025702 -0.008469
v -0.010605 0.006240 -0.019604
v -0.011159 0.072608 0.001374
v -0.010464 0.007234 0.016996
v -0.009888 0.028227 -0.007981
v -0.011845 0.008293 0.017274
v -0.010373 0.019653 0.012643
v -0.010864 0.070265 0.009812
v -0.010317 0.080224 0.001941
v -0.008932 0.000426 0.020537
v -0.010612 0.078585 -0.000595
v -0.010443 0.033649 0.001008
v -0.008902 0.080850 0.002436
v -0.009581 0.075735 0.000156
v -0.008929 0.099459 0.002071
v -0.009416 0.079760 -0.005251
v -0.008978 0.080565 -0.002395
v -0.010458 0.020134 -0.012377
v -0.009507 0.078162 0.001212
v -0.009036 0.000447 -0.020514
v -0.009055 0.078166 0.003124
v -0.009276 0.096904 -0.011037
v -0.009685 0.075213 -0.006007
v -0.008893 0.007123 -0.017970
v -0.007844 0.044361 0.002157
v -0.008062 0.075412 0.007339
v -0.008830 0.069316 -0.011723
v -0.006670 0.005955 -0.021487
v -0.010253 0.018735 -0.013617
v -0.007244 0.097685 -0.011825
v -0.008695 0.067003 -0.001890
v -0.008032 0.115323 0.000509
v -0.006496 0.080726 0.006488
v -0.008000 0.115345 -0.000670
v -0.007973 0.074785 -0.008579
v -0.008170 0.078172 0.005041
v -0.006666 0.023765 -0.015083
v -0.007298 0.044896 -0.003283
v -0.007634 0.068204 0.011959
v -0.007305 0.075585 0.006298
v -0.008430 0.007202 0.018077
v -0.007186 0.007109 -0.018732
v -0.004963 0.099828 -0.004267
v -0.005235 0.072256 0.011307
v -0.007977 0.073348 -0.008761
v -0.007078 0.071061 0.012336
v -0.007309 0.054740 -0.000118
v -0.006219 0.008035 -0.019829
v -0.007003 0.020170 -0.014545
v -0.005274 0.098712 -0.010656
v -0.006772 0.063612 0.004198
v -0.006656 0.057767 -0.003243
v -0.003771 0.099966 0.003034
v -0.007668 0.021524 -0.013988
v -0.006371 0.029582 0.010135
v -0.007327 0.025418 0.012319
v -0.006887 0.025428 -0.012578
v -0.005810 0.072606 0.009644
v -0.006037 0.080537 -0.007041
v -0.005714 0.079120 -0.009232
v -0.005058 0.078483 -0.009187
v -0.005935 0.074015 -0.010312
v -0.005527 0.024434 -0.015413
v -0.002670 0.025238 0.014471
v -0.003728 0.075404 0.010289
v -0.005442 0.079830 0.009213
v -0.003981 0.079008 0.010026
v -0.003613 0.108475 0.000729
v -0.004935 0.019699 0.015550
v -0.005004 0.072605 0.010034
v -0.006958 0.005934 0.021333
v -0.005051 0.062936 0.005997
v -0.004633 0.103610 0.000693
v -0.004454 0.099953 -0.002014
v -0.003869 0.103471 -0.000866
v -0.003880 0.095168 0.013512
v -0.004007 0.062924 -0.006835
v -0.001692 0.032074 0.010931
v -0.004030 0.105426 0.000642
v -0.001799 0.025617 0.014020
v -0.004215 0.100950 -0.003291
v -0.003446 0.072847 0.010903
v -0.003566 0.083225 0.009083
v -0.003912 0.005903 -0.022172
v -0.003796 0.074984 -0.010923
v -0.004038 0.118842 0.000809
v -0.003606 0.102828 -0.003166
v -0.003617 0.067904 0.013392
v -0.002829 0.108217 0.000816
v -0.001968 0.082534 -0.009423
v -0.003393 0.075004 0.011042
v -0.002800 0.103959 -0.000944
v -0.002622 0.056604 -0.006871
v -0.000826 0.088865 0.011551
v -0.003654 0.021912 -0.015614
v 0.000197 0.007918 -0.020699
v -0.003150 0.018421 0.016959
v -0.001386 0.069730 -0.014651
v -0.003426 0.071976 -0.012593
v 0.000262 0.071755 -0.013479
v -0.002572 0.073868 -0.011603
v -0.001934 0.099961 -0.004476
v -0.001082 0.048396 -0.007551
v -0.000285 0.009948 0.021716
v -0.001768 0.100802 0.004928
v 0.000932 0.097305 0.014075
v 0.000481 0.046260 0.007767
v 0.003322 0.015488 -0.020262
v -0.001649 0.007233 0.019881
v -0.001216 0.098206 0.012923
v 0.000958 0.021590 0.015874
v -0.000479 0.066970 0.008742
v 0.000197 0.036546 -0.009624
v -0.001914 0.023888 -0.016480
v -0.000937 0.099968 0.004697
v 0.002032 0.024840 -0.015999
v 0.000361 0.101293 -0.005285
v 0.000987 0.075135 0.011333
v 0.000842 0.104243 0.000909
v -0.000291 0.067003 -0.008867
v 0.000229 0.052698 -0.007359
v 0.002372 0.096968 -0.014139
v -0.000730 0.082252 0.009455
v 0.001882 0.029088 0.012062
v 0.000899 0.070192 0.014515
v 0.001990 0.078180 -0.009413
v 0.001217 0.104225 -0.000964
v 0.002906 0.114407 0.000796
v 0.001700 0.099970 -0.004551
v 0.002742 0.071293 -0.013743
v 0.002624 0.009711 -0.021532
v 0.002687 0.054908 -0.006799
v 0.003452 0.084944 0.009615
v 0.001158 0.070028 -0.014631
v 0.003776 0.008041 0.020311
v 0.004543 0.074857 0.010694
v 0.002386 0.079610 0.010499
v 0.004344 0.078423 -0.009440
v 0.003172 0.103763 0.000917
v 0.002953 0.114774 -0.000763
v 0.004693 0.054473 -0.005511
v 0.003105 0.108179 -0.000613
v 0.004705 0.038976 0.007626
v 0.003966 0.103033 -0.002050
v 0.003263 0.114549 -0.000465
v 0.004318 0.000316 0.021854
v 0.006078 0.013542 -0.020768
v 0.004889 0.100895 0.001893
v 0.004265 0.099962 0.002149
v 0.006514 0.020423 -0.014705
v 0.003738 0.007125 0.019579
v 0.004530 0.103623 0.000746
v 0.005032 0.080513 0.007718
v 0.006091 0.072202 -0.011104
v 0.004691 0.075617 0.008345
v 0.006303 0.096795 -0.012963
v 0.004587 0.052682 0.005687
v 0.006007 0.067795 -0.012403
v 0.006662 0.069645 -0.013104
v 0.006215 0.075626 -0.007343
v 0.005713 0.007209 0.019039
v 0.005821 0.072622 0.009544
v 0.005578 0.075403 0.009353
v 0.005733 0.067962 0.012633
v 0.007381 0.107487 -0.000716
v 0.006086 0.068832 0.013145
v 0.007619 0.080106 -0.007275
v 0.007104 0.047311 0.002849
v 0.009363 0.071601 0.009965
v 0.007146 0.096918 0.012450
v 0.007003 0.078565 0.007863
v 0.006554 0.021739 0.014519
v 0.009136 0.098234 -0.009228
v 0.006884 0.079418 -0.008404
v 0.007872 0.080606 0.004656
v 0.007982 0.080472 -0.004723
v 0.008009 0.107885 0.000496
v 0.008035 0.072618 0.007836
v 0.008671 0.067017 0.001158
v 0.009211 0.036357 -0.002917
v 0.008212 0.078149 -0.004873
v 0.008806 0.075360 -0.006669
v 0.009112 0.007114 0.017754
v 0.009485 0.083124 -0.002171
v 0.010331 0.024832 -0.012313
v 0.011454 0.028813 -0.004633
v 0.009515 0.072624 0.005897
v 0.009781 0.072625 -0.005472
v 0.011064 0.025392 0.009129
v 0.010440 0.079152 -0.002718
v 0.009687 0.080242 0.003615
v 0.008733 0.012324 -0.020148
v 0.010292 0.075101 -0.004909
v 0.010405 0.073055 -0.005000
v 0.011411 0.070546 -0.008880
v 0.013026 0.014377 0.016612
v 0.012159 0.096771 -0.007714
v 0.011835 0.024698 -0.011077
v 0.011661 0.072302 0.004231
v 0.011458 0.009867 -0.018420
v 0.011044 0.074735 0.003676
v 0.011225 0.072881 -0.001999
v 0.013085 0.005962 -0.018261
v 0.011197 0.023816 -0.012148
v 0.011659 0.019720 -0.011478
v 0.011392 0.023966 0.011871
v 0.012175 0.007225 -0.015848
v 0.012293 0.070659 0.007533
v 0.012396 0.097714 -0.005840
v 0.013147 0.007113 0.015037
v 0.012435 0.094901 -0.006257
v 0.016245 0.014470 0.013417
v 0.014618 0.011140 -0.016376
v 0.014163 0.023764 0.008261
v 0.013987 0.068045 0.000023
v 0.013861 0.071148 0.002359
v 0.013567 0.069303 0.005402
v 0.014198 0.069857 -0.003410
v 0.015285 0.019229 -0.006485
v 0.014092 0.007200 0.014038
v 0.015244 0.000303 0.016263
v 0.014617 0.021769 0.006283
v 0.016596 0.009905 -0.014010
v 0.015380 0.019035 0.006595
v 0.016245 0.019888 -0.000202
v 0.016263 0.007217 0.011450
v 0.016933 0.007093 0.010592
v 0.020893 0.014710 0.001235
v 0.017087 0.000454 -0.014476
v 0.019436 0.008282 -0.007532
v 0.017857 0.011850 -0.012695
v 0.019422 0.007193 -0.004371
v 0.019944 0.007181 0.000035
v 0.021209 0.000431 -0.007107
v 0.021138 0.006329 -0.006603
v 0.022515 0.005840 0.000533
v -0.020863 0.013703 -0.005354
v -0.019797 0.000209 0.010013
v -0.019924 0.007220 0.001621
v -0.019792 0.007304 -0.003108
v -0.018707 0.006371 -0.011828
v -0.019015 0.007260 0.006146
v -0.018390 0.000183 -0.012375
v -0.018217 0.007204 -0.008196
v -0.017722 0.009608 -0.012346
v -0.016880 0.000200 0.014348
v -0.015946 0.024178 -0.004199
v -0.015296 0.005857 -0.016532
v -0.015425 0.007244 0.012656
v -0.014389 0.007293 0.013846
v -0.014831 0.005864 0.016907
v -0.014012 0.025709 0.001992
v -0.013820 0.024075 0.008964
v -0.013954 0.097632 0.000797
v -0.013057 0.025665 0.005379
v -0.012153 0.021444 -0.010303
v -0.012608 0.067289 -0.002558
v -0.011547 0.068507 -0.008727
v -0.012988 0.006036 0.018277
v -0.011667 0.073852 -0.002132
v -0.011373 0.074861 0.002681
v -0.009732 0.005877 -0.020332
v -0.010351 0.072152 -0.007644
v -0.010832 0.079439 -0.000636
v -0.009607 0.012404 -0.019677
v -0.010400 0.072608 0.004291
v -0.009674 0.078535 -0.004256
v -0.010082 0.097085 0.010178
v -0.009220 0.025537 -0.010857
v -0.009862 0.025855 0.009871
v -0.009414 0.007204 0.017592
v -0.008650 0.080527 0.003421
v -0.008998 0.072610 0.006775
v -0.008964 0.078155 -0.003388
v -0.008700 0.038996 -0.002489
v -0.006829 0.095686 0.012464
v -0.008356 0.080523 -0.004134
v -0.008321 0.031537 0.007592
v -0.008498 0.024437 -0.013985
v -0.008626 0.066994 0.001841
v -0.007975 0.066995 0.003733
v -0.007794 0.072596 -0.008119
v -0.008494 0.075603 0.004566
v -0.007761 0.067030 -0.004346
v -0.006716 0.015876 -0.018917
v -0.004789 0.015245 0.019936
v -0.007530 0.115646 0.000749
v -0.007578 0.048076 -0.001272
v -0.007930 0.007242 -0.018376
v -0.005868 0.018659 -0.016074
v -0.007237 0.080213 0.007521
v -0.006919 0.078181 0.006640
v -0.007179 0.067012 0.005131
v -0.005302 0.096164 -0.013385
v -0.006082 0.067022 -0.006474
v -0.006494 0.072926 -0.009601
v -0.004753 0.000012 0.020995
v -0.005044 0.080663 -0.007709
v -0.005395 0.075689 -0.007956
v -0.005705 0.075682 0.007698
v -0.004651 0.036874 0.008363
v -0.004937 0.102547 0.000459
v -0.004759 0.102185 0.001861
v -0.004079 0.099959 -0.002661
v -0.003543 0.099954 -0.003345
v -0.003141 0.078579 -0.010118
v -0.002647 0.089187 -0.011522
v -0.004632 0.070216 -0.013819
v -0.003778 0.117010 -0.000633
v -0.003161 0.062299 0.007039
v -0.002666 0.024753 -0.015969
v -0.001171 0.075651 -0.009600
v -0.003306 0.114513 0.000504
v -0.002851 0.080534 -0.008837
v -0.002491 0.032554 -0.010602
v -0.002642 0.080249 0.009973
v -0.002930 0.114182 -0.000883
v -0.004948 0.073805 0.010802
v -0.001507 0.051821 0.007156
v -0.002177 0.101919 0.004737
v -0.003344 0.102492 0.003632
v -0.002190 0.103644 0.003020
v -0.001550 0.104201 0.000915
v -0.000152 0.072635 0.011190
v -0.002526 0.015809 -0.020073
v -0.001696 0.072607 -0.011146
v -0.001043 0.078518 0.010435
v -0.002424 0.071192 0.013850
v -0.002406 0.000608 -0.022390
v -0.002789 0.069394 0.014347
v -0.001484 0.096776 0.014271
v -0.000993 0.074202 0.011760
v 0.000800 0.067499 0.013123
v 0.000062 0.068292 -0.014277
v 0.001552 0.096231 0.014232
v 0.000130 0.080563 -0.009256
v -0.000545 0.006136 -0.022456
v -0.000638 0.024889 0.015922
v -0.000387 0.057923 0.007320
v -0.000257 0.000909 0.022563
v 0.000852 0.062676 -0.007791
v -0.000384 0.098667 -0.012054
v 0.000526 0.104052 0.002581
v 0.001577 0.078150 0.009391
v 0.002700 0.102158 -0.004347
v 0.002318 0.102682 0.004174
v 0.004201 0.022028 -0.015465
v 0.001972 0.103261 -0.003729
v 0.004236 0.078166 0.008548
v 0.004113 0.029742 -0.011229
v 0.003310 0.080518 0.008589
v 0.003491 0.100632 -0.003844
v 0.004220 0.015772 0.019565
v 0.003693 0.025437 0.013772
v 0.003486 0.108412 0.000614
v 0.003592 0.072617 -0.010660
v 0.005403 0.097927 0.012398
v 0.005275 0.046348 0.005733
v 0.003675 0.099966 -0.003074
v 0.004123 0.118916 -0.000832
v 0.003779 0.010377 0.021458
v 0.004512 0.079139 -0.009886
v 0.004884 0.011459 -0.021415
v 0.006273 0.005961 -0.021569
v 0.004838 0.071004 0.013358
v 0.004934 0.007110 0.019325
v 0.005278 0.068512 -0.013389
v 0.004578 0.025371 -0.013658
v 0.006609 0.074307 -0.009831
v 0.005593 0.082349 -0.007753
v 0.004545 0.073123 0.010689
v 0.006804 0.029944 0.009653
v 0.004821 0.024807 0.015294
v 0.007377 0.028985 -0.009882
v 0.006653 0.036827 -0.006836
v 0.007444 0.107452 0.000592
v 0.007048 0.072990 -0.009236
v 0.007376 0.115763 -0.000623
v 0.007783 0.046057 0.000247
v 0.009609 0.005979 -0.020317
v 0.006941 0.007186 0.018616
v 0.008662 0.025215 -0.011942
v 0.007380 0.080767 -0.005453
v 0.007459 0.079521 0.007777
v 0.007190 0.009525 0.020250
v 0.009244 0.096488 0.011018
v 0.009438 0.069909 -0.011242
v 0.008119 0.000153 0.020493
v 0.008715 0.073576 0.007862
v 0.009035 0.075680 0.003012
v 0.009008 0.024535 0.013572
v 0.009633 0.078542 -0.004198
v 0.009012 0.080514 -0.001817
v 0.008666 0.078162 0.003966
v 0.008963 0.075598 -0.003378
v 0.009179 0.036461 0.002824
v 0.009184 0.078164 -0.002486
v 0.008949 0.072617 0.006782
v 0.009250 0.068374 -0.010956
v 0.009472 0.078154 0.000999
v 0.009857 0.074952 0.006002
v 0.010284 0.015263 -0.017871
v 0.010859 0.071865 -0.007675
v 0.008494 0.099510 0.000670
v 0.009721 0.084129 0.002425
v 0.009143 0.006360 0.020139
v 0.011008 0.097220 -0.008993
v 0.011777 0.000315 0.018886
v 0.011283 0.073787 -0.003351
v 0.012009 0.097062 0.007651
v 0.013607 0.095759 0.004066
v 0.011207 0.021420 0.011268
v 0.012433 0.005751 0.018706
v 0.012549 0.098293 -0.002571
v 0.013631 0.024891 0.008257
v 0.012911 0.068079 0.005635
v 0.013122 0.025485 0.005547
v 0.014276 0.097098 -0.000784
v 0.013811 0.024056 -0.008958
v 0.013829 0.070255 0.004378
v 0.014037 0.025645 0.001608
v 0.014115 0.096997 0.002377
v 0.015459 0.000559 -0.016310
v 0.016053 0.006296 -0.015309
v 0.015324 0.019858 -0.005476
v 0.016217 0.019231 0.003243
v 0.017250 0.008077 0.011331
v 0.017999 0.013870 0.011450
v 0.017045 0.007200 -0.010302
v 0.017912 0.007213 -0.008718
v 0.018274 0.007096 0.008016
v 0.019230 0.000440 0.011359
v 0.019515 0.007117 0.004171
v 0.021091 0.000665 0.007703
v 0.021063 0.013096 -0.005359
v 0.021239 0.012834 0.004886
v 0.021895 0.000137 -0.002870
v -0.020524 0.008003 0.002635
v -0.019792 0.007102 -0.003326
v -0.019090 0.010787 0.010714
v -0.019349 0.007260 -0.004980
v -0.017437 0.015893 0.009930
v -0.017003 0.015784 -0.010891
v -0.017143 0.018667 -0.000860
v -0.016785 0.008142 0.012380
v -0.017221 0.007247 -0.010123
v -0.016658 0.007292 0.011043
v -0.015693 0.007279 -0.012424
v -0.016445 0.009944 0.014179
v -0.015072 0.007114 -0.013232
v -0.013746 0.070849 -0.004042
v -0.014607 0.006443 -0.016530
v -0.013628 0.068538 -0.004789
v -0.012308 0.096901 -0.007573
v -0.012724 0.019100 0.010912
v -0.011563 0.024486 -0.011561
v -0.011275 0.072573 -0.000935
v -0.010036 0.074896 0.005966
v -0.010864 0.029393 0.005318
v -0.008420 0.067265 -0.009579
v -0.010437 0.079425 -0.002994
v -0.009983 0.079474 0.004355
v -0.010069 0.072595 0.005022
v -0.009537 0.078466 0.004340
v -0.009507 0.072604 0.006048
v -0.010301 0.080090 -0.002648
v -0.008394 0.087665 -0.007499
v -0.009256 0.023873 0.013632
v -0.007366 0.073054 0.008994
v -0.007592 0.062250 -0.001786
v -0.007494 0.029372 -0.009523
v -0.009154 0.011195 0.019857
v -0.007154 0.080515 -0.005984
v -0.007785 0.079568 -0.007629
v -0.007472 0.080627 0.005399
v -0.006320 0.096959 -0.012939
v -0.005172 0.007946 0.019888
v -0.004832 0.036436 -0.008352
v -0.007385 0.013342 0.020296
v -0.007313 0.024191 0.014750
v -0.005957 0.000394 -0.021594
v -0.005033 0.043135 0.006555
v -0.006853 0.074874 0.009438
v -0.007413 0.067229 0.010141
v -0.003608 0.075611 -0.008956
v -0.005192 0.101020 -0.001104
v -0.003974 0.073017 -0.010896
v -0.003720 0.007204 0.019554
v -0.003720 0.050236 -0.006521
v -0.003907 0.072613 -0.010563
v -0.005036 0.083716 0.008514
v -0.004260 0.078467 0.009480
v -0.001984 0.028688 -0.012403
v -0.003618 0.100576 0.003706
v -0.002330 0.067402 -0.012987
v -0.002218 0.041013 -0.008324
v -0.002319 0.096557 -0.014265
v -0.002515 0.071005 -0.014011
v -0.001582 0.073002 0.011445
v -0.000573 0.079794 0.010715
v -0.000239 0.103097 0.004414
v 0.001810 0.035628 0.009703
v 0.001748 0.084414 0.009905
v 0.002431 0.075622 0.009238
v 0.002459 0.068286 -0.014068
v 0.002132 0.072610 -0.011045
v 0.001735 0.000608 -0.022426
v 0.002843 0.108556 0.000837
v 0.001282 0.071323 0.013810
v 0.003361 0.020334 -0.015770
v 0.003902 0.102334 -0.003203
v 0.003126 0.099969 0.003631
v 0.003094 0.108152 0.000550
v 0.003198 0.114511 0.000555
v 0.003004 0.114881 0.000583
v 0.006214 0.080551 0.006720
v 0.004574 0.103610 -0.000747
v 0.004556 0.100988 -0.002600
v 0.004846 0.101986 0.001618
v 0.004970 0.100768 -0.001591
v 0.007030 0.115445 0.000816
v 0.003809 0.005857 0.022143
v 0.006658 0.075580 0.006868
v 0.007109 0.052696 -0.001701
v 0.006301 0.078792 -0.008642
v 0.008543 0.025409 0.011516
v 0.008240 0.067025 0.003095
v 0.008502 0.078969 -0.006613
v 0.009306 0.086991 0.005699
v 0.011294 0.067694 -0.007627
v 0.008496 0.080584 -0.003461
v 0.009240 0.072625 -0.006381
v 0.008664 0.071039 -0.011265
v 0.009956 0.067180 0.006981
v 0.009518 0.075594 0.000694
v 0.010343 0.088019 -0.004519
v 0.011320 0.011476 0.018719
v 0.009653 0.070534 0.010791
v 0.010735 0.079715 -0.000872
v 0.009327 0.000598 -0.020463
v 0.010960 0.072622 0.001956
v 0.012957 0.010136 0.017437
v 0.011353 0.074775 -0.002579
v 0.011981 0.068945 -0.008297
v 0.012348 0.007194 0.015619
v 0.011406 0.069382 0.009220
v 0.012694 0.071991 -0.003129
v 0.012145 0.029136 0.001116
v 0.014959 0.007126 0.013192
v 0.015638 0.023997 -0.005146
v 0.015100 0.007183 -0.013035
v 0.015589 0.021352 0.003054
v 0.016143 0.007219 -0.011679
v 0.016887 0.011961 0.013850
v 0.017763 0.007267 0.009011
v 0.019412 0.000465 -0.011187
v 0.018074 0.006497 0.012345
v 0.018760 0.006403 -0.011517
v 0.022210 0.006306 0.000434
v -0.022504 0.005907 -0.001481
v -0.021475 0.011118 -0.004600
v -0.018134 0.007187 0.008385
v -0.018942 0.016057 -0.006016
v -0.016117 0.007208 0.011745
v -0.015380 0.024431 0.005677
v -0.013557 0.019299 -0.009519
v -0.015604 0.021699 -0.003243
v -0.013929 0.000555 0.017592
v -0.015163 0.023447 0.006147
v -0.013944 0.070617 0.003726
v -0.014110 0.095600 0.002097
v -0.014468 0.096925 -0.000859
v -0.014035 0.096998 0.003302
v -0.013843 0.007131 0.014447
v -0.009697 0.088879 0.006549
v -0.013253 0.023994 -0.009826
v -0.012577 0.070713 0.007188
v -0.011708 0.007115 -0.016288
v -0.011667 0.074772 -0.001094
v -0.010077 0.014378 -0.018645
v -0.010700 0.072601 0.003444
v -0.008322 0.009554 0.019839
v -0.008893 0.010438 -0.020018
v -0.009548 0.071850 0.009346
v -0.009143 0.080679 -0.001068
v -0.009939 0.086823 -0.004662
v -0.009254 0.072590 -0.006421
v -0.009307 0.021643 0.012947
v -0.008099 0.095474 -0.011644
v -0.007996 0.107743 -0.000674
v -0.006597 0.069461 -0.013135
v -0.005091 0.028653 -0.011388
v -0.006633 0.043509 0.004702
v -0.005575 0.024764 0.015045
v -0.006110 0.078955 0.008877
v -0.005168 0.080533 0.007680
v -0.004643 0.103579 -0.000732
v -0.002196 0.019951 0.016063
v -0.003226 0.114271 0.000814
v -0.003497 0.103302 0.002325
v -0.003200 0.108230 0.000503
v -0.003185 0.072622 0.010768
v 0.000898 0.100817 0.005129
v 0.001670 0.073034 -0.011511
v 0.001831 0.028719 -0.012366
v 0.000299 0.072634 -0.011267
v 0.000294 0.102092 0.005119
v -0.000494 0.080526 0.009183
v 0.004876 0.087628 -0.010086
v 0.003882 0.080610 -0.008335
v 0.002539 0.101280 0.004629
v 0.002310 0.012682 -0.021813
v 0.003286 0.074833 -0.011221
v 0.002924 0.019653 0.016044
v 0.004683 0.023957 -0.015808
v 0.003911 0.103407 -0.000687
v 0.001968 0.018819 -0.016964
v 0.003457 0.078430 0.009726
v 0.004835 0.099970 -0.000174
v 0.005000 0.067020 -0.007250
v 0.006130 0.067008 0.006303
v 0.004449 0.075582 -0.008527
v 0.004987 0.097382 -0.013225
v 0.005657 0.061955 -0.005167
v 0.006595 0.007204 -0.018848
v 0.007406 0.037303 0.005828
v 0.007809 0.078406 -0.006779
v 0.006338 0.072609 -0.009323
v 0.006834 0.080503 -0.006242
v 0.006618 0.067015 -0.005836
v 0.007956 0.040791 -0.003395
v 0.009796 0.029428 0.007069
v 0.009600 0.098063 0.009203
v 0.008363 0.072616 -0.007530
v 0.010379 0.095542 -0.009618
v 0.009187 0.080523 0.000388
v 0.009987 0.072626 0.005110
v 0.010480 0.072635 -0.003730
v 0.010967 0.007205 -0.016705
v 0.012403 0.028579 -0.001636
v 0.014789 0.012259 0.016075
v 0.013309 0.007204 -0.014916
v 0.014140 0.095466 -0.000493
v 0.012357 0.006379 0.018292
v 0.014400 0.070505 0.000739
v 0.016005 0.009823 0.014547
v 0.015859 0.024849 0.001936
v 0.017592 0.007121 0.009421
v 0.017065 0.000538 0.014517
v 0.018874 0.007211 -0.006369
v 0.019348 0.000087 -0.009999
v 0.020151 0.009629 0.007655
v 0.021675 0.010809 0.003155
v -0.020254 0.012374 0.008226
v -0.020527 0.005933 0.009183
v -0.019917 0.005860 -0.010482
v -0.013029 0.012339 0.017591
v -0.014158 0.021628 0.007367
v -0.009781 0.072591 -0.005589
v -0.010676 0.073322 0.005081
v -0.008454 0.071903 -0.010097
v -0.008770 0.037553 0.003339
v -0.008754 0.081862 -0.003699
v -0.007178 0.078498 -0.007696
v -0.007965 0.079407 0.007393
v -0.004332 0.051209 0.006011
v -0.005698 0.067002 0.006716
v -0.005597 0.007203 0.019093
v -0.004091 0.012709 -0.021504
v -0.003803 0.119909 -0.000635
v -0.006268 0.013789 -0.020630
v -0.003076 0.114783 -0.000637
v -0.002857 0.072617 -0.010889
v -0.001021 0.099965 -0.004771
v -0.000935 0.078166 0.009516
v 0.001280 0.073004 0.011443
v 0.000377 0.099811 -0.006442
v 0.003941 0.058989 0.006267
v 0.003083 0.099969 -0.003707
v 0.003824 0.103023 0.002334
v 0.005359 0.045481 -0.005835
v 0.004721 0.079849 0.009599
v 0.004895 0.067165 0.011246
v 0.006336 0.073702 0.009936
v 0.005193 0.101709 -0.000708
v 0.007632 0.009699 -0.020249
v 0.007130 0.080503 0.005825
v 0.006732 0.078144 0.006768
v 0.007933 0.075701 -0.005334
v 0.008928 0.079808 0.005949
v 0.010532 0.019326 -0.012815
v 0.011168 0.067150 -0.003662
v 0.009843 0.007216 -0.017373
v 0.010189 0.078514 0.002374
v 0.013058 0.000527 -0.018298
v 0.020095 0.015019 0.004843
v 0.021649 0.013197 -0.001041
v -0.019799 0.008525 0.007414
v -0.019986 0.007165 -0.000367
v -0.015270 0.007948 -0.013974
v -0.014289 0.020821 -0.007216
v -0.014474 0.070475 -0.000387
v -0.013600 0.096972 -0.004943
v -0.013607 0.096764 0.005028
v -0.011586 0.000566 0.019255
v -0.009879 0.006421 0.019752
v -0.010596 0.073149 -0.005102
v -0.008468 0.098619 0.008591
v -0.010978 0.072604 -0.002267
v -0.012274 0.007256 -0.015810
v -0.009231 0.080584 0.000689
v -0.008363 0.072592 -0.007560
v -0.006781 0.075594 -0.006926
v -0.005892 0.075285 -0.009656
v -0.004326 0.072609 0.010366
v -0.001852 0.099965 0.004432
v 0.001960 0.039750 -0.008621
v 0.003479 0.062042 -0.006872
v 0.002481 0.099966 0.004092
v 0.004055 0.099806 -0.005577
v 0.003839 0.069929 -0.014199
v 0.004809 0.078916 0.009629
v 0.006434 0.025656 0.012566
v 0.008404 0.024010 0.014171
v 0.007766 0.021450 -0.013931
v 0.010306 0.098761 -0.005465
v 0.007046 0.095383 -0.012309
v 0.015679 0.015472 -0.012957
v 0.013644 0.000014 -0.016920
v 0.017115 0.007945 -0.011397
v 0.017918 0.005905 -0.013483
v 0.022070 0.005829 -0.004107
v -0.021591 0.009581 -0.000896
v -0.012617 0.067779 0.005657
v -0.010681 0.079075 0.002065
v -0.010287 0.095692 0.009906
v -0.009002 0.098604 -0.008202
v -0.006123 0.010940 -0.021074
v -0.005198 0.000535 0.021812
v -0.007581 0.072616 0.008293
v -0.002445 0.102370 -0.004476
v 0.001205 0.024079 0.016421
v 0.002134 0.079334 -0.010661
v 0.001623 0.024048 -0.016460
v 0.002274 0.080246 0.010042
v 0.002891 0.067017 -0.008349
v 0.003894 0.119790 -0.000706
v 0.004339 0.038670 -0.008035
v 0.007385 0.019149 0.014917
v 0.007812 0.087627 -0.008069
v 0.009933 0.080278 -0.002904
v 0.011476 0.026028 0.007716
v 0.013011 0.021238 -0.009063
v 0.014521 0.025315 0.000123
v 0.019050 0.010001 -0.010406
v 0.020133 0.015338 -0.003227
v 0.019954 0.005907 0.010188
v 0.022190 0.000685 -0.003507
v -0.012304 0.028500 0.002542
v -0.004464 0.080492 -0.008177
v -0.004791 0.099966 0.001053
v -0.003935 0.103419 0.000651
v 0.003228 0.103724 -0.000960
v 0.013118 0.067737 -0.003545
v 0.016446 0.024120 -0.001057
v -0.009877 0.015520 0.017726
v -0.003026 0.108662 -0.000877
v -0.000462 0.005897 0.022502
v 0.001711 0.057280 0.007075
v 0.001781 0.072617 0.011038
v 0.005077 0.072120 0.011780
v 0.010863 0.072629 -0.002364
v 0.021934 0.000488 0.004500
v 0.021490 0.009415 -0.000336
v -0.012818 0.005888 -0.018473
v -0.006315 0.072596 -0.009365
v -0.008296 0.080276 -0.006219
v -0.009172 0.024916 -0.013058
v -0.009138 0.078972 -0.005860
v 0.016354 0.024030 0.001883
v -0.007258 0.021519 0.014175
vn -0.9425 0.2715 0.1949
vn -0.8929 0.4460 -0.0615
vn -0.8863 -0.4603 -0.0510
vn -0.8000 -0.5724 -0.1800
vn -0.8318 -0.5045 0.2314
vn -0.6753 0.7352 0.0590
vn -0.4574 -0.8888 0.0289
vn -0.6450 0.7313 0.2217
vn -0.8534 0.4096 -0.3225
vn -0.6522 0.7380 -0.1735
vn -0.9749 -0.0637 -0.2131
vn -0.9324 -0.3580 -0.0500
vn -0.9985 0.0207 0.0500
vn -0.9680 0.2462 -0.0479
vn -0.9397 -0.3162 0.1305
vn -0.9223 0.3277 0.2048
vn -0.9621 -0.0984 0.2542
vn -0.8349 -0.4565 -0.3075
vn -0.8495 -0.4841 -0.2097
vn -0.5297 -0.8082 -0.2574
vn -0.4325 -0.8660 0.2508
vn -0.8079 0.5891 -0.0186
vn -0.8235 0.3867 -0.4151
vn -0.8953 0.3782 -0.2353
vn -0.3767 -0.8921 -0.2494
vn -0.7733 0.5957 0.2172
vn -0.8300 -0.3968 0.3921
vn -0.7807 0.5057 0.3672
vn -0.8102 -0.5796 0.0874
vn -0.8158 -0.4834 0.3174
vn -0.7034 0.6968 -0.1405
vn -0.8714 -0.2960 -0.3912
vn -0.9534 -0.2786 -0.1157
vn -0.9180 0.1403 0.3708
vn -0.9531 0.3003 0.0377
vn -0.4803 0.8762 -0.0388
vn -0.9150 0.0536 -0.3999
vn -0.8272 0.4077 -0.3867
vn -0.4611 0.7862 0.4115
vn -0.8094 0.3475 0.4735
vn -0.8577 -0.1555 0.4902
vn -0.7749 0.4169 0.4751
vn -0.8561 0.2460 0.4546
vn -0.9296 0.2727 0.2479
vn -0.7928 -0.2969 -0.5323
vn -0.7732 0.6318 -0.0543
vn -0.5371 0.7584 -0.3693
vn -0.7063 0.6707 -0.2266
vn -0.9351 -0.2498 -0.2512
vn -0.5696 0.8052 -0.1647
vn -0.9126 0.2428 -0.3289
vn -0.7561 -0.3907 0.5250
vn -0.5640 -0.8035 0.1904
vn -0.8673 -0.3371 -0.3663
vn -0.7264 -0.5533 -0.4076
vn -0.8486 0.4934 0.1906
vn -0.6600 0.6453 0.3847
vn -0.8163 0.0479 -0.5756
vn -0.6377 0.6448 -0.4213
vn -0.7062 0.3928 -0.5891
vn -0.7630 -0.5922 0.2591
vn -0.8562 0.2240 0.4656
vn -0.1873 -0.9383 0.2908
vn -0.6701 -0.5493 0.4993
vn -0.7733 -0.3495 -0.5290
vn -0.3800 -0.8668 0.3229
vn -0.6502 -0.3686 0.6643
vn -0.7513 0.2735 0.6007
vn -0.7076 0.4186 -0.5693
vn -0.8532 0.2772 -0.4417
vn -0.7953 0.5080 -0.3309
vn -0.8111 -0.2831 -0.5118
vn -0.7220 -0.2734 0.6356
vn -0.6839 0.5364 -0.4945
vn -0.7408 0.2305 0.6310
vn -0.6685 0.6654 0.3321
vn -0.7803 0.2370 0.5787
vn -0.5692 0.5596 0.6023
vn -0.5931 -0.5969 -0.5403
vn -0.5427 -0.6600 -0.5195
vn -0.7394 -0.1110 -0.6640
vn -0.5271 0.7434 -0.4118
vn -0.7040 -0.5099 -0.4944
vn -0.3777 0.8152 -0.4391
vn -0.5696 -0.7253 0.3867
vn -0.7516 -0.2736 -0.6001
vn -0.6262 -0.3145 -0.7134
vn -0.9452 0.3229 0.0494
vn -0.9493 0.2633 -0.1715
vn -0.2197 -0.8973 -0.3828
vn -0.5865 -0.4111 -0.6979
vn -0.6064 0.3747 0.7013
vn -0.6052 0.1706 -0.7776
vn -0.9459 0.1943 -0.2599
vn -0.9991 0.0399 -0.0165
vn -0.6942 0.7198 0.0036
vn -0.9543 0.2222 0.1999
vn -0.4164 0.7765 0.4730
vn -0.6076 -0.1716 0.7754
vn -0.9863 -0.0046 0.1648
vn -0.9973 -0.0604 -0.0420
vn -0.6086 0.5965 0.5232
vn -0.5327 -0.6894 0.4908
vn -0.9752 -0.0446 -0.2169
vn -0.8377 0.3741 0.3978
vn -0.8729 0.3599 0.3294
vn -0.6493 0.3362 -0.6822
vn -0.5596 0.8068 -0.1896
vn -0.5056 0.8436 0.1809
vn -0.5111 0.5909 -0.6241
vn -0.9416 0.1177 0.3155
vn -0.9153 -0.1054 0.3888
vn -0.8918 -0.1359 -0.4315
vn -0.5446 0.6847 -0.4844
vn -0.8779 0.1630 -0.4503
vn -0.5320 -0.4618 0.7097
vn -0.6807 -0.3461 0.6457
vn -0.8958 0.0504 -0.4415
vn -0.6220 -0.3843 -0.6822
vn -0.6228 0.6790 -0.3887
vn -0.8668 -0.0322 0.4976
vn -0.4362 0.8953 0.0898
vn -0.6139 0.7833 -0.0976
vn -0.5740 0.1901 0.7965
vn -0.4668 0.5465 0.6953
vn -0.5650 0.5719 -0.5948
vn -0.8239 0.2047 0.5285
vn -0.4826 -0.5218 0.7034
vn -0.9868 -0.0742 0.1439
vn -0.9275 0.3727 -0.0284
vn -0.9856 -0.0273 -0.1670
vn -0.9092 -0.4155 -0.0267
vn -0.3739 0.8842 -0.2801
vn -0.8091 0.5801 0.0938
vn -0.7934 0.1152 -0.5976
vn -0.8588 0.4517 0.2415
vn -0.8244 -0.4857 -0.2907
vn -0.9627 -0.2369 0.1307
vn -0.9057 0.3627 0.2194
vn -0.9546 0.2803 -0.1007
vn -0.5256 0.3681 -0.7670
vn -0.8353 0.4983 -0.2321
vn -0.8002 -0.5669 0.1958
vn -0.7887 0.2497 0.5617
vn -0.6881 0.7245 0.0407
vn -0.4955 0.7479 0.4417
vn -0.9135 0.1918 0.3589
vn -0.4724 0.7980 0.3743
vn -0.9142 -0.1038 0.3918
vn -0.5491 -0.8357 -0.0119
vn -0.7493 0.6558 0.0923
vn -0.9012 0.3075 -0.3053
vn -0.9524 -0.2469 -0.1790
vn -0.8877 0.1164 -0.4455
vn -0.4750 -0.3139 -0.8221
vn -0.4239 0.7277 -0.5392
vn -0.8884 0.4433 -0.1196
vn -0.9147 0.2440 -0.3221
vn -0.5014 0.8635 -0.0547
vn -0.5352 -0.8066 0.2509
vn -0.5795 -0.4344 0.6895
vn -0.9382 -0.3446 -0.0321
vn -0.5572 0.1740 0.8119
vn -0.4801 0.8528 -0.2056
vn -0.7688 0.4503 0.4541
vn -0.7305 -0.0766 0.6786
vn -0.7069 0.1365 0.6940
vn -0.5838 -0.2538 -0.7712
vn -0.0582 -0.9670 0.2478
vn -0.5964 0.7594 -0.2600
vn -0.4619 0.8626 0.2065
vn -0.8596 -0.2649 -0.4369
vn -0.8461 0.3643 0.3890
vn -0.3505 -0.9328 -0.0838
vn -0.5193 0.7970 0.3085
vn -0.7616 0.0060 -0.6480
vn -0.4651 0.8814 0.0822
vn -0.4208 0.9033 0.0829
vn -0.8678 0.4629 0.1808
vn -0.4629 0.2557 0.8487
vn -0.4482 -0.5784 -0.6816
vn -0.4888 -0.3322 -0.8067
vn -0.4308 -0.4637 0.7742
vn -0.4567 0.3483 0.8186
vn -0.7817 -0.3441 0.5201
vn -0.8448 -0.2777 0.4573
vn -0.3358 0.7778 -0.5312
vn -0.7896 -0.3155 0.5264
vn -0.2498 0.8013 0.5436
vn -0.8463 0.4054 -0.3457
vn -0.7161 -0.4183 -0.5588
vn -0.4587 0.6309 -0.6257
vn -0.8187 0.2607 -0.5116
vn -0.7143 0.4922 -0.4975
vn -0.5895 0.5778 -0.5645
vn -0.9064 -0.3133 0.2834
vn -0.7790 0.2564 0.5722
vn -0.3008 0.7779 -0.5516
vn -0.5983 0.6590 -0.4558
vn -0.4870 -0.8100 -0.3267
vn -0.8064 0.4303 0.4058
vn -0.8621 -0.3219 -0.3914
vn -0.6262 0.0808 -0.7754
vn -0.6253 0.3159 -0.7136
vn -0.2078 0.9772 0.0426
vn -0.9419 0.3172 0.1106
vn -0.7186 -0.2684 -0.6415
vn -0.3831 0.3528 -0.8537
vn -0.4136 0.5120 -0.7529
vn -0.4015 0.3162 0.8596
vn -0.6989 0.2641 0.6647
vn -0.6357 -0.0656 -0.7691
vn -0.6959 0.4657 -0.5467
vn -0.5709 0.4674 0.6750
vn -0.7397 0.0789 -0.6683
vn -0.8632 0.4967 -0.0899
vn -0.9746 -0.1051 -0.1977
vn -0.9898 -0.0969 0.1046
vn -0.3219 0.8324 -0.4511
vn -0.4117 0.8135 0.4108
vn -0.8340 0.4942 0.2456
vn -0.9186 0.2489 0.3069
vn -0.3894 -0.2178 -0.8949
vn -0.8747 0.4790 -0.0736
vn -0.6742 0.4177 -0.6091
vn -0.2205 -0.9386 -0.2653
vn -0.5902 -0.5687 0.5729
vn -0.8999 -0.3502 0.2600
vn -0.9507 0.2998 -0.0787
vn -0.3914 0.8735 -0.2895
vn -0.9177 0.2350 0.3205
vn -0.8911 0.4537 0.0063
vn -0.6943 -0.2243 0.6838
vn -0.8516 -0.3447 -0.3949
vn -0.3101 0.7723 0.5544
vn -0.2762 0.6327 -0.7235
vn -0.4676 0.2376 -0.8514
vn -0.3693 0.6124 0.6990
vn -0.8223 0.4868 -0.2947
vn -0.8728 -0.2548 0.4163
vn -0.5814 0.5135 -0.6311
vn -0.3256 -0.7106 0.6238
vn -0.8968 0.3681 -0.2455
vn -0.9054 0.3453 -0.2469
vn -0.9138 0.2673 -0.3058
vn -0.5103 0.8582 0.0547
vn -0.4260 -0.0362 0.9040
vn -0.4469 0.1550 -0.8810
vn -0.1834 -0.9530 0.2411
vn -0.2466 0.9324 0.2644
vn -0.7139 0.5740 0.4011
vn -0.5093 0.7993 -0.3191
vn -0.2869 -0.5109 -0.8103
vn -0.6256 0.4408 0.6437
vn -0.8166 0.1176 -0.5651
vn -0.9531 -0.1807 0.2428
vn -0.6337 0.3803 0.6736
vn -0.5835 -0.0129 0.8120
vn -0.7650 -0.6402 -0.0701
vn -0.9534 -0.2373 0.1863
vn -0.9840 0.1733 -0.0424
vn -0.8647 0.3029 0.4007
vn -0.6549 0.7438 0.1337
vn -0.6860 0.7050 -0.1801
vn -0.7905 0.3081 -0.5294
vn -0.8885 -0.2149 -0.4054
vn -0.9563 -0.0360 -0.2901
vn -0.1413 0.8118 -0.5666
vn -0.3497 -0.3779 0.8573
vn -0.2857 0.9245 -0.2524
vn -0.4216 0.6884 0.5902
vn -0.3005 -0.5347 0.7898
vn -0.8895 0.1580 0.4287
vn -0.3175 0.3348 0.8872
vn -0.6634 -0.6889 -0.2921
vn -0.7293 -0.4317 -0.5308
vn -0.8203 0.3224 0.4724
vn -0.8787 0.2414 0.4117
vn -0.5606 0.0431 0.8270
vn -0.7459 0.0232 0.6657
vn -0.7233 0.6585 -0.2077
vn -0.6139 -0.7245 0.3135
vn -0.6124 0.2497 -0.7501
vn -0.9423 -0.3213 -0.0936
vn -0.6860 0.3640 0.6300
vn -0.6275 -0.0130 -0.7785
vn -0.4440 0.4614 0.7681
vn -0.7018 -0.3191 -0.6369
vn -0.6027 -0.1262 -0.7879
vn -0.8168 0.3822 -0.4322
vn -0.8060 0.4071 -0.4296
vn -0.9468 0.2338 -0.2210
vn -0.7859 -0.3255 -0.5257
vn -0.1113 0.9890 -0.0978
vn -0.5640 0.1719 0.8077
vn -0.7604 0.3284 0.5604
vn -0.2945 0.9085 0.2964
vn -0.6634 0.6721 0.3290
vn -0.8541 -0.5009 0.1403
vn -0.8021 -0.5870 -0.1099
vn -0.4391 0.4086 -0.8001
vn -0.3490 0.7424 -0.5719
vn -0.4530 0.2082 -0.8669
vn -0.7100 0.6780 0.1900
vn -0.8757 -0.4817 0.0343
vn -0.5782 0.0037 0.8159
vn -0.7486 -0.6057 0.2696
vn -0.3213 0.8511 -0.4151
vn -0.3705 -0.6647 -0.6488
vn -0.3554 0.3105 0.8816
vn -0.5895 -0.6882 0.4229
vn -0.4051 -0.6367 0.6561
vn -0.6382 -0.4035 0.6557
vn -0.2767 0.2412 0.9302
vn -0.5991 -0.7874 -0.1453
vn -0.6125 -0.7705 0.1767
vn -0.5088 0.8128 0.2837
vn -0.7896 0.5884 -0.1741
vn -0.5400 -0.2429 -0.8059
vn -0.7576 -0.5792 -0.3009
vn -0.7830 0.2540 -0.5679
vn -0.4226 -0.8448 0.3284
vn -0.9511 -0.3057 0.0435
vn -0.4765 -0.0414 -0.8782
vn -0.6537 -0.2541 -0.7128
vn -0.7922 -0.0293 0.6096
vn -0.7467 -0.2637 0.6106
vn -0.7166 0.5165 -0.4687
vn -0.4521 0.8212 -0.3483
vn -0.9569 0.1417 0.2535
vn -0.2845 0.8247 0.4889
vn -0.3102 0.3441 -0.8862
vn -0.1658 -0.6122 -0.7731
vn -0.5747 0.7006 0.4229
vn -0.2426 -0.5654 -0.7883
vn -0.4039 0.5820 0.7058
vn -0.4123 0.0040 0.9111
vn -0.1155 0.9880 -0.1027
vn -0.6316 0.6810 -0.3706
vn -0.2622 0.6700 -0.6946
vn -0.2823 0.7773 -0.5622
vn -0.7304 0.3227 -0.6019
vn -0.2716 0.3800 -0.8842
vn -0.5578 -0.6866 0.4662
vn -0.7310 0.0617 0.6796
vn -0.6952 0.3401 -0.6333
vn -0.4082 0.2282 0.8839
vn -0.5942 0.4828 -0.6433
vn -0.7008 -0.5430 0.4627
vn -0.3996 0.5682 -0.7193
vn -0.4056 -0.7440 -0.5310
vn -0.3712 -0.2188 -0.9024
vn -0.6767 -0.5351 -0.5057
vn -0.5582 -0.7546 -0.3449
vn -0.5662 -0.3808 0.7310
vn -0.5565 0.4854 -0.6743
vn -0.9722 -0.1547 0.1755
vn -0.6843 0.2034 -0.7003
vn -0.5037 0.4991 0.7051
vn -0.4598 0.4235 0.7805
vn -0.4822 -0.3293 -0.8119
vn -0.2814 -0.1144 -0.9528
vn -0.8910 0.1351 -0.4334
vn -0.1396 0.8293 -0.5411
vn -0.2447 0.4395 0.8642
vn -0.5228 0.6654 -0.5328
vn -0.4827 -0.7130 -0.5085
vn -0.7197 0.2407 0.6512
vn -0.4059 0.3006 -0.8631
vn -0.6087 -0.3288 0.7221
vn -0.5083 -0.7985 0.3224
vn -0.5204 0.6843 0.5108
vn -0.6247 0.2478 -0.7405
vn -0.7043 0.6014 0.3772
vn -0.4418 -0.0631 -0.8949
vn -0.4173 0.3369 -0.8440
vn -0.3948 -0.0141 -0.9187
vn -0.9875 0.0797 -0.1357
vn -0.6731 0.2583 0.6930
vn -0.5607 0.4160 -0.7159
vn -0.8434 0.3638 -0.3953
vn -0.5932 -0.4563 0.6632
vn -0.7892 0.4206 0.4474
vn -0.7950 -0.3353 -0.5055
vn -0.9610 -0.1533 -0.2301
vn -0.3907 -0.7862 -0.4788
vn -0.4578 -0.2302 0.8587
vn -0.1822 -0.5048 0.8438
vn -0.3084 0.7903 -0.5294
vn -0.1472 0.7434 0.6525
vn -0.3569 0.3147 0.8795
vn -0.0914 -0.9288 0.3590
vn -0.2192 0.7345 0.6422
vn -0.0701 0.9055 0.4185
vn -0.1699 0.8989 0.4039
vn -0.5738 -0.6147 0.5412
vn -0.1793 -0.7031 -0.6881
vn -0.2938 0.7605 -0.5791
vn -0.8051 0.1601 0.5712
vn -0.3996 0.7899 0.4652
vn -0.6793 0.2199 -0.7001
vn -0.2419 -0.6280 0.7397
vn -0.6009 0.2389 -0.7628
vn -0.5697 0.2613 0.7792
vn -0.0653 0.0845 -0.9943
vn -0.0107 0.2386 0.9711
vn -0.2436 -0.0247 0.9696
vn -0.9998 0.0114 -0.0170
vn -0.5162 0.0337 -0.8558
vn -0.3393 -0.1224 -0.9327
vn -0.2684 0.5020 -0.8222
vn -0.3793 -0.2444 0.8924
vn -0.3773 -0.7958 0.4736
vn -0.4628 -0.4836 -0.7429
vn -0.5312 0.2388 -0.8129
vn -0.9395 0.0400 0.3402
vn -0.1654 0.2094 -0.9637
vn -0.4630 -0.6231 -0.6303
vn -0.7770 -0.1750 -0.6047
vn -0.8347 -0.1867 0.5180
vn -0.3231 0.3388 0.8836
vn -0.4582 0.2504 0.8528
vn -0.2262 -0.1000 -0.9689
vn -0.9114 -0.0577 -0.4074
vn -0.5218 -0.3270 0.7879
vn -0.4607 0.5107 0.7259
vn -0.4124 -0.0867 0.9069
vn -0.4373 0.5537 -0.7086
vn -0.4547 -0.2711 0.8484
vn -0.4728 0.0436 -0.8801
vn -0.4954 -0.1964 -0.8462
vn -0.2009 -0.5774 0.7914
vn -0.3612 0.4393 -0.8225
vn -0.2905 0.6462 0.7057
vn -0.0864 -0.9218 -0.3780
vn -0.0358 -0.5805 0.8134
vn -0.1957 0.5887 0.7843
vn -0.1496 -0.3496 0.9249
vn -0.0531 -0.9283 -0.3681
vn -0.1001 0.8694 -0.4838
vn -0.4417 0.2806 -0.8522
vn -0.3165 0.3154 0.8946
vn -0.1327 0.9231 0.3608
vn -0.8421 0.5140 -0.1634
vn -0.4373 0.4853 0.7572
vn -0.1568 -0.7530 0.6390
vn -0.4544 0.3938 0.7990
vn -0.1415 0.8596 -0.4911
vn -0.1823 0.2700 -0.9454
vn -0.1170 0.8714 -0.4764
vn -0.6869 0.0347 -0.7259
vn -0.4550 -0.5604 0.6920
vn -0.2336 -0.2457 0.9408
vn -0.6301 -0.1739 0.7568
vn -0.7349 -0.0255 0.6777
vn -0.1399 0.9401 -0.3110
vn -0.4261 0.2921 -0.8562
vn -0.0577 -0.0970 -0.9936
vn -0.4631 -0.5741 0.6752
vn -0.3533 0.8697 0.3448
vn 0.0863 -0.9784 -0.1881
vn -0.2234 0.8639 -0.4514
vn -0.2167 0.2807 -0.9350
vn -0.2949 0.5342 0.7922
vn -0.2841 -0.7520 -0.5949
vn -0.1459 -0.3699 -0.9175
vn -0.0991 0.7150 -0.6921
vn -0.3033 0.2761 -0.9120
vn -0.2395 -0.7944 0.5582
vn -0.2289 0.7749 -0.5892
vn -0.0889 0.6223 -0.7777
vn -0.3976 -0.1525 0.9048
vn -0.5949 0.1763 0.7842
vn -0.1263 0.5779 0.8062
vn -0.4669 0.1122 -0.8771
vn -0.4633 0.0847 -0.8821
vn -0.1764 -0.0040 0.9843
vn -0.0489 0.9200 -0.3888
vn -0.4696 -0.1639 -0.8675
vn -0.4561 -0.4769 -0.7514
vn -0.5167 0.0508 0.8547
vn -0.2048 0.5613 0.8019
vn -0.0899 0.2512 0.9637
vn -0.2792 -0.7986 0.5331
vn -0.2413 0.5603 0.7923
vn -0.1924 0.6329 0.7499
vn -0.1609 0.3713 -0.9145
vn -0.3389 -0.2515 0.9066
vn -0.2035 0.4579 0.8654
vn -0.2554 0.6399 -0.7247
vn -0.3776 0.4205 0.8250
vn -0.3665 0.4197 0.8304
vn -0.6603 0.5000 0.5604
vn -0.8003 0.5771 0.1626
vn -0.1720 0.6986 -0.6945
vn -0.0433 0.9835 0.1758
vn -0.2496 -0.3439 -0.9052
vn -0.1479 0.3439 0.9273
vn -0.1188 0.0775 0.9899
vn -0.2421 0.6091 -0.7552
vn -0.2475 -0.6095 0.7532
vn -0.2408 -0.4977 0.8333
vn -0.9779 -0.0908 -0.1886
vn -0.9772 -0.1350 0.1641
vn -0.8649 0.4970 0.0699
vn -0.3979 0.2935 -0.8692
vn -0.1187 0.8417 0.5267
vn -0.2966 -0.4303 -0.8526
vn -0.1395 0.6503 0.7467
vn -0.8536 0.3928 0.3422
vn -0.8735 0.3657 -0.3214
vn -0.8223 0.1067 0.5590
vn -0.1691 0.2849 0.9435
vn -0.7686 -0.0861 -0.6339
vn -0.2153 -0.6696 -0.7108
vn -0.7435 0.5680 -0.3530
vn -0.0379 -0.4886 -0.8717
vn -0.7062 0.5340 -0.4649
vn -0.1936 -0.3431 -0.9191
vn -0.3640 0.5759 -0.7320
vn -0.1395 0.5763 -0.8052
vn -0.5402 -0.7778 0.3214
vn -0.2353 0.4965 -0.8355
vn -0.1919 -0.0497 -0.9802
vn -0.5369 0.4612 -0.7064
vn 0.0872 -0.8702 -0.4850
vn -0.1439 -0.7042 -0.6953
vn -0.1617 0.0276 -0.9865
vn -0.1423 0.4376 -0.8878
vn -0.1085 0.0953 -0.9895
vn -0.2148 0.1024 -0.9713
vn -0.6646 -0.2444 0.7061
vn -0.5833 0.6275 -0.5157
vn -0.9231 -0.2393 -0.3010
vn -0.6908 -0.3328 0.6419
vn -0.7635 -0.3253 -0.5579
vn -0.7583 0.1155 0.6416
vn -0.3583 -0.0532 -0.9321
vn -0.1748 -0.0937 0.9801
vn -0.1445 -0.8866 -0.4395
vn -0.5636 0.4900 0.6650
vn -0.2140 0.1931 0.9576
vn -0.6521 0.2687 0.7089
vn -0.1047 0.6424 0.7592
vn 0.2166 -0.9429 -0.2530
vn -0.5393 0.7668 0.3482
vn -0.0058 0.4672 0.8841
vn -0.8562 0.0729 -0.5115
vn -0.8844 0.1678 0.4356
vn -0.4181 0.8561 -0.3037
vn -0.2300 -0.5851 -0.7776
vn -0.2299 0.5440 -0.8069
vn -0.0781 0.2796 -0.9569
vn -0.0467 0.8770 0.4782
vn 0.0014 0.7868 0.6173
vn -0.3445 -0.0459 0.9377
vn -0.2649 0.7397 0.6186
vn -0.2992 0.1664 -0.9396
vn -0.0908 0.1413 0.9858
vn -0.7954 -0.2516 -0.5513
vn -0.0683 0.5504 -0.8321
vn -0.6061 0.5481 -0.5763
vn -0.2502 0.3500 -0.9027
vn -0.2983 0.3118 -0.9021
vn -0.3143 0.7919 0.5235
vn -0.1324 -0.7887 0.6003
vn -0.2565 0.6032 -0.7552
vn -0.0361 -0.7747 0.6313
vn -0.0868 0.0461 -0.9952
vn -0.9986 0.0396 -0.0361
vn -0.1756 0.2616 0.9491
vn -0.0450 -0.1055 -0.9934
vn -0.3281 -0.2198 0.9187
vn -0.5394 0.1134 0.8343
vn -0.2967 0.1693 0.9398
vn 0.4938 0.2022 0.8458
vn -0.0010 0.9385 -0.3454
vn -0.0818 0.6559 0.7504
vn -0.1070 0.6758 0.7293
vn -0.0219 0.5638 -0.8257
vn -0.2810 0.0308 0.9592
vn -0.0902 0.3558 0.9302
vn 0.0075 -0.5845 -0.8113
vn -0.0330 -0.8694 -0.4929
vn -0.2139 -0.2404 -0.9468
vn -0.3834 0.3158 0.8679
vn -0.0986 -0.4468 0.8892
vn 0.1056 -0.9662 0.2353
vn 0.0091 -0.8900 0.4559
vn -0.0534 0.5882 -0.8069
vn -0.0508 0.6695 0.7410
vn -0.8054 -0.4664 0.3659
vn -0.9606 0.0313 -0.2763
vn -0.4782 0.5032 0.7198
vn -0.0230 0.3752 -0.9267
vn 0.1011 -0.0805 0.9916
vn -0.1457 0.0607 0.9875
vn -0.4249 0.4503 -0.7853
vn -0.4854 0.5504 -0.6794
vn -0.0840 0.6088 -0.7889
vn -0.1605 0.2291 0.9601
vn -0.1070 -0.2186 0.9699
vn -0.0874 -0.3282 0.9405
vn -0.0225 0.2824 -0.9590
vn -0.4796 -0.2134 -0.8511
vn -0.2642 0.8577 0.4411
vn -0.2945 -0.1905 0.9365
vn -0.0597 -0.6840 0.7271
vn -0.0555 -0.6000 0.7981
vn -0.0030 -0.2853 0.9584
vn -0.0990 0.3981 -0.9120
vn 0.0363 -0.7468 0.6640
vn 0.0240 -0.1798 0.9834
vn -0.1460 -0.1056 -0.9836
vn -0.0298 -0.3942 0.9185
vn -0.0253 0.6167 0.7868
vn -0.2626 0.1211 -0.9573
vn 0.0049 0.9884 -0.1520
vn -0.2923 0.5262 -0.7986
vn -0.0122 0.8232 -0.5677
vn 0.0068 0.2005 -0.9797
vn -0.1214 0.8663 -0.4846
vn 0.0313 0.0082 -0.9995
vn 0.0882 0.7720 -0.6294
vn -0.1445 -0.1979 0.9695
vn -0.3402 0.4946 0.7998
vn 0.0278 0.2358 0.9714
vn -0.1902 0.1033 -0.9763
vn 0.0081 0.4372 0.8993
vn -0.0734 0.1618 0.9841
vn -0.0472 -0.5626 -0.8254
vn 0.0213 0.5090 -0.8605
vn -0.0230 -0.0439 0.9988
vn 0.0037 0.6007 -0.7994
vn -0.0683 0.1422 0.9875
vn -0.0251 -0.7462 -0.6652
vn 0.0285 -0.5826 -0.8123
vn -0.0178 0.4256 0.9048
vn -0.1924 0.5579 -0.8073
vn 0.1770 0.2892 -0.9408
vn 0.0952 0.2154 0.9719
vn 0.0683 0.1275 0.9895
vn -0.0868 0.5410 0.8365
vn -0.0426 0.7263 0.6860
vn 0.0844 0.2867 -0.9543
vn 0.0012 0.4174 0.9087
vn 0.0185 0.7867 -0.6170
vn -0.0221 -0.3230 -0.9461
vn 0.0351 -0.5511 -0.8337
vn 0.0496 0.9439 0.3266
vn 0.0592 0.2340 0.9704
vn 0.0740 0.1669 -0.9832
vn 0.1029 0.5279 -0.8431
vn -0.0708 -0.7763 0.6264
vn 0.0589 0.7751 -0.6291
vn 0.0045 0.4045 -0.9145
vn 0.2229 0.5071 0.8326
vn 0.0310 0.5083 0.8606
vn 0.0192 0.2716 -0.9622
vn 0.0708 0.5547 0.8290
vn 0.0532 0.0273 -0.9982
vn 0.1422 0.6145 -0.7760
vn 0.1093 0.5377 -0.8360
vn 0.1057 0.1910 -0.9759
vn 0.0599 0.3278 0.9428
vn 0.0714 0.9487 0.3081
vn 0.0989 -0.2946 -0.9505
vn 0.1497 -0.2093 -0.9663
vn 0.1055 -0.1085 0.9885
vn 0.1103 0.0401 -0.9931
vn 0.0964 0.2369 0.9667
vn 0.0243 -0.4301 -0.9025
vn 0.1720 -0.1702 -0.9703
vn 0.1940 -0.0195 -0.9808
vn 0.0566 0.0114 0.9983
vn 0.0703 0.7147 0.6959
vn 0.1386 0.4385 -0.8880
vn 0.1089 0.8094 0.5770
vn 0.0868 0.7263 0.6819
vn 0.0677 -0.5129 0.8558
vn 0.1608 -0.1879 0.9689
vn 0.2022 0.8709 0.4480
vn 0.1339 -0.4123 -0.9011
vn 0.1428 -0.6533 0.7435
vn 0.1229 0.1423 0.9822
vn 0.0091 0.6627 0.7488
vn 0.2015 0.9160 0.3470
vn 0.1256 -0.3490 -0.9287
vn 0.0943 0.1230 -0.9879
vn 0.1165 0.4195 0.9002
vn 0.1176 0.2846 -0.9514
vn 0.1852 0.6327 0.7519
vn 0.1339 0.9113 -0.3893
vn 0.1562 -0.1899 0.9693
vn 0.0974 -0.4472 0.8891
vn 0.2154 0.9301 -0.2975
vn 0.5429 0.6622 -0.5165
vn 0.1347 0.4498 0.8829
vn 0.1842 -0.5707 -0.8002
vn 0.3431 0.5255 0.7785
vn 0.1072 -0.6771 0.7280
vn 0.1795 0.5836 -0.7920
vn 0.1528 -0.2859 0.9460
vn 0.1493 -0.5679 0.8095
vn 0.0422 0.6426 0.7651
vn 0.1871 -0.8175 0.5447
vn 0.1151 0.8430 0.5254
vn 0.0706 0.6056 -0.7926
vn 0.1586 0.2855 0.9452
vn 0.1459 0.2832 0.9479
vn 0.2448 0.2063 -0.9474
vn 0.1766 0.7675 0.6163
vn 0.3729 0.1817 0.9099
vn 0.1752 0.6927 -0.6997
vn 0.1831 -0.7713 -0.6095
vn 0.2026 0.0652 0.9771
vn 0.4439 0.7648 0.4668
vn 0.1544 0.6889 -0.7083
vn 0.0932 0.6627 -0.7430
vn 0.2101 0.6036 0.7691
vn 0.1812 -0.6297 0.7554
vn 0.2910 0.7823 -0.5507
vn 0.1805 0.3299 -0.9266
vn 0.4048 -0.1104 -0.9077
vn 0.2033 0.2895 -0.9353
vn 0.2185 -0.1328 0.9668
vn 0.1877 0.2215 0.9569
vn 0.1910 0.4522 0.8712
vn 0.2923 0.5228 -0.8008
vn 0.2284 0.5321 -0.8153
vn 0.2017 -0.7680 0.6079
vn 0.2326 0.0078 -0.9725
vn 0.2155 0.1638 0.9627
vn 0.1070 0.9864 -0.1251
vn 0.3567 -0.3017 0.8842
vn 0.1498 0.1242 0.9809
vn 0.2722 -0.0417 0.9613
vn 0.4494 -0.1387 -0.8825
vn 0.2482 0.8056 0.5380
vn 0.4000 0.5697 0.7179
vn 0.3965 -0.0176 -0.9179
vn 0.2040 0.3441 0.9165
vn 0.2025 0.7828 -0.5883
vn 0.2218 0.2504 -0.9424
vn 0.3187 0.8352 0.4482
vn 0.1562 -0.5664 0.8092
vn 0.2127 0.5779 -0.7879
vn 0.6115 0.3166 -0.7252
vn 0.1396 -0.6169 -0.7745
vn 0.3083 0.0044 -0.9513
vn 0.1737 -0.2243 0.9589
vn 0.2543 -0.7899 -0.5580
vn 0.4335 0.1253 -0.8924
vn 0.2352 0.5601 -0.7944
vn 0.3120 0.7172 -0.6231
vn 0.4822 -0.0045 0.8760
vn 0.2110 0.7662 -0.6070
vn 0.4315 0.5280 0.7315
vn 0.1589 0.9721 0.1723
vn 0.1914 0.7562 0.6258
vn 0.2633 0.6131 -0.7448
vn 0.4966 0.3670 -0.7866
vn 0.1615 -0.6022 -0.7818
vn 0.3787 0.6776 -0.6304
vn 0.2959 0.8302 0.4725
vn 0.5123 -0.1615 0.8435
vn 0.5565 -0.0752 0.8275
vn 0.2567 0.3187 0.9124
vn 0.3931 -0.3293 -0.8585
vn 0.3948 -0.3230 -0.8601
vn 0.1466 0.8897 0.4324
vn 0.2601 -0.0145 0.9655
vn 0.2715 0.5424 0.7950
vn 0.2307 0.3329 0.9143
vn 0.2645 0.1147 -0.9575
vn 0.2675 -0.0976 -0.9586
vn 0.3457 0.4088 -0.8446
vn 0.3572 -0.3564 0.8633
vn 0.3360 0.5398 -0.7718
vn 0.5270 0.0328 0.8493
vn 0.4277 0.5133 -0.7440
vn 0.4433 -0.3591 0.8213
vn 0.3893 -0.2419 0.8888
vn 0.4119 -0.5591 0.7196
vn 0.2836 -0.8084 -0.5157
vn 0.3367 0.4924 0.8026
vn 0.2263 0.8885 -0.3991
vn 0.7666 -0.2824 0.5767
vn 0.7146 0.4166 -0.5620
vn 0.6720 -0.2050 -0.7116
vn 0.4199 -0.7765 0.4698
vn 0.3242 0.4230 0.8462
vn 0.7364 -0.0747 -0.6724
vn 0.4056 -0.1417 -0.9030
vn 0.3012 0.3171 -0.8993
vn 0.4149 -0.5853 -0.6966
vn 0.3191 0.0718 -0.9450
vn 0.4794 0.2237 -0.8486
vn 0.6484 0.6963 -0.3078
vn 0.5661 0.4869 -0.6652
vn 0.2381 0.4683 -0.8509
vn 0.6302 0.6736 0.3861
vn 0.7616 -0.3178 -0.5647
vn 0.4023 0.4851 0.7764
vn 0.7436 0.0791 0.6639
vn 0.2112 0.9362 0.2810
vn 0.9965 -0.0062 0.0836
vn 0.8956 -0.1896 0.4024
vn 0.0471 -0.9770 0.2078
vn 0.2857 -0.8135 0.5065
vn 0.1742 0.9613 -0.2132
vn 0.7873 -0.4174 -0.4538
vn 0.4214 0.7649 0.4872
vn 0.3825 0.6922 0.6120
vn 0.1838 0.3457 -0.9202
vn 0.2792 -0.7528 0.5962
vn 0.5113 0.2236 0.8298
vn 0.3110 -0.5668 -0.7629
vn 0.3289 0.2555 0.9091
vn 0.2487 -0.3998 -0.8822
vn 0.2668 0.2260 0.9369
vn 0.4415 -0.2462 -0.8628
vn 0.6786 0.5390 -0.4989
vn 0.2652 0.8548 -0.4461
vn 0.2428 -0.0399 -0.9693
vn 0.2787 0.3799 -0.8821
vn -0.0188 0.4429 0.8964
vn 0.7444 0.0882 -0.6619
vn 0.3356 0.1171 0.9347
vn 0.3579 -0.7835 -0.5079
vn 0.3856 0.3016 -0.8720
vn 0.6599 0.5264 0.5361
vn 0.3940 -0.3158 0.8632
vn 0.9450 0.0776 0.3178
vn 0.3290 -0.4576 -0.8260
vn 0.4479 0.1842 -0.8749
vn 0.6230 0.2447 0.7430
vn 0.4237 0.2964 0.8559
vn 0.8844 -0.0460 -0.4644
vn 0.2009 0.8840 -0.4222
vn 0.1554 -0.9171 0.3671
vn 0.9295 -0.1501 0.3370
vn 0.2963 0.7572 0.5821
vn 0.5962 -0.0052 -0.8028
vn 0.9783 -0.1892 0.0849
vn 0.3387 0.5983 -0.7262
vn 0.6533 0.2803 -0.7033
vn 0.7667 0.5088 -0.3916
vn 0.1828 -0.8977 0.4009
vn 0.5005 0.5738 -0.6483
vn 0.2003 0.9796 0.0147
vn 0.6875 0.1040 0.7187
vn 0.9004 0.3434 0.2672
vn 0.7450 0.5013 0.4401
vn 0.1840 0.8552 -0.4845
vn 0.3948 -0.0788 0.9154
vn 0.1169 0.9708 0.2096
vn 0.5791 0.5303 0.6192
vn 0.4278 0.4004 -0.8104
vn 0.7506 -0.1467 -0.6443
vn 0.3861 0.7679 -0.5111
vn 0.6803 0.1226 -0.7226
vn 0.1073 0.8226 0.5585
vn 0.8988 0.3434 -0.2724
vn 0.8154 0.5789 0.0031
vn 0.6022 -0.2464 -0.7594
vn 0.9719 0.2145 -0.0973
vn 0.3392 0.4169 -0.8433
vn 0.9435 -0.1554 -0.2928
vn 0.3600 0.5733 0.7360
vn 0.5250 -0.1150 0.8433
vn 0.8466 0.5008 0.1802
vn 0.5541 -0.6117 -0.5647
vn 0.6014 -0.3226 0.7309
vn 0.4410 -0.8019 0.4031
vn 0.4852 -0.2572 -0.8357
vn 0.3774 0.2546 0.8904
vn 0.3367 0.8767 -0.3436
vn 0.3199 -0.3583 0.8771
vn 0.7614 0.2514 0.5976
vn 0.2437 0.8227 -0.5135
vn 0.3392 0.6403 -0.6892
vn 0.4392 0.3213 0.8390
vn 0.4240 -0.3960 0.8145
vn 0.5042 -0.5473 -0.6680
vn 0.3332 -0.3030 -0.8928
vn 0.5468 0.3860 0.7430
vn 0.3472 0.0387 0.9370
vn 0.8339 -0.0326 0.5509
vn 0.3801 0.3726 0.8466
vn 0.4824 0.0081 -0.8759
vn 0.3762 0.6189 0.6895
vn 0.4616 -0.1184 -0.8792
vn 0.5851 -0.5767 0.5701
vn 0.6427 0.1277 -0.7554
vn 0.5722 0.1744 -0.8014
vn 0.3933 0.7526 0.5282
vn 0.5018 0.2877 0.8157
vn 0.8264 -0.1753 0.5351
vn 0.5276 -0.6276 0.5725
vn 0.5852 -0.4082 -0.7007
vn 0.4407 0.1391 0.8868
vn 0.4990 0.2785 0.8206
vn 0.3665 0.8386 0.4030
vn 0.3937 0.4319 -0.8115
vn 0.0991 -0.7727 -0.6270
vn 0.4918 0.3552 -0.7950
vn 0.5460 -0.5060 0.6677
vn 0.3094 0.2768 -0.9098
vn 0.6221 0.2518 0.7413
vn 0.5270 0.6746 0.5170
vn 0.5405 0.4304 -0.7230
vn 0.4955 -0.7672 -0.4072
vn 0.5041 0.6397 -0.5802
vn 0.4181 0.4404 -0.7945
vn 0.4043 0.5473 -0.7328
vn 0.6775 -0.3158 -0.6643
vn 0.3145 0.3385 0.8869
vn 0.8318 0.0881 -0.5481
vn 0.3899 -0.4978 0.7747
vn 0.2846 0.9465 -0.1519
vn 0.1906 -0.9797 -0.0624
vn 0.4645 -0.7956 -0.3891
vn 0.5490 0.6922 -0.4685
vn 0.5723 -0.0858 0.8155
vn 0.5748 0.3272 -0.7500
vn 0.7096 0.0913 0.6987
vn 0.8918 0.1955 -0.4081
vn 0.4096 0.5839 -0.7009
vn 0.6040 0.1872 0.7747
vn 0.4755 -0.0295 -0.8792
vn 0.4044 0.8252 0.3944
vn 0.3766 0.8365 -0.3981
vn 0.9232 0.0813 0.3756
vn 0.8253 0.1827 0.5344
vn 0.3014 -0.3918 0.8693
vn 0.3373 0.2968 0.8934
vn 0.4798 0.8384 -0.2586
vn 0.4091 0.8691 -0.2781
vn 0.4392 0.7728 0.4582
vn 0.7240 -0.5547 -0.4099
vn 0.7995 -0.0354 -0.5996
vn 0.4985 0.1007 0.8610
vn 0.9678 0.0390 -0.2489
vn 0.6069 0.2942 -0.7383
vn 0.8331 -0.3272 -0.4460
vn 0.9698 -0.1429 -0.1976
vn 0.4135 0.1421 -0.8994
vn 0.4843 0.6055 -0.6315
vn 0.7986 0.3669 0.4770
vn 0.4410 0.6302 0.6391
vn 0.2978 0.9283 0.2228
vn 0.3968 0.8342 0.3830
vn 0.5389 -0.5718 -0.6186
vn 0.9866 -0.0324 0.1596
vn 0.4199 -0.3077 -0.8538
vn 0.6967 -0.3503 -0.6261
vn 0.4696 -0.8315 0.2968
vn 0.6639 0.6459 0.3769
vn 0.8020 -0.3159 0.5070
vn 0.8048 -0.3679 0.4657
vn 0.6890 -0.5661 -0.4526
vn 0.3333 -0.9334 0.1326
vn 0.4593 0.7456 0.4828
vn 0.4568 -0.8309 -0.3179
vn 0.7752 0.1977 0.6000
vn 0.6515 0.0950 -0.7527
vn 0.7781 -0.2247 -0.5866
vn 0.4762 -0.6998 0.5325
vn 0.2189 -0.8527 -0.4743
vn 0.9591 -0.2086 0.1915
vn 0.4509 0.2329 -0.8616
vn 0.9931 0.1097 0.0417
vn 0.5849 -0.7710 -0.2521
vn 0.6204 0.2945 -0.7269
vn 0.2336 0.9231 -0.3054
vn 0.7117 0.2758 -0.6461
vn 0.6041 0.3533 0.7144
vn 0.5535 -0.8075 0.2038
vn 0.8558 0.2780 -0.4363
vn 0.9106 0.2702 0.3128
vn 0.6814 0.4318 0.5909
vn 0.6107 0.7744 -0.1651
vn 0.7420 0.3987 -0.5390
vn 0.6525 0.0533 0.7559
vn 0.2214 -0.9629 0.1542
vn 0.9069 -0.3424 0.2455
vn 0.7439 -0.1883 0.6412
vn 0.7468 0.4054 0.5271
vn 0.7618 -0.5753 0.2979
vn 0.7189 0.4363 0.5412
vn 0.5387 0.8210 0.1893
vn 0.6000 -0.1406 0.7876
vn 0.7180 0.2892 -0.6331
vn 0.7947 -0.3856 0.4688
vn 0.6935 0.3292 -0.6408
vn 0.3569 0.9302 0.0853
vn 0.4439 0.2148 0.8699
vn 0.8572 -0.3939 -0.3316
vn 0.9755 0.2185 0.0245
vn 0.5993 0.1566 0.7850
vn 0.6988 0.6735 -0.2410
vn 0.5585 0.5000 -0.6619
vn 0.4740 0.8190 -0.3232
vn 0.7725 0.2480 0.5846
vn 0.7583 -0.3641 -0.5408
vn 0.8447 0.3129 -0.4342
vn 0.6268 -0.7772 0.0559
vn 0.5891 -0.7976 -0.1300
vn 0.7593 -0.5811 0.2929
vn 0.6653 0.6280 0.4038
vn 0.4214 0.7324 -0.5347
vn 0.9344 0.2719 -0.2302
vn 0.4785 0.7800 -0.4033
vn 0.9045 -0.3794 0.1946
vn 0.8586 -0.0396 0.5111
vn 0.9505 -0.2326 -0.2060
vn 0.8139 0.5638 -0.1405
vn 0.6963 -0.6575 -0.2879
vn 0.8696 -0.3179 -0.3778
vn 0.9367 -0.2708 0.2220
vn 0.4118 0.9025 0.1257
vn 0.2862 0.8545 0.4335
vn 0.8180 -0.5471 -0.1775
vn 0.5160 0.0033 0.8566
vn 0.8634 0.5045 0.0097
vn 0.7202 -0.2275 -0.6554
vn 0.7911 0.3280 -0.5163
vn 0.3408 -0.7874 0.5136
vn 0.4794 0.8706 0.1111
vn 0.7242 0.3167 0.6126
vn 0.8537 -0.5107 -0.1021
vn 0.8222 -0.5656 0.0637
vn 0.8730 0.0852 -0.4802
vn 0.4036 0.9048 0.1358
vn 0.7657 0.6430 0.0130
vn 0.9601 -0.2769 -0.0395
vn 0.6468 -0.7504 0.1364
vn 0.9028 0.2274 0.3651
vn 0.5520 0.5620 0.6160
vn 0.4913 0.7635 0.4191
vn 0.5004 -0.3236 -0.8030
vn 0.4635 0.8855 -0.0329
vn 0.6673 0.6835 -0.2957
vn 0.6835 0.4498 -0.5750
vn 0.5066 0.2557 0.8234
vn 0.6961 0.0114 -0.7178
vn 0.8343 -0.5466 -0.0715
vn 0.7037 0.6995 0.1244
vn 0.7693 -0.0800 0.6338
vn 0.5116 0.2877 -0.8096
vn 0.5412 -0.2455 0.8043
vn 0.7834 0.3850 0.4878
vn 0.8526 -0.3043 -0.4249
vn 0.8496 0.3067 -0.4291
vn 0.6914 0.0513 -0.7207
vn 0.8151 0.4176 0.4015
vn 0.8035 -0.2368 0.5461
vn 0.7172 0.0903 0.6910
vn 0.5500 0.7790 0.3012
vn 0.7668 -0.6417 -0.0148
vn 0.9677 -0.1550 0.1988
vn 0.9649 -0.1032 -0.2414
vn 0.8809 0.3963 0.2587
vn 0.7587 0.4833 0.4368
vn 0.7369 0.3804 -0.5589
vn 0.8366 0.3932 -0.3814
vn 0.9148 0.3965 0.0777
vn 0.8255 -0.4487 -0.3423
vn 0.9501 0.3092 -0.0414
vn 0.5251 0.8430 -0.1172
vn 0.7428 0.2085 -0.6362
vn 0.9070 0.2518 -0.3375
vn 0.8627 0.4078 0.2992
vn 0.8401 0.4360 0.3226
vn 0.4874 0.3534 -0.7985
vn 0.5508 0.3801 -0.7430
vn 0.8456 0.1591 -0.5095
vn 0.5450 -0.5634 0.6209
vn 0.5250 0.2661 0.8084
vn 0.7081 -0.5211 0.4766
vn 0.4611 0.8838 -0.0797
vn 0.7982 -0.2719 -0.5375
vn 0.8290 0.4509 -0.3309
vn 0.5780 -0.2673 0.7710
vn 0.7071 -0.0198 0.7068
vn 0.9379 -0.1950 0.2868
vn 0.5919 0.6533 -0.4720
vn 0.8189 -0.5582 -0.1331
vn 0.7866 0.4124 0.4596
vn 0.9516 -0.1127 -0.2860
vn 0.8969 0.4309 -0.0994
vn 0.9366 -0.2800 0.2105
vn 0.3769 0.7603 0.5291
vn 0.8691 0.4604 -0.1807
vn 0.9559 0.2351 -0.1761
vn 0.5484 0.7838 0.2913
vn 0.9141 0.3139 0.2568
vn 0.5392 0.4807 0.6915
vn 0.8661 0.4936 0.0793
vn 0.9548 0.2800 0.0997
vn 0.6648 -0.6941 0.2762
vn 0.5380 0.0662 -0.8404
vn 0.3245 0.8456 -0.4238
vn 0.5260 0.3860 -0.7578
vn 0.7888 0.3889 0.4761
vn 0.5782 -0.5095 -0.6373
vn 0.9303 0.3585 0.0773
vn 0.5321 -0.4539 -0.7147
vn 0.6077 0.7409 -0.2860
vn 0.6872 0.5272 0.4998
vn 0.7870 0.4081 -0.4627
vn 0.9990 -0.0406 -0.0177
vn 0.5380 0.2632 0.8008
vn 0.8334 0.3756 0.4053
vn 0.4032 -0.9128 0.0650
vn 0.6449 0.2146 0.7336
vn 0.7490 0.6418 -0.1644
vn 0.8277 0.0765 -0.5559
vn 0.3705 -0.7901 -0.4883
vn 0.5879 0.7763 0.2274
vn 0.7646 0.3076 0.5663
vn 0.7055 0.5557 -0.4398
vn 0.8413 0.4022 -0.3613
vn 0.6736 0.3752 -0.6367
vn 0.5462 -0.8249 -0.1457
vn 0.6649 0.2661 -0.6979
vn 0.8254 0.1874 -0.5326
vn 0.8751 0.0112 0.4838
vn 0.4804 -0.6932 0.5372
vn 0.8161 0.0846 0.5717
vn 0.3483 0.8690 0.3514
vn 0.9586 -0.0671 -0.2767
vn 0.6601 0.5029 0.5580
vn 0.8513 -0.3837 -0.3579
vn 0.6758 0.1343 0.7247
vn 0.9260 -0.1460 0.3481
vn 0.7453 0.6539 0.1302
vn 0.6060 0.6313 -0.4839
vn 0.8373 0.4933 -0.2357
vn 0.7599 0.5712 0.3103
vn 0.6701 0.2781 -0.6883
vn 0.6063 0.4950 0.6224
vn 0.6667 -0.0659 -0.7424
vn 0.4552 0.8732 -0.1741
vn 0.9692 -0.2433 -0.0382
vn 0.9077 0.3150 0.2773
vn 0.9423 0.3027 0.1428
vn 0.7126 0.2337 0.6615
vn 0.9178 0.3952 -0.0385
vn 0.7185 -0.6955 -0.0089
vn 0.8891 0.4373 0.1354
vn 0.8275 0.5540 -0.0917
vn 0.6509 0.7086 -0.2725
vn 0.6716 0.7326 -0.1106
vn 0.9084 -0.3884 -0.1549
vn 0.8701 0.2933 0.3961
vn 0.7330 0.1991 -0.6505
vn 0.9725 0.1038 -0.2086
vn 0.9270 0.3750 0.0115
vn 0.9360 -0.0287 -0.3509
vn 0.9226 -0.0770 0.3779
vn 0.7531 0.5889 -0.2931
vn 0.9022 0.3038 -0.3062
vn 0.9804 -0.1739 0.0924
vn 0.4187 0.9081 -0.0013
vn 0.6149 -0.4501 -0.6475
vn 0.8959 0.3331 0.2939
vn 0.7033 -0.3218 0.6339
vn 0.6424 0.7626 0.0764
vn 0.4679 0.8286 0.3075
vn 0.7195 0.2969 0.6278
vn 0.4617 0.7879 -0.4075
vn 0.3857 0.8592 0.3361
vn 0.9352 0.1713 -0.3098
vn 0.7380 0.6069 -0.2951
vn 0.7592 0.2667 -0.5937
vn 0.7421 -0.2967 -0.6011
vn 0.6945 -0.4600 0.5533
vn 0.6797 0.6489 0.3420
vn 0.9385 0.2740 -0.2102
vn 0.9773 0.0577 0.2041
vn 0.7799 0.0927 0.6191
vn 0.6519 -0.5465 -0.5257
vn 0.8497 0.5051 0.1512
vn 0.9978 -0.0286 -0.0590
vn 0.6921 -0.5663 -0.4476
vn 0.7979 0.2280 -0.5580
vn 0.9672 0.2398 -0.0833
vn 0.9830 0.1504 0.1054
vn 0.9524 0.3049 0.0051
vn 0.2617 -0.9590 -0.1087
vn 0.6961 -0.5662 0.4414
vn 0.7818 0.6215 -0.0512
vn 0.7769 -0.2603 0.5733
vn 0.7942 -0.2952 0.5312
vn 0.8180 0.0716 -0.5708
vn 0.5000 0.8113 -0.3031
vn 0.4470 0.8475 0.2861
vn 0.8244 0.2765 -0.4939
vn 0.7462 0.3426 0.5708
vn 0.7464 0.3763 -0.5489
vn 0.7763 0.4122 0.4770
vn 0.8789 -0.2257 0.4201
vn 0.8163 -0.3359 0.4699
vn 0.8272 0.3419 -0.4460
vn 0.8792 0.2467 -0.4076
vn 0.8427 0.5364 0.0464
vn 0.7835 0.6122 -0.1067
vn 0.8486 -0.2694 -0.4552
vn 0.7982 -0.5540 0.2364
vn 0.8954 0.0280 0.4444
vn 0.8154 0.3899 -0.4279
vn 0.7556 -0.5202 -0.3979
vn 0.5205 0.8254 0.2186
vn 0.7251 -0.5525 0.4111
vn 0.7798 -0.5369 -0.3219
vn 0.7342 -0.6040 -0.3100
vn 0.9253 0.2394 -0.2941
vn 0.7911 0.5801 0.1943
vn 0.8960 0.2301 0.3798
vn 0.8262 0.4482 0.3413
vn 0.8887 -0.3112 0.3368
vn 0.8185 0.3981 0.4142
vn 0.9422 -0.0175 -0.3346
vn 0.8672 -0.4485 -0.2166
vn 0.9619 0.1840 0.2023
vn 0.5480 0.8108 0.2054
vn 0.9401 0.2745 -0.2023
vn 0.4902 0.8614 0.1330
vn 0.9281 0.3519 0.1217
vn 0.4864 -0.8714 -0.0629
vn 0.6696 0.7189 -0.1866
vn 0.9300 0.2936 -0.2211
vn 0.9598 0.2585 -0.1097
vn 0.6492 0.7603 0.0218
vn 0.9498 0.3128 0.0007
vn 0.9498 0.2215 0.2212
vn 0.9039 0.2598 -0.3397
vn 0.8766 -0.3829 0.2915
vn 0.8073 -0.5290 -0.2616
vn 0.9218 -0.3875 -0.0076
vn 0.8953 0.3325 0.2964
vn 0.9790 -0.1549 0.1327
vn 0.9581 0.2844 -0.0355
vn 0.8258 -0.5504 0.1231
vn 0.8461 0.5010 0.1817
vn 0.9877 -0.1078 -0.1133
vn 0.9097 0.3868 -0.1513
vn 0.9515 -0.2654 -0.1556
vn 0.8541 -0.5183 0.0442
vn 0.9624 0.2687 0.0389
vt 0.608218 0.307353
vt 0.602610 0.290982
vt 0.630687 0.290367
vt 0.024233 0.761720
vt 0.050760 0.783525
vt 0.024667 0.772715
vt 0.632089 0.295511
vt 0.599688 0.300825
vt 0.633808 0.291285
vt 0.605620 0.312873
vt 0.051080 0.801957
vt 0.598510 0.287340
vt 0.049206 0.119629
vt 0.051868 0.101066
vt 0.061476 0.112768
vt 0.553100 0.286077
vt 0.566410 0.292795
vt 0.558288 0.304806
vt 0.547497 0.296004
vt 0.571946 0.312730
vt 0.554526 0.327909
vt 0.567845 0.327222
vt 0.023661 0.800079
vt 0.058374 0.246235
vt 0.066449 0.232697
vt 0.076372 0.243918
vt 0.137679 0.209067
vt 0.114379 0.250924
vt 0.120013 0.236415
vt 0.131577 0.215590
vt 0.462354 0.632187
vt 0.452984 0.668685
vt 0.452930 0.633559
vt 0.537685 0.303419
vt 0.044841 0.812596
vt 0.106476 0.252352
vt 0.062994 0.216056
vt 0.056040 0.227080
vt 0.152218 0.204488
vt 0.543469 0.335187
vt 0.448386 0.661851
vt 0.419390 0.647310
vt 0.419419 0.631037
vt 0.077189 0.508307
vt 0.077297 0.522342
vt 0.073817 0.505186
vt 0.582239 0.309138
vt 0.537737 0.284381
vt 0.583548 0.328875
vt 0.067394 0.098849
vt 0.075379 0.116860
vt 0.089459 0.230226
vt 0.072692 0.258986
vt 0.060789 0.254577
vt 0.564401 0.340407
vt 0.586566 0.302447
vt 0.584599 0.291114
vt 0.082380 0.218607
vt 0.075253 0.208218
vt 0.577404 0.286593
vt 0.068149 0.551773
vt 0.554426 0.352715
vt 0.586096 0.286360
vt 0.570140 0.343529
vt 0.424959 0.670675
vt 0.462389 0.779697
vt 0.469541 0.797539
vt 0.455796 0.809614
vt 0.597758 0.322707
vt 0.590598 0.316975
vt 0.452622 0.457416
vt 0.469416 0.456456
vt 0.452914 0.461253
vt 0.581295 0.284959
vt 0.064536 0.266108
vt 0.073093 0.260169
vt 0.825589 0.698049
vt 0.836816 0.674077
vt 0.842348 0.699208
vt 0.082302 0.017966
vt 0.082767 0.025213
vt 0.069767 0.036216
vt 0.910838 0.587488
vt 0.911363 0.583686
vt 0.919965 0.593787
vt 0.081349 0.254620
vt 0.455407 0.434329
vt 0.597672 0.001605
vt 0.600604 0.010250
vt 0.591983 0.007461
vt 0.994056 0.113074
vt 0.976932 0.136819
vt 0.969923 0.120156
vt 0.450852 0.684634
vt 0.591600 0.323499
vt 0.295317 0.026990
vt 0.294474 0.027461
vt 0.297822 0.021656
vt 0.064926 0.033429
vt 0.095497 0.248064
vt 0.911386 0.593205
vt 0.911801 0.615244
vt 0.299319 0.015294
vt 0.309120 0.017639
vt 0.096013 0.241542
vt 0.065414 0.497588
vt 0.065215 0.510551
vt 0.819088 0.667317
vt 0.075769 0.538666
vt 0.582837 0.018109
vt 0.588852 0.017384
vt 0.540576 0.360110
vt 0.312474 0.000075
vt 0.469615 0.459382
vt 0.898836 0.410614
vt 0.866540 0.382211
vt 0.879560 0.371577
vt 0.299078 0.009440
vt 0.925097 0.626989
vt 0.903386 0.372710
vt 0.464500 0.429735
vt 0.474780 0.432672
vt 0.431523 0.808476
vt 0.446511 0.790602
vt 0.597093 0.012872
vt 0.599414 0.023448
vt 0.736976 0.022915
vt 0.757411 0.012340
vt 0.761420 0.013041
vt 0.492708 0.677980
vt 0.296245 0.004092
vt 0.480507 0.829583
vt 0.875174 0.416197
vt 0.455972 0.697905
vt 0.099983 0.546578
vt 0.099309 0.555661
vt 0.864778 0.407024
vt 0.965696 0.098121
vt 0.961763 0.121932
vt 0.074604 0.557278
vt 0.915238 0.413211
vt 0.975306 0.109757
vt 0.711214 0.563590
vt 0.688679 0.606088
vt 0.684345 0.578187
vt 0.605204 0.008464
vt 0.979218 0.100693
vt 0.611514 0.012545
vt 0.461006 0.842125
vt 0.952158 0.616996
vt 0.915020 0.643543
vt 0.438587 0.839690
vt 0.527911 0.366359
vt 0.528145 0.348931
vt 0.743085 0.011310
vt 0.411192 0.838611
vt 0.966701 0.078645
vt 0.981851 0.074242
vt 0.487932 0.457128
vt 0.109056 0.984765
vt 0.105884 0.987497
vt 0.104821 0.984777
vt 0.897689 0.435874
vt 0.988280 0.082962
vt 0.706968 0.598445
vt 0.983220 0.093352
vt 0.489428 0.424298
vt 0.748309 0.011662
vt 0.750145 0.007354
vt 0.410458 0.809581
vt 0.989800 0.074403
vt 0.892371 0.457471
vt 0.865529 0.442791
vt 0.673245 0.569979
vt 0.690629 0.563872
vt 0.835060 0.661799
vt 0.495255 0.464866
vt 0.493903 0.455380
vt 0.950546 0.601534
vt 0.012483 0.071654
vt 0.009434 0.060892
vt 0.025072 0.068562
vt 0.915753 0.439584
vt 0.692992 0.538684
vt 0.670042 0.545713
vt 0.670958 0.539594
vt 0.838265 0.628168
vt 0.824555 0.630504
vt 0.834859 0.623302
vt 0.017601 0.074025
vt 0.023235 0.087169
vt 0.009067 0.086546
vt 0.625320 0.831533
vt 0.631862 0.783397
vt 0.663547 0.829268
vt 0.666358 0.557334
vt 0.672569 0.558216
vt 0.379473 0.834785
vt 0.382784 0.807481
vt 0.825592 0.648203
vt 0.834731 0.632690
vt 0.487617 0.835061
vt 0.491372 0.843235
vt 0.692082 0.554771
vt 0.784515 0.672437
vt 0.789437 0.660836
vt 0.803935 0.626217
vt 0.490540 0.431325
vt 0.837456 0.651690
vt 0.694738 0.531590
vt 0.806923 0.620981
vt 0.930510 0.659247
vt 0.735191 0.010190
vt 0.737559 0.010168
vt 0.806235 0.654755
vt 0.918647 0.669300
vt 0.799075 0.634492
vt 0.711861 0.545339
vt 0.476648 0.417777
vt 0.471808 0.418900
vt 0.714138 0.551545
vt 0.472849 0.417961
vt 0.539425 0.408404
vt 0.539412 0.392133
vt 0.559777 0.396949
vt 0.018705 0.090663
vt 0.013269 0.088090
vt 0.019241 0.088403
vt 0.712012 0.533913
vt 0.482672 0.415248
vt 0.715704 0.524967
vt 0.786443 0.647002
vt 0.483443 0.411975
vt 0.658432 0.530678
vt 0.677753 0.523279
vt 0.534352 0.410133
vt 0.825482 0.610960
vt 0.653295 0.777542
vt 0.691422 0.807949
vt 0.031710 0.069713
vt 0.482662 0.416199
vt 0.777331 0.627069
vt 0.602674 0.771249
vt 0.616655 0.139653
vt 0.640021 0.141436
vt 0.634525 0.148901
vt 0.625279 0.152505
vt 0.712582 0.510661
vt 0.601198 0.830629
vt 0.629433 0.130020
vt 0.716818 0.530215
vt 0.609998 0.124377
vt 0.517342 0.904587
vt 0.534955 0.926482
vt 0.519098 0.920757
vt 0.533358 0.125432
vt 0.524646 0.119865
vt 0.538368 0.112835
vt 0.500431 0.439210
vt 0.520175 0.934119
vt 0.504436 0.921893
vt 0.960052 0.567328
vt 0.971963 0.567234
vt 0.956352 0.579039
vt 0.603442 0.142008
vt 0.767432 0.650190
vt 0.533404 0.109316
vt 0.768188 0.618433
vt 0.765516 0.663044
vt 0.498311 0.430858
vt 0.516609 0.126449
vt 0.777083 0.601851
vt 0.592991 0.121955
vt 0.618687 0.154891
vt 0.967614 0.597268
vt 0.947834 0.590827
vt 0.954331 0.585699
vt 0.658737 0.526884
vt 0.660885 0.524498
vt 0.750072 0.970561
vt 0.757399 0.976802
vt 0.749885 0.985942
vt 0.505574 0.914484
vt 0.544476 0.977576
vt 0.566957 0.970142
vt 0.553876 0.988412
vt 0.489016 0.414086
vt 0.543413 0.919180
vt 0.670842 0.505968
vt 0.695540 0.516565
vt 0.655846 0.125436
vt 0.613674 0.156219
vt 0.584195 0.132962
vt 0.030319 0.086723
vt 0.658662 0.141666
vt 0.671728 0.452229
vt 0.651121 0.463298
vt 0.644846 0.447553
vt 0.763005 0.993846
vt 0.790051 0.988414
vt 0.746181 0.983412
vt 0.534755 0.382475
vt 0.037439 0.086387
vt 0.035427 0.089442
vt 0.742647 0.972379
vt 0.590660 0.107587
vt 0.759988 0.638252
vt 0.762429 0.624717
vt 0.491069 0.412840
vt 0.546174 0.650769
vt 0.498056 0.923358
vt 0.502952 0.929150
vt 0.607838 0.098312
vt 0.502344 0.961249
vt 0.513366 0.961971
vt 0.509523 0.972922
vt 0.826728 0.605494
vt 0.800749 0.603686
vt 0.538978 0.900160
vt 0.499894 0.121512
vt 0.974625 0.584464
vt 0.633718 0.116918
vt 0.523927 0.105923
vt 0.822358 0.583634
vt 0.049435 0.087376
vt 0.251108 0.734499
vt 0.273616 0.754995
vt 0.235813 0.753605
vt 0.484335 0.407204
vt 0.490391 0.408788
vt 0.469924 0.495855
vt 0.538946 0.377297
vt 0.655534 0.508499
vt 0.672783 0.753076
vt 0.510180 0.169855
vt 0.505614 0.135263
vt 0.492354 0.413818
vt 0.567534 0.936898
vt 0.579055 0.117432
vt 0.046821 0.073952
vt 0.691362 0.496158
vt 0.694538 0.470664
vt 0.988694 0.606829
vt 0.990536 0.623134
vt 0.519831 0.975398
vt 0.521732 0.963240
vt 0.565817 0.384389
vt 0.695135 0.446715
vt 0.651312 0.433823
vt 0.667745 0.424812
vt 0.545937 0.982590
vt 0.986647 0.564034
vt 0.965456 0.562136
vt 0.535585 0.161740
vt 0.266101 0.769662
vt 0.260148 0.784415
vt 0.495829 0.129364
vt 0.573069 0.976316
vt 0.567798 0.966113
vt 0.715261 0.504811
vt 0.742818 0.027156
vt 0.747404 0.037601
vt 0.727936 0.032120
vt 0.541613 0.550470
vt 0.541610 0.566133
vt 0.538958 0.545394
vt 0.790571 0.584854
vt 0.524119 0.537936
vt 0.534111 0.540348
vt 0.484764 0.988234
vt 0.991071 0.567872
vt 0.987450 0.592731
vt 0.543835 0.092216
vt 0.515066 0.094351
vt 0.654440 0.496282
vt 0.546990 0.156507
vt 0.513530 0.982947
vt 0.570873 0.979527
vt 0.219509 0.810511
vt 0.260348 0.812328
vt 0.565120 0.371787
vt 0.568866 0.375226
vt 0.729931 0.060276
vt 0.989211 0.583779
vt 0.713086 0.489334
vt 0.841686 0.440942
vt 0.837659 0.407195
vt 0.851512 0.410517
vt 0.706777 0.464165
vt 0.028597 0.966731
vt 0.022719 0.973796
vt 0.023412 0.949522
vt 0.990341 0.560063
vt 0.727794 0.068470
vt 0.702108 0.066045
vt 0.154668 0.243850
vt 0.144073 0.246948
vt 0.158766 0.225255
vt 0.856895 0.399840
vt 0.627909 0.094211
vt 0.204738 0.761187
vt 0.012603 0.967642
vt 0.246966 0.516250
vt 0.231056 0.529930
vt 0.231660 0.520589
vt 0.535828 0.593785
vt 0.758935 0.041501
vt 0.755422 0.032114
vt 0.762229 0.031824
vt 0.019936 0.940699
vt 0.253690 0.863283
vt 0.251490 0.856664
vt 0.267361 0.857478
vt 0.697269 0.420946
vt 0.793862 0.973628
vt 0.149676 0.262406
vt 0.262651 0.849880
vt 0.092401 0.145653
vt 0.103830 0.150201
vt 0.117532 0.179149
vt 0.850623 0.393534
vt 0.654260 0.402248
vt 0.635023 0.098900
vt 0.012418 0.948831
vt 0.485342 0.140855
vt 0.016519 0.980778
vt 0.857300 0.356446
vt 0.854981 0.372146
vt 0.830958 0.355447
vt 0.642636 0.103834
vt 0.661805 0.112940
vt 0.765006 0.687636
vt 0.751804 0.715790
vt 0.737478 0.671860
vt 0.394746 0.973196
vt 0.393333 0.980548
vt 0.393840 0.975178
vt 0.698313 0.030259
vt 0.700402 0.756124
vt 0.683437 0.367248
vt 0.662560 0.372528
vt 0.662361 0.357661
vt 0.138715 0.270920
vt 0.219383 0.528065
vt 0.266951 0.870233
vt 0.263127 0.879240
vt 0.708494 0.442981
vt 0.044433 0.087098
vt 0.686495 0.386466
vt 0.658116 0.387117
vt 0.657757 0.379969
vt 0.667810 0.391947
vt 0.681323 0.396184
vt 0.666256 0.114899
vt 0.145596 0.227820
vt 0.630262 0.091333
vt 0.642355 0.738900
vt 0.215069 0.136763
vt 0.208558 0.118527
vt 0.226798 0.123139
vt 0.211292 0.784818
vt 0.813215 0.437884
vt 0.066654 0.451368
vt 0.058149 0.466022
vt 0.034877 0.456705
vt 0.480608 0.114389
vt 0.189522 0.150061
vt 0.186432 0.101290
vt 0.127271 0.263913
vt 0.703365 0.367956
vt 0.600666 0.898018
vt 0.589822 0.883937
vt 0.602377 0.878426
vt 0.672819 0.346934
vt 0.103255 0.745155
vt 0.093965 0.752881
vt 0.093168 0.748884
vt 0.482021 0.130829
vt 0.704048 0.380920
vt 0.104973 0.293017
vt 0.127381 0.292866
vt 0.086055 0.343493
vt 0.772334 0.583483
vt 0.833033 0.392720
vt 0.854156 0.378528
vt 0.869435 0.146695
vt 0.899371 0.158181
vt 0.877000 0.162355
vt 0.622114 0.089518
vt 0.945136 0.578814
vt 0.940750 0.577995
vt 0.949150 0.568516
vt 0.394577 0.981274
vt 0.946676 0.555759
vt 0.698284 0.483857
vt 0.450358 0.241865
vt 0.416902 0.185405
vt 0.462295 0.186322
vt 0.953597 0.551231
vt 0.952837 0.568114
vt 0.089929 0.707473
vt 0.101283 0.709706
vt 0.094258 0.713223
vt 0.623947 0.738086
vt 0.267300 0.514895
vt 0.245850 0.536100
vt 0.835399 0.371845
vt 0.993329 0.967746
vt 0.982468 0.976327
vt 0.981485 0.974130
vt 0.388063 0.976501
vt 0.536624 0.371072
vt 0.929387 0.165764
vt 0.904369 0.177102
vt 0.019053 0.152294
vt 0.025141 0.133004
vt 0.025875 0.149025
vt 0.321002 0.005975
vt 0.326393 0.005615
vt 0.321523 0.017677
vt 0.701486 0.397572
vt 0.619836 0.085879
vt 0.239708 0.870181
vt 0.832503 0.376854
vt 0.127561 0.272441
vt 0.013679 0.144341
vt 0.144717 0.279202
vt 0.147349 0.273581
vt 0.007753 0.150732
vt 0.009022 0.151999
vt 0.091844 0.699549
vt 0.692475 0.339620
vt 0.930675 0.151555
vt 0.227174 0.541593
vt 0.109171 0.331461
vt 0.265368 0.887761
vt 0.256126 0.883804
vt 0.988957 0.957523
vt 0.978801 0.965940
vt 0.977428 0.953523
vt 0.823282 0.403111
vt 0.188358 0.527930
vt 0.189400 0.521683
vt 0.584409 0.907443
vt 0.582334 0.884519
vt 0.693986 0.399991
vt 0.353496 0.420144
vt 0.374559 0.417308
vt 0.369814 0.424637
vt 0.239921 0.849860
vt 0.347009 0.412620
vt 0.363915 0.407351
vt 0.264427 0.534707
vt 0.474191 0.136105
vt 0.143761 0.286147
vt 0.141473 0.282773
vt 0.752052 0.181248
vt 0.763135 0.200179
vt 0.754016 0.198310
vt 0.894540 0.134214
vt 0.872660 0.130423
vt 0.805236 0.708263
vt 0.799177 0.711380
vt 0.806279 0.696988
vt 0.231924 0.552961
vt 0.228292 0.726418
vt 0.235312 0.725492
vt 0.738397 0.176296
vt 0.732961 0.125454
vt 0.733435 0.153912
vt 0.739669 0.130638
vt 0.228007 0.102449
vt 0.920275 0.137992
vt 0.990406 0.517776
vt 0.990406 0.540234
vt 0.957420 0.519302
vt 0.615812 0.910184
vt 0.625818 0.885780
vt 0.332290 0.017578
vt 0.553124 0.584821
vt 0.550209 0.616175
vt 0.800521 0.697731
vt 0.050348 0.089166
vt 0.428567 0.244268
vt 0.075441 0.326286
vt 0.090554 0.280451
vt 0.208477 0.093111
vt 0.316664 0.200968
vt 0.313186 0.176573
vt 0.380128 0.196622
vt 0.847157 0.004313
vt 0.861150 0.019800
vt 0.844810 0.016034
vt 0.850800 0.353140
vt 0.023249 0.433100
vt 0.040450 0.431424
vt 0.930521 0.585819
vt 0.933245 0.552875
vt 0.219247 0.547031
vt 0.336436 0.009291
vt 0.104092 0.868903
vt 0.084663 0.846997
vt 0.107704 0.861152
vt 0.704776 0.402123
vt 0.045523 0.818382
vt 0.052835 0.840766
vt 0.033434 0.843852
vt 0.928104 0.572887
vt 0.097724 0.719640
vt 0.774731 0.687275
vt 0.786159 0.691408
vt 0.777019 0.706438
vt 0.549378 0.941691
vt 0.560681 0.963315
vt 0.549225 0.964726
vt 0.839008 0.006866
vt 0.052520 0.833319
vt 0.053934 0.847826
vt 0.058155 0.820459
vt 0.051996 0.821948
vt 0.713296 0.154172
vt 0.935978 0.549715
vt 0.340457 0.425667
vt 0.221134 0.861788
vt 0.790034 0.008964
vt 0.768841 0.016916
vt 0.771924 0.001407
vt 0.473399 0.125343
vt 0.712482 0.175017
vt 0.106464 0.713153
vt 0.109200 0.736628
vt 0.941699 0.178935
vt 0.195711 0.731384
vt 0.118984 0.260492
vt 0.712043 0.093904
vt 0.816344 0.389541
vt 0.915639 0.574019
vt 0.930351 0.560606
vt 0.357219 0.439409
vt 0.335246 0.439065
vt 0.093147 0.700046
vt 0.703335 0.342222
vt 0.726752 0.708859
vt 0.564723 0.956487
vt 0.817664 0.701841
vt 0.813077 0.721969
vt 0.570306 0.950271
vt 0.569592 0.958257
vt 0.566948 0.953192
vt 0.731118 0.683767
vt 0.907192 0.117139
vt 0.177902 0.809350
vt 0.558398 0.606111
vt 0.725827 0.096900
vt 0.919598 0.549694
vt 0.887270 0.529098
vt 0.914039 0.517702
vt 0.915916 0.527968
vt 0.564021 0.946207
vt 0.818565 0.372420
vt 0.788309 0.022160
vt 0.887958 0.517125
vt 0.823576 0.707461
vt 0.902373 0.540324
vt 0.668152 0.147262
vt 0.685779 0.171646
vt 0.666780 0.173044
vt 0.091637 0.349554
vt 0.086390 0.347620
vt 0.771104 0.025014
vt 0.538398 0.971862
vt 0.536000 0.945733
vt 0.941291 0.140194
vt 0.836990 0.021952
vt 0.844320 0.030793
vt 0.490398 0.191919
vt 0.925188 0.121032
vt 0.936461 0.119086
vt 0.255691 0.840779
vt 0.595827 0.931152
vt 0.094260 0.700600
vt 0.097124 0.699811
vt 0.355919 0.375970
vt 0.367884 0.395940
vt 0.344936 0.395379
vt 0.484287 0.555791
vt 0.488032 0.568428
vt 0.048757 0.867676
vt 0.338672 0.491013
vt 0.331318 0.453238
vt 0.361156 0.453664
vt 0.076666 0.338432
vt 0.598636 0.169712
vt 0.650279 0.150413
vt 0.328539 0.415568
vt 0.381949 0.962123
vt 0.364326 0.973245
vt 0.345228 0.969214
vt 0.836290 0.335307
vt 0.360631 0.959159
vt 0.188490 0.547236
vt 0.063275 0.855317
vt 0.039111 0.142786
vt 0.176962 0.766936
vt 0.222925 0.842759
vt 0.099120 0.699811
vt 0.097590 0.695842
vt 0.807783 0.923383
vt 0.801536 0.918637
vt 0.815102 0.911680
vt 0.114390 0.865942
vt 0.095519 0.889310
vt 0.074866 0.859946
vt 0.924087 0.408788
vt 0.915058 0.395503
vt 0.934226 0.402333
vt 0.328470 0.404757
vt 0.239862 0.880270
vt 0.226767 0.559754
vt 0.752390 0.927203
vt 0.756842 0.916570
vt 0.781631 0.923722
vt 0.058856 0.429211
vt 0.360051 0.938888
vt 0.378174 0.935051
vt 0.560750 0.938956
vt 0.372998 0.441264
vt 0.221830 0.945436
vt 0.237397 0.963045
vt 0.212068 0.984754
vt 0.366838 0.154186
vt 0.585151 0.933429
vt 0.765769 0.709385
vt 0.788249 0.722228
vt 0.212994 0.849502
vt 0.055210 0.860036
vt 0.217759 0.936864
vt 0.948969 0.116544
vt 0.976189 0.945066
vt 0.160311 0.048501
vt 0.208421 0.075424
vt 0.165956 0.066068
vt 0.211668 0.062849
vt 0.623070 0.200309
vt 0.130735 0.012309
vt 0.137717 0.010893
vt 0.133746 0.015316
vt 0.491169 0.595198
vt 0.470917 0.146280
vt 0.810520 0.507835
vt 0.828707 0.501299
vt 0.820875 0.522533
vt 0.834941 0.721226
vt 0.263510 0.833686
vt 0.269120 0.836863
vt 0.090399 0.885456
vt 0.080666 0.846187
vt 0.528389 0.947647
vt 0.955556 0.492332
vt 0.961482 0.489758
vt 0.981737 0.501198
vt 0.805964 0.903419
vt 0.213364 0.073993
vt 0.808276 0.366086
vt 0.799832 0.351096
vt 0.818559 0.564529
vt 0.838315 0.540740
vt 0.852848 0.562124
vt 0.915438 0.502585
vt 0.287415 0.141675
vt 0.284216 0.133762
vt 0.291023 0.131277
vt 0.891105 0.505034
vt 0.215848 0.061723
vt 0.179892 0.042531
vt 0.221569 0.872104
vt 0.796308 0.910767
vt 0.923086 0.537352
vt 0.955200 0.477811
vt 0.961211 0.479505
vt 0.238840 0.835639
vt 0.331532 0.436685
vt 0.909247 0.039965
vt 0.924506 0.033477
vt 0.925141 0.044852
vt 0.455244 0.569288
vt 0.852871 0.018213
vt 0.187693 0.829424
vt 0.640536 0.905659
vt 0.638635 0.916601
vt 0.668901 0.085141
vt 0.670771 0.078271
vt 0.672207 0.075931
vt 0.921627 0.914947
vt 0.931493 0.959442
vt 0.895588 0.915304
vt 0.125203 0.399410
vt 0.155878 0.416011
vt 0.097471 0.432377
vt 0.008314 0.136754
vt 0.013237 0.121924
vt 0.190446 0.849169
vt 0.567480 0.812223
vt 0.526512 0.828329
vt 0.524954 0.819907
vt 0.220189 0.564649
vt 0.790208 0.731161
vt 0.854637 0.511664
vt 0.354933 0.721672
vt 0.335297 0.705402
vt 0.354703 0.703470
vt 0.642950 0.908556
vt 0.176898 0.848386
vt 0.177553 0.844720
vt 0.642382 0.926008
vt 0.637643 0.925679
vt 0.884827 0.044610
vt 0.563640 0.621542
vt 0.193730 0.857660
vt 0.172489 0.787251
vt 0.327838 0.393383
vt 0.903464 0.476025
vt 0.174040 0.855037
vt 0.452180 0.588124
vt 0.056286 0.869266
vt 0.189710 0.961897
vt 0.796357 0.401101
vt 0.266394 0.146984
vt 0.264478 0.138952
vt 0.768409 0.736470
vt 0.186486 0.838472
vt 0.339234 0.374640
vt 0.936058 0.524669
vt 0.891009 0.033530
vt 0.914487 0.030437
vt 0.673180 0.956658
vt 0.698597 0.948593
vt 0.705383 0.960111
vt 0.635541 0.223126
vt 0.612962 0.235011
vt 0.898205 0.029001
vt 0.512674 0.828676
vt 0.510669 0.815784
vt 0.516846 0.816169
vt 0.762312 0.899853
vt 0.926095 0.445472
vt 0.927154 0.436218
vt 0.934227 0.452357
vt 0.507607 0.830558
vt 0.503521 0.818383
vt 0.862755 0.026624
vt 0.829469 0.736611
vt 0.358469 0.692824
vt 0.394802 0.701196
vt 0.925189 0.465170
vt 0.929852 0.453855
vt 0.934310 0.462582
vt 0.228773 0.063892
vt 0.226411 0.079827
vt 0.699755 0.972002
vt 0.779344 0.431148
vt 0.939818 0.437104
vt 0.007518 0.114367
vt 0.542580 0.623267
vt 0.547866 0.159048
vt 0.572536 0.143994
vt 0.035344 0.120020
vt 0.940318 0.478330
vt 0.167572 0.260410
vt 0.158195 0.280549
vt 0.161566 0.249733
vt 0.866846 0.525954
vt 0.151261 0.321980
vt 0.151547 0.329697
vt 0.149412 0.350118
vt 0.683319 0.166038
vt 0.677447 0.145639
vt 0.693026 0.138743
vt 0.458983 0.937831
vt 0.450319 0.937592
vt 0.454286 0.931128
vt 0.651484 0.917446
vt 0.650858 0.935785
vt 0.141039 0.583142
vt 0.131663 0.592599
vt 0.120585 0.581946
vt 0.831588 0.474535
vt 0.871394 0.491186
vt 0.684392 0.985848
vt 0.684571 0.975511
vt 0.698046 0.980090
vt 0.432483 0.522433
vt 0.439474 0.547542
vt 0.401605 0.540602
vt 0.102328 0.693505
vt 0.102017 0.696813
vt 0.205734 0.835560
vt 0.928994 0.499443
vt 0.796961 0.897428
vt 0.405990 0.729161
vt 0.181129 0.865465
vt 0.575192 0.829244
vt 0.243767 0.560138
vt 0.632193 0.935166
vt 0.879532 0.947990
vt 0.223506 0.055249
vt 0.224481 0.058148
vt 0.167361 0.280433
vt 0.931176 0.469954
vt 0.079924 0.150260
vt 0.076149 0.181952
vt 0.063148 0.178116
vt 0.525399 0.620860
vt 0.504887 0.618163
vt 0.525693 0.833497
vt 0.757916 0.731647
vt 0.443835 0.709392
vt 0.409876 0.699225
vt 0.442247 0.685499
vt 0.140656 0.600313
vt 0.142945 0.612212
vt 0.134934 0.615781
vt 0.811588 0.347962
vt 0.503321 0.832496
vt 0.169415 0.745390
vt 0.786017 0.749841
vt 0.437252 0.500441
vt 0.411992 0.508509
vt 0.107079 0.604916
vt 0.937162 0.499260
vt 0.939783 0.500343
vt 0.319960 0.144414
vt 0.869015 0.039560
vt 0.513340 0.835727
vt 0.017465 0.429547
vt 0.014383 0.414911
vt 0.026554 0.426461
vt 0.165608 0.187378
vt 0.165221 0.205970
vt 0.162899 0.188895
vt 0.411101 0.756086
vt 0.246335 0.146463
vt 0.255363 0.138952
vt 0.066821 0.876434
vt 0.167316 0.234043
vt 0.172702 0.218509
vt 0.788417 0.384060
vt 0.795452 0.757608
vt 0.455812 0.609595
vt 0.048328 0.423470
vt 0.042087 0.422365
vt 0.046284 0.408567
vt 0.948371 0.406297
vt 0.957940 0.390089
vt 0.238234 0.142529
vt 0.222185 0.150324
vt 0.495805 0.825158
vt 0.152032 0.346483
vt 0.201021 0.872094
vt 0.450999 0.900228
vt 0.437501 0.914465
vt 0.432528 0.894237
vt 0.020911 0.109556
vt 0.348569 0.725787
vt 0.405649 0.923174
vt 0.811694 0.896774
vt 0.821611 0.024535
vt 0.793644 0.024333
vt 0.795615 0.014968
vt 0.135936 0.370366
vt 0.136098 0.329100
vt 0.098909 0.596270
vt 0.810418 0.330715
vt 0.950298 0.419125
vt 0.949316 0.415494
vt 0.664207 0.972167
vt 0.673308 0.973994
vt 0.124076 0.209911
vt 0.114383 0.211491
vt 0.231383 0.576740
vt 0.458322 0.104926
vt 0.463157 0.096292
vt 0.404575 0.489959
vt 0.438702 0.477414
vt 0.292083 0.149124
vt 0.283427 0.157101
vt 0.871046 0.023273
vt 0.074905 0.781361
vt 0.087738 0.793703
vt 0.076039 0.801145
vt 0.101500 0.620384
vt 0.654545 0.967041
vt 0.987668 0.377436
vt 0.964418 0.361202
vt 0.986455 0.336327
vt 0.096098 0.217521
vt 0.108815 0.217824
vt 0.099022 0.223337
vt 0.868457 0.002518
vt 0.878600 0.008115
vt 0.077710 0.478743
vt 0.083094 0.470501
vt 0.081583 0.478626
vt 0.094937 0.577559
vt 0.119915 0.574318
vt 0.205081 0.148357
vt 0.198392 0.156545
vt 0.194675 0.151586
vt 0.062763 0.784669
vt 0.065033 0.773992
vt 0.781232 0.407129
vt 0.895472 0.977234
vt 0.908627 0.981719
vt 0.900996 0.986548
vt 0.432931 0.553176
vt 0.097123 0.208384
vt 0.091712 0.224617
vt 0.906716 0.989353
vt 0.792481 0.366164
vt 0.077792 0.454903
vt 0.455135 0.971208
vt 0.464201 0.969483
vt 0.464226 0.989818
vt 0.911618 0.261496
vt 0.917237 0.253174
vt 0.927117 0.266807
vt 0.767889 0.066073
vt 0.762248 0.084880
vt 0.754994 0.083594
vt 0.094129 0.210399
vt 0.822565 0.008937
vt 0.147661 0.449500
vt 0.955623 0.425466
vt 0.922561 0.279161
vt 0.914474 0.274231
vt 0.921664 0.276012
vt 0.185419 0.570784
vt 0.491045 0.614153
vt 0.670438 0.938574
vt 0.388241 0.517381
vt 0.122070 0.214665
vt 0.119323 0.223017
vt 0.804281 0.749641
vt 0.716477 0.736678
vt 0.062101 0.171265
vt 0.065932 0.158308
vt 0.908919 0.274839
vt 0.065168 0.801886
vt 0.419746 0.609472
vt 0.298887 0.965209
vt 0.280209 0.967343
vt 0.283037 0.953935
vt 0.141479 0.647967
vt 0.113038 0.650249
vt 0.881531 0.964364
vt 0.896214 0.965082
vt 0.138124 0.941710
vt 0.148117 0.951724
vt 0.166828 0.972942
vt 0.392385 0.473012
vt 0.401735 0.458648
vt 0.219428 0.577871
vt 0.820107 0.758224
vt 0.778065 0.751337
vt 0.747004 0.081521
vt 0.760243 0.059497
vt 0.268927 0.040300
vt 0.265720 0.035496
vt 0.271720 0.039357
vt 0.096720 0.469850
vt 0.934232 0.249123
vt 0.922161 0.235269
vt 0.882843 0.969018
vt 0.878751 0.981905
vt 0.877524 0.971034
vt 0.884694 0.980969
vt 0.175775 0.198534
vt 0.790835 0.020235
vt 0.171105 0.186774
vt 0.879459 0.502951
vt 0.084740 0.458460
vt 0.253261 0.032283
vt 0.265671 0.028887
vt 0.083701 0.591812
vt 0.863449 0.985290
vt 0.880641 0.541983
vt 0.957785 0.548439
vt 0.373364 0.989885
vt 0.380301 0.984936
vt 0.375406 0.989845
vt 0.256382 0.022662
vt 0.265183 0.020378
vt 0.879031 0.023543
vt 0.913659 0.085543
vt 0.908811 0.074711
vt 0.918144 0.079089
vt 0.781630 0.073998
vt 0.777236 0.090143
vt 0.882415 0.513132
vt 0.865847 0.949703
vt 0.876874 0.956779
vt 0.952846 0.280250
vt 0.960764 0.292376
vt 0.950937 0.281207
vt 0.381377 0.009360
vt 0.381353 0.022917
vt 0.369582 0.024072
vt 0.056109 0.497596
vt 0.051708 0.504843
vt 0.044957 0.503362
vt 0.747906 0.069059
vt 0.791327 0.358256
vt 0.401440 0.936843
vt 0.709119 0.934593
vt 0.715412 0.937666
vt 0.708589 0.937362
vt 0.914790 0.069411
vt 0.176974 0.247346
vt 0.055322 0.519399
vt 0.041664 0.512394
vt 0.058879 0.505672
vt 0.693950 0.938272
vt 0.687441 0.927615
vt 0.747131 0.746546
vt 0.927837 0.277072
vt 0.887795 0.983253
vt 0.175404 0.273506
vt 0.919062 0.083297
vt 0.263304 0.011645
vt 0.259561 0.010383
vt 0.265539 0.007432
vt 0.317653 0.956528
vt 0.294659 0.991806
vt 0.509572 0.017211
vt 0.523731 0.011531
vt 0.510452 0.024494
vt 0.876851 0.029973
vt 0.379999 0.494928
vt 0.330491 0.764344
vt 0.360860 0.749930
vt 0.363018 0.765848
vt 0.652727 0.970504
vt 0.036999 0.400556
vt 0.276978 0.018886
vt 0.285888 0.016975
vt 0.285952 0.021143
vt 0.284443 0.029210
vt 0.911010 0.099710
vt 0.410556 0.906562
vt 0.469949 0.043500
vt 0.517461 0.029850
vt 0.528762 0.034368
vt 0.690702 0.901905
vt 0.246914 0.155099
vt 0.735789 0.918147
vt 0.248599 0.586563
vt 0.245726 0.004567
vt 0.146779 0.397146
vt 0.801628 0.004145
vt 0.031448 0.415998
vt 0.220698 0.158166
vt 0.785291 0.392739
vt 0.365646 0.744166
vt 0.325162 0.764091
vt 0.058452 0.408213
vt 0.056252 0.417168
vt 0.052689 0.401438
vt 0.087513 0.443790
vt 0.347912 0.828995
vt 0.293154 0.848722
vt 0.288382 0.819686
vt 0.347167 0.037661
vt 0.362011 0.012381
vt 0.649757 0.960069
vt 0.515049 0.864387
vt 0.552030 0.846482
vt 0.588930 0.862613
vt 0.340177 0.723552
vt 0.347296 0.727272
vt 0.798146 0.345208
vt 0.337383 0.774943
vt 0.903135 0.111541
vt 0.286793 0.896824
vt 0.268683 0.886367
vt 0.272724 0.871327
vt 0.874525 0.947180
vt 0.867304 0.948774
vt 0.866737 0.945089
vt 0.586703 0.094855
vt 0.571401 0.083267
vt 0.590599 0.068084
vt 0.020107 0.399770
vt 0.344567 0.016810
vt 0.356120 0.784911
vt 0.341315 0.778611
vt 0.948688 0.255309
vt 0.926465 0.227471
vt 0.348552 0.852024
vt 0.359849 0.843810
vt 0.684323 0.128071
vt 0.686804 0.118828
vt 0.507383 0.007808
vt 0.808548 0.090746
vt 0.811013 0.069776
vt 0.370296 0.767070
vt 0.265440 0.156716
vt 0.328155 0.766174
vt 0.062711 0.180388
vt 0.075788 0.185812
vt 0.677507 0.120642
vt 0.372596 0.038717
vt 0.879495 0.471399
vt 0.052274 0.352179
vt 0.066044 0.347405
vt 0.075701 0.380780
vt 0.060418 0.184800
vt 0.079179 0.183013
vt 0.067492 0.142323
vt 0.068785 0.140496
vt 0.073995 0.139306
vt 0.170618 0.285330
vt 0.225522 0.581279
vt 0.681924 0.112329
vt 0.157385 0.959884
vt 0.243659 0.020661
vt 0.356090 0.045690
vt 0.639620 0.901050
vt 0.661112 0.879595
vt 0.652488 0.887492
vt 0.051960 0.387714
vt 0.304758 0.940181
vt 0.799766 0.208243
vt 0.825451 0.201914
vt 0.824989 0.204492
vt 0.077614 0.612234
vt 0.672321 0.107715
vt 0.091169 0.215265
vt 0.082021 0.622407
vt 0.657865 0.880785
vt 0.660429 0.879968
vt 0.010508 0.105059
vt 0.090198 0.428127
vt 0.092284 0.444154
vt 0.084246 0.898543
vt 0.080595 0.898310
vt 0.961537 0.317926
vt 0.958027 0.310469
vt 0.182250 0.357669
vt 0.156912 0.324741
vt 0.206128 0.326488
vt 0.556997 0.096691
vt 0.555544 0.061592
vt 0.034637 0.106936
vt 0.089450 0.653188
vt 0.675630 0.107170
vt 0.330053 0.986560
vt 0.013832 0.040704
vt 0.013832 0.060542
vt 0.006418 0.055941
vt 0.721093 0.101417
vt 0.720736 0.121761
vt 0.688361 0.110420
vt 0.073715 0.829664
vt 0.383874 0.554339
vt 0.409843 0.555175
vt 0.081154 0.136288
vt 0.064545 0.829285
vt 0.878194 0.024311
vt 0.819696 0.240131
vt 0.822887 0.251015
vt 0.817297 0.243633
vt 0.948167 0.235983
vt 0.759401 0.753581
vt 0.784716 0.762256
vt 0.386375 0.775212
vt 0.414966 0.779909
vt 0.366408 0.051197
vt 0.072383 0.438871
vt 0.814378 0.220105
vt 0.822292 0.212872
vt 0.819993 0.163937
vt 0.788635 0.195579
vt 0.074210 0.603985
vt 0.181023 0.224233
vt 0.461339 0.084035
vt 0.460261 0.095635
vt 0.457204 0.094307
vt 0.823111 0.184202
vt 0.830944 0.202726
vt 0.829298 0.181902
vt 0.849324 0.120240
vt 0.867912 0.110313
vt 0.864263 0.123207
vt 0.986369 0.789585
vt 0.972497 0.758609
vt 0.989479 0.762777
vt 0.448592 0.776699
vt 0.959416 0.772299
vt 0.963814 0.763655
vt 0.964627 0.786762
vt 0.451916 0.096344
vt 0.455205 0.085103
vt 0.845163 0.171958
vt 0.842442 0.202147
vt 0.048050 0.548211
vt 0.064671 0.546109
vt 0.856215 0.196408
vt 0.261318 0.894385
vt 0.247100 0.329972
vt 0.248416 0.370818
vt 0.378157 0.479495
vt 0.342390 0.034372
vt 0.328111 0.024664
vt 0.070924 0.575188
vt 0.059838 0.578797
vt 0.067442 0.573507
vt 0.412433 0.034886
vt 0.417225 0.033843
vt 0.411445 0.043256
vt 0.982255 0.303148
vt 0.845419 0.274669
vt 0.823350 0.279320
vt 0.822177 0.260517
vt 0.238203 0.164135
vt 0.099818 0.816938
vt 0.651869 0.627721
vt 0.625056 0.632472
vt 0.624932 0.625520
vt 0.325292 0.031937
vt 0.793303 0.055862
vt 0.050902 0.337280
vt 0.053422 0.334631
vt 0.491383 0.028299
vt 0.407194 0.031703
vt 0.389794 0.055523
vt 0.649048 0.845680
vt 0.696736 0.840842
vt 0.064468 0.890560
vt 0.955015 0.313054
vt 0.375944 0.535243
vt 0.014078 0.383117
vt 0.018868 0.360674
vt 0.034593 0.369816
vt 0.416712 0.052283
vt 0.847425 0.087538
vt 0.833684 0.121579
vt 0.268668 0.574147
vt 0.615871 0.632098
vt 0.428398 0.040142
vt 0.381988 0.785249
vt 0.241756 0.643916
vt 0.261069 0.632178
vt 0.261284 0.649144
vt 0.567073 0.038789
vt 0.305523 0.668628
vt 0.291787 0.645457
vt 0.309058 0.633303
vt 0.804904 0.762331
vt 0.131741 0.462054
vt 0.153863 0.855688
vt 0.104449 0.848657
vt 0.120430 0.843091
vt 0.370862 0.808700
vt 0.364292 0.826395
vt 0.062951 0.594689
vt 0.067723 0.595522
vt 0.067146 0.610708
vt 0.241872 0.592243
vt 0.203995 0.165737
vt 0.109959 0.810846
vt 0.346809 0.624306
vt 0.356447 0.642221
vt 0.327660 0.649319
vt 0.627800 0.652821
vt 0.836446 0.242693
vt 0.184047 0.261373
vt 0.253836 0.660875
vt 0.264423 0.655380
vt 0.261277 0.659717
vt 0.181287 0.188224
vt 0.185229 0.210836
vt 0.012249 0.395523
vt 0.834285 0.283566
vt 0.020425 0.011383
vt 0.033549 0.010294
vt 0.026279 0.015322
vt 0.439714 0.036634
vt 0.439253 0.061519
vt 0.799374 0.762707
vt 0.977426 0.293238
vt 0.029437 0.389261
vt 0.331929 0.627584
vt 0.604950 0.648780
vt 0.602012 0.632146
vt 0.236513 0.012371
vt 0.036469 0.056925
vt 0.021959 0.055643
vt 0.040164 0.022678
vt 0.031148 0.521060
vt 0.425384 0.058446
vt 0.830178 0.300258
vt 0.834307 0.293264
vt 0.850846 0.297228
vt 0.168604 0.969357
vt 0.196473 0.386627
vt 0.830791 0.089223
vt 0.326414 0.796337
vt 0.560341 0.003686
vt 0.560373 0.012491
vt 0.543039 0.009490
vt 0.302099 0.713647
vt 0.141017 0.986072
vt 0.840124 0.259040
vt 0.785733 0.160304
vt 0.391007 0.577788
vt 0.380064 0.598133
vt 0.373282 0.578509
vt 0.960865 0.741154
vt 0.966534 0.729147
vt 0.979679 0.734448
vt 0.874884 0.192622
vt 0.857560 0.157600
vt 0.063822 0.587137
vt 0.051821 0.585415
vt 0.067750 0.581573
vt 0.618112 0.651852
vt 0.962166 0.705798
vt 0.975999 0.706663
vt 0.977617 0.724504
vt 0.794755 0.150098
vt 0.029869 0.189095
vt 0.027915 0.156467
vt 0.039449 0.158322
vt 0.533372 0.840579
vt 0.579869 0.838323
vt 0.558218 0.836646
vt 0.591293 0.644780
vt 0.451843 0.044141
vt 0.940121 0.696578
vt 0.967921 0.683835
vt 0.180587 0.280802
vt 0.726143 0.302261
vt 0.699193 0.295986
vt 0.730882 0.253482
vt 0.037894 0.386022
vt 0.367624 0.614070
vt 0.384573 0.613617
vt 0.368181 0.619616
vt 0.048097 0.173312
vt 0.021926 0.022213
vt 0.380295 0.620539
vt 0.854545 0.319340
vt 0.571306 0.649538
vt 0.584486 0.635131
vt 0.967688 0.334260
vt 0.952359 0.345625
vt 0.854442 0.211170
vt 0.843819 0.325740
vt 0.832790 0.317696
vt 0.023808 0.174493
vt 0.039755 0.343035
vt 0.115122 0.780795
vt 0.133001 0.810034
vt 0.825282 0.153461
vt 0.558740 0.020802
vt 0.125810 0.084580
vt 0.143626 0.142610
vt 0.076519 0.107916
vt 0.912375 0.352442
vt 0.958027 0.363880
vt 0.953613 0.372972
vt 0.951785 0.671098
vt 0.935607 0.685810
vt 0.874178 0.065373
vt 0.902207 0.107595
vt 0.462829 0.056636
vt 0.462358 0.072360
vt 0.410324 0.061256
vt 0.058866 0.611540
vt 0.041158 0.550509
vt 0.189392 0.282570
vt 0.046962 0.596267
vt 0.117918 0.005132
vt 0.133231 0.017931
vt 0.097298 0.018457
vt 0.146881 0.840260
vt 0.040837 0.576925
vt 0.805791 0.973061
vt 0.803737 0.969066
vt 0.809908 0.969404
vt 0.271260 0.169605
vt 0.490628 0.071517
vt 0.472590 0.085884
vt 0.776517 0.218350
vt 0.790283 0.226699
vt 0.767359 0.230283
vt 0.952545 0.733304
vt 0.190740 0.250707
vt 0.960295 0.264683
vt 0.964154 0.278727
vt 0.955731 0.266363
vt 0.866848 0.292540
vt 0.251351 0.171205
vt 0.021693 0.340917
vt 0.242818 0.038846
vt 0.248801 0.051252
vt 0.232729 0.041370
vt 0.025360 0.900287
vt 0.020374 0.875911
vt 0.041598 0.890258
vt 0.837375 0.151826
vt 0.844691 0.151589
vt 0.478373 0.958911
vt 0.466443 0.918931
vt 0.484547 0.959380
vt 0.327493 0.678918
vt 0.382851 0.685675
vt 0.367238 0.681848
vt 0.380571 0.656936
vt 0.372347 0.634437
vt 0.043792 0.612094
vt 0.457997 0.064395
vt 0.063692 0.281589
vt 0.055789 0.316207
vt 0.053722 0.291569
vt 0.543769 0.027230
vt 0.538263 0.026759
vt 0.250014 0.671793
vt 0.042969 0.016006
vt 0.421515 0.070137
vt 0.961047 0.350868
vt 0.924280 0.676995
vt 0.737903 0.751910
vt 0.390964 0.645945
vt 0.371777 0.649441
vt 0.549351 0.037112
vt 0.534373 0.036195
vt 0.580245 0.030436
vt 0.640096 0.255309
vt 0.664087 0.281116
vt 0.652383 0.294208
vt 0.022196 0.326879
vt 0.015288 0.299595
vt 0.021114 0.306388
vt 0.608886 0.856256
vt 0.854594 0.244491
vt 0.084387 0.355282
vt 0.408707 0.069865
vt 0.291580 0.169574
vt 0.190572 0.189495
vt 0.662273 0.296176
vt 0.670405 0.288177
vt 0.049740 0.198262
vt 0.058514 0.185236
vt 0.035061 0.592004
vt 0.842723 0.060325
vt 0.041245 0.582386
vt 0.397550 0.028878
vt 0.398587 0.007627
vt 0.421021 0.019420
vt 0.253953 0.705233
vt 0.234678 0.706755
vt 0.693246 0.873852
vt 0.721688 0.861507
vt 0.133180 0.777855
vt 0.281921 0.662431
vt 0.194942 0.190638
vt 0.227940 0.659289
vt 0.600767 0.660916
vt 0.193655 0.204348
vt 0.022228 0.288621
vt 0.049237 0.289951
vt 0.023017 0.317583
vt 0.374387 0.602830
vt 0.402136 0.603672
vt 0.023034 0.193364
vt 0.749072 0.229209
vt 0.752332 0.242057
vt 0.942676 0.727242
vt 0.394783 0.617410
vt 0.932755 0.293410
vt 0.931179 0.298969
vt 0.294158 0.691703
vt 0.063567 0.199049
vt 0.043445 0.198087
vt 0.036404 0.266281
vt 0.041755 0.245084
vt 0.045395 0.274571
vt 0.938775 0.711032
vt 0.732624 0.281726
vt 0.860683 0.051994
vt 0.196034 0.227560
vt 0.363851 0.662877
vt 0.036117 0.239553
vt 0.372998 0.805096
vt 0.375582 0.790610
vt 0.383459 0.789940
vt 0.609460 0.662189
vt 0.738953 0.236345
vt 0.268711 0.684938
vt 0.766939 0.210781
vt 0.907047 0.058397
vt 0.972948 0.824770
vt 0.709556 0.239202
vt 0.692182 0.260670
vt 0.673395 0.233366
vt 0.734175 0.247157
vt 0.725590 0.241069
vt 0.716026 0.249299
vt 0.711697 0.248635
vt 0.402255 0.941880
vt 0.406180 0.953325
vt 0.397493 0.943222
vt 0.868633 0.279140
vt 0.052319 0.013219
vt 0.613231 0.718225
vt 0.632770 0.722767
vt 0.608613 0.734857
vt 0.233078 0.625304
vt 0.210649 0.635426
vt 0.119772 0.077548
vt 0.495291 0.059836
vt 0.967983 0.983804
vt 0.960135 0.989320
vt 0.952115 0.969853
vt 0.595450 0.728281
vt 0.756284 0.205399
vt 0.193760 0.174617
vt 0.204692 0.170946
vt 0.204048 0.174933
vt 0.041641 0.921834
vt 0.238954 0.665404
vt 0.256920 0.340771
vt 0.315776 0.335390
vt 0.304662 0.368756
vt 0.944137 0.735844
vt 0.857731 0.257230
vt 0.621022 0.261103
vt 0.621966 0.280998
vt 0.607844 0.275037
vt 0.663801 0.266672
vt 0.313243 0.696850
vt 0.794771 0.958964
vt 0.787633 0.964583
vt 0.790594 0.950586
vt 0.397399 0.634327
vt 0.196458 0.278843
vt 0.673363 0.268741
vt 0.718457 0.323831
vt 0.262759 0.041199
vt 0.770521 0.206099
vt 0.218676 0.177811
vt 0.647293 0.724601
vt 0.645812 0.714862
vt 0.028129 0.588576
vt 0.227458 0.674905
vt 0.359033 0.787236
vt 0.030488 0.598227
vt 0.672386 0.733559
vt 0.284137 0.711007
vt 0.688348 0.279665
vt 0.718807 0.256534
vt 0.353705 0.677340
vt 0.074749 0.014333
vt 0.062660 0.017359
vt 0.085068 0.002393
vt 0.836246 0.046373
vt 0.155290 0.800690
vt 0.603328 0.710673
vt 0.631069 0.700104
vt 0.230385 0.411532
vt 0.192035 0.407455
vt 0.708315 0.230307
vt 0.874228 0.316508
vt 0.912824 0.342170
vt 0.853236 0.044610
vt 0.176340 0.550159
vt 0.163775 0.551241
vt 0.171994 0.543443
vt 0.885488 0.047644
vt 0.400560 0.621943
vt 0.198324 0.254303
vt 0.269630 0.712938
vt 0.950339 0.046699
vt 0.269873 0.053096
vt 0.269626 0.065561
vt 0.249025 0.065067
vt 0.643237 0.700177
vt 0.136833 0.555887
vt 0.171037 0.540404
vt 0.059455 0.935508
vt 0.066861 0.931496
vt 0.066692 0.953792
vt 0.739987 0.211417
vt 0.060527 0.560326
vt 0.030630 0.545978
vt 0.035668 0.544867
vt 0.028212 0.583060
vt 0.722955 0.223271
vt 0.536266 0.237236
vt 0.541558 0.240058
vt 0.537596 0.240759
vt 0.680174 0.691150
vt 0.058863 0.042256
vt 0.084222 0.053556
vt 0.050174 0.068144
vt 0.368377 0.061997
vt 0.367093 0.059087
vt 0.369836 0.056345
vt 0.165984 0.837293
vt 0.086746 0.049179
vt 0.545015 0.250216
vt 0.928898 0.295311
vt 0.547505 0.250229
vt 0.126077 0.081667
vt 0.468838 0.965260
vt 0.438779 0.945414
vt 0.024701 0.575509
vt 0.124392 0.074485
vt 0.741631 0.263760
vt 0.418060 0.974768
vt 0.399198 0.984033
vt 0.404681 0.974119
vt 0.505345 0.850008
vt 0.052184 0.058185
vt 0.260942 0.180002
vt 0.283497 0.300867
vt 0.272753 0.297734
vt 0.284943 0.292581
vt 0.437122 0.970604
vt 0.403096 0.967427
vt 0.657688 0.256606
vt 0.896190 0.336252
vt 0.910494 0.290064
vt 0.913785 0.293194
vt 0.031735 0.936529
vt 0.033533 0.955871
vt 0.029089 0.945726
vt 0.456529 0.045969
vt 0.123490 0.072408
vt 0.613203 0.698051
vt 0.032911 0.613162
vt 0.933544 0.739484
vt 0.160998 0.571313
vt 0.177873 0.559385
vt 0.289930 0.314360
vt 0.279055 0.315574
vt 0.285635 0.307720
vt 0.165084 0.078187
vt 0.159503 0.088524
vt 0.074711 0.036978
vt 0.090764 0.041687
vt 0.639999 0.691942
vt 0.053146 0.007090
vt 0.775945 0.939959
vt 0.767045 0.952116
vt 0.565251 0.226218
vt 0.270326 0.044258
vt 0.871232 0.273312
vt 0.121233 0.724649
vt 0.113999 0.680177
vt 0.136429 0.680972
vt 0.787525 0.939227
vt 0.405455 0.648644
vt 0.706668 0.222310
vt 0.078736 0.716380
vt 0.069477 0.707762
vt 0.088021 0.681056
vt 0.159482 0.074111
vt 0.057391 0.706252
vt 0.061959 0.672938
vt 0.290867 0.177062
vt 0.899766 0.340982
vt 0.256520 0.607162
vt 0.301761 0.706775
vt 0.054137 0.016222
vt 0.068917 0.018652
vt 0.074035 0.019211
vt 0.077313 0.669192
vt 0.211884 0.178229
vt 0.356822 0.984587
vt 0.355292 0.988601
vt 0.342972 0.987704
vt 0.595313 0.232371
vt 0.118182 0.065613
vt 0.716546 0.206680
vt 0.936976 0.746957
vt 0.200534 0.205174
vt 0.621227 0.687629
vt 0.280309 0.036228
vt 0.284642 0.328831
vt 0.292347 0.328009
vt 0.487461 0.963454
vt 0.125195 0.509578
vt 0.141154 0.519711
vt 0.123748 0.533693
vt 0.207371 0.258707
vt 0.033600 0.542504
vt 0.345031 0.980198
vt 0.015555 0.556509
vt 0.020604 0.543012
vt 0.898935 0.351850
vt 0.070117 0.322816
vt 0.298287 0.280977
vt 0.276204 0.281717
vt 0.286692 0.280544
vt 0.669896 0.193109
vt 0.345832 0.974635
vt 0.240128 0.178548
vt 0.406429 0.579446
vt 0.729677 0.203719
vt 0.064943 0.022969
vt 0.061478 0.028328
vt 0.058200 0.026218
vt 0.529113 0.227320
vt 0.706112 0.210564
vt 0.117190 0.668523
vt 0.431859 0.986116
vt 0.880697 0.258282
vt 0.801949 0.773181
vt 0.801792 0.784284
vt 0.794972 0.766595
vt 0.154891 0.562175
vt 0.283879 0.032088
vt 0.292299 0.027867
vt 0.150513 0.729801
vt 0.136868 0.756442
vt 0.931782 0.983785
vt 0.946539 0.962659
vt 0.205116 0.233758
vt 0.551245 0.255079
vt 0.936946 0.738425
vt 0.299294 0.071932
vt 0.299647 0.066508
vt 0.302877 0.060039
vt 0.262302 0.367538
vt 0.289489 0.047917
vt 0.338454 0.060057
vt 0.321361 0.064080
vt 0.334538 0.047249
vt 0.079004 0.065282
vt 0.299531 0.032743
vt 0.297048 0.070760
vt 0.292870 0.059874
vt 0.285145 0.068036
vt 0.473908 0.047519
vt 0.882540 0.239008
vt 0.814876 0.780791
vt 0.805825 0.766035
vt 0.020668 0.208076
vt 0.011151 0.229759
vt 0.009454 0.212007
vt 0.026961 0.220387
vt 0.705211 0.203215
vt 0.309831 0.313636
vt 0.200939 0.706050
vt 0.920028 0.911311
vt 0.885823 0.912308
vt 0.917586 0.894164
vt 0.241547 0.084920
vt 0.247548 0.091728
vt 0.231488 0.089282
vt 0.077006 0.961715
vt 0.881733 0.249540
vt 0.642081 0.691312
vt 0.743297 0.468077
vt 0.761475 0.454445
vt 0.762157 0.483476
vt 0.926882 0.724368
vt 0.994601 0.394726
vt 0.981881 0.393802
vt 0.996004 0.391537
vt 0.183439 0.470757
vt 0.179886 0.447242
vt 0.187576 0.441769
vt 0.408610 0.614877
vt 0.053675 0.678122
vt 0.410040 0.657028
vt 0.653222 0.252602
vt 0.958127 0.907448
vt 0.946211 0.887990
vt 0.949314 0.889032
vt 0.003425 0.208601
vt 0.006133 0.200238
vt 0.300269 0.303081
vt 0.980191 0.424192
vt 0.435774 0.957336
vt 0.287927 0.183383
vt 0.420863 0.947465
vt 0.919448 0.704913
vt 0.247963 0.123698
vt 0.232834 0.100417
vt 0.193103 0.503650
vt 0.184881 0.507838
vt 0.185792 0.491289
vt 0.913496 0.692374
vt 0.112338 0.523354
vt 0.111349 0.511785
vt 0.889755 0.212727
vt 0.409870 0.625512
vt 0.306926 0.038063
vt 0.303829 0.048338
vt 0.299035 0.265578
vt 0.963172 0.056668
vt 0.970037 0.031102
vt 0.983433 0.060157
vt 0.304443 0.298140
vt 0.924571 0.982334
vt 0.937977 0.959282
vt 0.744392 0.791760
vt 0.769142 0.763388
vt 0.898867 0.292460
vt 0.007939 0.196399
vt 0.961006 0.902965
vt 0.881173 0.882000
vt 0.860081 0.908743
vt 0.856719 0.888126
vt 0.241117 0.916861
vt 0.247825 0.944317
vt 0.229036 0.925587
vt 0.974841 0.071259
vt 0.956530 0.063937
vt 0.147187 0.576556
vt 0.884822 0.295369
vt 0.891563 0.313158
vt 0.220044 0.667707
vt 0.966138 0.389453
vt 0.562117 0.230180
vt 0.959330 0.071453
vt 0.147270 0.571653
vt 0.749623 0.489884
vt 0.916425 0.978045
vt 0.977766 0.889675
vt 0.972414 0.902771
vt 0.411450 0.618421
vt 0.012042 0.197424
vt 0.431162 0.975652
vt 0.029346 0.206044
vt 0.943625 0.912530
vt 0.000006 0.194199
vt 0.002183 0.191182
vt 0.988818 0.036594
vt 0.206982 0.282867
vt 0.973739 0.022560
vt 0.979833 0.029061
vt 0.972133 0.028191
vt 0.157923 0.681520
vt 0.262597 0.904248
vt 0.261397 0.919053
vt 0.072327 0.973250
vt 0.409943 0.599904
vt 0.044255 0.221425
vt 0.300830 0.394911
vt 0.041187 0.221449
vt 0.206364 0.215272
vt 0.310274 0.512389
vt 0.283599 0.526498
vt 0.270463 0.505427
vt 0.663696 0.648091
vt 0.684848 0.650664
vt 0.178212 0.666492
vt 0.318207 0.306664
vt 0.314599 0.292881
vt 0.070121 0.661978
vt 0.142251 0.577136
vt 0.033542 0.338478
vt 0.203064 0.189916
vt 0.269762 0.535820
vt 0.288144 0.554724
vt 0.819755 0.768888
vt 0.821515 0.781970
vt 0.226172 0.467175
vt 0.221224 0.483143
vt 0.221900 0.453749
vt 0.581308 0.005610
vt 0.571978 0.008646
vt 0.579015 0.001349
vt 0.998368 0.399211
vt 0.822903 0.774130
vt 0.411378 0.682210
vt 0.666002 0.040188
vt 0.669094 0.043349
vt 0.659905 0.054317
vt 0.537398 0.729571
vt 0.532042 0.743622
vt 0.521903 0.731592
vt 0.460782 0.868843
vt 0.439337 0.876390
vt 0.429774 0.865149
vt 0.314075 0.279552
vt 0.198622 0.472461
vt 0.192991 0.459007
vt 0.547647 0.738755
vt 0.537029 0.742852
vt 0.276182 0.985624
vt 0.266916 0.985861
vt 0.262893 0.961119
vt 0.582190 0.014468
vt 0.577325 0.009251
vt 0.945444 0.177935
vt 0.985913 0.166833
vt 0.990418 0.201812
vt 0.327171 0.279243
vt 0.263472 0.987647
vt 0.272350 0.990868
vt 0.497853 0.732987
vt 0.475266 0.740438
vt 0.478508 0.719810
vt 0.638991 0.045250
vt 0.282195 0.941366
vt 0.098693 0.663109
vt 0.094948 0.656806
vt 0.595344 0.237726
vt 0.767497 0.966983
vt 0.739618 0.962207
vt 0.321868 0.327041
vt 0.327873 0.313244
vt 0.322034 0.276136
vt 0.892421 0.272463
vt 0.214247 0.489296
vt 0.220052 0.506589
vt 0.270429 0.387448
vt 0.393377 0.094539
vt 0.400981 0.096698
vt 0.397207 0.109660
vt 0.217737 0.511309
vt 0.212016 0.509957
vt 0.673591 0.055337
vt 0.665564 0.059637
vt 0.400843 0.091034
vt 0.749795 0.940640
vt 0.115420 0.561509
vt 0.168043 0.718212
vt 0.177558 0.425340
vt 0.824939 0.780464
vt 0.914579 0.874699
vt 0.111850 0.543877
vt 0.897203 0.276769
vt 0.758071 0.532422
vt 0.781550 0.540548
vt 0.769122 0.547445
vt 0.199570 0.656586
vt 0.329816 0.103311
vt 0.324614 0.071126
vt 0.346671 0.077863
vt 0.227351 0.449912
vt 0.522241 0.743529
vt 0.517694 0.729978
vt 0.204098 0.502096
vt 0.460146 0.891799
vt 0.038625 0.976664
vt 0.197587 0.511811
vt 0.452301 0.860509
vt 0.971522 0.908181
vt 0.749848 0.515415
vt 0.752605 0.499284
vt 0.771832 0.499228
vt 0.485926 0.893342
vt 0.470829 0.911068
vt 0.766297 0.933401
vt 0.316439 0.600861
vt 0.274792 0.602875
vt 0.302560 0.575663
vt 0.805754 0.570452
vt 0.796576 0.533487
vt 0.294949 0.907164
vt 0.288811 0.922207
vt 0.605406 0.045870
vt 0.641529 0.057710
vt 0.631207 0.083544
vt 0.902511 0.280902
vt 0.407881 0.861800
vt 0.346932 0.881114
vt 0.357488 0.858534
vt 0.944681 0.205078
vt 0.362121 0.104401
vt 0.344118 0.108675
vt 0.322577 0.300981
vt 0.544541 0.457978
vt 0.506232 0.468567
vt 0.510189 0.450378
vt 0.987531 0.666035
vt 0.987769 0.644386
vt 0.991614 0.656307
vt 0.401066 0.078323
vt 0.394325 0.084926
vt 0.885089 0.852583
vt 0.854105 0.848650
vt 0.443535 0.977089
vt 0.208218 0.469711
vt 0.173589 0.682044
vt 0.258362 0.081263
vt 0.235336 0.079856
vt 0.273647 0.120286
vt 0.982199 0.661637
vt 0.502930 0.719610
vt 0.502473 0.740906
vt 0.410098 0.098209
vt 0.767635 0.802664
vt 0.651299 0.034099
vt 0.617554 0.036546
vt 0.627213 0.036400
vt 0.620717 0.044274
vt 0.913841 0.860416
vt 0.601964 0.238099
vt 0.199418 0.438297
vt 0.247847 0.075367
vt 0.092950 0.046902
vt 0.558295 0.542313
vt 0.554824 0.547803
vt 0.539687 0.537123
vt 0.107299 0.933453
vt 0.095056 0.929095
vt 0.106328 0.927741
vt 0.330122 0.289137
vt 0.213815 0.275799
vt 0.205037 0.669742
vt 0.930335 0.876718
vt 0.553669 0.506964
vt 0.961657 0.909839
vt 0.748825 0.440313
vt 0.547769 0.490553
vt 0.507889 0.496538
vt 0.507026 0.487553
vt 0.459485 0.849578
vt 0.468135 0.851659
vt 0.440877 0.854985
vt 0.185075 0.420009
vt 0.484520 0.911701
vt 0.779240 0.516286
vt 0.802709 0.510374
vt 0.990291 0.667778
vt 0.868869 0.834691
vt 0.899439 0.260846
vt 0.211953 0.260379
vt 0.427429 0.080695
vt 0.779985 0.504075
vt 0.109731 0.916538
vt 0.099192 0.914643
vt 0.783996 0.481385
vt 0.242290 0.951676
vt 0.276448 0.951439
vt 0.517485 0.438811
vt 0.421079 0.099345
vt 0.807122 0.525369
vt 0.755233 0.524086
vt 0.994213 0.954253
vt 0.991704 0.947945
vt 0.572495 0.013488
vt 0.960580 0.954470
vt 0.294168 0.497045
vt 0.294486 0.488152
vt 0.295850 0.496092
vt 0.612772 0.416137
vt 0.633489 0.443363
vt 0.623435 0.455537
vt 0.208401 0.443389
vt 0.071903 0.896176
vt 0.900247 0.251383
vt 0.522094 0.476881
vt 0.294009 0.926055
vt 0.553404 0.711998
vt 0.432741 0.123366
vt 0.800687 0.950124
vt 0.801717 0.946381
vt 0.811071 0.939919
vt 0.513414 0.738068
vt 0.434808 0.093754
vt 0.330114 0.296174
vt 0.562496 0.547278
vt 0.562401 0.552197
vt 0.912427 0.843462
vt 0.623789 0.409562
vt 0.648300 0.403609
vt 0.609372 0.385340
vt 0.333568 0.311791
vt 0.341021 0.301784
vt 0.339918 0.325599
vt 0.558714 0.735028
vt 0.501046 0.915222
vt 0.499332 0.898843
vt 0.489994 0.869797
vt 0.513304 0.712112
vt 0.924137 0.862042
vt 0.037479 0.734732
vt 0.046215 0.730464
vt 0.056467 0.729341
vt 0.232161 0.422123
vt 0.218307 0.439116
vt 0.496431 0.703535
vt 0.414745 0.890341
vt 0.295694 0.455383
vt 0.288186 0.436911
vt 0.295517 0.444953
vt 0.607157 0.415094
vt 0.480551 0.859149
vt 0.380495 0.856334
vt 0.401119 0.133595
vt 0.352376 0.326802
vt 0.275977 0.480195
vt 0.294436 0.477187
vt 0.331973 0.303249
vt 0.244448 0.494595
vt 0.273240 0.501907
vt 0.272080 0.447809
vt 0.794464 0.937950
vt 0.833047 0.907680
vt 0.570196 0.016377
vt 0.054168 0.753589
vt 0.069328 0.739107
vt 0.334010 0.550014
vt 0.496706 0.003093
vt 0.492889 0.004210
vt 0.493093 0.002470
vt 0.271603 0.087722
vt 0.436586 0.099758
vt 0.255452 0.986441
vt 0.175519 0.645478
vt 0.064617 0.726439
vt 0.194847 0.665329
vt 0.956400 0.828378
vt 0.943234 0.841566
vt 0.942641 0.813662
vt 0.790289 0.455273
vt 0.802763 0.470402
vt 0.440549 0.085975
vt 0.835058 0.947304
vt 0.811141 0.955582
vt 0.481435 0.354668
vt 0.497289 0.329519
vt 0.506217 0.369220
vt 0.263754 0.463351
vt 0.295751 0.462795
vt 0.800880 0.486709
vt 0.303438 0.483313
vt 0.523410 0.339583
vt 0.506042 0.355568
vt 0.802661 0.503973
vt 0.903910 0.239962
vt 0.580280 0.430786
vt 0.257687 0.421226
vt 0.356676 0.304503
vt 0.750160 0.927618
vt 0.741864 0.928269
vt 0.928444 0.861607
vt 0.972277 0.854008
vt 0.942531 0.865364
vt 0.275675 0.077332
vt 0.093535 0.973130
vt 0.092980 0.971197
vt 0.093533 0.964809
vt 0.535831 0.705506
vt 0.955708 0.812148
vt 0.075163 0.725294
vt 0.083597 0.734064
vt 0.513902 0.311195
vt 0.524390 0.321200
vt 0.498996 0.314850
vt 0.489007 0.013116
vt 0.576748 0.473463
vt 0.450251 0.982609
vt 0.502204 0.877577
vt 0.302874 0.461244
vt 0.296464 0.944362
vt 0.648577 0.384550
vt 0.501229 0.008651
vt 0.313733 0.234691
vt 0.334867 0.219675
vt 0.254738 0.984644
vt 0.821625 0.932181
vt 0.293943 0.087376
vt 0.304132 0.112094
vt 0.259316 0.071748
vt 0.444301 0.099831
vt 0.521022 0.706269
vt 0.831067 0.926250
vt 0.097785 0.969966
vt 0.454432 0.963307
vt 0.704793 0.015447
vt 0.700185 0.023684
vt 0.696536 0.020515
vt 0.187995 0.672416
vt 0.507075 0.886182
vt 0.347110 0.284617
vt 0.335932 0.283350
vt 0.340364 0.272166
vt 0.345300 0.289394
vt 0.370830 0.295565
vt 0.065654 0.765793
vt 0.623252 0.010087
vt 0.645502 0.005759
vt 0.646868 0.013749
vt 0.804425 0.493277
vt 0.494566 0.313238
vt 0.075133 0.754781
vt 0.567620 0.020940
vt 0.036188 0.625801
vt 0.031994 0.624908
vt 0.036127 0.620817
vt 0.592912 0.944889
vt 0.617971 0.943637
vt 0.619296 0.946511
vt 0.718651 0.654169
vt 0.693330 0.658782
vt 0.692795 0.649659
vt 0.718548 0.010085
vt 0.717980 0.012623
vt 0.714975 0.011293
vt 0.904430 0.274831
vt 0.473169 0.705948
vt 0.427597 0.142900
vt 0.931088 0.875791
vt 0.941648 0.874401
vt 0.225327 0.417853
vt 0.208247 0.418300
vt 0.623084 0.942817
vt 0.636311 0.943399
vt 0.626081 0.953165
vt 0.307681 0.472003
vt 0.307139 0.487512
vt 0.599705 0.969053
vt 0.548522 0.698936
vt 0.620284 0.955749
vt 0.196739 0.417065
vt 0.863322 0.951249
vt 0.845905 0.953641
vt 0.860993 0.946837
vt 0.309157 0.487300
vt 0.842637 0.916844
vt 0.030936 0.635493
vt 0.043345 0.626138
vt 0.733714 0.952736
vt 0.284104 0.078164
vt 0.496882 0.013882
vt 0.497255 0.016789
vt 0.097757 0.954533
vt 0.093731 0.958372
vt 0.585325 0.463653
vt 0.724139 0.433443
vt 0.716312 0.402740
vt 0.739905 0.420262
vt 0.982328 0.830732
vt 0.404123 0.160163
vt 0.402944 0.146789
vt 0.421782 0.159935
vt 0.622082 0.966561
vt 0.356400 0.532949
vt 0.351834 0.266717
vt 0.341506 0.262468
vt 0.801717 0.251231
vt 0.786001 0.330691
vt 0.772999 0.248668
vt 0.183058 0.628744
vt 0.490660 0.021656
vt 0.236429 0.442305
vt 0.514691 0.700554
vt 0.860352 0.938452
vt 0.628861 0.979507
vt 0.586425 0.487141
vt 0.363813 0.310236
vt 0.633938 0.965108
vt 0.337859 0.287453
vt 0.316013 0.467016
vt 0.313999 0.472101
vt 0.313275 0.467017
vt 0.480709 0.018608
vt 0.216168 0.416244
vt 0.853896 0.922975
vt 0.087405 0.953814
vt 0.968980 0.862967
vt 0.310329 0.480291
vt 0.624919 0.980090
vt 0.966564 0.875430
vt 0.623583 0.505731
vt 0.604510 0.497441
vt 0.652524 0.496374
vt 0.444761 0.371214
vt 0.439780 0.367095
vt 0.452036 0.358061
vt 0.912176 0.213914
vt 0.407214 0.849860
vt 0.466838 0.340031
vt 0.471673 0.369158
vt 0.437169 0.354058
vt 0.592602 0.449073
vt 0.850254 0.782710
vt 0.851244 0.805785
vt 0.835961 0.788632
vt 0.050032 0.639095
vt 0.048435 0.643975
vt 0.032853 0.643539
vt 0.664257 0.099734
vt 0.656754 0.106177
vt 0.653995 0.102792
vt 0.086781 0.967028
vt 0.186785 0.661517
vt 0.895041 0.821869
vt 0.841130 0.826086
vt 0.431880 0.327279
vt 0.425931 0.300891
vt 0.432189 0.306968
vt 0.419277 0.357751
vt 0.860496 0.761261
vt 0.833242 0.769536
vt 0.506539 0.270317
vt 0.504214 0.245621
vt 0.532625 0.249822
vt 0.431920 0.377221
vt 0.756485 0.429412
vt 0.764135 0.439519
vt 0.470154 0.306427
vt 0.500621 0.244742
vt 0.395361 0.304017
vt 0.369876 0.252920
vt 0.344039 0.251562
vt 0.504391 0.692316
vt 0.890042 0.665633
vt 0.902850 0.669946
vt 0.893044 0.685915
vt 0.460637 0.306836
vt 0.058925 0.621041
vt 0.638357 0.520462
vt 0.979298 0.867108
vt 0.452935 0.318940
vt 0.250817 0.969688
vt 0.441975 0.302828
vt 0.660882 0.096016
vt 0.178209 0.653818
vt 0.352809 0.504754
vt 0.648375 0.365239
vt 0.093544 0.953435
vt 0.862168 0.666489
vt 0.873514 0.686346
vt 0.543001 0.690167
vt 0.051383 0.625896
vt 0.375665 0.309037
vt 0.365723 0.288896
vt 0.066226 0.980266
vt 0.062221 0.985367
vt 0.062412 0.979693
vt 0.623920 0.557295
vt 0.644535 0.580422
vt 0.596112 0.579190
vt 0.359408 0.589295
vt 0.547607 0.691211
vt 0.444463 0.144154
vt 0.760575 0.427634
vt 0.857716 0.735319
vt 0.907479 0.758174
vt 0.585405 0.959107
vt 0.706623 0.629887
vt 0.854959 0.687161
vt 0.581445 0.372960
vt 0.606944 0.371236
vt 0.500383 0.279661
vt 0.059187 0.625280
vt 0.908093 0.631560
vt 0.894533 0.641096
vt 0.897326 0.619240
vt 0.583753 0.730690
vt 0.517337 0.692727
vt 0.376032 0.286447
vt 0.651177 0.068028
vt 0.642958 0.077744
vt 0.619717 0.024938
vt 0.445879 0.152709
vt 0.052104 0.982489
vt 0.370509 0.268801
vt 0.175194 0.030603
vt 0.177299 0.017634
vt 0.179471 0.032176
vt 0.304408 0.077049
vt 0.316698 0.108918
vt 0.363015 0.216470
vt 0.589761 0.362823
vt 0.370519 0.548407
vt 0.650585 0.544466
vt 0.614721 0.542979
vt 0.648650 0.532535
vt 0.398817 0.358224
vt 0.575909 0.364007
vt 0.580509 0.695678
vt 0.563719 0.687568
vt 0.751799 0.417009
vt 0.394044 0.259084
vt 0.594318 0.522005
vt 0.533813 0.264265
vt 0.525759 0.300919
vt 0.743174 0.323234
vt 0.728740 0.349288
vt 0.723283 0.336504
vt 0.889950 0.787475
vt 0.047826 0.991326
vt 0.864114 0.659816
vt 0.583167 0.348785
vt 0.756219 0.364368
vt 0.741863 0.396866
vt 0.721515 0.383841
vt 0.599687 0.534064
vt 0.901489 0.661893
vt 0.168706 0.648687
vt 0.185780 0.033993
vt 0.180506 0.036596
vt 0.738256 0.404813
vt 0.732361 0.652309
vt 0.634166 0.356646
vt 0.314466 0.084279
vt 0.754423 0.414671
vt 0.731471 0.632499
vt 0.744941 0.648983
vt 0.366434 0.561302
vt 0.668691 0.089570
vt 0.610096 0.337306
vt 0.597265 0.337008
vt 0.903579 0.647886
vt 0.881709 0.646449
vt 0.853553 0.650129
vt 0.610635 0.356969
vt 0.389517 0.266511
vt 0.585546 0.568277
vt 0.713754 0.389008
vt 0.723860 0.395146
vt 0.066732 0.624160
vt 0.603562 0.348987
vt 0.619972 0.328365
vt 0.642517 0.324241
vt 0.653357 0.071362
vt 0.644530 0.079635
vt 0.582955 0.530148
vt 0.752663 0.636966
vt 0.867484 0.624010
vt 0.388297 0.275667
vt 0.873446 0.602488
vt 0.865196 0.609728
vt 0.343391 0.212171
vt 0.584628 0.550424
vt 0.740851 0.628580
vt 0.755974 0.633466
vt 0.897934 0.599613
vt 0.504583 0.291595
vt 0.388143 0.291575
vt 0.905883 0.730554
vt 0.640786 0.343632
vt 0.729211 0.824312
vt 0.757476 0.836787
vt 0.729965 0.853906
vt 0.635040 0.334988
vt 0.652764 0.328767
vt 0.733858 0.309264
vt 0.731740 0.617041
vt 0.207557 0.030716
vt 0.196284 0.037354
vt 0.070182 0.638773
vt 0.747236 0.869927
vt 0.730149 0.321308
vt 0.191790 0.035509
vt 0.864215 0.641641
vt 0.263580 0.273540
vt 0.232912 0.294522
vt 0.222985 0.250549
vt 0.849486 0.659369
vt 0.073218 0.623266
vt 0.922380 0.799972
vt 0.066288 0.644221
vt 0.391940 0.287285
vt 0.757843 0.330569
vt 0.392509 0.228147
vt 0.186943 0.017097
vt 0.742450 0.889504
vt 0.786259 0.886503
vt 0.762764 0.811621
vt 0.851262 0.612757
vt 0.708501 0.616462
vt 0.712818 0.611307
vt 0.724456 0.593116
vt 0.710693 0.596555
vt 0.714387 0.588887
vt 0.402207 0.265420
vt 0.778434 0.858910
vt 0.754229 0.619325
vt 0.502270 0.305068
vt 0.718035 0.580106
vt 0.729307 0.577999
vt 0.846475 0.628863
vt 0.276068 0.196191
vt 0.287040 0.191417
vt 0.298065 0.194268
vt 0.845693 0.641752
vt 0.749070 0.599299
vt 0.732882 0.610604
vt 0.760396 0.594850
vt 0.747984 0.586811
vt 0.299568 0.200088
vt 0.147936 0.026156
vt 0.125601 0.023608
vt 0.153396 0.016436
vt 0.299032 0.207217
vt 0.290999 0.212291
vt 0.791305 0.808395
vt 0.847739 0.644068
vt 0.859000 0.579688
vt 0.750296 0.614211
vt 0.762266 0.587423
vt 0.756961 0.577117
vt 0.201898 0.039731
vt 0.200650 0.042743
vt 0.842258 0.601884
vt 0.791008 0.831618
vt 0.927695 0.774793
vt 0.153736 0.059559
vt 0.141380 0.056367
vt 0.151838 0.055238
vt 0.206666 0.042086
vt 0.943838 0.036702
vt 0.937425 0.030423
vt 0.944938 0.028207
vt 0.205800 0.023644
vt 0.944370 0.021336
vt 0.077741 0.639341
vt 0.273941 0.190827
vt 0.809552 0.873448
vt 0.213720 0.046341
vt 0.212453 0.045187
vt 0.146717 0.053308
vt 0.151698 0.042512
vt 0.941919 0.016215
vt 0.755648 0.360389
vt 0.273689 0.252798
vt 0.240845 0.238176
vt 0.269295 0.231524
vt 0.947753 0.037190
vt 0.941864 0.045474
vt 0.744008 0.544572
vt 0.765062 0.556445
vt 0.252318 0.209003
vt 0.284394 0.222203
vt 0.387069 0.219856
vt 0.809880 0.794472
vt 0.817037 0.802085
vt 0.821501 0.843162
vt 0.837551 0.578413
vt 0.132362 0.054127
vt 0.130594 0.026763
vt 0.215564 0.046377
vt 0.781433 0.334929
vt 0.946006 0.045564
vt 0.456324 0.025661
vt 0.451862 0.031557
vt 0.458014 0.021027
vt 0.420064 0.233843
vt 0.179443 0.930759
vt 0.185196 0.919007
vt 0.184752 0.928128
vt 0.450361 0.008438
vt 0.457063 0.019083
vt 0.185520 0.921905
vt 0.836668 0.888584
vt 0.836669 0.869136
vt 0.823552 0.821787
vt 0.413751 0.249023
vt 0.731292 0.544209
vt 0.460275 0.031159
vt 0.248776 0.189997
vt 0.219566 0.030928
vt 0.222776 0.216954
vt 0.192076 0.920489
vt 0.453152 0.036853
vt 0.184414 0.934991
vt 0.141546 0.922924
vt 0.149775 0.922909
vt 0.144441 0.936905
vt 0.194567 0.927466
vt 0.092972 0.408032
vt 0.090782 0.395373
vt 0.098669 0.405702
vt 0.184605 0.940136
vt 0.185169 0.946904
vt 0.837250 0.968478
vt 0.814102 0.975112
vt 0.806891 0.958856
vt 0.438384 0.025158
vt 0.447701 0.034741
vt 0.216186 0.227757
vt 0.784566 0.362069
vt 0.108653 0.399317
vt 0.222386 0.034970
vt 0.055488 0.711496
vt 0.039562 0.703851
vt 0.051379 0.699569
vt 0.160831 0.919627
vt 0.154724 0.936177
vt 0.182874 0.949710
vt 0.115063 0.049806
vt 0.137364 0.885127
vt 0.138749 0.868439
vt 0.161001 0.910912
vt 0.098388 0.417132
vt 0.793449 0.342500
vt 0.122444 0.393888
vt 0.109188 0.028147
vt 0.442714 0.009210
vt 0.229931 0.192405
vt 0.215780 0.197579
vt 0.192672 0.948701
vt 0.040290 0.495888
vt 0.035561 0.477678
vt 0.052287 0.479213
vt 0.132110 0.147763
vt 0.133635 0.156068
vt 0.130690 0.157996
vt 0.096641 0.024985
vt 0.436401 0.020975
vt 0.113509 0.378510
vt 0.133674 0.375977
vt 0.108612 0.146172
vt 0.110029 0.151776
vt 0.106628 0.148838
vt 0.171471 0.926296
vt 0.164433 0.942023
vt 0.047467 0.685264
vt 0.023499 0.493906
vt 0.030829 0.507509
vt 0.736852 0.536344
vt 0.734695 0.533820
vt 0.132100 0.163297
vt 0.196963 0.939182
vt 0.017330 0.481895
vt 0.019768 0.465734
vt 0.027497 0.464967
vt 0.198543 0.930025
vt 0.676888 0.001707
vt 0.690058 0.019184
vt 0.678759 0.009340
vt 0.099335 0.374841
vt 0.172974 0.948967
vt 0.674525 0.004053
vt 0.659180 0.024428
vt 0.661383 0.009023
vt 0.034673 0.665562
vt 0.038029 0.670927
vt 0.033177 0.676489
vt 0.120112 0.348687
vt 0.100787 0.358463
vt 0.106935 0.346032
vt 0.098955 0.029597
vt 0.123028 0.362714
vt 0.686612 0.021190
vt 0.029814 0.702563
vt 0.666850 0.029523
vt 0.661143 0.033240
vt 0.097402 0.049481
vt 0.862862 0.960322
vt 0.860342 0.986379
vt 0.842900 0.965291
vt 0.840055 0.984281
s 1
usemtl Material
f 426/1/1 1031/2/2 423/3/3
f 423/4/3 1031/5/2 1/6/4
f 423/3/3 425/7/5 426/1/1
f 1031/2/2 426/1/1 424/8/6
f 423/3/3 432/9/7 425/7/5
f 2/10/8 424/8/6 426/1/1
f 1031/5/2 7/11/9 1/6/4
f 424/8/6 428/12/10 1031/2/2
f 7/13/9 1031/14/2 428/15/10
f 1032/16/11 1204/17/12 3/18/13
f 3/18/13 427/19/14 1032/16/11
f 3/18/13 1204/17/12 4/20/15
f 3/18/13 429/21/16 427/19/14
f 430/22/17 3/18/13 4/20/15
f 431/23/18 1/6/4 7/11/9
f 430/22/17 429/21/16 3/18/13
f 1204/24/12 1032/25/11 9/26/19
f 6/27/20 432/28/7 1/29/4
f 6/27/20 1/29/4 431/30/18
f 432/31/7 709/32/21 425/33/5
f 8/34/22 427/19/14 429/21/16
f 431/23/18 7/11/9 1127/35/23
f 432/28/7 423/36/3 1/29/4
f 708/37/24 1032/25/11 427/38/14
f 6/27/20 714/39/25 432/28/7
f 429/21/16 12/40/26 8/34/22
f 5/41/27 1126/42/28 426/43/1
f 426/44/1 1126/45/28 2/46/8
f 1204/17/12 909/47/29 4/20/15
f 5/41/27 426/43/1 425/33/5
f 427/19/14 8/34/22 708/48/24
f 4/20/15 1169/49/30 430/22/17
f 425/33/5 709/32/21 5/41/27
f 428/15/10 424/50/6 910/51/31
f 1032/25/11 434/52/32 9/26/19
f 9/26/19 711/53/33 1204/54/12
f 429/21/16 430/22/17 1125/55/34
f 710/56/35 1170/57/36 424/8/6
f 708/37/24 433/58/37 1032/25/11
f 1169/49/30 4/20/15 909/47/29
f 433/58/37 708/37/24 11/59/38
f 711/60/33 909/47/29 1204/17/12
f 2/46/8 1126/45/28 21/61/39
f 437/62/40 429/21/16 1125/55/34
f 910/63/31 424/8/6 1170/57/36
f 711/60/33 710/56/35 909/47/29
f 911/64/41 1125/55/34 430/22/17
f 434/52/32 1032/25/11 433/58/37
f 5/41/27 10/65/42 1126/42/28
f 430/66/17 1169/67/30 911/68/41
f 1033/69/43 435/70/44 424/8/6
f 431/71/18 439/72/45 6/73/20
f 710/56/35 711/74/33 1170/57/36
f 909/47/29 710/56/35 435/70/44
f 435/70/44 710/56/35 424/8/6
f 1170/75/36 711/53/33 910/76/31
f 12/77/26 915/78/46 8/79/22
f 909/47/29 435/70/44 1169/49/30
f 712/80/47 1127/81/23 7/82/9
f 708/83/24 8/84/22 1034/85/48
f 9/26/19 912/86/49 711/53/33
f 431/71/18 1127/87/23 439/72/45
f 21/88/39 1033/89/43 2/90/8
f 12/40/26 429/21/16 437/62/40
f 712/91/47 13/92/50 715/93/51
f 5/41/27 709/32/21 438/94/52
f 1169/49/30 435/70/44 713/95/53
f 910/96/31 711/97/33 912/98/49
f 712/80/47 7/82/9 428/99/10
f 14/100/54 912/86/49 9/26/19
f 708/101/24 1034/85/48 11/102/38
f 910/96/31 912/98/49 13/103/50
f 910/96/31 13/103/50 428/104/10
f 434/52/32 436/105/55 9/26/19
f 424/106/6 2/46/8 1033/107/43
f 23/108/56 915/78/46 12/77/26
f 438/94/52 10/65/42 5/41/27
f 21/61/39 1126/45/28 10/109/42
f 435/110/44 1033/89/43 713/111/53
f 12/40/26 437/62/40 913/112/57
f 712/113/47 428/104/10 13/103/50
f 436/105/55 14/100/54 9/26/19
f 714/114/25 6/73/20 439/72/45
f 15/115/58 434/116/32 433/117/37
f 14/118/54 13/103/50 912/98/49
f 11/102/38 1034/85/48 914/119/59
f 433/117/37 11/120/38 15/115/58
f 1127/87/23 712/121/47 22/122/60
f 437/123/40 1125/124/34 911/68/41
f 16/125/61 1169/126/30 713/111/53
f 21/127/39 441/128/62 1033/129/43
f 432/31/7 63/130/63 709/32/21
f 715/131/51 13/103/50 14/118/54
f 911/68/41 1169/67/30 916/132/64
f 434/116/32 15/115/58 716/133/65
f 713/111/53 1033/89/43 16/125/61
f 709/32/21 717/134/66 438/94/52
f 10/109/42 438/135/52 28/136/67
f 1169/126/30 16/125/61 1033/89/43
f 436/137/55 434/116/32 716/133/65
f 436/138/55 715/93/51 14/139/54
f 21/61/39 10/109/42 19/140/68
f 709/32/21 63/130/63 717/134/66
f 439/72/45 1127/87/23 22/122/60
f 15/115/58 11/120/38 440/141/69
f 715/93/51 17/142/70 712/91/47
f 34/143/71 8/144/22 915/145/46
f 1033/89/43 441/146/62 1169/126/30
f 28/136/67 19/140/68 10/109/42
f 436/138/55 17/142/70 715/93/51
f 436/138/55 917/147/72 17/142/70
f 1169/126/30 441/146/62 916/148/64
f 911/68/41 916/132/64 920/149/73
f 1034/85/48 1037/150/74 914/119/59
f 11/102/38 914/119/59 440/151/69
f 437/123/40 911/68/41 442/152/75
f 913/112/57 33/153/76 12/40/26
f 12/40/26 33/153/76 23/154/56
f 21/127/39 1035/155/77 441/128/62
f 442/152/75 447/156/78 437/123/40
f 716/157/65 1171/158/79 436/138/55
f 714/114/25 439/72/45 20/159/80
f 438/160/52 717/161/66 28/162/67
f 18/163/81 716/133/65 15/115/58
f 17/142/70 446/164/82 712/91/47
f 34/143/71 1034/165/48 8/144/22
f 17/142/70 917/147/72 443/166/83
f 712/121/47 923/167/84 22/122/60
f 442/152/75 911/68/41 920/149/73
f 918/168/85 916/169/64 441/128/62
f 437/123/40 447/156/78 913/170/57
f 436/138/55 919/171/86 917/147/72
f 441/128/62 1035/155/77 918/168/85
f 17/142/70 443/166/83 446/164/82
f 1171/158/79 919/171/86 436/138/55
f 443/166/83 917/147/72 919/171/86
f 443/166/83 919/171/86 446/164/82
f 716/133/65 454/172/87 1171/173/79
f 916/169/64 918/168/85 1035/155/77
f 445/174/88 24/175/89 915/145/46
f 23/108/56 445/176/88 915/78/46
f 20/159/80 449/177/90 714/114/25
f 448/178/91 20/159/80 439/72/45
f 1034/85/48 34/179/71 1037/150/74
f 19/180/68 28/181/67 722/182/92
f 15/115/58 37/183/93 18/163/81
f 718/184/94 444/185/95 25/186/96
f 15/115/58 440/141/69 37/183/93
f 444/187/95 26/188/97 25/189/96
f 21/190/39 1045/191/98 1035/192/77
f 716/133/65 18/163/81 454/172/87
f 920/193/73 450/194/99 442/195/75
f 30/196/100 444/185/95 27/197/101
f 913/170/57 926/198/102 33/199/76
f 30/200/100 26/188/97 444/201/95
f 24/175/89 34/143/71 915/145/46
f 1035/202/77 720/203/103 916/132/64
f 718/184/94 1038/204/104 444/185/95
f 27/197/101 24/175/89 445/174/88
f 27/197/101 444/185/95 1038/204/104
f 23/108/56 33/205/76 32/206/105
f 25/189/96 26/188/97 1036/207/106
f 445/176/88 23/108/56 30/200/100
f 719/208/107 22/122/60 923/167/84
f 30/200/100 27/209/101 445/176/88
f 439/72/45 22/122/60 448/178/91
f 27/197/101 1038/204/104 24/175/89
f 29/210/108 718/184/94 25/186/96
f 25/189/96 1036/207/106 38/211/109
f 440/151/69 914/119/59 461/212/110
f 1035/155/77 1045/213/98 720/214/103
f 32/206/105 31/215/111 23/108/56
f 31/215/111 30/200/100 23/108/56
f 440/151/69 461/212/110 37/216/93
f 19/180/68 722/182/92 21/190/39
f 30/200/100 1040/217/112 26/188/97
f 1036/207/106 26/188/97 1040/217/112
f 42/218/113 1038/204/104 718/184/94
f 921/219/114 712/121/47 446/220/82
f 913/170/57 447/156/78 926/198/102
f 923/167/84 712/121/47 921/219/114
f 1038/204/104 34/143/71 24/175/89
f 30/200/100 31/215/111 1040/217/112
f 42/218/113 1172/221/115 1038/204/104
f 446/220/82 919/222/86 921/219/114
f 28/223/67 1039/224/116 722/225/92
f 916/226/64 720/227/103 721/228/117
f 718/184/94 452/229/118 42/218/113
f 921/219/114 919/222/86 458/230/119
f 718/184/94 29/210/108 451/231/120
f 1129/232/121 1040/217/112 31/215/111
f 1172/221/115 34/143/71 1038/204/104
f 458/230/119 919/222/86 1171/233/79
f 35/234/122 36/235/123 25/186/96
f 1039/224/116 28/223/67 717/236/66
f 35/237/122 25/189/96 38/211/109
f 32/206/105 1129/232/121 31/215/111
f 451/231/120 452/229/118 718/184/94
f 720/227/103 1045/191/98 721/228/117
f 450/194/99 1128/238/124 442/195/75
f 442/195/75 1128/238/124 447/239/78
f 36/235/123 29/210/108 25/186/96
f 21/190/39 722/182/92 730/240/125
f 41/241/126 921/219/114 458/230/119
f 1036/207/106 1040/217/112 724/242/127
f 454/172/87 18/163/81 37/183/93
f 923/167/84 921/219/114 41/241/126
f 477/243/128 450/194/99 920/193/73
f 453/244/129 1173/245/130 455/246/131
f 455/246/131 456/247/132 453/244/129
f 36/235/123 72/248/133 29/210/108
f 920/193/73 916/249/64 477/243/128
f 453/244/129 39/250/134 1173/245/130
f 1047/251/135 452/229/118 451/231/120
f 1041/252/136 39/250/134 453/244/129
f 924/253/137 456/254/132 455/255/131
f 1042/256/138 1044/257/139 1043/258/140
f 914/119/59 1037/150/74 461/212/110
f 719/208/107 448/178/91 22/122/60
f 1246/259/141 448/178/91 719/208/107
f 455/255/131 1173/260/130 922/261/142
f 452/262/118 1047/263/135 42/264/113
f 453/244/129 456/247/132 457/265/143
f 32/206/105 459/266/144 1129/232/121
f 1043/258/140 1044/257/139 725/267/145
f 38/211/109 1036/207/106 46/268/146
f 33/205/76 926/269/102 32/206/105
f 719/208/107 923/167/84 1246/270/141
f 20/159/80 448/178/91 449/177/90
f 1042/256/138 1175/271/147 1044/257/139
f 462/272/148 35/237/122 38/211/109
f 467/273/149 1041/252/136 453/244/129
f 457/265/143 456/247/132 44/274/150
f 1129/232/121 724/242/127 1040/217/112
f 46/268/146 1036/207/106 724/242/127
f 1037/275/74 34/276/71 1172/277/115
f 36/235/123 35/278/122 723/279/151
f 1174/280/152 40/281/153 1043/282/140
f 922/261/142 47/283/154 455/255/131
f 448/284/91 1246/285/141 464/286/155
f 465/287/156 923/167/84 41/241/126
f 456/254/132 924/253/137 44/288/150
f 36/235/123 723/279/151 466/289/157
f 463/290/158 72/248/133 36/235/123
f 467/273/149 453/244/129 457/265/143
f 50/291/159 1173/245/130 39/250/134
f 457/265/143 44/292/150 1205/293/160
f 721/228/117 51/294/161 916/226/64
f 50/291/159 922/295/142 1173/245/130
f 47/296/154 924/297/137 455/298/131
f 40/281/153 1042/299/138 1043/282/140
f 1042/299/138 40/281/153 62/300/162
f 1174/280/152 1043/282/140 725/301/145
f 721/228/117 1045/191/98 51/294/161
f 717/236/66 63/302/63 1039/224/116
f 1045/191/98 21/190/39 54/303/163
f 32/206/105 926/269/102 459/266/144
f 477/304/128 916/226/64 51/294/161
f 1174/280/152 725/301/145 49/305/164
f 466/289/157 463/290/158 36/235/123
f 467/273/149 1048/306/165 1041/252/136
f 41/241/126 458/230/119 465/287/156
f 724/242/127 68/307/166 45/308/167
f 1171/233/79 1181/309/168 458/230/119
f 432/31/7 768/310/169 63/130/63
f 460/311/170 922/261/142 50/312/159
f 1041/252/136 1048/306/165 56/313/171
f 40/314/153 1174/315/152 52/316/172
f 723/317/151 35/237/122 726/318/173
f 924/253/137 728/319/174 44/288/150
f 1044/257/139 469/320/175 725/267/145
f 72/248/133 451/231/120 29/210/108
f 42/264/113 1047/263/135 727/321/176
f 48/322/177 50/291/159 39/250/134
f 726/318/173 35/237/122 462/272/148
f 469/320/175 468/323/178 725/267/145
f 1205/293/160 467/273/149 457/265/143
f 1175/271/147 469/320/175 1044/257/139
f 723/317/151 726/318/173 1230/324/179
f 56/313/171 39/250/134 1041/252/136
f 727/321/176 1172/277/115 42/264/113
f 1037/275/74 1172/277/115 727/321/176
f 458/230/119 1181/309/168 465/287/156
f 56/313/171 48/322/177 39/250/134
f 21/190/39 742/325/180 54/303/163
f 43/326/181 454/327/87 76/328/182
f 1045/191/98 54/303/163 51/294/161
f 454/329/87 43/330/181 1171/233/79
f 449/177/90 432/331/7 714/114/25
f 742/325/180 21/190/39 730/240/125
f 45/308/167 46/268/146 724/242/127
f 1039/224/116 63/302/63 1176/332/183
f 466/289/157 723/279/151 1230/333/179
f 53/334/184 447/239/78 1128/238/124
f 1171/233/79 43/330/181 1181/309/168
f 1175/271/147 1046/335/185 471/336/186
f 1049/337/187 923/167/84 465/287/156
f 44/288/150 728/319/174 1205/338/160
f 467/273/149 1205/293/160 55/339/188
f 1177/340/189 742/325/180 730/240/125
f 466/289/157 470/341/190 463/290/158
f 924/297/137 47/296/154 729/342/191
f 1037/275/74 500/343/192 461/344/110
f 925/345/193 1174/315/152 49/346/164
f 730/347/125 722/225/92 1039/224/116
f 58/348/194 922/349/142 460/350/170
f 448/284/91 464/286/155 449/351/90
f 465/287/156 1181/309/168 1049/337/187
f 68/307/166 724/242/127 1129/232/121
f 927/352/195 1047/263/135 451/353/120
f 922/349/142 58/348/194 47/296/154
f 925/345/193 52/316/172 1174/315/152
f 1042/256/138 65/354/196 1175/271/147
f 68/307/166 1129/232/121 459/266/144
f 454/355/87 37/356/93 76/328/182
f 1176/332/183 730/347/125 1039/224/116
f 60/357/197 1175/271/147 471/336/186
f 473/358/198 1246/285/141 923/359/84
f 472/360/199 72/248/133 463/290/158
f 467/361/149 55/362/188 1048/363/165
f 729/364/191 64/365/200 924/366/137
f 726/318/173 462/272/148 930/367/201
f 728/368/174 924/369/137 64/365/200
f 1057/370/202 40/314/153 52/316/172
f 1047/263/135 927/352/195 70/371/203
f 1037/275/74 489/372/204 500/343/192
f 60/357/197 469/320/175 1175/271/147
f 1037/275/74 727/321/176 489/372/204
f 49/373/164 725/267/145 468/323/178
f 468/323/178 469/320/175 486/374/205
f 466/289/157 1230/333/179 483/375/206
f 1042/256/138 62/376/162 65/354/196
f 52/316/172 925/345/193 59/377/207
f 733/378/208 464/286/155 1246/285/141
f 1051/379/209 37/356/93 461/380/110
f 730/347/125 84/381/210 1177/382/189
f 1047/263/135 70/371/203 727/321/176
f 463/290/158 470/341/190 472/360/199
f 38/211/109 46/268/146 462/272/148
f 55/362/188 479/383/211 1048/363/165
f 727/321/176 70/371/203 66/384/212
f 470/341/190 476/385/213 472/360/199
f 447/386/78 478/387/214 926/388/102
f 58/348/194 69/389/215 47/296/154
f 1050/390/216 731/391/217 57/392/218
f 1249/393/219 927/352/195 451/353/120
f 1048/363/165 479/394/211 1055/395/220
f 57/396/218 732/397/221 1050/398/216
f 478/387/214 459/399/144 926/388/102
f 50/291/159 48/322/177 1052/400/222
f 1054/401/223 76/328/182 37/356/93
f 930/367/201 1230/324/179 726/318/173
f 731/391/217 928/402/224 57/392/218
f 729/342/191 47/296/154 69/389/215
f 49/403/164 75/404/225 925/405/193
f 728/368/174 64/365/200 931/406/226
f 81/407/227 55/408/188 1205/409/160
f 928/402/224 61/410/228 57/392/218
f 483/411/206 80/412/229 466/413/157
f 51/294/161 54/303/163 477/304/128
f 734/414/230 58/348/194 460/350/170
f 1057/415/202 62/300/162 40/281/153
f 56/313/171 1052/400/222 48/322/177
f 732/397/221 57/396/218 61/416/228
f 466/413/157 80/412/229 470/417/190
f 49/418/164 468/419/178 486/420/205
f 68/421/166 459/399/144 478/387/214
f 734/414/230 460/350/170 50/422/159
f 1052/400/222 67/423/231 50/291/159
f 474/424/232 61/410/228 928/402/224
f 471/336/186 1207/425/233 60/357/197
f 731/391/217 1178/426/234 928/402/224
f 462/427/148 46/428/146 527/429/235
f 50/291/159 474/430/232 928/431/224
f 500/432/192 761/433/236 461/434/110
f 1181/435/168 82/436/237 1049/437/187
f 1055/395/220 56/438/171 1048/363/165
f 447/239/78 53/334/184 1237/439/238
f 66/384/212 489/372/204 727/321/176
f 73/440/239 731/441/217 1050/442/216
f 1046/335/185 1175/271/147 65/354/196
f 61/416/228 1131/443/240 732/397/221
f 75/404/225 59/444/207 925/405/193
f 1230/445/179 930/446/201 483/411/206
f 58/348/194 734/414/230 78/447/241
f 54/303/163 475/448/242 477/304/128
f 1178/449/234 1180/450/243 928/451/224
f 734/414/230 77/452/244 79/453/245
f 50/291/159 928/431/224 1180/454/243
f 1050/398/216 732/397/221 71/455/246
f 52/316/172 59/377/207 1057/370/202
f 67/423/231 61/456/228 474/430/232
f 1128/238/124 450/194/99 943/457/247
f 55/458/188 81/459/227 479/460/211
f 471/336/186 1046/335/185 1207/425/233
f 1054/401/223 37/356/93 736/461/248
f 1237/462/238 478/387/214 447/386/78
f 955/463/249 1205/464/160 728/465/174
f 474/430/232 50/291/159 67/423/231
f 469/320/175 1179/466/250 486/374/205
f 81/459/227 1205/467/160 955/468/249
f 1051/379/209 736/461/248 37/356/93
f 1178/449/234 731/441/217 73/440/239
f 732/397/221 1131/443/240 929/469/251
f 1180/450/243 1178/449/234 77/452/244
f 77/452/244 50/422/159 1180/450/243
f 73/440/239 1050/442/216 494/470/252
f 78/471/241 69/472/215 58/473/194
f 61/456/228 67/423/231 1052/400/222
f 71/474/246 494/470/252 1050/442/216
f 491/475/253 449/476/90 464/477/155
f 50/422/159 77/452/244 734/414/230
f 1207/425/233 739/478/254 60/357/197
f 1178/449/234 73/440/239 89/479/255
f 65/480/196 62/481/162 484/482/256
f 462/272/148 741/483/257 930/367/201
f 68/421/166 1059/484/258 45/485/167
f 482/486/259 1206/487/260 735/488/261
f 56/313/171 737/489/262 1052/400/222
f 929/469/251 71/455/246 732/397/221
f 1206/490/260 480/491/263 735/492/261
f 82/436/237 1181/435/168 43/493/181
f 937/494/264 735/492/261 480/491/263
f 95/495/265 476/385/213 470/341/190
f 61/456/228 1052/400/222 737/489/262
f 1134/496/266 62/497/162 1057/498/202
f 735/492/261 932/499/267 482/500/259
f 1176/332/183 84/381/210 730/347/125
f 923/501/84 83/502/268 473/503/198
f 1053/504/269 450/194/99 477/243/128
f 733/378/208 1246/285/141 473/358/198
f 486/505/205 1208/506/270 49/403/164
f 74/507/271 46/428/146 45/485/167
f 79/453/245 77/452/244 1178/449/234
f 937/494/264 932/499/267 735/492/261
f 1249/508/219 451/509/120 72/510/133
f 923/511/84 1049/437/187 82/436/237
f 1176/332/183 63/302/63 481/512/272
f 1206/487/260 933/513/273 480/514/263
f 54/303/163 742/325/180 475/448/242
f 1128/515/124 950/516/274 53/517/184
f 932/518/267 738/519/275 482/520/259
f 85/521/276 79/453/245 1178/449/234
f 469/320/175 60/357/197 739/478/254
f 56/313/171 934/522/277 737/489/262
f 930/446/201 1133/523/278 483/411/206
f 45/485/167 1059/484/258 939/524/279
f 1131/443/240 94/525/280 929/469/251
f 939/524/279 74/507/271 45/485/167
f 1128/515/124 943/526/247 950/516/274
f 934/527/277 61/416/228 737/528/262
f 61/416/228 934/527/277 1131/443/240
f 1053/529/269 943/526/247 450/530/99
f 923/501/84 82/531/237 83/502/268
f 494/470/252 71/474/246 91/532/281
f 482/486/259 935/533/282 1206/487/260
f 493/534/283 59/444/207 75/404/225
f 62/481/162 1056/535/284 484/482/256
f 930/446/201 741/536/257 749/537/285
f 740/538/286 472/539/199 476/540/213
f 494/470/252 89/479/255 73/440/239
f 1059/484/258 478/387/214 112/541/287
f 475/448/242 742/325/180 477/304/128
f 1059/484/258 68/421/166 478/387/214
f 59/444/207 938/542/288 1057/543/202
f 498/544/289 729/545/191 69/472/215
f 79/453/245 1130/546/290 734/414/230
f 487/547/291 932/548/267 937/549/264
f 470/417/190 80/412/229 746/550/292
f 1250/551/293 738/552/275 932/548/267
f 487/547/291 1250/551/293 932/548/267
f 1208/506/270 486/505/205 514/553/294
f 102/554/295 739/478/254 1207/425/233
f 56/555/171 936/556/296 934/527/277
f 71/557/246 497/558/297 754/559/298
f 490/560/299 482/486/259 87/561/300
f 1208/506/270 75/404/225 49/403/164
f 498/544/289 69/472/215 78/471/241
f 1249/562/219 750/563/301 927/564/195
f 1131/443/240 934/527/277 936/556/296
f 501/565/302 75/404/225 1208/506/270
f 43/326/181 88/566/303 82/567/237
f 71/557/246 754/559/298 90/568/304
f 91/569/281 90/568/304 485/570/305
f 91/569/281 71/571/246 90/568/304
f 479/460/211 81/459/227 86/572/306
f 1130/546/290 79/453/245 85/521/276
f 492/573/307 482/486/259 490/560/299
f 432/574/7 449/575/90 768/576/169
f 1132/577/308 78/471/241 734/578/230
f 935/533/282 933/513/273 1206/487/260
f 482/520/259 738/519/275 87/579/300
f 72/510/133 472/539/199 740/538/286
f 729/580/191 108/581/309 64/365/200
f 750/563/301 70/582/203 927/564/195
f 512/583/310 477/304/128 742/325/180
f 1056/584/284 62/497/162 1134/496/266
f 65/480/196 946/585/311 1046/586/185
f 81/459/227 955/468/249 510/587/312
f 492/573/307 935/533/282 482/486/259
f 946/588/311 504/589/313 1046/590/185
f 1177/591/189 1139/592/314 512/593/310
f 462/427/148 527/429/235 741/594/257
f 728/465/174 502/595/315 751/596/316
f 743/597/317 488/598/318 480/491/263
f 59/444/207 493/534/283 1060/599/319
f 738/519/275 745/600/320 87/579/300
f 481/601/272 84/602/210 1176/603/183
f 1130/546/290 85/521/276 1058/604/321
f 501/565/302 493/534/283 75/404/225
f 1131/605/240 96/606/322 94/607/280
f 488/598/318 937/494/264 480/491/263
f 743/597/317 1182/608/323 488/598/318
f 491/475/253 464/477/155 733/609/208
f 489/610/204 66/611/212 525/612/324
f 66/611/212 70/582/203 525/612/324
f 516/613/325 1178/614/234 89/615/255
f 46/428/146 74/507/271 527/429/235
f 1177/591/189 512/593/310 742/616/180
f 744/617/326 99/618/327 96/606/322
f 56/619/171 744/617/326 936/620/296
f 90/568/304 87/621/300 485/570/305
f 488/598/318 748/622/328 937/494/264
f 1248/623/329 487/547/291 937/549/264
f 496/624/330 80/412/229 483/411/206
f 87/625/300 91/626/281 485/627/305
f 931/406/226 64/365/200 108/581/309
f 96/606/322 1131/605/240 936/620/296
f 739/478/254 97/628/331 469/320/175
f 734/414/230 1130/546/290 1058/604/321
f 490/629/299 87/621/300 90/568/304
f 733/609/208 499/630/332 952/631/333
f 106/632/334 480/514/263 933/513/273
f 43/326/181 76/328/182 519/633/335
f 929/469/251 497/634/297 71/455/246
f 479/394/211 517/635/336 1055/395/220
f 939/524/279 1059/484/258 1252/636/337
f 484/637/256 1056/638/284 1182/608/323
f 937/549/264 748/639/328 944/640/338
f 469/320/175 97/628/331 1179/466/250
f 1182/608/323 1056/638/284 488/598/318
f 1133/523/278 930/446/201 749/537/285
f 83/502/268 82/531/237 88/641/303
f 91/532/281 92/642/339 494/470/252
f 756/643/340 461/434/110 761/433/236
f 85/644/276 1178/614/234 516/613/325
f 1249/562/219 72/645/133 528/646/341
f 734/647/230 1058/648/321 93/649/342
f 937/549/264 944/640/338 1248/623/329
f 43/326/181 519/633/335 88/566/303
f 1051/650/209 461/434/110 756/643/340
f 492/573/307 490/560/299 90/651/304
f 936/620/296 744/617/326 96/606/322
f 736/461/248 1051/379/209 1142/652/343
f 729/580/191 498/653/289 108/581/309
f 479/394/211 86/654/306 517/635/336
f 488/598/318 1056/638/284 1134/655/266
f 933/656/273 111/657/344 1136/658/345
f 93/649/342 1183/659/346 734/647/230
f 951/660/347 74/507/271 939/524/279
f 91/626/281 87/625/300 745/661/320
f 111/657/344 933/656/273 935/662/282
f 72/645/133 740/663/286 528/646/341
f 65/480/196 484/482/256 946/585/311
f 933/656/273 1136/658/345 106/664/334
f 473/503/198 83/502/268 733/609/208
f 728/465/174 751/596/316 955/463/249
f 728/665/174 931/666/226 502/667/315
f 1182/668/323 743/669/317 484/482/256
f 85/644/276 93/649/342 1058/648/321
f 91/626/281 745/661/320 92/670/339
f 89/615/255 494/671/252 506/672/348
f 935/533/282 492/573/307 507/673/349
f 746/550/292 80/412/229 496/624/330
f 477/674/128 512/593/310 1053/675/269
f 1134/496/266 1057/498/202 938/676/288
f 478/387/214 1237/462/238 112/541/287
f 1133/523/278 496/624/330 483/411/206
f 507/673/349 90/677/304 754/678/298
f 95/679/265 470/417/190 746/550/292
f 498/544/289 78/471/241 98/680/350
f 495/681/351 88/641/303 760/682/352
f 85/644/276 1183/659/346 93/649/342
f 507/673/349 492/573/307 90/677/304
f 92/683/339 745/684/320 100/685/353
f 502/686/315 931/406/226 755/687/354
f 96/606/322 940/688/355 94/607/280
f 745/684/320 738/552/275 100/685/353
f 938/689/288 530/690/356 1134/691/266
f 484/482/256 743/692/317 946/585/311
f 107/693/357 751/694/316 502/667/315
f 487/547/291 1248/623/329 945/695/358
f 929/696/251 94/697/280 954/698/359
f 527/429/235 526/699/360 741/594/257
f 929/696/251 954/698/359 497/700/297
f 945/695/358 1250/551/293 487/547/291
f 103/701/361 938/542/288 59/444/207
f 1055/702/220 99/618/327 56/619/171
f 950/516/274 1237/703/238 53/517/184
f 56/619/171 99/618/327 744/617/326
f 736/461/248 1209/704/362 1054/401/223
f 746/550/292 509/705/363 95/679/265
f 88/641/303 495/681/351 513/706/364
f 519/707/335 760/682/352 88/641/303
f 739/708/254 102/709/295 97/710/331
f 1183/659/346 85/644/276 516/613/325
f 89/615/255 506/672/348 516/613/325
f 481/601/272 63/711/63 768/712/169
f 495/681/351 760/682/352 513/706/364
f 542/713/365 84/602/210 481/601/272
f 494/714/252 92/715/339 1184/716/366
f 1135/717/367 1250/551/293 945/695/358
f 115/718/368 1133/523/278 749/537/285
f 1060/599/319 493/534/283 947/719/369
f 1046/720/185 104/721/370 1207/722/233
f 88/641/303 513/706/364 83/502/268
f 764/723/371 955/463/249 751/596/316
f 497/700/297 511/724/372 754/725/298
f 516/613/325 753/726/373 1183/659/346
f 488/727/318 1134/691/266 748/639/328
f 752/728/374 751/729/316 107/730/357
f 104/731/370 1046/590/185 504/589/313
f 498/544/289 98/680/350 1062/732/375
f 520/733/376 500/432/192 489/610/204
f 489/610/204 525/612/324 520/733/376
f 753/726/373 734/647/230 1183/659/346
f 98/680/350 78/471/241 1132/577/308
f 70/582/203 750/563/301 508/734/377
f 1135/717/367 738/552/275 1250/551/293
f 746/550/292 496/624/330 759/735/378
f 1211/736/379 940/688/355 96/606/322
f 764/737/371 751/729/316 752/728/374
f 738/552/275 1135/717/367 100/685/353
f 511/738/372 507/673/349 754/678/298
f 740/538/286 476/540/213 942/739/380
f 505/740/381 101/741/382 503/742/383
f 505/740/381 1061/743/384 101/741/382
f 941/744/385 107/693/357 502/667/315
f 491/745/253 952/746/333 449/747/90
f 755/687/354 931/406/226 766/748/386
f 99/618/327 1211/736/379 96/606/322
f 1207/425/233 747/749/387 102/554/295
f 1055/702/220 1211/736/379 99/618/327
f 81/750/227 510/751/312 86/752/306
f 759/735/378 509/705/363 746/550/292
f 740/663/286 942/753/380 528/646/341
f 942/754/380 476/755/213 95/679/265
f 1210/756/388 542/713/365 481/601/272
f 542/713/365 1177/757/189 84/602/210
f 76/328/182 1054/401/223 519/633/335
f 506/672/348 494/671/252 1185/758/389
f 758/759/390 503/760/383 101/761/382
f 102/709/295 123/762/391 97/710/331
f 1061/743/384 116/763/392 101/741/382
f 527/429/235 1065/764/393 535/765/394
f 1055/766/220 517/767/336 515/768/395
f 111/657/344 935/662/282 763/769/396
f 499/630/332 733/609/208 83/502/268
f 526/770/360 749/771/285 741/772/257
f 1060/599/319 103/701/361 59/444/207
f 761/433/236 500/432/192 520/733/376
f 763/769/396 935/662/282 507/773/349
f 114/774/397 1061/743/384 105/775/398
f 1064/776/399 1133/523/278 115/718/368
f 105/775/398 1061/743/384 505/740/381
f 1207/722/233 104/721/370 747/777/387
f 762/778/400 106/664/334 1136/658/345
f 748/639/328 1134/691/266 530/690/356
f 105/779/398 505/780/381 503/760/383
f 508/734/377 525/612/324 70/582/203
f 116/763/392 1061/743/384 114/774/397
f 758/759/390 105/779/398 503/760/383
f 95/679/265 120/781/401 942/754/380
f 1248/623/329 944/640/338 530/782/356
f 106/783/334 743/784/317 480/785/263
f 941/786/385 502/686/315 755/687/354
f 493/534/283 501/565/302 947/719/369
f 733/609/208 952/631/333 491/475/253
f 512/593/310 1139/592/314 109/787/402
f 1051/379/209 756/788/340 1142/652/343
f 734/578/230 753/789/373 110/790/403
f 515/791/395 118/792/404 1211/793/379
f 105/794/398 788/795/405 114/796/397
f 758/797/390 101/798/382 1070/799/406
f 1065/764/393 74/507/271 951/660/347
f 943/526/247 1053/800/269 155/801/407
f 518/802/408 759/735/378 496/624/330
f 938/803/288 769/804/409 530/805/356
f 496/624/330 1133/523/278 1064/776/399
f 765/806/410 1060/599/319 947/719/369
f 1252/636/337 1059/484/258 112/541/287
f 534/807/411 508/734/377 750/563/301
f 132/808/412 86/752/306 510/751/312
f 1138/809/413 955/810/249 764/811/371
f 753/789/373 516/812/325 110/790/403
f 107/813/357 941/814/385 518/802/408
f 516/812/325 767/815/414 110/790/403
f 1247/816/415 734/578/230 110/790/403
f 762/817/400 743/784/317 106/783/334
f 1062/818/375 108/581/309 498/653/289
f 518/802/408 496/624/330 113/819/416
f 736/461/248 1142/652/343 1140/820/417
f 1135/717/367 128/821/418 100/685/353
f 507/773/349 511/822/372 763/769/396
f 518/802/408 113/819/416 107/823/357
f 941/786/385 755/687/354 119/824/419
f 939/524/279 1252/636/337 951/660/347
f 1209/704/362 736/461/248 1140/820/417
f 118/825/404 940/688/355 1211/736/379
f 522/826/420 752/728/374 107/730/357
f 112/541/287 540/827/421 1252/636/337
f 749/771/285 772/828/422 115/829/368
f 508/734/377 566/830/423 525/612/324
f 515/791/395 1211/793/379 1055/395/220
f 1247/816/415 1132/577/308 734/578/230
f 518/802/408 941/814/385 523/831/424
f 95/679/265 509/705/363 120/781/401
f 518/802/408 523/831/424 759/735/378
f 1184/832/366 92/683/339 100/685/353
f 1136/658/345 111/657/344 1066/833/425
f 1210/756/388 481/601/272 768/712/169
f 1249/562/219 534/807/411 750/563/301
f 1067/834/426 743/784/317 762/817/400
f 1067/834/426 946/835/311 743/784/317
f 789/836/427 954/837/359 94/838/280
f 941/744/385 119/839/419 523/840/424
f 128/821/418 1184/832/366 100/685/353
f 946/835/311 1067/834/426 504/841/313
f 117/842/428 945/843/358 1248/844/329
f 747/777/387 104/721/370 962/845/429
f 944/640/338 748/639/328 530/690/356
f 747/777/387 123/762/391 102/709/295
f 516/846/325 506/847/348 533/848/430
f 945/843/358 531/849/431 1135/850/367
f 512/593/310 109/787/402 948/851/432
f 942/753/380 1063/852/433 528/646/341
f 764/811/371 752/853/374 522/854/420
f 512/593/310 948/851/432 1053/675/269
f 511/855/372 497/856/297 148/857/434
f 124/858/435 116/763/392 114/774/397
f 539/859/436 101/741/382 116/763/392
f 531/849/431 945/843/358 117/842/428
f 789/836/427 94/838/280 940/860/355
f 757/861/437 112/541/287 1237/462/238
f 494/714/252 1184/716/366 1185/862/389
f 1064/776/399 113/819/416 496/624/330
f 1185/862/389 533/848/430 506/847/348
f 155/801/407 1053/800/269 157/863/438
f 966/864/439 931/406/226 108/581/309
f 113/865/416 522/866/420 107/693/357
f 155/801/407 950/516/274 943/526/247
f 1237/703/238 950/516/274 757/867/437
f 127/868/440 105/779/398 758/759/390
f 949/869/441 942/870/380 120/871/401
f 523/831/424 509/705/363 759/735/378
f 135/872/442 86/752/306 132/808/412
f 497/873/297 954/874/359 536/875/443
f 486/876/205 142/877/444 514/878/294
f 119/824/419 755/687/354 766/748/386
f 1136/879/345 537/880/445 762/881/400
f 767/815/414 516/882/325 533/883/430
f 1136/884/345 1066/885/425 537/886/445
f 955/887/249 559/888/446 510/751/312
f 515/889/395 529/890/447 118/891/404
f 98/892/350 1132/893/308 570/894/448
f 110/790/403 767/815/414 1247/816/415
f 940/860/355 118/891/404 529/890/447
f 517/767/336 86/752/306 135/872/442
f 150/895/449 760/682/352 519/707/335
f 760/682/352 139/896/450 513/706/364
f 523/831/424 129/897/451 509/705/363
f 133/898/452 763/769/396 511/822/372
f 747/777/387 547/899/453 123/762/391
f 764/811/371 543/900/454 1138/809/413
f 131/901/455 113/819/416 1064/776/399
f 938/803/288 103/902/361 769/804/409
f 501/565/302 1208/506/270 521/903/456
f 760/682/352 150/895/449 139/896/450
f 120/781/401 509/705/363 129/897/451
f 1132/577/308 1247/816/415 121/904/457
f 83/502/268 513/706/364 139/896/450
f 788/795/405 1238/905/458 114/796/397
f 940/860/355 529/890/447 789/836/427
f 114/774/397 1238/906/458 124/907/435
f 942/870/380 949/869/441 1063/908/433
f 133/898/452 511/822/372 771/909/459
f 758/910/390 784/911/460 127/912/440
f 931/406/226 966/913/439 210/914/461
f 1248/844/329 530/805/356 1231/915/462
f 520/733/376 164/916/463 761/433/236
f 131/917/455 522/918/420 113/919/416
f 111/920/344 763/921/396 133/922/452
f 145/923/464 526/699/360 527/429/235
f 124/858/435 539/859/436 116/763/392
f 531/849/431 532/924/465 1135/850/367
f 134/925/466 519/633/335 1054/401/223
f 528/646/341 782/926/467 1249/562/219
f 1062/927/375 98/892/350 779/928/468
f 103/701/361 1060/599/319 765/806/410
f 527/429/235 74/507/271 1065/764/393
f 963/929/469 111/920/344 133/922/452
f 784/930/460 758/759/390 1070/931/406
f 764/811/371 522/854/420 543/900/454
f 1247/816/415 767/815/414 121/904/457
f 962/932/429 104/731/370 504/589/313
f 1053/675/269 948/851/432 157/933/438
f 511/855/372 148/857/434 771/909/459
f 117/842/428 1248/844/329 158/934/470
f 756/935/340 796/936/471 1142/937/343
f 119/938/419 129/939/451 523/940/424
f 781/941/472 1138/809/413 543/900/454
f 525/612/324 566/830/423 520/733/376
f 953/942/473 1064/943/399 115/829/368
f 542/713/365 1210/756/388 147/944/474
f 126/945/475 129/939/451 960/946/476
f 772/828/422 749/771/285 526/770/360
f 931/406/226 210/914/461 766/748/386
f 530/805/356 769/804/409 1231/915/462
f 1252/636/337 188/947/477 951/660/347
f 528/646/341 185/948/478 782/926/467
f 548/949/479 119/824/419 766/748/386
f 1054/950/223 1209/951/362 134/952/466
f 770/953/480 1184/716/366 128/954/418
f 1064/955/399 953/942/473 1137/956/481
f 128/957/418 1135/850/367 532/924/465
f 111/920/344 963/929/469 1066/885/425
f 521/903/456 1208/506/270 514/553/294
f 954/874/359 562/958/482 536/875/443
f 131/901/455 1064/776/399 1137/959/481
f 1252/636/337 540/827/421 188/947/477
f 504/960/313 1067/961/426 962/962/429
f 950/516/274 155/801/407 125/963/483
f 510/751/312 559/888/446 132/808/412
f 1138/809/413 141/964/484 955/810/249
f 173/965/485 1067/961/426 762/881/400
f 97/710/331 123/762/391 163/966/486
f 952/967/333 499/968/332 555/969/487
f 948/851/432 109/787/402 1139/592/314
f 145/923/464 527/429/235 535/765/394
f 148/970/434 497/971/297 536/875/443
f 537/886/445 1066/885/425 538/972/488
f 526/699/360 145/923/464 130/973/489
f 956/974/490 1184/716/366 770/975/480
f 515/889/395 1186/976/491 541/977/492
f 486/420/205 524/978/493 1232/979/494
f 521/903/456 162/980/495 501/565/302
f 953/942/473 115/829/368 772/828/422
f 1179/466/250 97/981/331 122/982/496
f 1062/927/375 140/983/497 108/984/309
f 526/770/360 130/985/489 549/986/498
f 1177/591/189 959/987/499 1139/592/314
f 950/516/274 125/963/483 757/867/437
f 1249/562/219 782/926/467 534/807/411
f 533/988/430 1185/989/389 556/990/500
f 133/922/452 171/991/501 963/929/469
f 158/934/470 1248/844/329 1231/915/462
f 789/836/427 529/890/447 553/992/502
f 122/993/496 524/994/493 486/995/205
f 164/916/463 520/733/376 566/830/423
f 957/996/503 136/997/504 773/998/505
f 1177/591/189 542/999/365 147/1000/474
f 547/899/453 747/777/387 962/845/429
f 1186/976/491 529/890/447 541/977/492
f 767/1001/414 137/1002/506 121/1003/457
f 543/900/454 522/854/420 131/917/455
f 120/871/401 126/945/475 949/869/441
f 515/889/395 541/977/492 529/890/447
f 787/1004/507 762/1005/400 537/886/445
f 131/1006/455 781/1007/472 543/1008/454
f 533/988/430 958/1009/508 767/1010/414
f 568/1011/509 112/541/287 757/861/437
f 773/1012/505 136/1013/504 774/1014/510
f 570/894/448 1132/893/308 121/1015/457
f 486/420/205 1232/979/494 142/1016/444
f 779/928/468 140/983/497 1062/927/375
f 957/996/503 142/1016/444 136/997/504
f 957/996/503 773/998/505 143/1017/511
f 136/1013/504 138/1018/512 774/1014/510
f 169/1019/513 951/660/347 188/947/477
f 767/1001/414 958/1020/508 137/1002/506
f 136/997/504 142/1016/444 1232/979/494
f 956/1021/490 770/1022/480 128/1023/418
f 957/1024/503 143/1025/511 552/1026/514
f 126/945/475 120/871/401 129/939/451
f 951/660/347 169/1019/513 1065/764/393
f 777/1027/515 532/1028/465 531/1029/431
f 142/1016/444 957/996/503 545/1030/516
f 952/967/333 555/969/487 800/1031/517
f 1070/799/406 101/798/382 539/1032/436
f 1185/862/389 1184/716/366 956/1033/490
f 540/827/421 112/541/287 568/1011/509
f 514/1034/294 545/1035/516 775/1036/518
f 765/806/410 778/1037/519 103/701/361
f 548/949/479 766/748/386 154/1038/520
f 562/1039/482 954/837/359 789/836/427
f 779/928/468 98/892/350 969/1040/521
f 486/374/205 1179/466/250 122/982/496
f 144/1041/522 138/1042/512 136/997/504
f 552/1026/514 545/1035/516 957/1024/503
f 1063/852/433 146/1043/523 528/646/341
f 756/643/340 761/433/236 796/1044/471
f 1232/979/494 144/1041/522 136/997/504
f 529/890/447 1186/976/491 553/992/502
f 127/912/440 788/1045/405 105/1046/398
f 948/851/432 1139/592/314 959/987/499
f 528/646/341 146/1043/523 185/948/478
f 514/1034/294 142/1047/444 545/1035/516
f 958/1009/508 533/988/430 572/1048/524
f 1066/885/425 963/929/469 538/972/488
f 129/1049/451 119/824/419 548/949/479
f 572/1048/524 533/988/430 556/990/500
f 141/1050/484 1138/1051/413 781/1052/472
f 771/1053/459 148/1054/434 133/922/452
f 546/1055/525 143/1056/511 773/1012/505
f 449/1057/90 952/1058/333 192/1059/526
f 108/984/309 189/1060/527 966/1061/439
f 968/1062/528 765/806/410 947/719/369
f 1063/852/433 964/1063/529 146/1043/523
f 585/1064/530 508/734/377 534/807/411
f 117/1065/428 153/1066/531 531/1029/431
f 965/1067/532 138/1068/512 144/1069/522
f 508/734/377 585/1064/530 566/830/423
f 570/894/448 969/1040/521 98/892/350
f 570/1070/448 121/1003/457 137/1002/506
f 558/1071/533 143/1025/511 546/1072/525
f 1137/956/481 781/1007/472 131/1006/455
f 140/983/497 189/1060/527 108/984/309
f 173/965/485 962/962/429 1067/961/426
f 149/1073/534 544/1074/535 1068/1075/536
f 501/565/302 162/980/495 947/719/369
f 544/1074/535 149/1073/534 1233/1076/537
f 564/1077/538 960/946/476 129/939/451
f 499/968/332 83/1078/268 555/969/487
f 548/1079/479 564/1077/538 129/939/451
f 132/808/412 559/888/446 801/1080/539
f 137/1002/506 958/1020/508 961/1081/540
f 138/1068/512 792/1082/541 774/1083/510
f 172/1084/542 537/886/445 538/972/488
f 1068/1075/536 544/1074/535 550/1085/543
f 546/1055/525 773/1012/505 149/1073/534
f 517/767/336 135/872/442 799/1086/544
f 1200/1087/545 768/576/169 449/575/90
f 1232/1088/494 524/1089/493 144/1090/522
f 1071/1091/546 773/1092/505 774/1083/510
f 777/1027/515 531/1029/431 153/1066/531
f 1177/591/189 208/1093/547 959/987/499
f 149/1073/534 773/1012/505 1233/1076/537
f 151/1094/548 156/1095/549 1141/1096/550
f 558/1071/533 552/1026/514 143/1025/511
f 515/768/395 517/767/336 799/1086/544
f 170/1097/551 128/1098/418 532/1028/465
f 801/1099/539 135/872/442 132/808/412
f 148/1054/434 171/991/501 133/922/452
f 1068/1075/536 1238/1100/458 563/1101/552
f 519/1102/335 178/1103/553 150/1104/449
f 144/1105/522 524/1106/493 965/1107/532
f 97/1108/331 163/1109/486 581/1110/554
f 775/1036/518 545/1035/516 552/1026/514
f 153/1066/531 117/1065/428 158/1111/470
f 535/765/394 1065/764/393 809/1112/555
f 787/1113/507 173/965/485 762/881/400
f 557/1114/556 161/1115/557 156/1116/549
f 1141/1096/550 156/1095/549 161/1117/557
f 967/1118/558 126/945/475 960/946/476
f 547/1119/453 802/1120/559 123/1121/391
f 151/1122/548 780/1123/560 156/1116/549
f 761/433/236 198/1124/561 796/1044/471
f 514/1034/294 775/1036/518 776/1125/562
f 773/1012/505 1071/1126/546 1233/1076/537
f 967/1118/558 786/1127/563 949/869/441
f 151/1094/548 1141/1096/550 177/1128/564
f 552/1026/514 776/1125/562 775/1036/518
f 546/1055/525 149/1073/534 1068/1075/536
f 947/719/369 162/980/495 968/1062/528
f 1233/1129/537 166/1130/565 544/1131/535
f 141/1050/484 179/1132/566 955/1133/249
f 172/1084/542 787/1004/507 537/886/445
f 1231/1134/462 785/1135/567 158/1136/470
f 563/1101/552 546/1055/525 1068/1075/536
f 948/851/432 959/987/499 580/1137/568
f 569/1138/569 140/983/497 779/928/468
f 159/1139/570 1068/1140/536 550/1141/543
f 1186/976/491 1073/1142/571 553/992/502
f 134/952/466 1209/951/362 197/1143/572
f 83/1144/268 139/1145/450 150/1146/449
f 83/1144/268 150/1146/449 178/1147/553
f 177/1128/564 780/1148/560 151/1094/548
f 774/1083/510 792/1082/541 1071/1091/546
f 962/962/429 173/965/485 554/1149/573
f 1177/591/189 147/1000/474 208/1093/547
f 210/1150/461 154/1151/520 766/1152/386
f 156/1116/549 780/1123/560 168/1153/574
f 1137/956/481 953/942/473 160/1154/575
f 161/1115/557 557/1114/556 236/1155/576
f 162/980/495 521/903/456 813/1156/577
f 544/1131/535 166/1130/565 794/1157/578
f 536/875/443 176/1158/579 148/970/434
f 800/1031/517 555/969/487 808/1159/580
f 1209/951/362 1140/1160/417 197/1143/572
f 1137/956/481 160/1154/575 790/1161/581
f 557/1114/556 168/1153/574 236/1155/576
f 1069/1162/582 188/947/477 540/827/421
f 1068/1163/536 159/1139/570 1238/1164/458
f 526/770/360 549/986/498 772/828/422
f 178/1165/553 519/1166/335 567/1167/583
f 958/1020/508 1144/1168/584 961/1081/540
f 561/1169/585 103/1170/361 778/1171/519
f 791/1172/586 138/1173/512 965/1107/532
f 168/1153/574 557/1114/556 156/1116/549
f 126/945/475 967/1118/558 949/869/441
f 553/992/502 970/1174/587 789/836/427
f 1154/1175/588 804/1176/589 955/1177/249
f 163/1109/486 123/1121/391 802/1120/559
f 585/1064/530 534/807/411 782/926/467
f 1238/1164/458 182/1178/590 563/1179/552
f 130/973/489 145/923/464 551/1180/591
f 1072/1181/592 159/1139/570 550/1141/543
f 780/1148/560 177/1128/564 1143/1182/593
f 1233/1129/537 1071/1091/546 166/1130/565
f 790/1161/581 781/1007/472 1137/956/481
f 122/1183/496 167/1184/594 524/1185/493
f 124/1186/435 1072/1187/592 539/1188/436
f 779/928/468 969/1040/521 569/1138/569
f 135/1189/442 801/1190/539 799/1191/544
f 1142/937/343 175/1192/595 1140/1160/417
f 138/1173/512 791/1172/586 792/1193/541
f 979/1194/596 560/1195/597 550/1141/543
f 558/1071/533 1212/1196/598 552/1026/514
f 563/1197/552 558/1071/533 546/1072/525
f 769/1198/409 561/1169/585 785/1199/567
f 776/1200/562 165/1201/599 514/878/294
f 1231/1134/462 769/1202/409 785/1135/567
f 772/828/422 160/1154/575 953/942/473
f 956/1203/490 170/1097/551 783/1204/600
f 550/1141/543 544/1205/535 979/1194/596
f 549/986/498 195/1206/601 772/828/422
f 103/1170/361 561/1169/585 769/1198/409
f 956/1203/490 128/1098/418 170/1097/551
f 761/433/236 164/916/463 198/1124/561
f 145/923/464 535/765/394 551/1180/591
f 550/1141/543 560/1195/597 1072/1181/592
f 124/1207/435 159/1139/570 1072/1181/592
f 1144/1168/584 137/1002/506 961/1081/540
f 1143/1208/593 784/911/460 168/1209/574
f 784/911/460 1143/1208/593 127/912/440
f 165/1201/599 776/1200/562 552/1210/514
f 524/1106/493 167/1211/594 965/1107/532
f 809/1112/555 1065/764/393 169/1019/513
f 955/887/249 804/1212/589 559/888/446
f 777/1027/515 170/1097/551 532/1028/465
f 554/1213/573 594/1214/602 565/1215/603
f 168/1209/574 780/1216/560 1143/1208/593
f 124/1207/435 1238/1164/458 159/1139/570
f 784/911/460 1070/1217/406 168/1209/574
f 539/1218/436 1072/1219/592 560/1220/597
f 964/1221/529 1063/908/433 786/1127/563
f 181/1222/604 968/1062/528 162/980/495
f 174/1223/605 165/1201/599 552/1210/514
f 800/1224/517 192/1059/526 952/1058/333
f 519/1166/335 134/952/466 567/1167/583
f 1063/908/433 949/869/441 786/1127/563
f 1071/1091/546 793/1225/606 166/1130/565
f 576/1226/607 791/1172/586 965/1107/532
f 177/1227/564 788/1228/405 1143/1229/593
f 554/1213/573 565/1215/603 962/1230/429
f 781/1231/472 179/1132/566 141/1050/484
f 515/1232/395 1073/1233/571 1186/1234/491
f 963/929/469 171/991/501 798/1235/608
f 552/1210/514 1212/1236/598 174/1223/605
f 1070/1217/406 979/1237/596 168/1209/574
f 160/1154/575 772/828/422 195/1206/601
f 171/991/501 1146/1238/609 798/1235/608
f 1143/1239/593 788/1228/405 127/1240/440
f 155/801/407 157/863/438 575/1241/610
f 797/1242/611 137/1243/506 1144/1168/584
f 152/1244/612 1210/756/388 768/712/169
f 811/1245/613 147/944/474 1210/756/388
f 178/1103/553 808/1246/580 83/1247/268
f 187/1248/614 564/1249/538 548/1250/479
f 801/1190/539 559/1251/446 201/1252/615
f 965/1107/532 167/1211/594 576/1226/607
f 757/867/437 125/963/483 183/1253/616
f 171/991/501 148/1054/434 176/1254/579
f 1071/1091/546 792/1082/541 793/1225/606
f 190/1255/617 174/1223/605 1212/1236/598
f 179/1132/566 1154/1256/588 955/1133/249
f 958/1020/508 797/1242/611 1144/1168/584
f 97/1257/331 581/1258/554 122/1259/496
f 514/878/294 1148/1260/618 521/1261/456
f 514/878/294 165/1201/599 573/1262/619
f 1185/989/389 204/1263/620 556/990/500
f 166/1130/565 793/1225/606 794/1157/578
f 797/1264/611 570/894/448 137/1265/506
f 979/1266/596 539/1218/436 560/1220/597
f 811/1245/613 1210/756/388 152/1244/612
f 572/1048/524 556/990/500 180/1267/621
f 580/1137/568 157/933/438 948/851/432
f 959/987/499 208/1093/547 580/1268/568
f 568/1269/509 1069/1270/582 540/1271/421
f 963/929/469 798/1235/608 538/972/488
f 558/1071/533 184/1272/622 1212/1196/598
f 164/916/463 215/1273/623 198/1124/561
f 587/1274/624 782/926/467 185/948/478
f 179/1275/566 781/941/472 194/1276/625
f 576/1226/607 167/1211/594 1187/1277/626
f 797/1242/611 958/1020/508 572/1278/524
f 165/1201/599 174/1223/605 573/1262/619
f 568/1269/509 757/1279/437 183/1280/616
f 795/1281/627 515/1232/395 799/1282/544
f 538/972/488 798/1283/608 172/1084/542
f 967/1118/558 960/946/476 574/1284/628
f 1079/1285/629 554/1286/573 173/1287/485
f 1073/1233/571 186/1288/630 553/1289/502
f 970/1290/587 553/1289/502 186/1288/630
f 777/1291/515 202/1292/631 170/1293/551
f 807/1294/632 158/1295/470 785/1296/567
f 558/1071/533 563/1197/552 184/1272/622
f 175/1192/595 1142/937/343 796/936/471
f 155/801/407 575/1241/610 125/963/483
f 781/941/472 810/1297/633 194/1276/625
f 180/1267/621 556/990/500 204/1263/620
f 153/1298/531 158/1299/470 209/1300/634
f 1079/1285/629 173/1301/485 787/1302/507
f 970/1290/587 803/1303/635 789/1304/427
f 565/1305/603 547/1119/453 962/1306/429
f 803/1303/635 562/1307/482 789/1304/427
f 122/1183/496 1187/1308/626 167/1184/594
f 154/1309/520 591/1310/636 548/1250/479
f 805/1311/637 189/1060/527 140/983/497
f 778/1037/519 765/806/410 968/1062/528
f 805/1311/637 140/983/497 569/1138/569
f 791/1312/586 793/1313/606 792/1193/541
f 172/1314/542 971/1315/638 787/1316/507
f 573/1317/619 174/1318/605 1145/1319/639
f 178/1103/553 225/1320/640 808/1246/580
f 164/916/463 566/830/423 215/1273/623
f 1213/1321/641 169/1322/513 188/1323/477
f 790/1161/581 160/1154/575 578/1324/642
f 960/946/476 564/1077/538 574/1284/628
f 204/1263/620 1185/989/389 956/1325/490
f 122/1326/496 586/1327/643 1187/1328/626
f 793/1313/606 791/1312/586 972/1329/644
f 783/1204/600 170/1097/551 202/1330/631
f 594/1214/602 554/1331/573 1079/1332/629
f 154/1151/520 210/1150/461 591/1333/636
f 186/1288/630 1073/1233/571 515/1232/395
f 514/1334/294 1145/1319/639 1148/1335/618
f 230/1336/645 1238/1337/458 788/1228/405
f 811/1245/613 1239/1338/646 147/944/474
f 808/1246/580 555/1339/487 83/1247/268
f 591/1310/636 187/1248/614 548/1250/479
f 969/1040/521 570/894/448 571/1340/647
f 956/1341/490 783/1342/600 204/1343/620
f 174/1318/605 191/1344/648 1145/1319/639
f 200/1345/649 777/1291/515 153/1346/531
f 1148/1347/618 813/1156/577 521/903/456
f 576/1348/607 1187/1328/626 586/1327/643
f 174/1318/605 190/1349/617 191/1344/648
f 794/1350/578 979/1194/596 544/1205/535
f 221/1351/650 122/1352/496 581/1353/554
f 799/1191/544 801/1190/539 596/1354/651
f 605/1355/652 569/1356/569 969/1357/521
f 232/1358/653 146/1043/523 964/1063/529
f 795/1281/627 186/1288/630 515/1232/395
f 158/1295/470 807/1294/632 209/1300/634
f 539/1032/436 979/1359/596 1070/799/406
f 1154/1360/588 179/1361/566 583/1362/654
f 585/1064/530 215/1273/623 566/830/423
f 561/1169/585 807/1363/632 785/1364/567
f 1146/1365/609 171/1366/501 176/1367/579
f 162/980/495 813/1156/577 196/1368/655
f 810/1369/633 781/1007/472 790/1161/581
f 179/1361/566 194/1370/625 583/1362/654
f 201/1252/615 596/1354/651 801/1190/539
f 797/1371/611 1077/1372/656 571/1373/647
f 122/1326/496 214/1374/657 586/1327/643
f 200/1345/649 202/1292/631 777/1291/515
f 1145/1319/639 514/1334/294 573/1317/619
f 568/1269/509 193/1375/658 1069/1270/582
f 967/1118/558 584/1376/659 786/1127/563
f 577/1377/660 163/1378/486 802/1379/559
f 564/1077/538 187/1380/614 592/1381/661
f 796/936/471 579/1382/662 175/1192/595
f 809/1383/555 169/1322/513 1213/1321/641
f 162/1384/495 196/1385/655 181/1386/604
f 190/1349/617 1212/1387/598 211/1388/663
f 146/1043/523 232/1389/653 185/948/478
f 225/1320/640 178/1103/553 567/1390/583
f 1083/1391/664 197/1143/572 1140/1160/417
f 571/1373/647 570/1392/448 797/1371/611
f 576/1348/607 1078/1393/665 791/1394/586
f 794/1157/578 793/1225/606 814/1395/666
f 199/1396/667 778/1397/519 245/1398/668
f 160/1154/575 195/1206/601 578/1324/642
f 574/1284/628 564/1077/538 592/1381/661
f 806/1399/669 802/1120/559 547/1119/453
f 588/1400/670 191/1344/648 190/1349/617
f 577/1377/660 581/1353/554 163/1378/486
f 551/1401/591 535/1402/394 217/1403/671
f 800/1224/517 978/1404/672 192/1059/526
f 967/1118/558 574/1284/628 584/1376/659
f 187/1248/614 591/1310/636 812/1405/673
f 209/1406/634 200/1345/649 153/1346/531
f 778/1171/519 199/1407/667 561/1169/585
f 563/1408/552 182/1409/590 184/1410/622
f 235/1411/674 182/1178/590 1238/1164/458
f 192/1059/526 1200/1412/545 449/1057/90
f 1069/1270/582 582/1413/675 188/1323/477
f 795/1281/627 799/1282/544 980/1414/676
f 186/1288/630 795/1281/627 970/1290/587
f 188/1323/477 582/1413/675 1213/1321/641
f 547/1119/453 565/1305/603 806/1399/669
f 1076/1415/677 232/1416/653 964/1417/529
f 240/1418/678 208/1419/547 147/1420/474
f 536/1421/443 562/1307/482 589/1422/679
f 798/1423/608 1146/1365/609 216/1424/680
f 798/1423/608 216/1424/680 172/1425/542
f 586/1327/643 1074/1426/681 576/1348/607
f 807/1363/632 561/1169/585 199/1407/667
f 575/1427/610 157/1428/438 580/1429/568
f 1140/1160/417 175/1192/595 1083/1391/664
f 980/1414/676 1242/1430/682 795/1281/627
f 1075/1431/683 797/1432/611 572/1433/524
f 1069/1270/582 193/1375/658 582/1413/675
f 241/1434/684 559/1435/446 804/1176/589
f 241/1434/684 201/1436/615 559/1435/446
f 791/1394/586 1078/1393/665 972/1437/644
f 1212/1387/598 184/1438/622 211/1388/663
f 575/1427/610 262/1439/685 125/1440/483
f 183/1280/616 193/1375/658 568/1269/509
f 964/1441/529 786/1127/563 584/1376/659
f 562/1307/482 803/1303/635 589/1422/679
f 212/1442/686 589/1443/679 634/1444/687
f 602/1445/688 134/952/466 197/1143/572
f 782/1446/467 587/1447/624 585/1448/530
f 1075/1431/683 572/1433/524 180/1449/621
f 172/1425/542 216/1424/680 971/1315/638
f 968/1450/528 245/1398/668 778/1397/519
f 1215/1451/689 585/1448/530 587/1447/624
f 551/1401/591 217/1403/671 595/1452/690
f 969/1357/521 571/1373/647 605/1355/652
f 1074/1426/681 586/1327/643 214/1374/657
f 972/1437/644 814/1453/666 793/1454/606
f 206/1455/691 800/1456/517 808/1246/580
f 183/1280/616 824/1457/692 193/1375/658
f 595/1452/690 549/1458/498 130/1459/489
f 1077/1460/656 797/1432/611 1075/1431/683
f 228/1461/693 204/1343/620 783/1342/600
f 245/1398/668 968/1450/528 181/1386/604
f 1074/1426/681 1078/1393/665 576/1348/607
f 190/1349/617 211/1388/663 588/1400/670
f 194/1370/625 810/1462/633 205/1463/694
f 1147/1464/695 803/1303/635 970/1290/587
f 182/1409/590 207/1465/696 184/1410/622
f 235/1466/674 1238/1467/458 230/1468/645
f 1218/1469/697 177/1470/564 1141/1471/550
f 134/952/466 602/1445/688 567/1167/583
f 183/1472/616 125/1440/483 234/1473/698
f 597/1474/699 783/1475/600 202/1292/631
f 1079/1285/629 822/1476/700 224/1477/701
f 1145/1319/639 191/1344/648 203/1478/702
f 212/1479/686 1146/1365/609 176/1367/579
f 565/1305/603 974/1480/703 806/1399/669
f 964/1441/529 584/1376/659 1076/1481/677
f 216/1424/680 1146/1365/609 815/1482/704
f 794/1483/578 590/1484/705 979/1485/596
f 213/1486/706 1154/1360/588 583/1362/654
f 1216/1487/707 787/1316/507 971/1315/638
f 1145/1319/639 203/1478/702 1148/1335/618
f 182/1488/590 235/1489/674 598/1490/708
f 130/1459/489 551/1401/591 595/1452/690
f 195/1206/601 549/986/498 973/1491/709
f 202/1292/631 200/1345/649 597/1474/699
f 1079/1285/629 974/1492/703 594/1493/602
f 590/1494/705 794/1495/578 814/1496/666
f 244/1497/710 208/1419/547 240/1418/678
f 205/1463/694 583/1362/654 194/1370/625
f 574/1284/628 1188/1498/711 584/1376/659
f 966/1499/439 189/1500/527 805/1501/637
f 212/1479/686 815/1482/704 1146/1365/609
f 973/1491/709 578/1324/642 195/1206/601
f 809/1383/555 825/1502/712 535/1402/394
f 787/1302/507 822/1476/700 1079/1285/629
f 810/1369/633 790/1161/581 578/1324/642
f 973/1491/709 237/1503/713 578/1324/642
f 970/1290/587 795/1281/627 1147/1464/695
f 228/1461/693 783/1342/600 218/1504/714
f 598/1505/708 207/1506/696 182/1507/590
f 1217/1508/715 812/1509/673 591/1510/636
f 1147/1464/695 223/1511/716 803/1303/635
f 223/1512/716 589/1422/679 803/1303/635
f 252/1513/717 161/1514/557 236/1515/576
f 571/1373/647 601/1516/718 605/1355/652
f 579/1517/662 796/1518/471 1088/1519/719
f 1079/1285/629 224/1477/701 974/1492/703
f 215/1520/623 585/1448/530 1215/1451/689
f 975/1521/720 815/1482/704 212/1479/686
f 787/1302/507 1216/1522/707 822/1476/700
f 768/1523/169 617/1524/721 152/1525/612
f 184/1410/622 819/1526/722 211/1527/663
f 592/1381/661 1188/1498/711 574/1284/628
f 535/1402/394 825/1502/712 217/1403/671
f 577/1377/660 802/1379/559 806/1528/669
f 593/1529/723 181/1386/604 196/1385/655
f 191/1344/648 588/1400/670 219/1530/724
f 978/1531/672 800/1456/517 206/1455/691
f 183/1472/616 234/1473/698 824/1532/692
f 1088/1533/719 796/1044/471 198/1124/561
f 981/1534/725 198/1535/561 215/1520/623
f 583/1362/654 205/1463/694 213/1486/706
f 227/1536/726 201/1252/615 241/1537/684
f 596/1354/651 980/1538/676 799/1191/544
f 1242/1539/682 1241/1540/727 795/1541/627
f 212/1542/686 176/1543/579 536/1544/443
f 177/1545/564 230/1336/645 788/1228/405
f 234/1473/698 125/1440/483 262/1439/685
f 582/1413/675 193/1375/658 1085/1546/728
f 974/1547/703 565/1215/603 594/1214/602
f 191/1344/648 600/1548/729 203/1478/702
f 549/986/498 595/1549/690 973/1491/709
f 592/1381/661 187/1380/614 812/1550/673
f 795/1551/627 1241/1540/727 1147/1552/695
f 1084/1553/730 180/1449/621 204/1554/620
f 216/1424/680 815/1482/704 1089/1555/731
f 1214/1556/732 200/1345/649 209/1406/634
f 1216/1487/707 971/1315/638 608/1557/733
f 184/1410/622 207/1465/696 819/1526/722
f 813/1558/577 1148/1559/618 1191/1560/734
f 596/1354/651 201/1252/615 227/1536/726
f 974/1561/703 604/1562/735 806/1528/669
f 168/1153/574 979/1563/596 599/1564/736
f 168/1153/574 599/1564/736 236/1155/576
f 1240/1565/737 205/1463/694 810/1462/633
f 805/1566/637 569/1356/569 605/1355/652
f 971/1315/638 216/1424/680 608/1557/733
f 592/1381/661 812/1550/673 1189/1567/738
f 245/1398/668 181/1386/604 593/1529/723
f 581/1353/554 828/1568/739 221/1351/650
f 1148/1335/618 203/1478/702 600/1548/729
f 1078/1393/665 817/1569/740 972/1437/644
f 592/1381/661 1189/1567/738 603/1570/741
f 1239/1571/646 811/1572/613 993/1573/742
f 185/1574/478 839/1575/743 587/1447/624
f 1077/1460/656 1075/1431/683 977/1576/744
f 220/1577/745 814/1496/666 972/1578/644
f 981/1534/725 1088/1519/719 198/1535/561
f 575/1427/610 580/1429/568 606/1579/746
f 269/1580/747 1215/1451/689 587/1447/624
f 828/1568/739 581/1353/554 577/1377/660
f 230/1581/645 177/1470/564 611/1582/748
f 219/1530/724 600/1548/729 191/1344/648
f 606/1579/746 580/1429/568 208/1419/547
f 232/1416/653 839/1575/743 185/1574/478
f 605/1355/652 976/1583/749 805/1566/637
f 228/1584/693 1084/1553/730 204/1554/620
f 1084/1553/730 247/1585/750 180/1449/621
f 1239/1586/646 240/1587/678 147/1588/474
f 575/1427/610 832/1589/751 262/1439/685
f 212/1442/686 634/1444/687 975/1590/720
f 609/1591/752 597/1474/699 200/1345/649
f 1188/1498/711 592/1381/661 238/1592/753
f 571/1373/647 1077/1372/656 977/1593/744
f 240/1587/678 1239/1586/646 993/1594/742
f 807/1595/632 226/1596/754 265/1597/755
f 1074/1426/681 1082/1598/756 1078/1393/665
f 220/1577/745 972/1578/644 817/1599/740
f 805/1566/637 976/1583/749 966/1600/439
f 590/1494/705 814/1496/666 222/1601/757
f 211/1388/663 219/1530/724 588/1400/670
f 783/1475/600 597/1474/699 218/1602/714
f 265/1603/755 209/1300/634 807/1294/632
f 1190/1604/758 122/1605/496 279/1606/759
f 1078/1607/665 1082/1608/756 817/1599/740
f 1074/1609/681 214/1610/657 1082/1608/756
f 152/1525/612 617/1524/721 811/1572/613
f 1083/1611/664 602/1612/688 197/1613/572
f 809/1383/555 1213/1321/641 844/1614/760
f 807/1363/632 199/1407/667 226/1596/754
f 593/1529/723 196/1385/655 1094/1615/761
f 816/1616/762 219/1617/724 211/1618/663
f 122/1619/496 221/1351/650 279/1620/759
f 235/1466/674 230/1468/645 246/1621/763
f 604/1622/735 974/1492/703 224/1477/701
f 1075/1431/683 180/1449/621 247/1585/750
f 218/1623/714 1093/1624/764 228/1625/693
f 211/1618/663 819/1626/722 816/1616/762
f 220/1577/745 610/1627/765 814/1496/666
f 249/1628/766 1240/1629/737 1149/1630/767
f 575/1427/610 606/1579/746 832/1589/751
f 244/1497/710 606/1579/746 208/1419/547
f 1217/1508/715 591/1510/636 210/1631/461
f 242/1632/768 577/1377/660 806/1528/669
f 1081/1633/769 199/1634/667 1080/1635/770
f 240/1418/678 622/1636/771 244/1497/710
f 1085/1546/728 231/1637/772 582/1413/675
f 836/1638/773 980/1639/676 596/1640/651
f 1241/1540/727 243/1641/774 1147/1552/695
f 214/1610/657 1190/1604/758 1082/1608/756
f 605/1355/652 1192/1642/775 976/1583/749
f 175/1643/595 579/1644/662 1083/1645/664
f 215/1520/623 818/1646/776 981/1534/725
f 584/1376/659 821/1647/777 1076/1481/677
f 584/1376/659 1188/1498/711 821/1647/777
f 1147/1552/695 243/1641/774 842/1648/778
f 212/1442/686 536/1649/443 589/1443/679
f 207/1506/696 598/1505/708 1234/1650/779
f 610/1651/765 590/1494/705 222/1601/757
f 1240/1629/737 578/1324/642 628/1652/780
f 600/1653/729 219/1617/724 229/1654/781
f 1089/1555/731 1193/1655/782 216/1424/680
f 806/1528/669 604/1562/735 274/1656/783
f 226/1596/754 199/1407/667 1081/1657/769
f 810/1369/633 578/1324/642 1240/1629/737
f 975/1521/720 820/1658/784 815/1482/704
f 814/1496/666 610/1627/765 222/1601/757
f 600/1653/729 229/1654/781 1148/1659/618
f 582/1413/675 231/1637/772 1213/1321/641
f 966/1600/439 976/1583/749 629/1660/785
f 608/1557/733 216/1424/680 1193/1655/782
f 589/1443/679 223/1661/716 607/1662/786
f 625/1663/787 601/1516/718 571/1373/647
f 610/1664/765 623/1665/788 590/1666/705
f 223/1661/716 1147/1552/695 842/1648/778
f 265/1667/755 1214/1556/732 209/1406/634
f 604/1622/735 224/1477/701 822/1476/700
f 215/1520/623 1215/1451/689 818/1646/776
f 1076/1415/677 839/1575/743 232/1416/653
f 249/1668/766 205/1463/694 1240/1565/737
f 982/1669/789 816/1616/762 819/1626/722
f 219/1617/724 823/1670/790 229/1654/781
f 1217/1671/715 1189/1672/738 812/1405/673
f 605/1355/652 601/1516/718 1192/1642/775
f 603/1570/741 238/1592/753 592/1381/661
f 983/1673/791 1082/1608/756 1190/1604/758
f 217/1403/671 250/1674/792 595/1452/690
f 571/1373/647 977/1593/744 625/1663/787
f 824/1457/692 1085/1546/728 193/1375/658
f 1218/1469/697 831/1675/793 177/1470/564
f 200/1345/649 1214/1556/732 833/1676/794
f 242/1632/768 828/1568/739 577/1377/660
f 617/1524/721 993/1573/742 811/1572/613
f 1241/1540/727 1242/1539/682 243/1641/774
f 1075/1677/683 827/1678/795 977/1679/744
f 219/1617/724 816/1616/762 823/1670/790
f 597/1474/699 264/1680/796 218/1602/714
f 1086/1681/797 1215/1451/689 269/1580/747
f 1219/1682/798 1188/1498/711 238/1592/753
f 629/1660/785 210/1683/461 966/1600/439
f 1141/1096/550 161/1117/557 252/1684/717
f 615/1685/799 982/1686/789 819/1687/722
f 229/1654/781 823/1670/790 1150/1688/800
f 217/1403/671 825/1502/712 250/1674/792
f 625/1689/787 977/1690/744 827/1678/795
f 819/1687/722 207/1506/696 615/1685/799
f 206/1691/691 808/1692/580 835/1693/801
f 220/1577/745 817/1599/740 1151/1694/802
f 610/1627/765 220/1577/745 1151/1694/802
f 235/1695/674 988/1696/803 1234/1697/779
f 831/1675/793 611/1582/748 177/1470/564
f 1216/1487/707 608/1557/733 1153/1698/804
f 256/1699/805 1082/1608/756 983/1673/791
f 599/1700/736 985/1701/806 986/1702/807
f 1191/1703/734 1148/1659/618 229/1654/781
f 609/1591/752 200/1345/649 833/1676/794
f 623/1704/788 979/1705/596 590/1706/705
f 979/1707/596 984/1708/808 826/1709/809
f 254/1710/810 1154/1360/588 213/1486/706
f 1190/1604/758 214/1610/657 122/1605/496
f 979/1705/596 623/1704/788 984/1711/808
f 986/1702/807 985/1701/806 611/1712/748
f 611/1582/748 616/1713/811 230/1581/645
f 611/1712/748 985/1701/806 616/1714/811
f 1234/1650/779 615/1685/799 207/1506/696
f 237/1503/713 628/1652/780 578/1324/642
f 235/1466/674 246/1621/763 613/1715/812
f 252/1513/717 1218/1716/697 1141/1717/550
f 1242/1539/682 980/1639/676 836/1638/773
f 1216/1487/707 1153/1698/804 267/1718/813
f 249/1668/766 213/1486/706 205/1463/694
f 984/1719/808 613/1715/812 246/1621/763
f 634/1444/687 626/1720/814 975/1590/720
f 817/1599/740 1082/1608/756 256/1699/805
f 239/1721/815 808/1722/580 225/1723/640
f 213/1486/706 249/1668/766 254/1710/810
f 804/1176/589 635/1724/816 241/1434/684
f 1080/1725/770 199/1396/667 245/1398/668
f 237/1503/713 973/1491/709 614/1726/817
f 833/1727/794 1214/1728/732 265/1729/755
f 260/1730/818 239/1721/815 567/1731/583
f 243/1641/774 248/1732/819 842/1648/778
f 236/1733/576 599/1734/736 986/1735/807
f 817/1599/740 256/1699/805 1151/1694/802
f 634/1444/687 589/1443/679 607/1662/786
f 978/1736/672 273/1737/820 192/1738/526
f 267/1739/813 822/1476/700 1216/1522/707
f 229/1654/781 1150/1688/800 1191/1703/734
f 246/1621/763 826/1740/809 984/1719/808
f 823/1670/790 816/1616/762 982/1741/789
f 626/1742/814 820/1658/784 975/1521/720
f 818/1646/776 1215/1451/689 1086/1681/797
f 606/1579/746 244/1497/710 632/1743/821
f 825/1502/712 809/1383/555 844/1614/760
f 268/1744/822 1075/1677/683 247/1745/750
f 264/1746/796 597/1747/699 609/1748/752
f 1234/1749/779 598/1750/708 235/1466/674
f 984/1711/808 988/1751/803 613/1752/812
f 1150/1688/800 823/1670/790 830/1753/823
f 233/1754/824 1094/1615/761 196/1385/655
f 834/1755/825 1083/1645/664 618/1756/826
f 992/1757/827 985/1701/806 599/1700/736
f 615/1685/799 1234/1650/779 1087/1758/828
f 286/1759/829 844/1614/760 1213/1321/641
f 1189/1760/738 1217/1761/715 1091/1762/830
f 815/1482/704 820/1658/784 1089/1555/731
f 602/1763/688 1083/1645/664 834/1755/825
f 818/1646/776 621/1764/831 981/1534/725
f 983/1673/791 251/1765/832 256/1699/805
f 596/1766/651 227/1767/726 836/1768/773
f 613/1715/812 988/1769/803 235/1466/674
f 241/1770/684 637/1771/833 227/1767/726
f 973/1491/709 595/1549/690 250/1772/792
f 243/1641/774 1242/1539/682 248/1732/819
f 821/1647/777 1188/1498/711 1219/1682/798
f 239/1721/815 225/1723/640 567/1731/583
f 268/1744/822 827/1678/795 1075/1677/683
f 251/1765/832 983/1673/791 1190/1604/758
f 251/1765/832 1190/1604/758 279/1606/759
f 614/1726/817 973/1491/709 250/1772/792
f 986/1735/807 831/1675/793 258/1773/834
f 813/1156/577 233/1774/824 196/1368/655
f 1192/1642/775 838/1775/835 976/1583/749
f 1153/1698/804 608/1557/733 1193/1655/782
f 593/1529/723 627/1776/836 245/1398/668
f 255/1777/837 610/1664/765 1151/1778/802
f 986/1735/807 611/1582/748 831/1675/793
f 258/1773/834 236/1733/576 986/1735/807
f 635/1724/816 804/1176/589 1154/1175/588
f 227/1767/726 291/1779/838 836/1768/773
f 255/1777/837 623/1665/788 610/1664/765
f 1149/1630/767 1240/1629/737 628/1780/780
f 830/1781/823 823/1782/790 989/1783/839
f 849/1784/840 616/1714/811 985/1701/806
f 1088/1519/719 981/1534/725 621/1764/831
f 847/1785/841 826/1740/809 246/1621/763
f 619/1786/842 256/1699/805 251/1765/832
f 622/1636/771 240/1418/678 877/1787/843
f 244/1497/710 622/1636/771 632/1743/821
f 238/1592/753 603/1570/741 612/1788/844
f 627/1776/836 593/1529/723 1094/1615/761
f 989/1789/839 823/1670/790 982/1741/789
f 615/1685/799 1087/1758/828 257/1790/845
f 218/1791/714 264/1746/796 1093/1792/764
f 252/1513/717 236/1515/576 258/1793/834
f 1192/1794/775 601/1795/718 280/1796/846
f 1219/1682/798 846/1797/847 821/1647/777
f 1087/1798/828 1234/1697/779 988/1696/803
f 286/1759/829 1213/1321/641 231/1637/772
f 989/1783/839 253/1799/848 830/1781/823
f 984/1800/808 623/1801/788 988/1696/803
f 274/1656/783 242/1632/768 806/1528/669
f 1218/1469/697 252/1802/717 258/1773/834
f 617/1524/721 768/1523/169 859/1803/849
f 271/1804/850 265/1729/755 226/1805/754
f 271/1804/850 226/1805/754 1081/1806/769
f 251/1765/832 279/1606/759 875/1807/851
f 1191/1808/734 830/1781/823 253/1799/848
f 237/1503/713 614/1726/817 829/1809/852
f 258/1773/834 831/1675/793 1218/1469/697
f 839/1575/743 1076/1415/677 821/1810/777
f 1151/1694/802 256/1699/805 990/1811/853
f 257/1812/845 1087/1813/828 988/1814/803
f 260/1730/818 567/1731/583 602/1612/688
f 255/1777/837 257/1812/845 623/1665/788
f 599/1700/736 979/1815/596 992/1757/827
f 251/1765/832 620/1816/854 619/1786/842
f 612/1788/844 603/1570/741 1189/1567/738
f 1091/1762/830 1217/1761/715 210/1817/461
f 320/1818/855 808/1722/580 239/1721/815
f 643/1819/856 286/1759/829 231/1637/772
f 251/1765/832 875/1807/851 620/1816/854
f 624/1820/857 987/1821/858 822/1822/700
f 268/1744/822 261/1823/859 827/1678/795
f 255/1824/837 1151/1825/802 257/1790/845
f 1095/1826/860 612/1827/844 1189/1760/738
f 298/1828/861 1084/1829/730 228/1625/693
f 612/1788/844 1152/1830/862 238/1592/753
f 616/1714/811 849/1784/840 230/1831/645
f 632/1743/821 622/1636/771 837/1832/863
f 1191/1833/734 263/1834/864 1090/1835/865
f 623/1665/788 257/1812/845 988/1814/803
f 1081/1633/769 1080/1635/770 841/1836/866
f 619/1786/842 990/1811/853 256/1699/805
f 982/1686/789 615/1685/799 1156/1837/867
f 837/1832/863 622/1636/771 877/1787/843
f 618/1756/826 1083/1645/664 579/1644/662
f 838/1838/835 629/1839/785 976/1840/749
f 290/1841/868 246/1621/763 230/1468/645
f 615/1685/799 257/1790/845 1156/1837/867
f 257/1790/845 1151/1825/802 990/1842/853
f 263/1834/864 253/1843/848 991/1844/869
f 991/1844/869 253/1843/848 989/1845/839
f 604/1622/735 822/1476/700 987/1846/858
f 1085/1546/728 824/1457/692 1220/1847/870
f 267/1848/813 624/1820/857 822/1849/700
f 1155/1850/871 223/1851/716 842/1852/778
f 223/1851/716 1155/1850/871 607/1853/786
f 991/1844/869 989/1845/839 982/1686/789
f 619/1786/842 620/1816/854 266/1854/872
f 991/1844/869 982/1686/789 1156/1837/867
f 625/1689/787 827/1678/795 261/1823/859
f 609/1748/752 295/1855/873 264/1746/796
f 604/1562/735 292/1856/874 274/1656/783
f 254/1857/810 249/1858/766 1092/1859/875
f 628/1652/780 237/1503/713 829/1809/852
f 627/1860/836 1198/1861/876 245/1862/668
f 835/1693/801 273/1737/820 206/1691/691
f 295/1855/873 1093/1792/764 264/1746/796
f 835/1693/801 808/1692/580 320/1863/855
f 263/1834/864 991/1844/869 1090/1835/865
f 1085/1546/728 1220/1847/870 282/1864/877
f 1191/1703/734 1150/1688/800 830/1865/823
f 273/1737/820 978/1736/672 206/1691/691
f 1191/1866/734 644/1867/878 233/1868/824
f 606/1579/746 856/1869/879 832/1589/751
f 266/1870/872 1090/1871/865 619/1872/842
f 829/1873/852 614/1874/817 1097/1875/880
f 587/1447/624 285/1876/881 269/1580/747
f 1191/1833/734 253/1843/848 263/1834/864
f 241/1770/684 635/1877/816 637/1771/833
f 284/1878/882 579/1517/662 1088/1519/719
f 1085/1546/728 282/1864/877 231/1637/772
f 1242/1539/682 270/1879/883 248/1732/819
f 311/1880/884 979/1881/596 826/1882/809
f 257/1790/845 990/1842/853 1156/1837/867
f 248/1883/819 270/1884/883 842/1852/778
f 609/1748/752 833/1727/794 996/1885/885
f 875/1886/851 1090/1871/865 266/1870/872
f 260/1730/818 602/1612/688 1157/1887/886
f 250/1772/792 843/1888/887 614/1726/817
f 834/1889/825 1157/1887/886 602/1612/688
f 832/1589/751 275/1890/888 262/1439/685
f 227/1767/726 637/1771/833 291/1779/838
f 221/1351/650 828/1568/739 279/1620/759
f 1198/1861/876 1080/1891/770 245/1892/668
f 278/1893/889 1149/1894/767 628/1895/780
f 330/1896/890 234/1473/698 262/1439/685
f 1192/1794/775 630/1897/891 838/1898/835
f 305/1899/892 1220/1847/870 824/1457/692
f 284/1878/882 1088/1519/719 621/1764/831
f 272/1900/893 818/1646/776 1086/1681/797
f 619/1901/842 1156/1837/867 990/1842/853
f 625/1689/787 280/1796/846 601/1795/718
f 619/1901/842 1090/1902/865 1156/1837/867
f 1081/1806/769 841/1903/866 271/1804/850
f 820/1904/784 626/1905/814 1159/1906/894
f 265/1729/755 645/1907/895 833/1727/794
f 1084/1829/730 840/1908/896 247/1909/750
f 987/1821/858 292/1910/874 604/1911/735
f 825/1502/712 844/1614/760 997/1912/897
f 842/1852/778 270/1884/883 633/1913/898
f 311/1880/884 826/1882/809 847/1914/841
f 1156/1837/867 1090/1902/865 991/1844/869
f 1084/1829/730 298/1828/861 840/1908/896
f 289/1915/899 1149/1916/767 278/1917/889
f 1095/1826/860 1189/1760/738 1091/1762/830
f 1093/1918/764 298/1919/861 228/1920/693
f 642/1921/900 1089/1922/731 820/1904/784
f 268/1744/822 848/1923/901 261/1823/859
f 1194/1924/902 250/1674/792 825/1502/712
f 1194/1924/902 843/1925/887 250/1674/792
f 641/1926/903 242/1632/768 274/1656/783
f 1191/1927/734 1090/1871/865 875/1886/851
f 992/1757/827 259/1928/904 985/1701/806
f 1193/1929/782 1089/1922/731 642/1921/900
f 828/1568/739 242/1632/768 641/1926/903
f 625/1689/787 261/1823/859 281/1930/905
f 813/1931/577 1191/1866/734 233/1868/824
f 285/1876/881 587/1447/624 839/1575/743
f 1152/1830/862 846/1797/847 1219/1682/798
f 268/1932/822 247/1909/750 840/1908/896
f 261/1823/859 848/1923/901 281/1930/905
f 1219/1682/798 238/1592/753 1152/1830/862
f 847/1914/841 246/1933/763 636/1934/906
f 1086/1681/797 269/1580/747 296/1935/907
f 842/1852/778 633/1913/898 308/1936/908
f 239/1721/815 260/1730/818 1096/1937/909
f 607/1853/786 1155/1850/871 315/1938/910
f 254/1857/810 1092/1859/875 1154/1939/588
f 270/1884/883 1242/1940/682 633/1941/898
f 1159/1906/894 626/1905/814 994/1942/911
f 821/1647/777 846/1797/847 845/1943/912
f 282/1864/877 643/1819/856 231/1637/772
f 634/1944/687 994/1945/911 626/1946/814
f 877/1787/843 632/1743/821 837/1832/863
f 1159/1906/894 642/1921/900 820/1904/784
f 267/1848/813 987/1821/858 624/1820/857
f 1101/1947/913 1095/1826/860 1091/1762/830
f 234/1473/698 330/1896/890 824/1532/692
f 1093/1918/764 295/1948/873 631/1949/914
f 320/1863/855 851/1950/915 835/1693/801
f 296/1935/907 269/1580/747 285/1876/881
f 294/1951/916 839/1575/743 821/1810/777
f 249/1858/766 1149/1916/767 289/1915/899
f 833/1727/794 645/1907/895 996/1885/885
f 240/1587/678 993/1594/742 877/1952/843
f 825/1502/712 997/1912/897 1194/1924/902
f 1080/1635/770 1221/1953/917 841/1836/866
f 993/1594/742 337/1954/918 877/1952/843
f 849/1784/840 985/1701/806 259/1928/904
f 1152/1830/862 612/1788/844 283/1955/919
f 630/1897/891 1192/1794/775 280/1796/846
f 1091/1762/830 210/1817/461 1101/1947/913
f 301/1956/920 856/1957/879 606/1958/746
f 875/1959/851 1197/1960/921 1191/1703/734
f 210/1817/461 1163/1961/922 1101/1947/913
f 295/1855/873 609/1748/752 1098/1962/923
f 265/1729/755 271/1804/850 638/1963/924
f 262/1439/685 275/1890/888 330/1896/890
f 249/1858/766 289/1915/899 1092/1859/875
f 323/1964/925 291/1779/838 637/1771/833
f 281/1930/905 848/1923/901 1099/1965/926
f 617/1524/721 337/1966/918 993/1573/742
f 283/1955/919 612/1788/844 1095/1967/860
f 832/1968/751 856/1957/879 275/1969/888
f 625/1689/787 281/1930/905 1099/1965/926
f 1153/1970/804 855/1971/927 267/1848/813
f 1152/1972/862 283/1973/919 1102/1974/928
f 632/1975/821 301/1976/920 606/1977/746
f 266/1870/872 620/1978/854 875/1886/851
f 855/1971/927 1153/1970/804 1193/1979/782
f 873/1980/929 579/1517/662 284/1878/882
f 288/1981/930 308/1982/908 633/1983/898
f 1196/1984/931 818/1985/776 272/1986/893
f 609/1748/752 996/1885/885 1098/1962/923
f 299/1987/932 634/1988/687 607/1989/786
f 1100/1990/933 638/1963/924 271/1804/850
f 639/1991/934 829/1873/852 276/1992/935
f 638/1963/924 645/1907/895 265/1729/755
f 829/1873/852 278/1893/889 628/1895/780
f 1196/1984/931 621/1993/831 818/1994/776
f 617/1995/721 287/1996/936 337/1997/918
f 632/1975/821 877/1998/843 852/1999/937
f 992/2000/827 979/2001/596 311/2002/884
f 638/1963/924 1100/1990/933 647/2003/938
f 859/2004/849 287/1996/936 617/2005/721
f 852/1999/937 301/1976/920 632/1975/821
f 294/2006/916 821/2007/777 845/2008/912
f 288/1981/930 633/1983/898 1242/2009/682
f 298/1919/861 1093/1918/764 653/2010/939
f 1242/2011/682 836/1768/773 640/2012/940
f 230/1831/645 849/1784/840 290/2013/868
f 320/1818/855 239/1721/815 1096/1937/909
f 618/1756/826 579/2014/662 873/2015/929
f 631/2016/914 295/1855/873 652/2017/941
f 1100/1990/933 271/1804/850 854/2018/942
f 844/1614/760 286/1759/829 1195/2019/943
f 995/2020/944 283/1973/919 1095/2021/860
f 854/2022/942 841/1836/866 1221/1953/917
f 1099/2023/926 293/2024/945 625/2025/787
f 1095/2021/860 277/2026/946 302/2027/947
f 271/1804/850 841/1903/866 854/2018/942
f 1155/2028/871 842/2029/778 308/1982/908
f 1099/2023/926 848/2030/901 293/2024/945
f 663/2031/948 834/1755/825 618/1756/826
f 1004/2032/949 280/1796/846 625/1689/787
f 1101/1947/913 277/2033/946 1095/1826/860
f 843/2034/887 1097/1875/880 614/1874/817
f 855/1971/927 1193/1979/782 642/2035/900
f 309/2036/950 1092/1859/875 289/1915/899
f 1004/2037/949 630/1897/891 280/1796/846
f 844/1614/760 1195/2019/943 862/2038/951
f 267/2039/813 1158/2040/952 987/2041/858
f 1104/2042/953 279/1620/759 828/1568/739
f 870/2043/954 629/2044/785 838/1838/835
f 995/2020/944 1095/2021/860 302/2027/947
f 838/1838/835 630/2045/891 870/2043/954
f 1152/1972/862 1102/1974/928 846/2046/847
f 272/1986/893 1086/2047/797 296/2048/907
f 278/1893/889 829/1873/852 639/1991/934
f 278/1893/889 639/1991/934 297/2049/955
f 994/2050/911 634/1988/687 299/1987/932
f 273/1737/820 835/1693/801 1011/2051/956
f 1097/1875/880 276/1992/935 829/1873/852
f 289/2052/899 278/1893/889 297/2049/955
f 315/2053/910 299/1987/932 607/1989/786
f 310/2054/957 636/1934/906 246/1933/763
f 642/2055/900 1159/2056/894 321/2057/958
f 994/2050/911 312/2058/959 1159/2059/894
f 834/1755/825 663/2031/948 1157/2060/886
f 643/1819/856 1195/2019/943 286/1759/829
f 305/2061/892 824/2062/692 330/2063/890
f 1000/2064/960 987/2041/858 646/2065/961
f 631/1949/914 652/2066/941 1160/2067/962
f 768/2068/169 418/2069/963 859/2070/849
f 997/1912/897 844/1614/760 335/2071/964
f 1001/2072/965 210/2073/461 629/2074/785
f 1158/2040/952 646/2065/961 987/2041/858
f 311/2002/884 313/2075/966 992/2000/827
f 995/2020/944 1102/1974/928 283/1973/919
f 630/2045/891 1004/2076/949 858/2077/967
f 999/2078/968 1098/1962/923 996/1885/885
f 300/2079/969 637/2080/833 635/2081/816
f 325/2082/970 192/2083/526 273/2084/820
f 840/2085/896 848/2030/901 268/2086/822
f 297/2049/955 995/2020/944 302/2027/947
f 306/2087/971 289/1915/899 297/2088/955
f 260/1730/818 317/2089/972 1096/1937/909
f 850/2090/973 297/2049/955 639/1991/934
f 1101/1947/913 303/2091/974 277/2033/946
f 324/2092/975 627/1860/836 1094/2093/761
f 1198/1861/876 1221/2094/917 1080/1891/770
f 1200/2095/545 192/2083/526 325/2082/970
f 853/2096/976 839/2097/743 294/2006/916
f 293/2024/945 848/2030/901 304/2098/977
f 297/2049/955 850/2090/973 995/2020/944
f 851/1950/915 1011/2051/956 835/1693/801
f 1000/2099/960 292/1910/874 987/1821/858
f 636/1934/906 310/2054/957 847/1914/841
f 640/2100/940 288/1981/930 1242/2009/682
f 1009/2101/978 640/2102/940 836/2103/773
f 998/2104/979 1092/1859/875 309/2036/950
f 849/1784/840 307/2105/980 290/2013/868
f 276/1992/935 1097/1875/880 867/2106/981
f 324/2092/975 1094/2093/761 233/2107/824
f 1100/1990/933 854/2018/942 647/2003/938
f 653/2010/939 1093/1918/764 631/1949/914
f 310/2108/957 246/1621/763 290/1841/868
f 649/2109/982 308/2110/908 288/2111/930
f 306/2087/971 309/2036/950 289/1915/899
f 1102/1974/928 995/2020/944 850/2090/973
f 996/1885/885 645/1907/895 999/2078/968
f 992/2112/827 313/2113/966 259/2114/904
f 293/2024/945 304/2098/977 625/2025/787
f 638/1963/924 647/2003/938 1222/2115/983
f 326/2116/984 845/1943/912 846/1797/847
f 274/1656/783 292/1856/874 857/2117/985
f 1092/1859/875 1005/2118/986 1154/1939/588
f 288/2111/930 640/2119/940 649/2109/982
f 311/1880/884 847/1914/841 648/2120/987
f 644/1867/878 1191/1866/734 1197/2121/921
f 1009/2122/978 836/2123/773 291/2124/838
f 308/2125/908 860/2126/988 1155/2127/871
f 843/2034/887 1103/2128/989 1097/1875/880
f 312/2058/959 865/2129/990 1159/2059/894
f 267/2039/813 1161/2130/991 662/2131/992
f 325/2082/970 273/2084/820 1011/2132/956
f 306/2087/971 297/2088/955 302/2133/947
f 648/2120/987 847/1914/841 310/2054/957
f 342/2134/993 643/1819/856 282/1864/877
f 639/1991/934 276/1992/935 867/2106/981
f 326/2116/984 846/1797/847 1102/2135/928
f 314/2136/994 848/2030/901 840/2085/896
f 321/2057/958 316/2137/995 642/2055/900
f 849/2138/840 259/2114/904 307/2139/980
f 865/2140/990 321/2057/958 1159/2056/894
f 840/2141/896 298/1919/861 314/2142/994
f 635/2081/816 1154/2143/588 300/2079/969
f 662/2131/992 1158/2040/952 267/2039/813
f 1104/2042/953 828/1568/739 641/1926/903
f 313/2113/966 307/2139/980 259/2114/904
f 304/2098/977 1105/2144/996 625/2025/787
f 295/1855/873 1098/1962/923 652/2017/941
f 1158/2040/952 322/2145/997 646/2065/961
f 267/2039/813 855/2146/927 1161/2130/991
f 1161/2130/991 855/2146/927 642/2055/900
f 307/2147/980 310/2054/957 290/2148/868
f 877/1998/843 318/2149/998 852/1999/937
f 311/1880/884 648/2120/987 313/2150/966
f 317/2089/972 320/1818/855 1096/1937/909
f 854/2151/942 1002/2152/999 647/2153/938
f 860/2126/988 315/2053/910 1155/2127/871
f 303/2154/974 302/2155/947 277/2156/946
f 857/2117/985 641/1926/903 274/1656/783
f 639/1991/934 331/2157/1000 850/2090/973
f 307/2139/980 313/2113/966 310/2158/957
f 313/2150/966 648/2120/987 310/2054/957
f 344/2159/1001 342/2134/993 282/1864/877
f 643/1819/856 342/2134/993 1195/2019/943
f 1158/2040/952 662/2131/992 322/2145/997
f 309/2036/950 306/2087/971 998/2104/979
f 300/2079/969 323/2160/925 637/2080/833
f 866/2161/1002 631/1949/914 1160/2067/962
f 331/2157/1000 639/1991/934 867/2106/981
f 316/2137/995 1161/2130/991 642/2055/900
f 621/1993/831 1196/1984/931 1162/2162/1003
f 874/2163/1004 625/2025/787 1105/2144/996
f 653/2010/939 631/1949/914 866/2161/1002
f 298/1919/861 653/2010/939 314/2142/994
f 852/1999/937 318/2149/998 301/1976/920
f 873/2015/929 663/2031/948 618/1756/826
f 630/2045/891 858/2077/967 870/2043/954
f 308/2164/908 649/2165/982 869/2166/1005
f 335/2071/964 844/1614/760 862/2038/951
f 853/2096/976 285/2167/881 839/2097/743
f 314/2136/994 327/2168/1006 848/2030/901
f 291/2124/838 323/2160/925 1009/2122/978
f 638/1963/924 336/2169/1007 645/1907/895
f 308/2110/908 869/2170/1005 860/2171/988
f 306/2087/971 650/2172/1008 998/2104/979
f 302/2155/947 319/2173/1009 650/2174/1008
f 324/2092/975 1198/1861/876 627/1860/836
f 650/2172/1008 306/2087/971 302/2133/947
f 303/2154/974 1163/2175/922 319/2173/1009
f 994/2050/911 299/1987/932 312/2058/959
f 304/2098/977 327/2168/1006 1105/2144/996
f 1194/2176/902 997/2177/897 843/2178/887
f 284/2179/882 621/1993/831 1162/2162/1003
f 336/2169/1007 999/2078/968 645/1907/895
f 865/2180/990 312/2058/959 861/2181/1010
f 319/2173/1009 302/2155/947 303/2154/974
f 1220/1847/870 344/2159/1001 282/1864/877
f 872/2182/1011 299/1987/932 315/2053/910
f 656/2183/1012 296/2048/907 285/2167/881
f 1005/2184/986 1092/1859/875 998/2104/979
f 866/2185/1002 1160/2186/962 652/2187/941
f 326/2188/984 1102/1974/928 651/2189/1013
f 845/2008/912 347/2190/1014 294/2006/916
f 285/2167/881 853/2096/976 656/2183/1012
f 210/2073/461 1001/2072/965 1163/2191/922
f 867/2106/981 1097/1875/880 1103/2128/989
f 328/2192/1015 646/2193/961 322/2194/997
f 327/2168/1006 304/2098/977 848/2030/901
f 1163/2175/922 303/2154/974 1101/2195/913
f 651/2189/1013 1102/1974/928 850/2090/973
f 341/2196/1016 315/2053/910 860/2126/988
f 629/2074/785 870/2197/954 1001/2072/965
f 336/2169/1007 638/1963/924 1222/2115/983
f 874/2163/1004 1004/2198/949 625/2025/787
f 997/2177/897 1103/2199/989 843/2178/887
f 655/2200/1017 864/2201/1018 1002/2152/999
f 651/2189/1013 850/2090/973 331/2157/1000
f 1098/1962/923 999/2078/968 863/2202/1019
f 1007/2203/1020 1002/2152/999 854/2204/942
f 646/2193/961 328/2192/1015 876/2205/1021
f 640/2206/940 670/2207/1022 649/2165/982
f 877/1998/843 654/2208/1023 318/2149/998
f 868/2209/1024 652/2187/941 863/2210/1019
f 275/1969/888 856/1957/879 1008/2211/1025
f 322/2212/997 1107/2213/1026 328/2214/1015
f 872/2182/1011 315/2053/910 341/2196/1016
f 868/2209/1024 866/2185/1002 652/2187/941
f 647/2153/938 1002/2152/999 864/2201/1018
f 853/2096/976 294/2006/916 347/2190/1014
f 1106/2215/1027 1198/1861/876 324/2092/975
f 874/2163/1004 1105/2144/996 1003/2216/1028
f 859/2004/849 879/2217/1029 287/1996/936
f 1104/2042/953 365/2218/1030 279/1620/759
f 863/2210/1019 652/2187/941 1098/2219/923
f 857/2117/985 352/2220/1031 641/1926/903
f 1105/2144/996 327/2168/1006 1003/2216/1028
f 329/2221/1032 866/2222/1002 868/2223/1024
f 865/2140/990 861/2224/1010 871/2225/1033
f 327/2168/1006 314/2136/994 338/2226/1034
f 341/2227/1016 860/2228/988 869/2166/1005
f 339/2229/1035 1006/2230/1036 312/2231/959
f 332/2232/1037 864/2201/1018 655/2200/1017
f 1107/2233/1026 864/2201/1018 332/2232/1037
f 1104/2042/953 641/1926/903 352/2220/1031
f 865/2140/990 1165/2234/1038 321/2057/958
f 1222/2235/983 647/2153/938 864/2201/1018
f 1006/2230/1036 871/2236/1033 861/2237/1010
f 332/2232/1037 328/2192/1015 1107/2233/1026
f 1161/2130/991 316/2137/995 334/2238/1039
f 1007/2203/1020 655/2200/1017 1002/2152/999
f 662/2131/992 1161/2130/991 334/2238/1039
f 1220/1847/870 354/2239/1040 344/2159/1001
f 1005/2240/986 300/2079/969 1154/2143/588
f 1006/2230/1036 861/2237/1010 312/2231/959
f 646/2193/961 876/2205/1021 1000/2241/960
f 997/2177/897 660/2242/1041 1103/2199/989
f 1157/2243/886 663/2031/948 671/2244/1042
f 653/2245/939 357/2246/1043 664/2247/1044
f 653/2245/939 866/2222/1002 357/2246/1043
f 233/2107/824 878/2248/1045 324/2092/975
f 318/2249/998 654/2250/1023 343/2251/1046
f 1162/2162/1003 1196/1984/931 340/2252/1047
f 868/2223/1024 333/2253/1048 329/2221/1032
f 999/2254/968 336/2255/1007 863/2210/1019
f 333/2256/1048 871/2257/1033 1006/2230/1036
f 333/2256/1048 1006/2230/1036 329/2258/1032
f 649/2165/982 670/2207/1022 869/2166/1005
f 349/2259/1049 1107/2213/1026 322/2212/997
f 1017/2260/1050 323/2160/925 300/2079/969
f 1164/2261/1051 320/1818/855 317/2089/972
f 872/2182/1011 339/2262/1035 299/1987/932
f 1107/2233/1026 349/2263/1049 864/2201/1018
f 1165/2234/1038 316/2137/995 321/2057/958
f 664/2264/1044 314/2142/994 653/2010/939
f 1005/2265/986 319/2173/1009 1163/2175/922
f 662/2266/992 349/2259/1049 322/2212/997
f 854/2018/942 1221/2267/917 1007/2268/1020
f 1017/2260/1050 1009/2122/978 323/2160/925
f 383/2269/1052 337/1997/918 287/1996/936
f 869/2166/1005 658/2270/1053 341/2227/1016
f 1221/2094/917 682/2271/1054 1007/2272/1020
f 1008/2211/1025 856/1957/879 301/1956/920
f 233/2107/824 644/2273/878 878/2248/1045
f 1008/2211/1025 330/2063/890 275/1969/888
f 1005/2184/986 998/2104/979 650/2172/1008
f 1106/2215/1027 1221/2094/917 1198/1861/876
f 659/2274/1055 1003/2216/1028 327/2168/1006
f 1196/1984/931 272/1986/893 675/2275/1056
f 341/2227/1016 658/2270/1053 1108/2276/1057
f 301/2277/920 318/2249/998 343/2251/1046
f 260/1730/818 1157/1887/886 671/2278/1042
f 871/2279/1033 1165/2280/1038 865/2281/990
f 359/2282/1058 857/2117/985 292/1856/874
f 339/2283/1035 312/2058/959 299/1987/932
f 677/2284/1059 1195/2285/943 342/2286/993
f 997/2177/897 335/2287/964 886/2288/1060
f 348/2289/1061 868/2209/1024 863/2210/1019
f 359/2290/1058 292/2291/874 1000/2292/960
f 328/2192/1015 332/2232/1037 876/2205/1021
f 316/2137/995 1165/2234/1038 345/2293/1062
f 287/1996/936 879/2217/1029 383/2269/1052
f 658/2270/1053 869/2166/1005 670/2207/1022
f 866/2294/1002 329/2258/1032 1006/2230/1036
f 661/2295/1063 863/2210/1019 336/2255/1007
f 675/2275/1056 340/2252/1047 1196/1984/931
f 654/2208/1023 877/1998/843 343/2296/1046
f 1164/2297/1051 317/2298/972 260/2299/818
f 334/2238/1039 316/2137/995 345/2293/1062
f 874/2300/1004 1003/2301/1028 659/2302/1055
f 363/2303/1064 1103/2304/989 1223/2305/1065
f 272/1986/893 296/2048/907 675/2275/1056
f 1005/2265/986 650/2174/1008 319/2173/1009
f 868/2306/1024 348/2307/1061 333/2308/1048
f 864/2201/1018 349/2263/1049 1222/2235/983
f 348/2307/1061 1165/2280/1038 871/2279/1033
f 862/2038/951 1195/2019/943 677/2309/1059
f 845/2008/912 326/2310/984 347/2190/1014
f 666/2311/1066 1004/2198/949 874/2163/1004
f 348/2307/1061 871/2279/1033 333/2308/1048
f 314/2312/994 664/2247/1044 338/2313/1034
f 657/2314/1067 326/2188/984 651/2189/1013
f 1019/2315/1068 651/2189/1013 331/2157/1000
f 327/2316/1006 338/2317/1034 665/2318/1069
f 1108/2276/1057 658/2270/1053 670/2207/1022
f 327/2316/1006 665/2318/1069 659/2302/1055
f 1222/2235/983 1010/2319/1070 336/2320/1007
f 874/2300/1004 659/2302/1055 1018/2321/1071
f 1162/2162/1003 340/2252/1047 676/2322/1072
f 659/2302/1055 665/2318/1069 346/2323/1073
f 867/2106/981 1103/2128/989 363/2324/1064
f 339/2325/1035 872/2326/1011 672/2327/1074
f 661/2328/1063 336/2320/1007 1010/2319/1070
f 1108/2276/1057 670/2207/1022 350/2329/1075
f 320/2330/855 1164/2297/1051 1110/2331/1076
f 378/2332/1077 663/2031/948 873/2015/929
f 1018/2321/1071 659/2302/1055 346/2323/1073
f 1164/2297/1051 260/2299/818 1110/2331/1076
f 324/2092/975 878/2248/1045 668/2333/1078
f 349/2259/1049 662/2334/992 334/2335/1039
f 367/2336/1079 343/2251/1046 364/2337/1080
f 863/2210/1019 661/2295/1063 348/2289/1061
f 1017/2260/1050 300/2079/969 372/2338/1081
f 875/2339/851 365/2340/1030 885/2341/1082
f 339/2342/1035 357/2246/1043 866/2222/1002
f 352/2220/1031 857/2117/985 359/2282/1058
f 870/2343/954 858/2344/967 1015/2345/1083
f 367/2336/1079 301/2277/920 343/2251/1046
f 346/2323/1073 1109/2346/1084 1018/2321/1071
f 1008/2211/1025 301/1956/920 1013/2347/1085
f 883/2348/1086 342/2286/993 344/2349/1001
f 1010/2319/1070 1222/2235/983 349/2263/1049
f 1200/2350/545 418/2351/963 768/2352/169
f 656/2183/1012 853/2096/976 347/2190/1014
f 365/2218/1030 875/2353/851 279/1620/759
f 668/2333/1078 1106/2215/1027 324/2092/975
f 349/2259/1049 334/2335/1039 345/2354/1062
f 1000/2241/960 876/2205/1021 882/2355/1087
f 296/2048/907 669/2356/1088 675/2275/1056
f 341/2227/1016 672/2357/1074 872/2326/1011
f 346/2323/1073 673/2358/1089 1109/2346/1084
f 339/2229/1035 866/2294/1002 1006/2230/1036
f 640/2119/940 1009/2122/978 679/2359/1090
f 1103/2199/989 660/2242/1041 1223/2360/1065
f 666/2311/1066 858/2344/967 1004/2198/949
f 880/2361/1091 665/2318/1069 338/2317/1034
f 862/2362/951 677/2284/1059 335/2287/964
f 1165/2363/1038 348/2364/1061 345/2365/1062
f 673/2358/1089 346/2323/1073 665/2318/1069
f 332/2232/1037 882/2355/1087 876/2205/1021
f 349/2259/1049 345/2354/1062 1010/2366/1070
f 1111/2367/1092 657/2314/1067 651/2189/1013
f 1108/2276/1057 350/2329/1075 362/2368/1093
f 1115/2369/1094 364/2337/1080 343/2251/1046
f 1014/2370/1095 338/2313/1034 664/2247/1044
f 296/2048/907 656/2183/1012 669/2356/1088
f 1010/2319/1070 348/2364/1061 661/2371/1063
f 348/2364/1061 1010/2319/1070 345/2365/1062
f 354/2239/1040 1220/1847/870 305/1899/892
f 673/2358/1089 1243/2372/1096 1109/2346/1084
f 875/2339/851 885/2341/1082 1197/2121/921
f 1019/2315/1068 331/2157/1000 867/2106/981
f 1014/2370/1095 880/2373/1091 338/2313/1034
f 362/2368/1093 341/2227/1016 1108/2276/1057
f 1243/2372/1096 1018/2321/1071 1109/2346/1084
f 355/2374/1097 670/2375/1022 640/2376/940
f 880/2361/1091 673/2358/1089 665/2318/1069
f 350/2377/1075 353/2378/1098 362/2379/1093
f 667/2380/1099 354/2239/1040 305/1899/892
f 870/2197/954 1015/2381/1083 1001/2072/965
f 361/2382/1100 339/2229/1035 672/2383/1074
f 353/2378/1098 1012/2384/1101 362/2379/1093
f 362/2368/1093 672/2357/1074 341/2227/1016
f 372/2338/1081 300/2079/969 887/2385/1102
f 1106/2215/1027 682/2271/1054 1221/2094/917
f 351/2386/1103 671/2387/1042 663/2388/948
f 375/2389/1104 674/2390/1105 851/2391/915
f 1115/2392/1094 877/2393/843 337/2394/918
f 1115/2369/1094 343/2251/1046 877/2395/843
f 660/2242/1041 997/2177/897 886/2288/1060
f 1104/2042/953 352/2220/1031 881/2396/1106
f 671/2387/1042 371/2397/1107 260/2398/818
f 356/2399/1108 1243/2400/1096 673/2401/1089
f 357/2246/1043 1014/2370/1095 664/2247/1044
f 887/2385/1102 300/2079/969 1005/2240/986
f 332/2232/1037 655/2200/1017 1007/2203/1020
f 851/2391/915 320/2330/855 375/2389/1104
f 1012/2384/1101 670/2402/1022 356/2399/1108
f 378/2403/1077 351/2386/1103 663/2404/948
f 1166/2405/1109 1011/2406/956 851/2407/915
f 350/2408/1075 670/2402/1022 353/2378/1098
f 644/1867/878 680/2409/1110 878/2410/1045
f 356/2399/1108 362/2379/1093 1012/2384/1101
f 1009/2122/978 1017/2260/1050 679/2359/1090
f 357/2411/1043 339/2229/1035 361/2382/1100
f 325/2412/970 1011/2406/956 1166/2405/1109
f 356/2399/1108 670/2402/1022 1018/2413/1071
f 682/2271/1054 1106/2215/1027 668/2333/1078
f 392/2414/1111 344/2349/1001 354/2415/1040
f 656/2183/1012 347/2190/1014 669/2416/1088
f 680/2409/1110 644/1867/878 1197/2121/921
f 358/2417/1112 347/2418/1014 326/2419/984
f 1012/2384/1101 353/2378/1098 670/2402/1022
f 858/2344/967 666/2311/1066 1015/2345/1083
f 651/2189/1013 1019/2315/1068 1111/2367/1092
f 1014/2420/1095 357/2411/1043 361/2382/1100
f 1019/2315/1068 867/2106/981 363/2324/1064
f 371/2421/1107 1110/2331/1076 260/2299/818
f 1018/2413/1071 1243/2400/1096 356/2399/1108
f 344/2349/1001 392/2414/1111 883/2348/1086
f 679/2422/1090 355/2374/1097 640/2376/940
f 880/2373/1091 1014/2370/1095 366/2423/1113
f 362/2379/1093 361/2382/1100 672/2383/1074
f 366/2424/1113 362/2379/1093 356/2399/1108
f 673/2401/1089 366/2424/1113 356/2399/1108
f 337/1997/918 383/2269/1052 884/2425/1114
f 883/2348/1086 677/2284/1059 342/2286/993
f 880/2426/1091 366/2424/1113 673/2401/1089
f 884/2427/1114 1115/2392/1094 337/2394/918
f 373/2428/1115 365/2218/1030 1104/2042/953
f 301/1956/920 367/2429/1079 1013/2347/1085
f 1163/2175/922 360/2430/1116 1005/2265/986
f 366/2424/1113 361/2382/1100 362/2379/1093
f 366/2424/1113 1014/2420/1095 361/2382/1100
f 881/2396/1106 373/2428/1115 1104/2042/953
f 1115/2369/1094 1016/2431/1117 364/2337/1080
f 376/2432/1118 326/2419/984 657/2433/1067
f 676/2322/1072 340/2252/1047 1224/2434/1119
f 1110/2331/1076 371/2421/1107 678/2435/1120
f 888/2436/1121 1223/2360/1065 660/2242/1041
f 368/2437/1122 335/2287/964 677/2284/1059
f 376/2432/1118 358/2417/1112 326/2419/984
f 352/2438/1031 359/2439/1058 881/2440/1106
f 887/2441/1102 1005/2442/986 360/2443/1116
f 375/2389/1104 320/2330/855 1110/2331/1076
f 367/2336/1079 364/2337/1080 1016/2431/1117
f 1197/2121/921 885/2341/1082 680/2409/1110
f 305/2061/892 330/2063/890 667/2444/1099
f 393/2445/1123 676/2322/1072 1224/2434/1119
f 874/2163/1004 384/2446/1124 666/2311/1066
f 668/2447/1078 878/2410/1045 680/2409/1110
f 873/2448/929 391/2449/1125 378/2403/1077
f 1008/2211/1025 667/2444/1099 330/2063/890
f 384/2450/1124 874/2300/1004 1018/2321/1071
f 363/2303/1064 1223/2305/1065 888/2451/1121
f 376/2432/1118 657/2433/1067 1111/2452/1092
f 1163/2175/922 1001/2453/965 1235/2454/1126
f 325/2412/970 1166/2405/1109 1200/2455/545
f 375/2389/1104 1110/2331/1076 1113/2456/1127
f 340/2457/1047 890/2458/1128 1224/2459/1119
f 1162/2162/1003 873/2460/929 284/2179/882
f 890/2461/1128 675/2275/1056 669/2356/1088
f 340/2252/1047 675/2275/1056 890/2461/1128
f 883/2348/1086 685/2462/1129 677/2284/1059
f 692/2463/1130 879/2464/1029 859/2070/849
f 882/2465/1087 359/2290/1058 1000/2292/960
f 1015/2345/1083 666/2311/1066 384/2466/1124
f 368/2437/1122 886/2288/1060 335/2287/964
f 373/2467/1115 881/2440/1106 359/2439/1058
f 883/2348/1086 392/2414/1111 369/2468/1131
f 1110/2331/1076 678/2435/1120 1113/2456/1127
f 1016/2469/1117 1115/2470/1094 681/2471/1132
f 381/2472/1133 332/2473/1037 1007/2272/1020
f 354/2415/1040 683/2474/1134 392/2414/1111
f 1001/2453/965 377/2475/1135 1235/2454/1126
f 1008/2211/1025 1013/2347/1085 1112/2476/1136
f 372/2477/1081 688/2478/1137 1017/2479/1050
f 1018/2413/1071 670/2402/1022 687/2480/1138
f 1015/2481/1083 377/2475/1135 1001/2453/965
f 685/2462/1129 368/2437/1122 677/2284/1059
f 1199/2482/1139 1162/2162/1003 393/2483/1123
f 1235/2454/1126 360/2430/1116 1163/2175/922
f 374/2484/1140 668/2447/1078 680/2409/1110
f 695/2485/1141 369/2468/1131 392/2414/1111
f 688/2478/1137 679/2422/1090 1017/2479/1050
f 670/2375/1022 355/2374/1097 687/2486/1138
f 674/2487/1105 370/2488/1142 1166/2405/1109
f 692/2489/1130 379/2490/1143 884/2491/1114
f 369/2468/1131 685/2462/1129 883/2348/1086
f 678/2435/1120 371/2421/1107 1113/2456/1127
f 671/2387/1042 351/2386/1103 684/2492/1144
f 873/2460/929 1162/2162/1003 1199/2482/1139
f 373/2467/1115 359/2439/1058 882/2493/1087
f 381/2472/1133 1007/2272/1020 682/2271/1054
f 887/2441/1102 688/2478/1137 372/2477/1081
f 376/2432/1118 386/2494/1145 358/2417/1112
f 1015/2481/1083 384/2495/1124 377/2475/1135
f 332/2496/1037 1114/2497/1146 882/2498/1087
f 891/2499/1147 679/2422/1090 688/2478/1137
f 386/2494/1145 347/2500/1014 358/2417/1112
f 679/2422/1090 687/2486/1138 355/2374/1097
f 674/2487/1105 1166/2405/1109 851/2407/915
f 373/2428/1115 893/2501/1148 365/2218/1030
f 691/2502/1149 367/2503/1079 1016/2469/1117
f 885/2341/1082 889/2504/1150 374/2484/1140
f 888/2451/1121 1019/2505/1068 363/2303/1064
f 360/2430/1116 1235/2454/1126 686/2506/1151
f 682/2271/1054 668/2333/1078 381/2472/1133
f 378/2403/1077 684/2492/1144 351/2386/1103
f 332/2473/1037 381/2472/1133 1114/2507/1146
f 374/2484/1140 381/2508/1133 668/2447/1078
f 691/2502/1149 1016/2469/1117 681/2471/1132
f 374/2484/1140 680/2409/1110 885/2341/1082
f 371/2397/1107 671/2387/1042 684/2492/1144
f 1162/2162/1003 676/2322/1072 393/2483/1123
f 892/2509/1152 1111/2510/1092 1019/2505/1068
f 1112/2511/1136 667/2444/1099 1008/2211/1025
f 379/2512/1143 1115/2392/1094 884/2427/1114
f 365/2340/1030 889/2504/1150 885/2341/1082
f 380/2513/1153 384/2495/1124 1018/2514/1071
f 888/2451/1121 892/2509/1152 1019/2505/1068
f 890/2458/1128 669/2515/1088 382/2516/1154
f 891/2499/1147 687/2486/1138 679/2422/1090
f 347/2500/1014 398/2517/1155 382/2516/1154
f 385/2518/1156 1235/2454/1126 377/2475/1135
f 347/2500/1014 382/2516/1154 669/2515/1088
f 686/2506/1151 1235/2454/1126 385/2518/1156
f 388/2519/1157 369/2468/1131 695/2485/1141
f 887/2441/1102 360/2443/1116 686/2520/1151
f 373/2521/1115 882/2498/1087 893/2522/1148
f 660/2242/1041 886/2288/1060 888/2436/1121
f 889/2504/1150 365/2340/1030 893/2522/1148
f 1113/2456/1127 371/2421/1107 389/2523/1158
f 377/2475/1135 384/2495/1124 689/2524/1159
f 380/2513/1153 1018/2525/1071 687/2526/1138
f 879/2464/1029 692/2527/1130 383/2528/1052
f 1116/2529/1160 687/2486/1138 891/2499/1147
f 376/2530/1118 1111/2510/1092 892/2509/1152
f 890/2458/1128 390/2531/1161 1224/2459/1119
f 693/2532/1162 369/2468/1131 388/2519/1157
f 690/2533/1163 1224/2459/1119 896/2534/1164
f 689/2524/1159 385/2518/1156 377/2475/1135
f 369/2468/1131 693/2532/1162 685/2462/1129
f 667/2535/1099 683/2474/1134 354/2415/1040
f 387/2536/1165 887/2441/1102 686/2520/1151
f 1224/2459/1119 390/2531/1161 896/2534/1164
f 380/2513/1153 689/2524/1159 384/2495/1124
f 688/2478/1137 887/2441/1102 387/2536/1165
f 376/2530/1118 1225/2537/1166 386/2538/1145
f 381/2508/1133 374/2484/1140 889/2504/1150
f 892/2509/1152 1225/2537/1166 376/2530/1118
f 387/2536/1165 891/2499/1147 688/2478/1137
f 882/2498/1087 1114/2497/1146 893/2522/1148
f 393/2539/1123 1224/2459/1119 690/2533/1163
f 894/2540/1167 1200/2455/545 1166/2405/1109
f 886/2288/1060 368/2437/1122 394/2541/1168
f 873/2448/929 1199/2542/1139 391/2449/1125
f 889/2504/1150 1114/2497/1146 381/2508/1133
f 394/2541/1168 368/2437/1122 685/2462/1129
f 1113/2456/1127 389/2523/1158 375/2389/1104
f 385/2518/1156 387/2543/1165 686/2506/1151
f 367/2544/1079 1117/2545/1169 1013/2546/1085
f 391/2449/1125 684/2492/1144 378/2403/1077
f 889/2504/1150 893/2522/1148 1114/2497/1146
f 398/2517/1155 347/2500/1014 386/2494/1145
f 689/2524/1159 380/2513/1153 1116/2547/1160
f 385/2518/1156 689/2524/1159 387/2543/1165
f 1116/2547/1160 380/2513/1153 687/2526/1138
f 1116/2547/1160 891/2548/1147 387/2543/1165
f 418/2351/963 692/2489/1130 859/2549/849
f 1225/2537/1166 892/2509/1152 888/2451/1121
f 1118/2550/1170 1225/2537/1166 888/2451/1121
f 681/2471/1132 1028/2551/1171 691/2502/1149
f 1116/2547/1160 387/2543/1165 689/2524/1159
f 367/2503/1079 691/2502/1149 395/2552/1172
f 375/2389/1104 895/2553/1173 674/2390/1105
f 1013/2546/1085 1117/2545/1169 1112/2554/1136
f 692/2489/1130 884/2491/1114 383/2555/1052
f 395/2552/1172 691/2502/1149 1020/2556/1174
f 1166/2405/1109 370/2488/1142 894/2540/1167
f 890/2458/1128 1021/2557/1175 390/2531/1161
f 1199/2558/1139 393/2559/1123 411/2560/1176
f 1028/2551/1171 681/2471/1132 1115/2470/1094
f 398/2517/1155 386/2494/1145 1225/2561/1166
f 1022/2562/1177 389/2523/1158 371/2421/1107
f 1021/2557/1175 890/2458/1128 382/2516/1154
f 1022/2562/1177 375/2389/1104 389/2523/1158
f 684/2492/1144 694/2563/1178 371/2397/1107
f 370/2564/1142 674/2390/1105 895/2553/1173
f 394/2565/1168 685/2462/1129 693/2532/1162
f 379/2490/1143 692/2489/1130 1120/2566/1179
f 1021/2557/1175 382/2516/1154 398/2517/1155
f 392/2414/1111 683/2474/1134 399/2567/1180
f 1115/2470/1094 379/2568/1143 1028/2551/1171
f 667/2569/1099 1112/2554/1136 683/2570/1134
f 367/2544/1079 395/2571/1172 1117/2545/1169
f 390/2531/1161 397/2572/1181 896/2534/1164
f 1118/2550/1170 888/2451/1121 886/2573/1060
f 1118/2550/1170 886/2573/1060 394/2574/1168
f 1023/2575/1182 693/2576/1162 388/2577/1157
f 1023/2578/1182 388/2519/1157 695/2485/1141
f 1112/2554/1136 1117/2545/1169 1025/2579/1183
f 394/2574/1168 693/2576/1162 1023/2575/1182
f 1225/2537/1166 1118/2550/1170 398/2580/1155
f 700/2581/1184 1200/2455/545 894/2540/1167
f 1023/2575/1182 695/2582/1141 897/2583/1185
f 397/2572/1181 390/2531/1161 396/2584/1186
f 1201/2585/1187 1024/2586/1188 1022/2587/1177
f 1021/2557/1175 1236/2588/1189 396/2584/1186
f 897/2583/1185 396/2589/1186 1023/2575/1182
f 394/2574/1168 1023/2575/1182 1251/2590/1190
f 397/2591/1181 396/2589/1186 696/2592/1191
f 1201/2585/1187 1022/2587/1177 371/2593/1107
f 1021/2557/1175 396/2584/1186 390/2531/1161
f 1118/2550/1170 394/2574/1168 1251/2590/1190
f 700/2594/1184 1122/2595/1192 1200/2596/545
f 696/2592/1191 396/2589/1186 897/2583/1185
f 1201/2585/1187 371/2597/1107 694/2598/1178
f 395/2571/1172 898/2599/1193 1117/2545/1169
f 1236/2600/1189 1021/2557/1175 398/2517/1155
f 393/2539/1123 690/2533/1163 411/2601/1176
f 691/2502/1149 1028/2551/1171 1020/2556/1174
f 398/2580/1155 1118/2550/1170 1236/2602/1189
f 1118/2550/1170 1251/2590/1190 1236/2602/1189
f 1112/2554/1136 1025/2579/1183 683/2570/1134
f 1251/2590/1190 1023/2575/1182 396/2589/1186
f 397/2603/1181 696/2592/1191 400/2604/1194
f 396/2589/1186 1236/2602/1189 1251/2590/1190
f 395/2552/1172 697/2605/1195 898/2606/1193
f 400/2607/1194 896/2534/1164 397/2572/1181
f 402/2608/1196 1117/2545/1169 898/2599/1193
f 391/2449/1125 702/2609/1197 684/2492/1144
f 375/2610/1104 1029/2611/1198 895/2612/1173
f 684/2492/1144 702/2609/1197 694/2563/1178
f 698/2613/1199 697/2605/1195 395/2552/1172
f 700/2581/1184 894/2540/1167 370/2488/1142
f 900/2614/1200 1029/2615/1198 1024/2616/1188
f 1028/2551/1171 379/2568/1143 401/2617/1201
f 402/2608/1196 1025/2579/1183 1117/2545/1169
f 1029/2615/1198 1022/2618/1177 1024/2616/1188
f 895/2553/1173 1202/2619/1202 370/2564/1142
f 1024/2586/1188 1201/2585/1187 900/2620/1200
f 690/2533/1163 896/2534/1164 400/2607/1194
f 899/2621/1203 683/2570/1134 1025/2579/1183
f 696/2592/1191 897/2583/1185 400/2604/1194
f 697/2605/1195 698/2613/1199 1026/2622/1204
f 1026/2622/1204 698/2613/1199 1119/2623/1205
f 1202/2624/1202 700/2594/1184 370/2625/1142
f 697/2605/1195 1026/2622/1204 898/2606/1193
f 1028/2551/1171 395/2552/1172 1020/2556/1174
f 375/2626/1104 1022/2618/1177 1029/2615/1198
f 401/2627/1201 379/2490/1143 1120/2566/1179
f 895/2612/1173 1029/2611/1198 1202/2624/1202
f 391/2628/1125 405/2629/1206 702/2630/1197
f 1199/2558/1139 405/2629/1206 391/2628/1125
f 900/2614/1200 1201/2631/1187 901/2632/1207
f 400/2604/1194 699/2633/1208 1227/2634/1209
f 1226/2635/1210 694/2636/1178 702/2630/1197
f 683/2474/1134 899/2637/1203 399/2567/1180
f 1201/2585/1187 694/2636/1178 1226/2635/1210
f 1026/2638/1204 406/2639/1211 898/2599/1193
f 403/2640/1212 1025/2579/1183 402/2608/1196
f 405/2629/1206 1199/2558/1139 411/2560/1176
f 1227/2641/1209 411/2601/1176 690/2533/1163
f 695/2485/1141 392/2414/1111 399/2567/1180
f 1202/2624/1202 414/2642/1213 1027/2643/1214
f 1119/2623/1205 902/2644/1215 1026/2622/1204
f 698/2613/1199 902/2644/1215 1119/2623/1205
f 1028/2551/1171 902/2644/1215 698/2613/1199
f 692/2489/1130 903/2645/1216 1120/2566/1179
f 1027/2643/1214 700/2594/1184 1202/2624/1202
f 1201/2631/1187 701/2646/1217 901/2632/1207
f 692/2489/1130 418/2351/963 903/2645/1216
f 899/2621/1203 1025/2579/1183 403/2640/1212
f 1028/2551/1171 698/2613/1199 395/2552/1172
f 401/2627/1201 1120/2566/1179 903/2645/1216
f 404/2647/1218 1121/2648/1219 901/2649/1207
f 399/2567/1180 1167/2650/1220 695/2485/1141
f 406/2651/1211 1026/2652/1204 407/2653/1221
f 1029/2654/1198 900/2655/1200 901/2649/1207
f 902/2656/1215 407/2653/1221 1026/2652/1204
f 399/2657/1180 899/2621/1203 413/2658/1222
f 898/2599/1193 406/2639/1211 1123/2659/1223
f 897/2660/1185 695/2485/1141 1167/2650/1220
f 1167/2661/1220 699/2633/1208 897/2583/1185
f 701/2662/1217 404/2647/1218 901/2649/1207
f 1027/2643/1214 1122/2595/1192 700/2594/1184
f 1123/2659/1223 402/2608/1196 898/2599/1193
f 1226/2635/1210 701/2663/1217 1201/2585/1187
f 401/2617/1201 1228/2664/1224 1028/2551/1171
f 402/2608/1196 1123/2659/1223 403/2640/1212
f 415/2665/1225 1226/2635/1210 702/2630/1197
f 404/2647/1218 701/2662/1217 1121/2648/1219
f 414/2642/1213 1202/2624/1202 1029/2611/1198
f 407/2653/1221 902/2656/1215 1028/2666/1171
f 702/2630/1197 405/2629/1206 415/2665/1225
f 1227/2641/1209 690/2533/1163 400/2607/1194
f 701/2662/1217 416/2667/1226 1121/2648/1219
f 407/2653/1221 408/2668/1227 406/2651/1211
f 403/2640/1212 413/2658/1222 899/2621/1203
f 399/2669/1180 413/2670/1222 1167/2671/1220
f 408/2668/1227 407/2653/1221 412/2672/1228
f 1121/2673/1219 416/2674/1226 703/2675/1229
f 904/2676/1230 410/2677/1231 408/2668/1227
f 908/2678/1232 418/2679/963 1200/2680/545
f 706/2681/1233 1121/2648/1219 703/2682/1229
f 406/2651/1211 408/2668/1227 410/2677/1231
f 405/2629/1206 411/2560/1176 906/2683/1234
f 903/2645/1216 1228/2684/1224 401/2627/1201
f 703/2675/1229 416/2674/1226 409/2685/1235
f 699/2633/1208 400/2604/1194 897/2583/1185
f 412/2672/1228 407/2653/1221 1028/2666/1171
f 904/2676/1230 408/2668/1227 412/2672/1228
f 412/2686/1228 1028/2551/1171 1228/2664/1224
f 410/2687/1231 1030/2688/1236 704/2689/1237
f 403/2690/1212 907/2691/1238 413/2670/1222
f 406/2651/1211 410/2677/1231 704/2692/1237
f 414/2642/1213 419/2693/1239 1027/2643/1214
f 1122/2694/1192 908/2695/1232 1200/2696/545
f 409/2685/1235 706/2697/1233 703/2675/1229
f 903/2645/1216 905/2698/1240 1228/2684/1224
f 416/2674/1226 704/2699/1237 409/2685/1235
f 405/2629/1206 906/2683/1234 415/2665/1225
f 1122/2595/1192 1027/2643/1214 705/2700/1241
f 1029/2654/1198 706/2681/1233 414/2701/1213
f 701/2702/1217 1226/2635/1210 416/2703/1226
f 1029/2654/1198 901/2649/1207 1121/2648/1219
f 416/2703/1226 1226/2635/1210 415/2665/1225
f 412/2672/1228 1030/2704/1236 410/2677/1231
f 1227/2705/1209 906/2706/1234 411/2707/1176
f 903/2708/1216 418/2709/963 905/2710/1240
f 706/2681/1233 1029/2654/1198 1121/2648/1219
f 412/2672/1228 410/2677/1231 904/2676/1230
f 1122/2595/1192 705/2700/1241 908/2711/1232
f 706/2681/1233 419/2712/1239 414/2701/1213
f 704/2699/1237 1245/2713/1242 406/2714/1211
f 1228/2715/1224 417/2716/1243 412/2717/1228
f 907/2691/1238 1167/2671/1220 413/2670/1222
f 1123/2718/1223 1124/2719/1244 403/2690/1212
f 406/2651/1211 1124/2719/1244 1123/2718/1223
f 705/2700/1241 1027/2643/1214 419/2693/1239
f 416/2674/1226 1245/2713/1242 704/2699/1237
f 1030/2688/1236 409/2720/1235 704/2689/1237
f 906/2706/1234 1227/2705/1209 1168/2721/1245
f 907/2691/1238 403/2690/1212 1124/2719/1244
f 1227/2705/1209 699/2722/1208 1168/2721/1245
f 907/2723/1238 699/2633/1208 1167/2724/1220
f 905/2710/1240 418/2709/963 1244/2725/1246
f 905/2710/1240 417/2716/1243 1228/2715/1224
f 1030/2704/1236 412/2672/1228 420/2726/1247
f 421/2727/1248 416/2728/1226 415/2729/1225
f 420/2726/1247 412/2672/1228 417/2730/1243
f 418/2731/963 908/2732/1232 1244/2733/1246
f 1245/2713/1242 416/2674/1226 421/2734/1248
f 1245/2735/1242 1124/2719/1244 406/2651/1211
f 415/2729/1225 906/2706/1234 421/2727/1248
f 905/2736/1240 420/2737/1247 417/2738/1243
f 419/2739/1239 706/2740/1233 1203/2741/1249
f 907/2742/1238 1168/2743/1245 699/2744/1208
f 706/2740/1233 409/2720/1235 1030/2688/1236
f 1229/2745/1250 705/2700/1241 419/2693/1239
f 705/2700/1241 1229/2745/1250 908/2711/1232
f 421/2727/1248 906/2706/1234 1168/2721/1245
f 421/2734/1248 1124/2746/1244 1245/2713/1242
f 907/2742/1238 1124/2746/1244 1168/2743/1245
f 1030/2688/1236 1203/2741/1249 706/2740/1233
f 1168/2743/1245 1124/2746/1244 421/2734/1248
f 908/2732/1232 422/2747/1251 1244/2733/1246
f 1244/2733/1246 420/2737/1247 905/2736/1240
f 1203/2741/1249 1030/2688/1236 707/2748/1252
f 420/2737/1247 707/2749/1252 1030/2750/1236
f 1203/2751/1249 1229/2745/1250 419/2693/1239
f 1203/2752/1249 707/2753/1252 1229/2754/1250
f 1244/2733/1246 707/2749/1252 420/2737/1247
f 908/2678/1232 1229/2754/1250 422/2755/1251
f 1244/2733/1246 422/2747/1251 707/2749/1252
f 1229/2754/1250 707/2753/1252 422/2755/1251
