# Blender 5.2.2 LTS
# www.blender.org
mtllib alfil.mtl
o Meshy_AI_staunton_chess_bishop_0926011947_image-to-3d-texture
v -0.018039 0.004282 -0.000348
v -0.017918 0.000736 -0.002094
v -0.017802 0.005005 -0.000403
v -0.017281 0.010130 -0.002869
v -0.016872 0.010953 -0.004007
v -0.016806 0.007810 -0.002993
v -0.016027 0.004216 -0.008257
v -0.016111 0.009050 -0.006685
v -0.016019 0.010020 0.006966
v -0.015081 0.005883 0.004380
v -0.015508 0.005885 0.002498
v -0.015469 0.000428 -0.008703
v -0.015646 0.005862 -0.001539
v -0.014421 0.011382 0.009303
v -0.014774 0.012496 -0.007529
v -0.014837 0.005881 -0.005177
v -0.014663 0.005884 0.005578
v -0.014134 0.005862 -0.006865
v -0.013749 0.005891 0.007566
v -0.014490 0.009691 -0.009889
v -0.013625 0.005879 -0.007850
v -0.013231 0.005877 0.008436
v -0.011439 0.015801 -0.006622
v -0.012607 0.020768 0.001182
v -0.012533 0.017697 0.001784
v -0.011392 0.005880 0.010767
v -0.012602 0.005868 -0.009410
v -0.011095 0.007055 -0.012359
v -0.012290 0.020054 -0.004399
v -0.011184 0.054627 -0.000350
v -0.010314 0.017254 0.007254
v -0.011327 0.021184 -0.001686
v -0.010896 0.056492 0.002154
v -0.011170 0.005033 -0.013777
v -0.009770 0.057591 0.000293
v -0.010661 0.056339 -0.003351
v -0.010103 0.021201 0.005294
v -0.010805 0.055040 0.003563
v -0.010719 0.020780 0.006561
v -0.009753 0.023935 0.000331
v -0.010464 0.021546 -0.004352
v -0.010179 0.005861 -0.011988
v -0.009794 0.003898 0.015135
v -0.011362 0.010089 -0.013320
v -0.010831 0.021745 -0.002049
v -0.009559 0.075986 -0.003134
v -0.009889 0.021846 0.004529
v -0.009901 0.072932 -0.002354
v -0.008387 0.017566 -0.009535
v -0.008729 0.056569 -0.006807
v -0.008389 0.054269 0.007063
v -0.008708 0.021762 0.006683
v -0.009054 0.016992 0.008869
v -0.009081 0.059553 0.000374
v -0.009236 0.005873 0.012677
v -0.007250 0.008350 0.015670
v -0.008839 0.058134 0.001079
v -0.007888 0.020639 -0.010121
v -0.008940 0.073899 0.004882
v -0.007119 0.007876 -0.015537
v -0.008123 0.005873 0.013403
v -0.008210 0.079735 -0.003528
v -0.007083 0.023240 0.007209
v -0.008786 0.059833 -0.001776
v -0.008307 0.005883 -0.013323
v -0.008561 0.000601 0.015722
v -0.009082 0.021545 0.006734
v -0.008295 0.057915 -0.002324
v -0.007468 0.056361 0.008334
v -0.008324 0.063322 -0.000247
v -0.008058 0.076852 -0.005702
v -0.006298 0.027026 0.005574
v -0.007934 0.059143 -0.004728
v -0.007636 0.057234 0.006925
v -0.007191 0.021185 0.008835
v -0.008210 0.060236 0.002008
v -0.007277 0.060000 -0.004947
v -0.008290 0.058232 -0.003530
v -0.007690 0.057917 0.003855
v -0.007872 0.063681 -0.002218
v -0.007763 0.072675 0.006497
v -0.007915 0.021562 -0.008074
v -0.007535 0.081913 0.001367
v -0.006850 0.029103 -0.003943
v -0.006826 0.063538 -0.004612
v -0.007448 0.057912 -0.004329
v -0.006357 0.073215 -0.007990
v -0.006658 0.021211 -0.009261
v -0.007055 0.064118 0.001172
v -0.007150 0.062359 0.000801
v -0.006825 0.060367 -0.002251
v -0.006956 0.062361 0.001741
v -0.007190 0.021564 0.008702
v -0.007738 0.017745 0.010001
v -0.006976 0.005881 0.014043
v -0.006868 0.060371 0.002203
v -0.006475 0.060367 -0.003115
v -0.007492 0.021792 -0.008044
v -0.006015 0.059018 0.006897
v -0.006694 0.057907 -0.005403
v -0.006682 0.030059 0.003442
v -0.006747 0.005867 -0.014200
v -0.006742 0.004923 0.016521
v -0.006697 0.057789 -0.006206
v -0.006770 0.083173 -0.000725
v -0.005974 0.065367 -0.004376
v -0.005028 0.017875 -0.011659
v -0.006547 0.034875 0.000447
v -0.007796 0.004912 -0.016075
v -0.006349 0.064122 -0.003237
v -0.005875 0.053459 0.003186
v -0.005854 0.005871 -0.014584
v -0.005639 0.048761 0.000989
v -0.005592 0.063959 0.005531
v -0.006108 0.009531 -0.016401
v -0.006156 0.057923 0.006010
v -0.005900 0.020355 0.011496
v -0.005697 0.017077 0.011284
v -0.006693 0.011511 0.015693
v -0.005711 0.042107 -0.000578
v -0.005569 0.047247 -0.000822
v -0.006375 0.062426 0.004424
v -0.005006 0.010482 -0.016742
v -0.005372 0.040104 0.002207
v -0.004916 0.063371 0.006629
v -0.005085 0.062354 0.005035
v -0.005613 0.005884 0.014638
v -0.004795 0.053630 0.008383
v -0.004836 0.055548 0.010314
v -0.005391 0.000346 0.016759
v -0.005741 0.053454 -0.003502
v -0.004674 0.057827 0.007746
v -0.003674 0.021761 -0.010413
v -0.005106 0.057015 0.009219
v -0.004453 0.064115 -0.005554
v -0.004297 0.050590 -0.004262
v -0.004703 0.057907 -0.007213
v -0.003325 0.054517 -0.010685
v -0.004947 0.004998 -0.017081
v -0.003343 0.000694 -0.017711
v -0.004221 0.057911 -0.007521
v -0.003214 0.047224 -0.004659
v -0.003921 0.060372 -0.006023
v -0.004333 0.065808 0.006200
v -0.004190 0.021234 -0.010594
v -0.002106 0.086338 0.002896
v -0.003041 0.053468 -0.005977
v -0.003625 0.086325 0.000273
v -0.002112 0.053930 0.010356
v -0.003109 0.058247 0.008380
v -0.003570 0.062352 0.006171
v -0.003445 0.057917 0.007858
v -0.003357 0.087140 -0.001077
v -0.002814 0.021205 0.011008
v -0.002095 0.050205 -0.005615
v -0.001517 0.020159 -0.012972
v -0.002877 0.064113 -0.006522
v -0.002178 0.074186 0.010029
v -0.003204 0.056499 -0.010665
v -0.002923 0.044599 0.004811
v -0.001405 0.017656 -0.012600
v -0.002091 0.037831 -0.005710
v -0.002631 0.093540 0.001096
v -0.002163 0.093308 -0.002052
v -0.001945 0.088427 0.001376
v -0.002553 0.083105 0.006425
v -0.002563 0.092609 0.001848
v -0.000385 0.060173 -0.008544
v -0.003275 0.077062 0.009274
v -0.002768 0.005873 -0.015475
v -0.002111 0.087078 0.002858
v -0.003570 0.064013 -0.006973
v -0.002194 0.090179 -0.001142
v -0.000940 0.017716 0.012570
v -0.002571 0.016013 0.012760
v -0.001464 0.020013 0.012935
v -0.002344 0.023636 -0.009596
v -0.002241 0.088614 0.000053
v -0.001822 0.064120 -0.006880
v -0.001843 0.053456 0.006412
v -0.001616 0.053467 -0.006512
v -0.001640 0.071002 -0.009638
v -0.002072 0.005877 0.015535
v -0.000839 0.090220 -0.002412
v -0.001588 0.089767 0.001037
v -0.001717 0.074728 -0.010066
v -0.002167 0.070555 0.009408
v -0.001337 0.074217 0.009829
v -0.001632 0.073584 -0.010032
v -0.001233 0.060383 0.007062
v -0.001504 0.089215 -0.001253
v -0.001161 0.073932 0.002436
v -0.000813 0.075999 0.009874
v -0.001202 0.092338 -0.003009
v -0.000268 0.021787 -0.010960
v 0.001489 0.053445 0.006519
v -0.000768 0.073813 -0.009576
v -0.001872 0.009257 0.017334
v -0.000286 0.063028 0.008213
v -0.002268 0.062737 -0.007843
v -0.001198 0.021203 -0.011372
v -0.000741 0.058545 0.009057
v -0.000924 0.062348 -0.007128
v 0.000727 0.015840 0.013091
v -0.000178 0.086331 -0.003622
v -0.001483 0.064129 0.006950
v -0.000031 0.088921 -0.002006
v 0.000120 0.005061 0.017720
v -0.000026 0.032655 0.006934
v 0.000801 0.050266 0.005874
v 0.002177 0.073526 0.009858
v 0.000807 0.091398 0.003001
v 0.000940 0.080469 -0.008697
v 0.000297 0.089747 -0.001910
v -0.000536 0.020755 0.012619
v 0.000512 0.062353 -0.007162
v -0.001201 0.012366 0.016578
v -0.000142 0.012522 -0.016530
v 0.000317 0.089683 0.001801
v 0.000025 0.062455 0.007769
v 0.000671 0.071019 -0.009807
v 0.000145 0.005872 0.015686
v 0.000944 0.088918 -0.001760
v 0.001284 0.087178 0.003224
v 0.001141 0.065872 0.007479
v 0.001500 0.020204 0.012901
v 0.001216 0.088758 0.001680
v 0.000797 0.094689 0.001299
v 0.002192 0.020684 -0.012568
v 0.001254 0.089781 -0.001436
v 0.002852 0.074011 -0.009731
v 0.001337 0.057914 0.008450
v 0.001906 0.021184 0.011210
v 0.003225 0.011532 0.016757
v 0.000767 0.079153 0.008941
v 0.001634 0.005861 0.015590
v 0.001945 0.062949 0.007960
v 0.001340 0.065583 -0.007383
v 0.003247 0.063300 -0.007648
v 0.001802 0.088629 -0.001198
v 0.002796 0.004667 0.017726
v 0.001888 0.076647 0.009237
v 0.001811 0.089750 0.000571
v 0.001754 0.089018 -0.000844
v 0.001371 0.017516 0.012526
v 0.003440 0.008237 0.016886
v 0.002953 0.056752 -0.010469
v 0.002699 0.057742 -0.008864
v 0.001839 0.094467 -0.000456
v 0.002267 0.082819 -0.006730
v 0.002365 0.064127 0.006648
v 0.001518 0.086303 -0.003274
v 0.003321 0.017442 -0.012191
v 0.001655 0.017471 -0.012522
v 0.001016 0.058253 -0.008979
v 0.002265 0.082212 0.006998
v 0.002097 0.091833 0.002450
v 0.002622 0.086325 -0.002434
v 0.002017 0.007441 -0.016721
v 0.002358 0.057911 0.008210
v 0.002936 0.087123 -0.001929
v 0.003446 0.005863 0.015291
v 0.004140 0.055680 -0.010619
v 0.002814 0.084140 -0.005450
v 0.003043 0.057919 -0.008045
v 0.003184 0.064120 -0.006348
v 0.001755 0.055768 0.011190
v 0.003460 0.021198 0.010820
v 0.002401 0.058977 -0.008850
v 0.002999 0.092087 0.001101
v 0.003397 0.062351 -0.006305
v 0.003529 0.063967 -0.007119
v 0.003014 0.086342 0.001929
v 0.003464 0.021552 0.010706
v 0.001966 0.010939 -0.017227
v 0.003506 0.062486 -0.007081
v 0.003199 0.024904 0.008668
v 0.003476 0.087141 -0.000462
v 0.004165 0.049041 0.003867
v 0.004798 0.055654 0.010295
v 0.003938 0.060365 0.005928
v 0.003238 0.078408 -0.008447
v 0.004300 0.080251 0.001121
v 0.003975 0.053453 0.005334
v 0.003976 0.064108 0.005838
v 0.003346 0.004451 -0.017672
v 0.002641 0.009182 -0.017288
v 0.003938 0.057912 -0.007644
v 0.004434 0.041754 -0.003542
v 0.004943 0.021563 0.010105
v 0.005450 0.025509 0.007152
v 0.004699 0.057925 -0.007200
v 0.004346 0.080398 -0.006916
v 0.004717 0.053453 -0.004711
v 0.004995 0.060383 -0.005116
v 0.004561 0.021942 -0.009768
v 0.004745 0.057913 0.007137
v 0.004935 0.064113 0.005043
v 0.005102 0.071855 -0.008622
v 0.004461 0.080813 0.006400
v 0.005299 0.048953 0.002151
v 0.005484 0.005861 0.014678
v 0.005157 0.060367 0.004899
v 0.006159 0.000621 0.016801
v 0.005089 0.064129 -0.004919
v 0.005419 0.053446 0.003846
v 0.005493 0.062357 -0.004581
v 0.005635 0.047945 0.000299
v 0.003868 0.054729 0.010550
v 0.005461 0.083308 0.003399
v 0.005100 0.058168 0.007317
v 0.005867 0.038614 0.000841
v 0.005419 0.053461 -0.003903
v 0.005780 0.028413 -0.005520
v 0.006268 0.015656 0.011652
v 0.006003 0.062359 -0.003872
v 0.006626 0.053457 -0.000904
v 0.006891 0.023865 -0.006847
v 0.007128 0.070190 0.006326
v 0.005754 0.057917 -0.006360
v 0.006157 0.005871 -0.014440
v 0.006054 0.058195 -0.006556
v 0.005653 0.062466 0.005402
v 0.006220 0.065157 0.003718
v 0.007178 0.021771 -0.008299
v 0.006153 0.057918 -0.005958
v 0.006130 0.057917 0.005944
v 0.006273 0.060371 0.003384
v 0.006514 0.007457 0.015454
v 0.006869 0.062930 0.004437
v 0.006339 0.005850 0.014340
v 0.007138 0.021557 0.008683
v 0.006668 0.057915 0.005341
v 0.006312 0.017594 -0.010963
v 0.006581 0.062360 -0.002782
v 0.007300 0.012481 -0.014869
v 0.007336 0.030736 -0.000143
v 0.007497 0.060193 0.003985
v 0.006732 0.060366 -0.002427
v 0.006941 0.064165 -0.001209
v 0.007185 0.060381 0.000014
v 0.007294 0.020735 0.010297
v 0.007008 0.057909 0.004906
v 0.007133 0.062344 0.000086
v 0.006512 0.009197 0.016173
v 0.007246 0.065089 -0.000304
v 0.006269 0.021214 -0.009534
v 0.007608 0.055010 -0.008369
v 0.007552 0.060132 -0.004080
v 0.007059 0.065157 0.001801
v 0.007478 0.062711 -0.003065
v 0.007947 0.063062 0.002159
v 0.007972 0.080902 0.002261
v 0.008165 0.063518 -0.000978
v 0.007618 0.057921 -0.003905
v 0.008038 0.005888 -0.013469
v 0.007665 0.057918 0.003788
v 0.008966 0.077634 0.003538
v 0.009404 0.017684 -0.008462
v 0.008096 0.062726 -0.000454
v 0.008139 0.057924 -0.002640
v 0.008182 0.057915 0.002443
v 0.008669 0.021201 -0.007381
v 0.007881 0.054116 -0.007405
v 0.007550 0.055301 0.008418
v 0.008341 0.057914 -0.001903
v 0.009229 0.073733 -0.004342
v 0.009437 0.057556 -0.002516
v 0.010006 0.005076 0.014467
v 0.008540 0.057904 0.000562
v 0.008733 0.054023 0.005969
v 0.008822 0.058552 0.002205
v 0.008721 0.009975 -0.015146
v 0.008967 0.058360 -0.000565
v 0.008511 0.020638 -0.009523
v 0.010172 0.012087 -0.013377
v 0.009398 0.023060 0.003828
v 0.009966 0.021741 0.004655
v 0.010273 0.056608 0.003886
v 0.009155 0.005868 -0.012740
v 0.010261 0.021776 -0.003830
v 0.009921 0.072373 -0.001434
v 0.010695 0.020118 0.007366
v 0.009537 0.070448 0.001292
v 0.009853 0.023616 0.000196
v 0.010326 0.057129 0.001189
v 0.010423 0.054152 0.002756
v 0.009142 0.000781 0.015456
v 0.010200 0.021195 -0.005048
v 0.010195 0.074287 0.000411
v 0.010191 0.056109 -0.004696
v 0.011103 0.056363 -0.001259
v 0.009672 0.016653 0.008283
v 0.010443 0.020524 -0.007423
v 0.010527 0.005855 0.011576
v 0.010515 0.021183 0.004276
v 0.011074 0.017547 -0.005966
v 0.012590 0.012393 -0.010854
v 0.011096 0.021577 0.001410
v 0.011014 0.055840 0.002580
v 0.011655 0.020700 -0.005002
v 0.011182 0.017203 0.005708
v 0.011261 0.054821 0.000047
v 0.011383 0.021183 0.000488
v 0.011940 0.017523 -0.003991
v 0.011757 0.005878 -0.010385
v 0.012032 0.020000 0.004843
v 0.011885 0.020069 -0.005220
v 0.012830 0.004756 -0.012471
v 0.012337 0.020768 0.002383
v 0.012551 0.017569 0.000961
v 0.012648 0.015978 -0.003221
v 0.012478 0.017690 -0.001741
v 0.014174 0.010219 0.010135
v 0.011929 0.000683 0.013377
v 0.012935 0.005861 0.008807
v 0.012424 0.008070 -0.011849
v 0.013108 0.005876 -0.008570
v 0.013487 0.005871 0.007929
v 0.014022 0.000461 0.010938
v 0.014295 0.005843 0.006405
v 0.014542 0.005868 -0.005855
v 0.014323 0.004641 -0.010791
v 0.015520 0.000741 0.009037
v 0.015892 0.008620 -0.006813
v 0.015098 0.007876 0.007882
v 0.015880 0.009387 0.007117
v 0.016101 0.011957 -0.004894
v 0.017224 0.004457 0.005147
v -0.017581 0.004889 0.003374
v -0.017390 0.008766 0.000217
v -0.016866 0.004856 0.005982
v -0.017219 0.000270 -0.003047
v -0.016521 0.000035 0.002925
v -0.016846 0.007686 0.002007
v -0.015616 0.003913 0.009019
v -0.015739 0.005858 0.000141
v -0.015328 0.007498 -0.007025
v -0.015033 0.010913 -0.008635
v -0.014727 0.009737 0.009399
v -0.014406 0.007869 0.009142
v -0.013510 0.004394 -0.011958
v -0.014241 0.005912 0.006591
v -0.014173 0.000582 -0.010998
v -0.012615 0.004993 0.012453
v -0.012930 0.011696 -0.011097
v -0.012546 0.000723 -0.012914
v -0.011787 0.020679 -0.004947
v -0.010392 0.008790 0.013902
v -0.010469 0.007096 0.012929
v -0.011993 0.005881 -0.010162
v -0.011996 0.020488 0.004711
v -0.012083 0.005880 0.009999
v -0.011933 0.016602 0.004605
v -0.010067 0.000719 -0.014946
v -0.011269 0.005873 -0.010959
v -0.010634 0.000809 0.014532
v -0.010410 0.004540 -0.014686
v -0.010932 0.021569 0.002926
v -0.010606 0.021184 -0.004275
v -0.011477 0.000040 0.012569
v -0.010417 0.005880 0.011720
v -0.009942 0.054351 0.004691
v -0.010054 0.019845 0.008287
v -0.010324 0.020728 -0.007443
v -0.010199 0.073829 0.001028
v -0.009713 0.054586 -0.005611
v -0.009712 0.021728 -0.005255
v -0.010157 0.019939 -0.008259
v -0.008728 0.021174 -0.007386
v -0.009383 0.070097 0.001680
v -0.009062 0.058388 -0.000415
v -0.008825 0.059017 -0.002630
v -0.009086 0.057592 0.003223
v -0.007671 0.016263 0.010314
v -0.008943 0.058818 0.002143
v -0.008617 0.057926 0.000029
v -0.007604 0.019939 0.010553
v -0.008545 0.059779 0.002676
v -0.008503 0.057913 -0.001498
v -0.008221 0.057915 0.002735
v -0.008229 0.070809 -0.005301
v -0.010067 0.013024 -0.012604
v -0.007978 0.058911 0.004545
v -0.008333 0.057920 0.002193
v -0.007969 0.057914 0.003210
v -0.007880 0.054386 -0.007773
v -0.008193 0.026259 -0.003246
v -0.007910 0.063984 0.000045
v -0.006722 0.019928 -0.011204
v -0.008621 0.078962 0.003259
v -0.008245 0.026104 0.003051
v -0.006435 0.056178 -0.009260
v -0.007868 0.062608 0.001648
v -0.008125 0.069647 0.004611
v -0.007375 0.065316 0.000046
v -0.007396 0.062807 0.003444
v -0.007093 0.064116 -0.000871
v -0.007111 0.065450 -0.002247
v -0.006270 0.033776 -0.002587
v -0.006900 0.021564 -0.008951
v -0.006282 0.065347 0.003905
v -0.006974 0.062353 -0.001741
v -0.007151 0.055274 0.008837
v -0.006260 0.062800 0.005225
v -0.006297 0.062353 0.003402
v -0.006678 0.053432 0.000290
v -0.005204 0.073551 0.008734
v -0.006375 0.009831 0.016251
v -0.006972 0.062971 -0.004473
v -0.006494 0.062358 -0.003087
v -0.006324 0.021769 0.008966
v -0.007146 0.058250 0.005463
v -0.005628 0.057164 -0.008869
v -0.005928 0.060366 -0.004078
v -0.006016 0.020545 -0.011346
v -0.005541 0.057924 0.006561
v -0.005865 0.083948 0.001882
v -0.004562 0.007915 -0.016477
v -0.005045 0.058300 0.007452
v -0.005095 0.053464 0.004332
v -0.005463 0.064124 0.004535
v -0.004572 0.019997 0.012190
v -0.004124 0.069696 0.008409
v -0.005388 0.057910 -0.006722
v -0.005064 0.060379 0.005072
v -0.004326 0.053461 -0.005126
v -0.004030 0.020185 -0.012394
v -0.004002 0.008017 0.016677
v -0.004234 0.053458 0.005173
v -0.003734 0.027334 -0.007522
v -0.002761 0.033497 -0.006209
v -0.003170 0.021759 0.010499
v -0.004203 0.062351 0.005779
v -0.004645 0.000754 0.017408
v -0.004284 0.062497 0.006640
v -0.002976 0.030203 0.006891
v -0.003956 0.083915 -0.004790
v -0.003892 0.021565 -0.010621
v 0.004020 0.000061 0.016523
v -0.003345 0.010932 0.017004
v -0.003259 0.064129 0.006276
v -0.003600 0.057913 -0.007828
v -0.002951 0.062346 0.006498
v -0.003019 0.055490 -0.011004
v -0.003124 0.086318 0.001791
v -0.002641 0.060374 0.006647
v -0.002000 0.036987 0.005845
v -0.002640 0.057859 -0.008452
v -0.001577 0.065413 0.007202
v -0.002085 0.021577 -0.011115
v -0.002603 0.086322 -0.002512
v -0.002410 0.060377 -0.006764
v -0.001904 0.088558 -0.001219
v -0.002127 0.094346 -0.000106
v -0.001478 0.093328 0.002542
v -0.002635 0.058380 -0.008661
v -0.001892 0.089639 -0.000067
v -0.002054 0.010044 -0.017410
v -0.001232 0.087141 -0.003322
v -0.001616 0.086329 -0.003226
v -0.000867 0.088783 -0.001928
v -0.000907 0.093498 -0.002678
v -0.001314 0.073933 -0.009672
v -0.000010 0.084101 0.006084
v -0.000641 0.025679 -0.008909
v -0.000829 0.073726 0.009945
v -0.000956 0.089784 0.001685
v -0.000447 0.059739 0.008937
v 0.000232 0.062354 0.007161
v -0.000852 0.094866 0.000679
v -0.000270 0.074111 0.009822
v -0.000689 0.076477 -0.009964
v 0.000591 0.092200 -0.003190
v -0.000625 0.090263 0.002487
v -0.000642 0.094775 -0.001257
v 0.000054 0.041491 -0.005714
v 0.001609 0.059789 -0.008861
v 0.000005 0.063286 -0.008287
v 0.000034 0.078098 -0.009541
v 0.001120 0.064137 0.006980
v 0.001907 0.056040 -0.011113
v 0.001011 0.010238 0.017405
v 0.002552 0.034144 0.006113
v 0.001064 0.038873 0.005812
v 0.001805 0.049553 -0.005558
v 0.001130 0.089741 0.001472
v 0.001455 0.005876 -0.015647
v 0.001729 0.081460 0.007799
v 0.000452 0.063885 -0.008003
v 0.001301 0.053462 -0.006591
v 0.001886 0.086378 0.003027
v 0.001576 0.062351 -0.006996
v 0.002131 0.093602 -0.001799
v 0.001563 0.063947 0.007807
v 0.001408 0.076167 -0.009435
v 0.003905 0.015882 0.012501
v 0.002454 0.091073 -0.001769
v 0.002745 0.092568 -0.001583
v 0.002934 0.062559 0.007388
v 0.002740 0.083357 0.006001
v 0.003098 0.064114 0.006345
v 0.002879 0.083892 0.005671
v 0.002826 0.056566 0.010604
v 0.003034 0.000708 0.017695
v 0.003470 0.086353 0.000651
v 0.003849 0.086164 -0.000252
v 0.006414 0.068879 -0.006351
v 0.003859 0.060377 -0.006051
v 0.003105 0.076795 0.009167
v 0.003746 0.048854 -0.004328
v 0.004684 0.059849 0.007585
v 0.005980 0.056765 -0.009069
v 0.004360 0.062962 0.006971
v 0.003936 0.019845 0.012425
v 0.004658 0.054393 -0.010056
v 0.004772 0.080464 0.006726
v 0.004238 0.058246 -0.007931
v 0.004458 0.059573 -0.007939
v 0.006603 0.077803 0.006882
v 0.004940 0.005842 -0.014877
v 0.006057 0.008128 -0.016104
v 0.003924 0.020690 0.012080
v 0.004767 0.065391 0.005602
v 0.006136 0.020635 -0.011202
v 0.005243 0.057919 -0.006799
v 0.005213 0.082878 -0.004038
v 0.006985 0.075578 -0.007293
v 0.005701 0.062344 0.004268
v 0.005495 0.084101 0.001699
v 0.005789 0.060361 0.004151
v 0.005060 0.081918 -0.005384
v 0.006229 0.062458 -0.004655
v 0.005945 0.063550 -0.005655
v 0.005719 0.063308 0.005877
v 0.006656 0.073307 0.007610
v 0.006244 0.004662 0.016779
v 0.007977 0.012603 0.014385
v 0.006665 0.057922 -0.005378
v 0.006128 0.021552 0.009420
v 0.007705 0.026555 0.003905
v 0.005800 0.083471 -0.002936
v 0.005385 0.063888 -0.005991
v 0.007000 0.063631 0.004125
v 0.006298 0.058883 0.006598
v 0.006214 0.005068 0.016530
v 0.006649 0.060364 0.002577
v 0.006476 0.062353 0.002970
v 0.007152 0.016239 -0.010772
v 0.006362 0.021548 -0.009361
v 0.006774 0.064109 0.002042
v 0.010960 0.004966 -0.014007
v 0.006990 0.062363 -0.001435
v 0.007126 0.005854 0.013956
v 0.006927 0.062355 0.001631
v 0.006973 0.055952 -0.008873
v 0.008111 0.015322 -0.010882
v 0.007953 0.081320 -0.001403
v 0.007350 0.057929 0.004380
v 0.007549 0.071913 -0.006581
v 0.007263 0.005879 -0.013898
v 0.007875 0.063928 0.000287
v 0.007825 0.058235 0.004347
v 0.009341 0.057043 -0.004829
v 0.009308 0.055884 -0.006478
v 0.008424 0.021557 0.007431
v 0.008795 0.059914 -0.000768
v 0.008508 0.059745 -0.002768
v 0.008527 0.057912 -0.000649
v 0.007919 0.017319 0.009778
v 0.009846 0.004560 0.015010
v 0.009102 0.059134 0.000812
v 0.009586 0.077775 0.000325
v 0.010208 0.055475 0.004909
v 0.009033 0.007767 -0.014417
v 0.009845 0.075226 0.002182
v 0.009931 0.021181 0.005490
v 0.009991 0.053714 0.000599
v 0.009572 0.010569 0.014487
v 0.010334 0.005886 -0.011778
v 0.011328 0.005855 0.010801
v 0.011556 0.020701 0.005164
v 0.011011 0.021198 -0.002847
v 0.014142 0.000571 -0.010996
v 0.012654 0.020185 -0.002937
v 0.012711 0.020178 0.002663
v 0.011857 0.010524 0.012643
v 0.012446 0.005886 -0.009537
v 0.012353 0.005868 0.009609
v 0.013200 0.004965 0.011919
v 0.013668 0.010651 -0.010693
v 0.015970 0.004688 -0.008074
v 0.015001 0.005871 -0.004530
v 0.015441 0.005872 0.002528
v 0.015543 0.005878 -0.001846
v 0.017809 0.000647 0.002236
v 0.017853 0.004876 0.000360
v -0.017270 0.004668 -0.005040
v -0.017435 0.005025 -0.003346
v -0.015508 0.004986 -0.008729
v -0.013750 0.000175 0.010357
v -0.014889 0.004958 0.009757
v -0.011743 0.011500 0.012408
v -0.012648 0.016207 0.002805
v -0.011342 0.055466 0.001131
v -0.011132 0.021189 0.002610
v -0.010786 0.005888 -0.011425
v -0.010759 0.054075 0.000485
v -0.012657 0.000056 -0.010906
v -0.009141 0.053777 0.004378
v -0.010273 0.004982 0.014505
v -0.009614 0.021184 -0.006188
v -0.010152 0.075199 -0.001104
v -0.009452 0.023200 -0.003659
v -0.008916 0.053983 -0.005672
v -0.009180 0.010344 0.014787
v -0.009579 0.005848 -0.012492
v -0.009393 0.072316 0.003651
v -0.008973 0.069992 -0.003162
v -0.008733 0.055468 -0.007333
v -0.007515 0.020646 0.010286
v -0.008032 0.076570 0.005873
v -0.008020 0.062603 -0.000564
v -0.007288 0.081086 0.003633
v -0.009528 0.011001 -0.014485
v -0.007511 0.062547 -0.002862
v -0.008402 0.074528 -0.005879
v -0.006432 0.055290 -0.009433
v -0.006944 0.058140 -0.005556
v -0.007095 0.057909 -0.004855
v -0.006764 0.063528 0.004691
v -0.006743 0.057917 0.005342
v -0.006531 0.053466 -0.001563
v -0.006139 0.080360 0.005996
v -0.006110 0.070572 -0.007559
v -0.005295 0.024821 0.007644
v -0.005196 0.039521 -0.002958
v -0.005520 0.021548 0.009841
v -0.004583 0.060114 -0.007380
v -0.005645 0.062355 -0.004474
v -0.005299 0.049599 0.002418
v -0.005808 0.062346 0.004181
v -0.005429 0.021567 -0.009921
v -0.005064 0.062492 -0.006118
v -0.004926 0.057911 0.007037
v -0.003592 0.015391 -0.013078
v -0.004417 0.083697 0.004566
v -0.004503 0.060370 -0.005599
v -0.003919 0.063061 -0.007277
v -0.002927 0.059378 -0.008687
v -0.003849 0.005869 -0.015257
v -0.004179 0.057916 0.007503
v -0.002899 0.053994 -0.010248
v -0.002620 0.020822 -0.012321
v -0.003705 0.064113 -0.006072
v -0.004330 0.062356 -0.005741
v -0.001869 0.004671 0.017823
v -0.003316 0.086326 -0.001447
v -0.003051 0.087174 0.001728
v -0.003117 0.092942 -0.000352
v -0.002996 0.090909 -0.000016
v -0.002408 0.090197 0.000805
v -0.002854 0.059394 0.008691
v -0.002741 0.069687 -0.008990
v -0.002632 0.087139 -0.002393
v -0.003482 0.076294 -0.009403
v -0.002460 0.063390 0.007838
v -0.002000 0.091217 -0.002408
v -0.002073 0.091132 0.002220
v -0.002278 0.057919 0.008281
v -0.001254 0.091728 0.002967
v -0.002451 0.078515 -0.009117
v -0.001397 0.089242 0.001289
v -0.000203 0.004303 -0.018025
v -0.002206 0.063689 -0.007911
v -0.001290 0.074737 -0.009734
v -0.001266 0.074383 0.003549
v -0.000215 0.086307 0.003613
v -0.000797 0.088609 0.002035
v -0.000168 0.000613 0.017927
v -0.000321 0.054586 0.011173
v -0.000343 0.056298 -0.011205
v 0.000017 0.007929 0.017080
v 0.000512 0.054413 -0.011074
v 0.000680 0.080070 0.008808
v 0.000631 0.048665 -0.005677
v -0.000666 0.064126 -0.007095
v 0.000087 0.092613 0.003186
v -0.000049 0.021188 0.011386
v -0.000676 0.076735 0.009940
v 0.001301 0.021213 -0.011342
v -0.000520 0.091280 -0.003122
v 0.004285 0.053600 -0.008242
v 0.001201 0.062760 -0.008056
v 0.000536 0.093049 -0.003036
v -0.000731 0.063747 0.008043
v 0.002219 0.057613 0.009423
v 0.000820 0.094610 -0.001413
v 0.001279 0.090385 0.002284
v 0.001986 0.021583 0.011002
v 0.001791 0.021548 -0.011223
v 0.001023 0.090985 -0.002837
v 0.000636 0.015803 -0.013195
v 0.005557 0.060083 -0.006689
v 0.001737 0.088935 0.000865
v 0.001861 0.089795 -0.000497
v 0.003081 0.040291 0.004929
v 0.001678 0.060144 0.008401
v 0.001922 0.089062 0.000003
v 0.002908 0.049165 0.004934
v 0.002594 0.012468 -0.016341
v 0.002017 0.021759 -0.010803
v 0.002049 0.094066 0.001156
v 0.002168 0.093219 0.001993
v 0.002250 0.057906 -0.008289
v 0.002602 0.087149 0.002328
v 0.004055 0.073514 0.009278
v 0.003714 0.000489 -0.017485
v 0.003441 0.028588 0.007137
v 0.002932 0.093046 0.000785
v 0.003201 0.057918 0.007937
v 0.003356 0.065673 0.006643
v 0.003546 0.078814 0.008187
v 0.003470 0.005859 -0.015324
v 0.004387 0.021563 -0.010418
v 0.005440 0.021829 0.009450
v 0.003858 0.065270 -0.006262
v 0.004154 0.062357 -0.005832
v 0.004101 0.064133 -0.005755
v 0.005769 0.078625 -0.007117
v 0.004161 0.016384 -0.012226
v 0.004635 0.060367 0.005405
v 0.005416 0.019985 -0.011829
v 0.005363 0.042859 0.001534
v 0.006302 0.056444 0.009134
v 0.005448 0.057916 0.006579
v 0.007316 0.011156 0.015528
v 0.005815 0.055047 -0.009724
v 0.006121 0.053455 -0.002635
v 0.006061 0.017285 0.011028
v 0.006236 0.021179 0.009515
v 0.007551 0.058280 -0.004794
v 0.007624 0.062428 -0.001045
v 0.007051 0.064109 0.000936
v 0.007812 0.019926 -0.010415
v 0.007225 0.057926 -0.004619
v 0.007360 0.028417 -0.003195
v 0.007760 0.058761 0.004738
v 0.008653 0.020045 0.009644
v 0.007428 0.023609 0.006441
v 0.008652 0.057387 0.004899
v 0.008189 0.074191 0.006032
v 0.007916 0.057914 0.003182
v 0.008204 0.059587 0.003723
v 0.008665 0.021572 -0.007208
v 0.008220 0.025444 -0.003753
v 0.008807 0.005870 0.012921
v 0.008860 0.057834 0.001475
v 0.010706 0.015539 0.007983
v 0.009994 0.021556 0.005165
v 0.009940 0.016521 -0.008071
v 0.010716 0.021559 0.003471
v 0.010970 0.021185 0.002934
v 0.011056 0.005874 -0.011114
v 0.010908 0.021556 -0.002868
v 0.011877 0.005868 0.010192
v 0.012671 0.000662 -0.012703
v 0.012618 0.020728 -0.000979
v 0.013008 0.019907 -0.000236
v 0.013942 0.005885 0.007105
v 0.013816 0.005889 -0.007376
v 0.014985 0.004841 0.009701
v 0.015293 0.005880 -0.003349
v 0.015653 0.005867 0.000876
v 0.015300 0.011468 0.007520
v 0.016861 0.009978 0.004627
v 0.016101 0.012784 0.002065
v 0.016858 0.011210 0.003371
v 0.016049 0.000662 -0.008082
v 0.016864 0.008918 -0.004223
v 0.017145 0.010166 -0.003095
v 0.017392 0.004895 0.003732
v 0.017365 0.009108 -0.001041
v 0.017349 0.009460 0.001943
v 0.017643 0.004804 -0.002742
v -0.017788 0.000589 0.002412
v -0.017468 0.010209 0.001225
v -0.017134 0.000644 -0.005400
v -0.016915 0.000636 0.006071
v -0.015756 0.000590 0.008544
v -0.012533 0.013056 0.009997
v -0.013044 0.008413 0.011285
v -0.012706 0.015704 -0.003926
v -0.011574 0.017201 -0.005143
v -0.010643 0.015668 0.008032
v -0.011907 0.017897 0.004353
v -0.011255 0.056159 -0.001078
v -0.011004 0.021568 -0.002591
v -0.010827 0.000373 -0.013988
v -0.009804 0.016038 -0.008611
v -0.010212 0.055654 -0.005090
v -0.009858 0.056393 0.005247
v -0.009459 0.069952 -0.000668
v -0.008552 0.057918 0.001211
v -0.008093 0.057914 -0.002987
v -0.007797 0.057912 -0.003630
v -0.006664 0.012451 -0.015196
v -0.007913 0.060228 -0.002601
v -0.007674 0.021177 -0.008471
v -0.009219 0.012420 0.013763
v -0.008350 0.016325 -0.009856
v -0.006423 0.076289 0.007650
v -0.006430 0.059587 -0.006404
v -0.006697 0.062354 0.002542
v -0.006099 0.057912 -0.006073
v -0.005817 0.077980 -0.007652
v -0.006357 0.064120 0.003213
v -0.003001 0.021183 -0.011014
v -0.005888 0.064106 -0.004027
v -0.005189 0.060364 -0.004976
v -0.004812 0.058236 -0.007628
v -0.005356 0.074997 -0.008628
v -0.004528 0.036474 0.004271
v -0.006045 0.059927 0.006470
v -0.005037 0.031855 -0.005060
v -0.004429 0.004866 0.017288
v -0.005046 0.021197 0.010204
v -0.005478 0.021207 -0.010002
v -0.004214 0.049963 0.004139
v -0.003201 0.012403 -0.016322
v -0.004698 0.045237 0.002976
v -0.003967 0.004629 -0.017564
v -0.003984 0.005872 0.015185
v -0.003342 0.063993 0.007125
v -0.001905 0.056990 0.010412
v -0.003277 0.060367 -0.006398
v -0.003885 0.072784 -0.009367
v -0.003263 0.053462 0.005824
v -0.001835 0.065521 -0.007255
v -0.003184 0.023805 0.009203
v -0.001438 0.007937 -0.017081
v -0.001451 0.060377 -0.007031
v -0.002025 0.055215 0.011209
v -0.000376 0.056550 0.011004
v -0.001799 0.062360 0.006917
v -0.001157 0.089776 -0.001617
v 0.000794 0.079362 -0.008901
v -0.000096 0.088881 0.002015
v -0.000240 0.005871 -0.015720
v 0.000768 0.055165 -0.011376
v -0.000853 0.094175 0.002176
v -0.000587 0.073482 -0.010094
v 0.000176 0.087108 -0.003529
v 0.001018 0.093485 0.002647
v 0.000629 0.019928 -0.013035
v 0.001585 0.064135 -0.006932
v 0.001706 0.087136 -0.003110
v 0.001176 0.090203 -0.002191
v 0.002282 0.013250 0.015696
v 0.004839 0.053681 0.008604
v 0.002311 0.062333 0.006755
v 0.003259 0.020158 -0.012617
v 0.002455 0.060378 0.006688
v 0.002805 0.093502 -0.000194
v 0.003168 0.091506 -0.000299
v 0.003606 0.085747 0.002060
v 0.003964 0.057911 0.007578
v 0.003821 0.062344 0.006025
v 0.006886 0.000601 -0.016579
v 0.005687 0.039085 -0.001565
v 0.004550 0.005879 0.014982
v 0.005596 0.064120 0.004279
v 0.005565 0.084669 -0.000098
v 0.005790 0.075197 0.008232
v 0.006489 0.032028 -0.002912
v 0.007314 0.080018 0.004657
v 0.006531 0.059277 -0.006430
v 0.006800 0.057594 0.006844
v 0.005952 0.064127 -0.003836
v 0.006580 0.064116 -0.002613
v 0.006439 0.057784 -0.006487
v 0.007335 0.063977 -0.002846
v 0.006944 0.060371 0.001645
v 0.007595 0.063932 0.002313
v 0.007822 0.059089 -0.004760
v 0.007000 0.020116 0.010917
v 0.007852 0.056778 -0.007460
v 0.009738 0.004783 -0.015057
v 0.008742 0.069895 -0.003558
v 0.008399 0.057915 0.001554
v 0.009196 0.020631 0.008827
v 0.008516 0.058172 -0.002565
v 0.008794 0.026130 0.000335
v 0.009276 0.069646 -0.000651
v 0.009778 0.074725 -0.002728
v 0.009137 0.021571 0.006466
v 0.008703 0.000325 0.015259
v 0.009603 0.005861 0.012334
v 0.010091 0.021575 -0.005027
v 0.011146 0.009729 -0.013491
v 0.011087 0.021630 -0.000578
v 0.010642 0.054371 -0.002870
v 0.011553 0.015875 -0.006205
v 0.012126 0.015540 0.005540
v 0.012990 0.007856 0.011007
v 0.012859 0.016392 -0.000429
v 0.013027 0.015801 0.002154
v 0.016212 0.005006 0.007122
v 0.014600 0.005880 0.005629
v 0.016303 0.007806 0.004746
v 0.014932 0.005858 0.004728
v 0.014549 0.005098 -0.009970
v 0.015270 0.012326 0.006776
v 0.016919 0.007641 0.000819
v 0.017703 0.000459 -0.002181
v 0.016795 0.000767 0.006337
v 0.017369 0.000619 -0.004365
v -0.016588 0.011535 0.004147
v -0.015947 0.012816 -0.003281
v -0.015374 0.005865 -0.003307
v -0.015092 0.005877 -0.004354
v -0.014232 0.000653 0.010937
v -0.015141 0.012698 0.006225
v -0.014570 0.005867 -0.005908
v -0.013707 0.004999 -0.011315
v -0.012612 0.016673 -0.002120
v -0.012768 0.000618 0.012586
v -0.012610 0.017237 -0.001030
v -0.011292 0.020183 0.006516
v -0.012327 0.009831 0.012369
v -0.010899 0.021769 0.001501
v -0.010814 0.017890 -0.006626
v -0.009417 0.057156 -0.004444
v -0.007096 0.024305 -0.006459
v -0.009700 0.076532 0.002428
v -0.008184 0.057824 -0.003747
v -0.009244 0.008635 -0.014734
v -0.007610 0.005864 -0.013754
v -0.007506 0.059854 0.004821
v -0.005761 0.053671 -0.007981
v -0.006563 0.079799 -0.006035
v -0.007838 0.063551 0.002532
v -0.007002 0.064034 0.003233
v -0.007128 0.060376 -0.001020
v -0.006458 0.064043 -0.004377
v -0.006811 0.064120 -0.002095
v -0.006392 0.053460 0.001994
v -0.006203 0.054356 -0.009136
v -0.004777 0.005876 -0.014977
v -0.004756 0.045937 -0.002956
v -0.004833 0.059757 0.007558
v -0.001899 0.062438 -0.007641
v -0.004387 0.059365 -0.008029
v -0.000785 0.057351 -0.010105
v -0.003859 0.021575 0.010587
v -0.002303 0.062658 0.007706
v -0.003281 0.039920 -0.004826
v -0.001373 0.094336 -0.001600
v 0.001951 0.053861 -0.010246
v -0.000933 0.021938 0.010710
v -0.001116 0.073881 0.009692
v 0.000524 0.004998 -0.017831
v -0.000803 0.072086 0.009982
v -0.000585 0.058867 -0.009156
v 0.000347 0.095046 -0.000022
v 0.001738 0.028511 -0.007799
v 0.000999 0.069585 0.009261
v 0.001279 0.057913 -0.008521
v 0.002557 0.045869 0.004912
v 0.002310 0.090252 -0.000937
v 0.003160 0.025367 -0.008525
v 0.001617 0.081425 -0.007955
v 0.002738 0.053466 -0.006093
v 0.003160 0.060370 0.006381
v 0.004362 0.017638 0.011829
v 0.002899 0.083860 -0.005374
v 0.004379 0.035272 0.004656
v 0.003880 0.053452 -0.005424
v 0.003771 0.079559 0.007529
v 0.004968 0.048641 -0.002764
v 0.008924 0.053665 -0.003756
v 0.005336 0.063991 0.005807
v 0.005594 0.049646 -0.001611
v 0.005313 0.070264 0.007943
v 0.007147 0.063516 -0.004005
v 0.006703 0.062970 -0.004727
v 0.008211 0.077297 -0.005275
v 0.007287 0.062512 0.003013
v 0.009354 0.007954 0.014295
v 0.007941 0.021195 0.008101
v 0.009525 0.054554 -0.005735
v 0.010277 0.019913 -0.008013
v 0.012139 0.017302 0.003385
v 0.015176 0.007346 -0.007116
v 0.015189 0.005878 0.003740
v 0.017122 0.011298 -0.001131
v -0.016595 0.012448 0.001052
v -0.014350 0.007945 -0.009332
v -0.013146 0.005879 -0.008619
v -0.012680 0.005883 0.009253
v -0.012929 0.004352 0.012529
v -0.011326 0.021554 -0.000497
v -0.010966 0.055120 -0.003048
v -0.009497 0.021566 -0.006161
v -0.009058 0.053577 -0.002231
v -0.009106 0.079241 -0.000494
v -0.006741 0.015768 -0.011377
v -0.007095 0.065170 0.001779
v -0.006051 0.083068 -0.003367
v -0.007323 0.057913 0.004508
v -0.005452 0.054322 0.009541
v -0.004465 0.065622 -0.006049
v -0.006227 0.070596 0.007423
v -0.004679 0.024080 -0.008490
v -0.006090 0.013027 0.014874
v -0.003336 0.034407 0.005644
v -0.004423 0.064128 0.005511
v -0.005350 0.016522 -0.011687
v -0.005213 0.063431 -0.006449
v -0.002824 0.062350 -0.006618
v -0.003510 0.087171 0.000228
v -0.003726 0.056453 0.010420
v -0.002795 0.092385 -0.001622
v -0.003300 0.081762 -0.007043
v -0.001396 0.059764 -0.008861
v -0.000883 0.047079 -0.005519
v 0.000609 0.033978 -0.006724
v 0.001288 0.060383 0.007029
v 0.002244 0.058298 0.008707
v 0.002437 0.062350 -0.006743
v 0.002661 0.046252 -0.004885
v 0.002897 0.038320 -0.005295
v 0.003743 0.021186 -0.010794
v 0.003490 0.085458 -0.002664
v 0.002616 0.070552 0.009366
v 0.004500 0.010117 0.016816
v 0.004285 0.058911 0.008044
v 0.004668 0.041053 0.003270
v 0.004488 0.030664 -0.005876
v 0.004684 0.021185 0.010355
v 0.004861 0.062356 -0.005249
v 0.005395 0.011411 -0.016287
v 0.007297 0.079905 -0.004823
v 0.006422 0.053459 0.001853
v 0.005365 0.005018 -0.016908
v 0.006494 0.032333 0.002558
v 0.006858 0.059658 0.005818
v 0.010742 0.000194 -0.013546
v 0.008611 0.059906 0.002055
v 0.010401 0.000703 -0.014652
v 0.009308 0.021178 0.006490
v 0.011710 0.008992 0.012838
v 0.014995 0.012397 -0.007059
v 0.015950 0.010491 -0.006904
v 0.016123 0.000173 0.006232
v 0.016955 0.004755 -0.005691
v -0.016005 0.007852 0.005961
v -0.012460 0.008653 -0.012110
v -0.010205 0.021567 0.004854
v -0.010476 0.054153 -0.002830
v -0.009161 0.020651 0.008882
v -0.008622 0.021556 -0.007333
v -0.007858 0.028913 -0.000054
v 0.000194 0.000153 -0.017373
v -0.006137 0.058820 -0.006822
v -0.006002 0.060368 0.003938
v -0.003964 0.020694 0.012059
v -0.003701 0.079453 0.008239
v -0.005548 0.015617 0.012097
v -0.003294 0.017531 0.012177
v -0.003892 0.060380 0.006008
v -0.002969 0.091406 -0.001126
v -0.001939 0.049670 0.005525
v -0.001116 0.073883 -0.001742
v -0.000877 0.057901 0.008548
v 0.001897 0.059248 0.008936
v 0.000702 0.000793 -0.018004
v 0.003353 0.063808 0.007278
v 0.002596 0.090826 0.001252
v 0.003382 0.086317 -0.001166
v 0.003859 0.079857 -0.007161
v 0.004856 0.062339 0.005207
v 0.005083 0.081928 0.005327
v 0.005874 0.060371 -0.004103
v 0.006922 0.004434 -0.016602
v 0.006822 0.054406 0.008646
v 0.007903 0.057929 -0.003267
v 0.008000 0.005862 0.013445
v 0.009334 0.074109 0.004017
v 0.009993 0.017702 0.007670
v 0.014554 0.008726 -0.009481
v 0.017072 0.005072 -0.004401
v 0.015900 0.013060 -0.002135
v -0.013526 0.015462 0.000306
v -0.008879 0.021189 0.007147
v -0.002926 0.060164 0.007943
v -0.006773 0.000510 -0.016573
v -0.005330 0.064114 -0.004728
v -0.002050 0.016483 -0.012699
v -0.002674 0.057917 -0.008199
v -0.000766 0.026900 0.008475
v -0.001657 0.005874 -0.015642
v -0.000175 0.044919 0.005493
v -0.000487 0.084162 -0.006036
v 0.002026 0.060376 -0.006892
v 0.000846 0.075029 0.009888
v 0.001575 0.023805 0.009607
v 0.002942 0.070373 -0.009171
v 0.001894 0.076526 -0.009445
v 0.005825 0.029942 0.004836
v 0.003553 0.054044 0.010034
v 0.006041 0.064102 0.003654
v 0.006025 0.065407 -0.004303
v 0.006435 0.064116 0.002917
v 0.005788 0.010006 -0.016476
v 0.009763 0.015852 -0.008747
v 0.008865 0.021785 -0.006365
v 0.015449 0.000017 -0.006821
v -0.012797 0.020086 0.002664
v -0.009015 0.005872 -0.012850
v -0.003115 0.091779 0.000958
v 0.000390 0.093883 -0.002560
v -0.000338 0.087119 0.003490
v 0.002200 0.081760 -0.003741
v 0.004383 0.015563 -0.012652
v 0.008321 0.015784 0.010164
v 0.008817 0.058781 -0.002551
v 0.009297 0.072228 0.003743
v 0.016349 0.007150 -0.002821
v -0.013004 0.020192 -0.001282
v -0.000287 0.060373 -0.007187
v 0.001868 0.092122 -0.002610
v 0.004687 0.075510 -0.008874
v 0.005017 0.082365 0.004656
v 0.005523 0.084183 -0.001673
v 0.005463 0.062802 -0.006027
v 0.009368 0.077995 -0.001850
v 0.008740 0.054741 0.006999
v 0.010810 0.055309 -0.003556
v -0.005465 0.049233 -0.002021
v -0.001027 0.021560 0.011266
v -0.001222 0.057910 -0.008518
v 0.008190 0.069561 0.004318
v 0.008560 0.056265 0.007233
v 0.010678 0.054863 0.003688
v -0.016981 0.009383 0.004151
v -0.016204 0.000754 -0.007920
v -0.009416 0.055166 0.006394
v -0.001985 0.057905 -0.008386
v 0.012149 0.012405 0.011266
v -0.003814 0.063102 0.007328
v 0.003304 0.087115 0.001122
vn -0.8894 -0.4400 -0.1238
vn -0.8257 -0.5556 0.0981
vn -0.9890 0.1479 -0.0080
vn -0.8723 0.3999 -0.2815
vn -0.8289 0.5314 0.1750
vn -0.7355 0.6768 -0.0313
vn -0.7520 0.6507 -0.1055
vn -0.4009 -0.9132 -0.0733
vn -0.7882 -0.5286 0.3153
vn -0.9847 0.0851 -0.1521
vn -0.9668 -0.2555 -0.0054
vn -0.9882 0.1361 0.0698
vn -0.8102 -0.5114 -0.2863
vn -0.7884 0.5381 0.2981
vn -0.9054 -0.3881 -0.1723
vn -0.2194 -0.9738 0.0606
vn -0.8302 0.5556 0.0467
vn -0.9192 0.3057 -0.2483
vn -0.9668 -0.0773 0.2434
vn -0.8213 -0.3775 -0.4278
vn -0.8928 -0.4372 0.1083
vn -0.8860 0.3971 0.2395
vn -0.9218 -0.1246 -0.3671
vn -0.8603 0.1022 0.4995
vn -0.9436 0.3267 -0.0539
vn -0.9272 0.2919 -0.2348
vn -0.7770 0.6126 -0.1448
vn -0.9105 0.0781 0.4060
vn -0.8732 0.1543 -0.4624
vn -0.6566 0.6374 -0.4032
vn -0.8572 -0.3918 0.3343
vn -0.8869 0.3256 -0.3276
vn -0.8589 0.2866 -0.4245
vn -0.4625 -0.8385 -0.2882
vn -0.9389 0.2900 0.1856
vn -0.8437 0.2819 -0.4568
vn -0.1456 -0.9798 -0.1367
vn -0.7224 0.5809 -0.3751
vn -0.8080 -0.4627 -0.3647
vn -0.9216 0.2988 -0.2475
vn -0.9058 0.2833 -0.3149
vn -0.2757 -0.9402 0.1998
vn -0.7449 -0.5402 0.3916
vn -0.9465 0.3215 -0.0292
vn -0.6473 0.6124 0.4538
vn -0.7394 0.5901 0.3241
vn -0.9333 0.2611 0.2466
vn -0.7246 0.2083 -0.6569
vn -0.7722 0.3797 0.5095
vn -0.7761 -0.3993 0.4880
vn -0.8179 -0.0061 -0.5753
vn -0.8392 -0.0108 0.5437
vn -0.7621 -0.4005 -0.5088
vn -0.8553 0.3325 0.3974
vn -0.6923 -0.4457 0.5675
vn -0.6470 -0.5621 -0.5152
vn -0.7094 0.1829 0.6807
vn -0.6265 -0.7199 0.2986
vn -0.5796 0.6877 -0.4371
vn -0.1971 -0.9481 0.2493
vn -0.8401 0.4966 0.2184
vn -0.7715 0.6362 -0.0000
vn -0.8029 0.2865 0.5227
vn -0.8554 0.2885 0.4301
vn -0.6669 0.4599 -0.5863
vn -0.5852 0.6428 0.4943
vn -0.6819 0.5850 -0.4391
vn -0.7103 -0.3324 0.6204
vn -0.8341 0.2372 -0.4980
vn -0.6957 -0.2536 -0.6720
vn -0.7038 0.0345 0.7095
vn -0.4926 0.7047 0.5107
vn -0.7179 0.3015 0.6275
vn -0.7842 0.5802 -0.2198
vn -0.5978 -0.5183 0.6116
vn -0.7987 0.2838 -0.5306
vn -0.7571 0.2931 0.5839
vn -0.9855 0.1339 -0.1044
vn -0.8914 0.4136 -0.1850
vn -0.6229 0.4074 0.6679
vn -0.6313 -0.4545 -0.6284
vn -0.2921 -0.8628 -0.4126
vn -0.6461 0.5909 0.4832
vn -0.6461 0.0978 -0.7569
vn -0.2627 0.9439 -0.2000
vn -0.7208 0.3052 -0.6223
vn -0.9930 -0.0218 0.1159
vn -0.9248 0.3624 -0.1157
vn -0.5423 -0.5019 0.6738
vn -0.9566 0.1998 0.2121
vn -0.6430 0.7631 0.0649
vn -0.5678 -0.5050 -0.6501
vn -0.9330 -0.0468 0.3567
vn -0.9268 0.1546 -0.3422
vn -0.7911 0.5209 0.3207
vn -0.9047 0.1375 -0.4032
vn -0.6541 0.6856 -0.3197
vn -0.9189 0.1154 0.3773
vn -0.4897 0.6239 -0.6091
vn -0.4583 0.6986 -0.5495
vn -0.8417 0.2351 0.4860
vn -0.6798 0.3138 0.6629
vn -0.5327 -0.4646 0.7074
vn -0.8582 -0.0401 -0.5117
vn -0.4471 0.6260 0.6389
vn -0.5740 -0.2111 0.7912
vn -0.7124 0.6822 0.1644
vn -0.7292 0.6680 -0.1484
vn -0.6741 0.2962 -0.6766
vn -0.4742 0.8223 0.3146
vn -0.6613 0.2551 -0.7054
vn -0.5351 0.2739 -0.7991
vn -0.5179 0.1119 0.8481
vn -0.4576 0.5577 0.6925
vn -0.4829 -0.3738 -0.7919
vn -0.7677 0.1402 -0.6252
vn -0.5093 0.2968 -0.8078
vn -0.8234 0.1191 0.5548
vn -0.6443 0.2504 0.7226
vn -0.8677 0.4945 0.0506
vn -0.9151 0.3911 -0.0983
vn -0.9131 -0.4048 -0.0482
vn -0.9937 -0.0252 0.1094
vn -0.9481 -0.1813 -0.2612
vn -0.5155 0.1502 0.8436
vn -0.5091 -0.2532 -0.8226
vn -0.6711 0.4759 -0.5685
vn -0.7909 0.5349 -0.2973
vn -0.7402 0.6093 0.2844
vn -0.6708 0.3016 0.6775
vn -0.8234 0.5369 0.1838
vn -0.6970 0.7072 -0.1180
vn -0.6537 0.7133 -0.2526
vn -0.9295 -0.2168 0.2983
vn -0.7604 0.6342 0.1403
vn -0.7509 0.0874 0.6546
vn -0.6139 -0.7880 0.0479
vn -0.8206 0.5186 -0.2402
vn -0.5668 0.7145 -0.4101
vn -0.6361 -0.7514 -0.1754
vn -0.5240 0.7056 0.4770
vn -0.7254 0.5931 -0.3493
vn -0.8938 0.4473 0.0332
vn -0.5963 0.3100 -0.7405
vn -0.4942 0.8693 0.0082
vn -0.5895 0.7204 -0.3656
vn -0.8815 0.1487 -0.4481
vn -0.7707 0.4856 0.4125
vn -0.7291 -0.5481 0.4098
vn -0.7634 -0.4668 -0.4464
vn -0.7152 0.5763 0.3954
vn -0.6729 0.6684 0.3169
vn -0.6998 -0.6290 0.3385
vn -0.6426 0.0408 -0.7651
vn -0.5553 0.7878 -0.2664
vn -0.6126 0.7079 -0.3515
vn -0.3481 -0.5571 0.7540
vn -0.3043 -0.9433 0.1324
vn -0.8141 -0.1213 0.5679
vn -0.2031 -0.9777 -0.0528
vn -0.5194 0.2953 -0.8019
vn -0.4486 0.8747 0.1836
vn -0.5301 0.6463 0.5489
vn -0.9888 0.1143 -0.0960
vn -0.9634 -0.1121 -0.2435
vn -0.9925 -0.0356 0.1165
vn -0.6079 0.6705 -0.4254
vn -0.8203 0.4859 -0.3017
vn -0.9473 -0.3151 -0.0585
vn -0.9304 -0.3155 0.1867
vn -0.9485 0.2023 0.2438
vn -0.2542 0.9209 -0.2955
vn -0.6150 0.1717 -0.7696
vn -0.4083 -0.8686 -0.2809
vn -0.7067 0.5091 0.4913
vn -0.5370 0.7307 0.4216
vn -0.3500 0.5460 -0.7612
vn -0.6196 0.6025 -0.5031
vn -0.5314 0.2872 0.7970
vn -0.8710 0.3633 0.3307
vn -0.9203 0.3885 -0.0453
vn -0.9209 -0.1545 0.3578
vn -0.9228 0.1817 -0.3398
vn -0.5295 -0.6930 0.4892
vn -0.8909 -0.3213 -0.3211
vn -0.7544 0.0090 -0.6563
vn -0.5341 0.6765 -0.5071
vn -0.8172 0.0313 -0.5755
vn -0.5934 -0.0082 0.8049
vn -0.2610 -0.6406 -0.7222
vn -0.4866 0.6788 -0.5500
vn -0.8014 -0.2631 -0.5371
vn -0.3004 0.9441 -0.1357
vn -0.5741 0.6357 -0.5160
vn -0.8809 0.0004 0.4733
vn -0.4339 0.8132 0.3879
vn -0.4891 0.6231 -0.6103
vn -0.6574 0.4481 -0.6059
vn -0.3145 0.6136 0.7243
vn -0.5475 0.4396 0.7121
vn -0.4578 0.6981 -0.5506
vn -0.9208 -0.3853 -0.0602
vn -0.9592 -0.1177 0.2570
vn -0.9127 0.4077 0.0270
vn -0.9584 0.0149 -0.2851
vn -0.8622 0.3762 0.3393
vn -0.8406 0.4122 -0.3515
vn -0.4061 -0.3284 0.8528
vn -0.7868 0.6052 -0.1207
vn -0.7938 0.2010 0.5740
vn -0.1325 -0.8849 0.4466
vn -0.5991 0.4470 0.6642
vn -0.8067 -0.5841 0.0899
vn -0.8844 0.3394 -0.3203
vn -0.5849 0.0699 0.8081
vn -0.7929 -0.5033 -0.3436
vn -0.3091 0.5464 0.7784
vn -0.5223 0.2733 -0.8078
vn -0.3825 -0.4146 -0.8257
vn -0.8166 0.5038 0.2816
vn -0.8066 -0.3565 0.4715
vn -0.9623 0.2700 -0.0326
vn -0.9403 0.3401 -0.0092
vn -0.9263 0.2828 -0.2490
vn -0.8323 0.2137 -0.5115
vn -0.6412 0.4503 0.6213
vn -0.9711 0.1099 0.2119
vn -0.9875 0.1110 0.1116
vn -0.4288 0.8978 0.1000
vn -0.7540 -0.1175 0.6463
vn -0.4681 0.3068 -0.8287
vn -0.8538 0.0940 -0.5121
vn -0.8603 0.3669 0.3539
vn -0.8334 0.5319 0.1501
vn -0.5608 -0.6080 -0.5621
vn -0.3243 0.5587 -0.7633
vn -0.9502 0.1939 -0.2441
vn -0.7061 0.3519 0.6144
vn -0.3913 0.6293 -0.6714
vn -0.4702 0.2988 0.8304
vn -0.9231 -0.2933 0.2486
vn -0.7933 -0.3155 0.5207
vn -0.8709 -0.0808 0.4848
vn -0.6207 -0.1479 0.7700
vn -0.3607 0.9222 -0.1395
vn -0.4078 0.7118 0.5719
vn -0.6326 0.6377 0.4394
vn -0.8992 -0.3234 -0.2948
vn -0.2872 0.9183 -0.2725
vn -0.3501 0.3968 0.8485
vn -0.9525 -0.3046 -0.0081
vn -0.5095 0.0735 -0.8573
vn -0.9477 0.1530 -0.2799
vn -0.4417 0.6846 0.5798
vn -0.4845 0.6201 0.6170
vn -0.5449 0.6020 -0.5836
vn -0.4224 0.2980 0.8560
vn -0.8460 -0.1619 0.5079
vn -0.8298 0.2942 0.4741
vn -0.6870 -0.4665 0.5571
vn -0.1391 -0.9616 0.2365
vn -0.5178 0.7771 -0.3579
vn -0.9954 0.0938 -0.0217
vn -0.6886 -0.7200 -0.0864
vn -0.7365 -0.6530 0.1764
vn -0.8979 0.1409 -0.4171
vn -0.6598 0.4366 -0.6116
vn -0.6829 0.6895 0.2414
vn -0.7242 0.6895 0.0092
vn -0.8941 0.3458 0.2846
vn -0.7634 0.5032 0.4050
vn -0.5813 0.8126 0.0414
vn -0.8541 0.4477 -0.2647
vn -0.7766 0.6235 -0.0908
vn -0.6912 -0.6747 -0.2590
vn -0.3224 0.7910 -0.5200
vn -0.5382 -0.0954 -0.8374
vn -0.7666 0.1438 0.6258
vn -0.8506 0.2621 0.4558
vn -0.6870 0.6831 -0.2479
vn -0.6334 0.4546 0.6262
vn -0.8100 -0.4439 0.3832
vn -0.8203 0.2129 0.5308
vn -0.3571 -0.0588 -0.9322
vn -0.7938 -0.3285 -0.5118
vn -0.9176 0.2021 -0.3422
vn -0.7755 0.2756 -0.5681
vn -0.5182 0.3869 -0.7627
vn -0.7459 0.2448 -0.6194
vn -0.5996 -0.2917 -0.7452
vn -0.6168 0.1770 0.7670
vn -0.4142 0.8862 0.2075
vn -0.6382 -0.0660 -0.7670
vn -0.7577 0.3719 -0.5364
vn -0.7739 -0.6310 0.0541
vn -0.4099 0.3885 0.8253
vn -0.6498 -0.5426 -0.5322
vn -0.3942 0.8725 -0.2887
vn -0.4238 0.6276 -0.6530
vn -0.3953 0.6788 0.6188
vn 0.0044 -0.9129 -0.4083
vn -0.6603 0.6671 -0.3451
vn -0.3299 0.6717 -0.6633
vn -0.4829 -0.5010 -0.7182
vn -0.6127 -0.2889 0.7356
vn -0.2725 0.1964 -0.9419
vn -0.7812 0.2224 -0.5833
vn -0.8457 0.2274 -0.4828
vn -0.7526 -0.6351 -0.1737
vn -0.9815 0.1870 0.0398
vn -0.3434 0.0346 0.9385
vn -0.7672 -0.6173 0.1743
vn -0.3908 -0.8808 0.2673
vn -0.8114 0.5716 -0.1217
vn -0.8007 0.5654 0.1979
vn -0.7690 0.3287 0.5483
vn -0.6861 0.6209 -0.3791
vn -0.4116 -0.6408 -0.6481
vn -0.6354 0.4378 -0.6360
vn -0.4058 0.3033 -0.8621
vn -0.4129 0.3025 -0.8590
vn -0.1662 -0.9569 -0.2383
vn -0.1840 0.3404 -0.9221
vn -0.2456 -0.4293 0.8691
vn -0.4086 0.3632 0.8373
vn -0.6580 0.0042 0.7530
vn -0.8571 0.4685 -0.2143
vn -0.4780 0.7248 0.4962
vn -0.2766 0.6435 0.7137
vn -0.5671 0.2957 -0.7687
vn -0.7297 -0.6235 0.2808
vn -0.7634 -0.3022 -0.5708
vn -0.6561 -0.1400 -0.7416
vn -0.3716 -0.6408 0.6718
vn -0.7284 0.5828 0.3602
vn -0.6739 -0.4258 0.6038
vn -0.7089 0.5706 -0.4146
vn -0.3818 -0.0307 -0.9237
vn -0.6028 -0.7959 0.0554
vn -0.5969 -0.7902 -0.1387
vn -0.5083 -0.7890 -0.3452
vn -0.6761 -0.6429 -0.3600
vn -0.7005 0.6686 0.2494
vn -0.2973 0.8186 -0.4915
vn -0.1718 0.9344 0.3119
vn -0.3143 0.7440 0.5897
vn -0.6072 0.6549 0.4498
vn -0.6297 0.6354 -0.4469
vn -0.4104 0.7978 0.4416
vn -0.2141 -0.3535 0.9106
vn -0.2949 0.7083 0.6414
vn -0.1973 0.5306 0.8244
vn -0.6582 -0.7128 0.2424
vn -0.6704 -0.6642 0.3308
vn -0.5406 0.0884 -0.8366
vn -0.4485 0.4324 -0.7823
vn -0.4978 0.4026 0.7682
vn -0.4284 0.0276 0.9032
vn -0.4209 -0.7561 -0.5012
vn -0.3394 0.2796 0.8981
vn -0.7029 -0.1606 0.6929
vn -0.3408 0.6238 -0.7034
vn -0.4582 -0.4612 -0.7598
vn -0.3813 0.5745 0.7243
vn -0.5018 -0.0510 0.8635
vn -0.9868 -0.0986 0.1282
vn -0.8945 -0.1469 0.4223
vn -0.5691 0.1134 -0.8144
vn -0.3533 0.0898 0.9312
vn -0.3351 0.6466 -0.6853
vn -0.2442 0.6732 -0.6980
vn 0.2645 -0.9582 -0.1090
vn -0.3432 0.2748 -0.8982
vn -0.6022 -0.6365 -0.4819
vn -0.6219 0.2348 -0.7471
vn -0.9385 -0.1429 -0.3142
vn -0.5657 -0.7590 0.3225
vn -0.0820 0.9943 -0.0676
vn -0.2295 -0.3805 -0.8958
vn -0.1721 0.7335 0.6575
vn -0.4866 -0.4103 0.7713
vn -0.1557 0.8705 0.4669
vn -0.5856 0.5840 0.5622
vn -0.9326 0.1009 0.3466
vn -0.3050 0.3005 -0.9037
vn -0.5978 0.3115 0.7387
vn -0.8685 0.1054 -0.4844
vn -0.9943 0.0737 -0.0771
vn -0.2994 0.0296 0.9537
vn -0.5449 0.6358 0.5466
vn -0.2051 0.6534 -0.7287
vn -0.6810 0.2344 -0.6938
vn -0.5902 0.5989 -0.5413
vn -0.5832 -0.6618 0.4710
vn -0.5290 -0.3594 0.7688
vn -0.5340 0.6412 -0.5510
vn -0.5926 0.1367 0.7938
vn -0.6115 0.1528 -0.7764
vn -0.5522 -0.3267 -0.7671
vn -0.9882 -0.0402 -0.1479
vn -0.5976 0.5362 0.5961
vn -0.4618 0.6678 -0.5837
vn -0.0986 0.7994 -0.5927
vn -0.4667 -0.6733 0.5734
vn -0.3665 0.4114 0.8345
vn -0.6872 -0.1766 -0.7047
vn -0.5343 0.2004 -0.8212
vn -0.3438 -0.7821 0.5197
vn -0.2653 -0.4758 -0.8386
vn -0.5029 -0.7658 0.4008
vn -0.7210 0.1422 0.6781
vn -0.2245 0.6850 -0.6931
vn -0.5380 0.5404 0.6469
vn -0.4571 0.2137 -0.8634
vn -0.3392 0.2406 0.9094
vn -0.0923 -0.8797 -0.4664
vn -0.2748 0.5089 0.8158
vn -0.6873 -0.1627 0.7079
vn -0.4989 0.6418 -0.5824
vn -0.4199 -0.6216 -0.6613
vn -0.8552 -0.0099 -0.5183
vn -0.2041 0.7325 -0.6495
vn -0.2566 0.5521 -0.7933
vn -0.4102 0.2520 0.8765
vn -0.2517 0.2970 0.9211
vn -0.1943 0.2659 0.9442
vn -0.8161 -0.0063 0.5779
vn -0.4139 -0.3400 0.8445
vn -0.2631 0.8292 -0.4932
vn -0.3007 0.2333 -0.9248
vn -0.1255 -0.4815 -0.8674
vn -0.2552 0.7857 0.5635
vn -0.3987 -0.7788 -0.4842
vn -0.3775 -0.1101 -0.9195
vn -0.4461 0.4921 0.7475
vn -0.8689 0.4899 0.0701
vn -0.5407 0.4541 -0.7081
vn -0.8315 0.4459 -0.3312
vn -0.3871 -0.7885 0.4779
vn -0.2444 0.5691 0.7851
vn -0.3352 0.3361 -0.8802
vn -0.5364 0.1756 0.8255
vn -0.1456 0.5597 -0.8158
vn -0.3527 0.5345 -0.7680
vn -0.2716 0.5439 -0.7940
vn -0.1973 0.2992 -0.9336
vn -0.3838 0.3003 0.8732
vn -0.1092 -0.8308 0.5458
vn -0.3388 0.1698 -0.9254
vn -0.4515 -0.6630 0.5972
vn -0.7558 0.4794 0.4460
vn -0.2875 0.6034 0.7438
vn -0.3304 -0.3314 -0.8838
vn -0.2534 0.0042 -0.9674
vn -0.1635 0.7095 0.6854
vn -0.4553 -0.1830 -0.8713
vn -0.4401 -0.0996 0.8924
vn -0.5097 -0.5463 -0.6647
vn -0.0999 0.9325 -0.3470
vn -0.3759 0.2655 0.8878
vn -0.3110 0.4226 0.8513
vn -0.4289 0.6400 0.6375
vn -0.2897 0.2522 0.9233
vn 0.0851 -0.9520 0.2939
vn -0.5370 -0.0612 -0.8414
vn -0.4161 0.6726 -0.6119
vn -0.1016 0.0859 -0.9911
vn -0.4904 0.0144 0.8714
vn -0.3037 0.2672 -0.9145
vn -0.4015 0.5745 -0.7133
vn -0.0150 0.1531 -0.9881
vn -0.1259 0.3257 -0.9371
vn -0.4425 0.2850 -0.8503
vn -0.1590 0.5029 0.8496
vn -0.5854 0.1045 -0.8040
vn -0.3345 0.5660 0.7535
vn -0.1860 0.6602 0.7277
vn -0.2646 -0.7972 0.5426
vn -0.2076 0.4623 -0.8621
vn -0.2188 0.1225 0.9680
vn -0.2661 -0.3524 -0.8972
vn -0.6500 0.4743 -0.5938
vn -0.3736 0.2579 0.8910
vn -0.2476 0.6810 0.6892
vn -0.2078 0.4965 -0.8428
vn -0.2989 -0.4660 0.8328
vn -0.0678 -0.3738 -0.9250
vn -0.1500 0.2803 -0.9481
vn -0.2170 -0.2898 0.9322
vn -0.2746 -0.4393 -0.8554
vn -0.0770 -0.8680 -0.4906
vn -0.3189 0.6525 -0.6874
vn -0.2612 0.3539 -0.8981
vn -0.1552 0.0020 0.9879
vn -0.3359 -0.1706 -0.9263
vn -0.0547 0.5534 0.8311
vn -0.0842 -0.7847 -0.6141
vn -0.2729 -0.7887 -0.5510
vn -0.2407 -0.6532 -0.7179
vn -0.3687 0.2105 -0.9054
vn -0.0876 -0.0382 -0.9954
vn -0.0837 0.2761 -0.9575
vn -0.1137 -0.1038 0.9881
vn -0.3650 -0.6500 0.6666
vn -0.1878 -0.1045 0.9766
vn -0.1839 -0.3171 0.9304
vn -0.1140 0.7736 0.6233
vn -0.2493 0.6716 -0.6977
vn 0.0019 0.8732 -0.4873
vn -0.0930 0.2844 0.9542
vn -0.3082 0.6255 -0.7168
vn -0.9036 0.4188 0.0899
vn -0.8732 0.3971 -0.2826
vn -0.2537 -0.4010 -0.8802
vn -0.4711 0.4530 0.7568
vn -0.2092 -0.3137 -0.9262
vn -0.2835 -0.6057 0.7435
vn -0.1061 0.1659 0.9804
vn -0.7939 0.4017 0.4564
vn -0.0847 0.6407 -0.7631
vn -0.2877 0.1382 -0.9477
vn -0.6689 0.3794 -0.6393
vn -0.2553 0.1985 0.9463
vn -0.1902 -0.6759 0.7121
vn -0.3207 0.3066 -0.8962
vn -0.1165 0.3452 0.9313
vn 0.0292 0.6298 0.7762
vn -0.0312 0.8466 -0.5313
vn -0.9481 -0.0987 0.3022
vn -0.9098 -0.2440 -0.3359
vn -0.9094 -0.4156 -0.0151
vn -0.9419 0.3183 -0.1073
vn -0.0437 0.3283 0.9436
vn -0.3002 -0.1363 0.9441
vn -0.8428 0.1182 -0.5251
vn -0.0986 -0.5669 0.8179
vn 0.0589 0.6354 -0.7700
vn -0.7660 0.5426 0.3447
vn -0.6405 0.6212 0.4516
vn -0.8320 0.5524 0.0514
vn -0.5232 0.3575 0.7736
vn -0.7049 -0.6496 0.2846
vn -0.1472 -0.2532 -0.9562
vn -0.7745 0.1595 0.6121
vn 0.0306 -0.5688 0.8219
vn 0.0082 -0.3906 0.9205
vn -0.0285 0.0797 -0.9964
vn -0.6893 0.5727 -0.4437
vn -0.0783 0.2594 0.9626
vn -0.1907 0.5130 -0.8369
vn -0.6611 0.4404 -0.6074
vn -0.6141 0.7888 -0.0244
vn -0.1423 0.5357 -0.8323
vn -0.0912 -0.7717 0.6294
vn -0.1293 0.5386 0.8326
vn -0.6550 -0.6638 -0.3610
vn -0.1184 0.2766 -0.9537
vn -0.0504 -0.2777 0.9593
vn -0.1616 -0.6162 0.7709
vn 0.0948 -0.0483 -0.9943
vn -0.0472 0.4490 0.8923
vn -0.0209 0.7583 0.6516
vn -0.0745 0.6667 -0.7416
vn -0.4143 0.4735 -0.7773
vn -0.6153 -0.2995 -0.7291
vn -0.0964 0.3911 -0.9153
vn -0.6420 -0.3712 0.6708
vn -0.0009 0.7545 -0.6563
vn -0.0557 -0.0287 0.9980
vn -0.0110 0.5937 -0.8046
vn 0.0762 0.6858 -0.7238
vn -0.2105 -0.0144 -0.9775
vn -0.1543 0.5136 0.8440
vn -0.0045 0.5718 -0.8204
vn 0.0218 -0.4871 0.8731
vn -0.4499 0.4184 0.7890
vn -0.0254 0.4371 -0.8991
vn -0.3587 0.4800 -0.8005
vn 0.3072 0.3402 -0.8888
vn -0.3617 -0.1170 0.9249
vn -0.9599 -0.2782 -0.0355
vn -0.0257 -0.1515 0.9881
vn 0.0340 0.2067 -0.9778
vn -0.0414 0.3872 -0.9210
vn -0.1378 0.6757 -0.7242
vn 0.1336 0.8208 0.5554
vn 0.4620 -0.0601 -0.8848
vn -0.0109 0.5319 0.8467
vn -0.0681 -0.6814 -0.7287
vn -0.0657 0.6196 0.7821
vn -0.0764 0.6573 0.7498
vn -0.3196 0.3665 -0.8738
vn -0.3894 0.1219 -0.9130
vn -0.7215 0.2446 0.6477
vn 0.0400 0.5550 -0.8309
vn -0.7277 -0.5098 0.4589
vn -0.4176 0.7686 -0.4846
vn -0.7739 0.2983 -0.5587
vn -0.0507 -0.0852 -0.9951
vn 0.3136 0.0502 0.9482
vn -0.1806 -0.6178 0.7653
vn -0.2292 -0.6548 -0.7202
vn -0.0059 -0.2062 0.9785
vn -0.5521 -0.3942 -0.7348
vn 0.0159 0.2706 0.9626
vn 0.1160 -0.9734 -0.1978
vn 0.1955 0.3515 0.9155
vn -0.2309 0.7370 0.6353
vn 0.0195 0.1957 0.9805
vn -0.0583 0.4265 -0.9026
vn 0.0981 -0.4549 -0.8851
vn -0.0352 0.4821 -0.8754
vn -0.0649 0.2461 -0.9671
vn 0.1741 -0.9476 0.2678
vn 0.0973 0.7338 -0.6724
vn 0.0609 0.5239 0.8496
vn 0.7100 0.2611 0.6540
vn 0.0572 0.7632 0.6436
vn -0.2733 0.9365 0.2196
vn -0.0318 0.5341 0.8448
vn 0.6507 0.5498 -0.5237
vn -0.3042 0.6266 0.7175
vn 0.8646 -0.2170 -0.4532
vn 0.0038 0.4676 0.8840
vn -0.4433 -0.4247 0.7893
vn -0.2630 0.5312 -0.8054
vn 0.0033 -0.0138 0.9999
vn 0.0200 -0.6166 -0.7870
vn -0.1639 0.9205 -0.3547
vn 0.0745 -0.3745 0.9242
vn 0.0830 -0.1370 -0.9871
vn 0.7879 -0.3143 0.5296
vn -0.1323 -0.2928 -0.9470
vn 0.0642 0.1366 -0.9885
vn 0.0232 -0.8526 0.5220
vn 0.1438 -0.6879 0.7114
vn -0.0053 0.5104 -0.8599
vn -0.0149 0.7065 -0.7075
vn 0.7059 0.6921 -0.1505
vn 0.0563 0.1193 0.9913
vn 0.5745 0.8181 0.0264
vn 0.8308 0.5565 0.0132
vn 0.9957 -0.0924 0.0060
vn 0.1562 0.4056 0.9006
vn 0.0514 0.2490 -0.9671
vn 0.0839 0.0572 -0.9948
vn -0.0049 -0.0139 -0.9999
vn 0.1486 0.6963 0.7022
vn 0.0090 0.4227 -0.9062
vn -0.1047 0.3743 0.9214
vn -0.0095 0.6674 0.7446
vn 0.1406 0.6747 0.7246
vn -0.2039 0.9316 -0.3009
vn 0.1420 -0.3516 0.9253
vn 0.0930 -0.8911 -0.4443
vn 0.1102 0.5508 0.8273
vn -0.0222 0.4581 0.8886
vn 0.1460 0.4314 -0.8903
vn 0.2882 0.7752 -0.5621
vn 0.0649 -0.2408 -0.9684
vn -0.6519 0.7480 -0.1246
vn 0.1233 0.8801 0.4584
vn 0.1619 -0.1225 -0.9792
vn 0.1328 0.6606 -0.7389
vn 0.0492 0.5471 0.8356
vn 0.1191 0.0520 0.9915
vn 0.0462 -0.3206 -0.9461
vn 0.4470 0.0972 -0.8892
vn 0.1119 0.9937 0.0042
vn 0.0393 0.1835 0.9822
vn 0.1873 0.5007 -0.8451
vn 0.1407 -0.8098 0.5696
vn 0.1175 -0.4636 -0.8782
vn 0.0896 -0.1116 -0.9897
vn 0.1935 0.3530 -0.9154
vn 0.1289 0.0704 -0.9892
vn 0.1539 0.1151 0.9814
vn -0.1537 0.3574 0.9212
vn 0.0695 0.3896 -0.9184
vn -0.6191 0.6302 -0.4685
vn 0.2482 0.8838 0.3966
vn 0.8524 -0.1544 -0.4996
vn 0.1193 0.2949 0.9481
vn 0.1288 0.6976 -0.7049
vn 0.1340 0.9111 -0.3898
vn 0.1499 0.5858 -0.7965
vn 0.2014 -0.4286 -0.8808
vn 0.1916 0.0296 -0.9810
vn 0.1477 -0.5648 -0.8119
vn 0.1144 -0.1669 0.9793
vn 0.0832 -0.7586 -0.6462
vn 0.1724 -0.3192 0.9319
vn 0.8065 -0.1454 0.5731
vn 0.1468 0.1146 0.9825
vn 0.1322 -0.3930 -0.9100
vn 0.1095 0.2694 -0.9568
vn 0.2260 -0.2515 0.9411
vn 0.9206 -0.3898 -0.0241
vn 0.2322 0.6304 -0.7407
vn 0.1908 -0.0086 0.9816
vn 0.3663 -0.6629 -0.6530
vn 0.1859 0.4995 0.8462
vn 0.3180 0.5017 0.8045
vn 0.2629 0.8708 -0.4154
vn 0.3265 0.3530 0.8768
vn 0.8977 -0.0246 0.4399
vn 0.1794 -0.0068 -0.9838
vn 0.1310 0.2957 0.9462
vn 0.2056 0.1862 0.9608
vn 0.1433 -0.3573 -0.9229
vn 0.3131 -0.3948 -0.8638
vn 0.1635 0.4570 0.8743
vn 0.1414 0.6112 -0.7787
vn 0.1890 -0.4294 0.8831
vn 0.4086 -0.5919 0.6948
vn 0.4649 0.3786 -0.8004
vn 0.1702 0.3147 -0.9338
vn 0.1171 0.2881 0.9504
vn -0.4729 0.6322 0.6138
vn 0.1489 0.7143 -0.6838
vn 0.2330 -0.4519 0.8611
vn 0.4635 0.4193 -0.7806
vn 0.1359 0.2955 -0.9456
vn 0.2810 -0.6245 0.7287
vn 0.3604 0.4772 -0.8015
vn 0.5548 0.2615 0.7898
vn 0.7629 0.3476 0.5451
vn 0.1227 0.6435 0.7556
vn 0.2558 0.5271 0.8104
vn 0.5047 0.4955 0.7069
vn 0.2647 -0.2850 0.9213
vn 0.7060 0.2350 -0.6681
vn 0.3206 0.0793 0.9439
vn 0.2162 0.6656 -0.7143
vn 0.2932 0.4197 -0.8590
vn -0.1025 0.4802 -0.8712
vn 0.1898 0.4134 0.8905
vn 0.2523 0.0456 -0.9666
vn 0.2856 -0.0438 -0.9574
vn 0.3635 -0.1669 -0.9165
vn 0.2358 0.5810 0.7790
vn 0.6133 -0.3558 0.7052
vn 0.6114 0.5283 -0.5892
vn 0.6515 -0.4084 -0.6394
vn 0.6445 -0.0862 0.7597
vn 0.2666 0.2665 -0.9262
vn 0.2079 -0.2684 0.9406
vn 0.4742 0.4588 0.7514
vn 0.2504 0.6899 0.6792
vn 0.1410 0.7076 0.6924
vn 0.3817 0.1802 0.9065
vn 0.1336 -0.5119 -0.8486
vn 0.6350 0.5446 -0.5479
vn 0.4341 0.1578 -0.8869
vn 0.5483 0.8281 -0.1168
vn 0.5949 0.0407 -0.8028
vn 0.9689 -0.0603 -0.2399
vn 0.1676 -0.8252 0.5395
vn 0.3055 -0.3880 0.8696
vn 0.4346 0.2986 0.8497
vn 0.1906 -0.3278 0.9253
vn 0.5150 0.0943 0.8520
vn 0.3007 -0.7739 -0.5574
vn 0.3858 0.0470 -0.9214
vn 0.2530 0.6297 -0.7345
vn 0.8487 0.3369 -0.4076
vn 0.6171 0.6153 -0.4905
vn 0.8444 0.3973 0.3595
vn 0.6105 0.7138 0.3432
vn 0.2295 -0.6053 -0.7622
vn 0.3752 -0.0061 0.9269
vn 0.5086 -0.1421 0.8492
vn 0.3171 -0.2938 -0.9017
vn 0.2522 -0.7547 0.6057
vn 0.6619 0.3968 0.6360
vn 0.8879 -0.4144 -0.1996
vn 0.8944 -0.3732 0.2465
vn 0.2549 0.7069 -0.6598
vn 0.2325 0.3113 0.9214
vn 0.2790 0.2252 -0.9335
vn 0.7301 -0.6426 -0.2323
vn 0.1955 0.2483 -0.9487
vn 0.3107 0.3976 0.8633
vn 0.2460 0.2884 -0.9254
vn 0.7595 -0.3474 -0.5499
vn 0.4494 -0.0210 -0.8931
vn 0.2796 0.0507 -0.9588
vn 0.6944 0.3721 0.6159
vn 0.6625 0.2799 -0.6948
vn 0.3679 -0.8021 0.4704
vn 0.2624 0.4069 -0.8750
vn 0.9108 -0.4088 0.0581
vn 0.7835 0.3773 -0.4937
vn 0.3408 0.2318 0.9111
vn 0.2741 -0.6640 -0.6957
vn 0.3255 0.5449 0.7727
vn 0.7887 -0.4980 0.3604
vn 0.3607 0.1046 -0.9268
vn 0.8692 0.1671 -0.4654
vn 0.3078 0.3768 -0.8737
vn 0.2235 0.6904 0.6880
vn 0.3962 0.8044 -0.4427
vn 0.2576 0.6484 0.7164
vn 0.3747 0.6242 0.6855
vn 0.3278 -0.6339 -0.7006
vn 0.8718 0.4828 -0.0826
vn 0.2364 0.7652 0.5988
vn 0.4062 0.6520 -0.6402
vn 0.6936 0.4340 -0.5750
vn 0.2751 -0.7806 -0.5613
vn 0.3553 0.2891 -0.8889
vn 0.9557 -0.1356 0.2611
vn 0.4484 0.3920 -0.8033
vn 0.2015 0.3288 0.9227
vn 0.9118 0.3342 0.2385
vn 0.3686 -0.7512 -0.5476
vn 0.6505 -0.1155 -0.7507
vn 0.3410 0.6075 -0.7174
vn 0.3489 0.0093 0.9371
vn 0.2318 0.6501 -0.7236
vn 0.7591 0.4203 0.4971
vn 0.4309 -0.3555 0.8294
vn 0.9372 -0.0191 0.3483
vn 0.9726 -0.2152 -0.0876
vn -0.0190 0.5786 0.8154
vn 0.3767 -0.6681 -0.6417
vn 0.3409 0.6683 -0.6611
vn 0.6100 0.2440 -0.7539
vn -0.8949 0.4461 0.0108
vn -0.6995 0.6507 -0.2954
vn 0.8831 0.3681 0.2911
vn 0.2562 0.6581 0.7080
vn 0.4031 0.2746 0.8730
vn 0.9294 0.2384 0.2819
vn 0.9287 0.3575 -0.0983
vn 0.4406 -0.4364 -0.7845
vn -0.0773 0.5936 -0.8011
vn 0.3524 0.5837 0.7315
vn 0.4144 -0.6308 0.6560
vn 0.8655 0.4086 -0.2898
vn 0.4100 -0.0276 0.9117
vn 0.4231 0.6531 0.6281
vn 0.4015 0.6577 0.6374
vn 0.4603 -0.7785 0.4267
vn 0.4265 0.7708 0.4733
vn 0.3269 0.6370 0.6981
vn 0.9332 0.2123 -0.2898
vn 0.2631 0.1028 0.9593
vn 0.5401 -0.2355 0.8080
vn 0.5144 -0.3002 -0.8033
vn 0.4437 0.1080 0.8896
vn 0.4340 0.1673 -0.8852
vn 0.3572 -0.5660 -0.7430
vn -0.5234 0.7279 0.4430
vn 0.9017 0.4014 0.1606
vn 0.7750 0.0481 -0.6301
vn 0.6243 -0.3122 0.7161
vn 0.6874 0.1364 0.7134
vn 0.4294 0.5878 0.6857
vn 0.3752 0.5355 -0.7566
vn 0.5144 0.0687 0.8548
vn 0.4513 -0.0580 0.8905
vn 0.4503 0.5834 0.6759
vn 0.8998 0.4362 -0.0077
vn 0.5037 -0.5362 0.6773
vn 0.5117 -0.1845 -0.8391
vn 0.5577 0.5687 -0.6046
vn 0.2759 0.2791 0.9198
vn 0.5161 0.1829 -0.8368
vn 0.7302 -0.1373 0.6693
vn 0.3816 0.5612 -0.7344
vn 0.3841 -0.1203 0.9154
vn 0.0949 -0.9871 -0.1289
vn 0.5263 -0.6349 -0.5656
vn -0.0172 0.6892 -0.7244
vn 0.5271 -0.3045 0.7934
vn 0.6495 -0.3807 -0.6582
vn 0.2900 0.3785 -0.8790
vn 0.3900 0.5815 0.7140
vn 0.3873 0.6535 -0.6503
vn 0.4247 0.8760 0.2288
vn 0.5131 0.6268 0.5864
vn 0.5402 0.1401 0.8298
vn 0.3404 -0.3493 -0.8730
vn 0.3219 0.5811 0.7475
vn 0.3248 0.7001 0.6359
vn 0.3209 0.6132 0.7218
vn 0.4843 0.5178 0.7052
vn 0.5794 0.5873 0.5652
vn 0.5482 0.3681 -0.7510
vn 0.5249 -0.6455 0.5548
vn 0.5422 0.3746 0.7521
vn 0.4885 0.6560 -0.5753
vn 0.3909 0.3016 0.8696
vn 0.5623 0.1314 0.8164
vn -0.5342 0.7110 0.4574
vn 0.8318 0.0761 0.5499
vn 0.3446 -0.4860 0.8032
vn 0.3344 0.0460 -0.9413
vn 0.2806 0.9217 -0.2677
vn 0.4677 0.1561 -0.8700
vn 0.8869 -0.1064 -0.4495
vn 0.6942 0.3116 -0.6489
vn 0.4561 -0.7594 -0.4639
vn 0.4001 0.6734 -0.6216
vn 0.6481 0.2978 0.7009
vn 0.5075 0.0180 -0.8615
vn 0.3703 0.2476 -0.8953
vn 0.0446 0.7634 -0.6443
vn 0.2979 0.3039 -0.9049
vn 0.7191 0.2850 0.6338
vn 0.5834 -0.4351 -0.6858
vn 0.5213 0.6650 -0.5348
vn 0.5187 0.8072 -0.2819
vn 0.1501 0.7404 0.6552
vn 0.2828 -0.9518 -0.1191
vn 0.4213 0.1190 -0.8991
vn 0.3437 -0.4774 0.8087
vn 0.9217 0.0218 0.3874
vn 0.9192 -0.1237 0.3738
vn -0.4364 0.8092 -0.3933
vn -0.6859 0.6507 0.3257
vn 0.5721 0.6291 0.5262
vn 0.7737 -0.3232 -0.5449
vn 0.6348 -0.6342 0.4414
vn 0.2434 -0.8897 0.3862
vn 0.5779 0.6026 -0.5503
vn 0.3967 0.5714 0.7184
vn 0.5312 -0.2040 -0.8223
vn 0.4908 0.1089 0.8644
vn 0.4205 0.6762 -0.6050
vn 0.7277 -0.2909 0.6212
vn 0.3304 0.2644 0.9060
vn 0.9135 0.1995 0.3545
vn 0.6000 -0.6476 -0.4697
vn 0.6685 0.5624 0.4867
vn 0.7072 -0.0048 0.7070
vn 0.5300 -0.7634 0.3691
vn 0.4804 0.6064 -0.6337
vn 0.6981 -0.1100 0.7075
vn -0.2068 0.9773 -0.0465
vn -0.1156 0.9272 0.3563
vn 0.3454 0.8749 0.3395
vn 0.5357 0.2526 -0.8058
vn 0.4011 0.6956 0.5960
vn 0.5261 -0.7626 -0.3763
vn 0.5837 -0.4917 -0.6462
vn 0.3910 0.3260 0.8607
vn 0.7456 0.2555 0.6154
vn 0.9570 0.1036 -0.2709
vn 0.7245 0.1795 -0.6655
vn 0.9973 -0.0736 0.0033
vn 0.6589 0.6530 -0.3735
vn 0.0945 0.8800 0.4654
vn 0.7204 0.2552 -0.6449
vn 0.8794 0.2288 -0.4175
vn 0.4830 -0.7626 -0.4303
vn 0.4010 -0.8668 -0.2966
vn -0.0798 0.9498 -0.3025
vn 0.5030 0.6613 -0.5565
vn 0.6844 0.1178 -0.7195
vn 0.6549 -0.0783 0.7516
vn 0.9346 -0.2254 -0.2753
vn 0.1594 0.9481 0.2751
vn 0.5973 -0.7618 -0.2509
vn 0.4871 -0.6021 0.6326
vn 0.6028 0.6787 0.4196
vn 0.3859 0.2962 -0.8737
vn 0.9802 0.1239 0.1543
vn 0.4700 0.7765 -0.4198
vn 0.5157 0.2205 0.8279
vn 0.7160 0.1700 -0.6770
vn 0.6571 0.4321 -0.6176
vn 0.4674 0.5570 0.6865
vn 0.5101 0.3855 -0.7689
vn 0.7414 0.4408 -0.5060
vn 0.6540 -0.6534 -0.3812
vn 0.5962 -0.7896 0.1451
vn 0.7945 -0.3201 0.5161
vn 0.6668 0.5425 -0.5110
vn 0.5929 0.7797 -0.2012
vn 0.8181 -0.2962 0.4930
vn 0.6287 -0.7744 -0.0714
vn 0.6719 0.4354 0.5991
vn 0.5437 0.6428 -0.5397
vn 0.7298 0.3017 0.6135
vn 0.8359 0.4935 0.2402
vn 0.6620 0.5961 0.4544
vn 0.6849 -0.6713 -0.2832
vn 0.7370 0.4438 0.5098
vn 0.6655 0.5000 0.5542
vn 0.8493 0.5091 -0.1399
vn 0.7938 0.2146 -0.5691
vn 0.6640 -0.2432 -0.7071
vn 0.6090 0.2579 -0.7501
vn 0.4043 0.7574 0.5128
vn 0.7049 -0.6408 0.3042
vn 0.8139 0.2648 -0.5172
vn 0.1450 0.9695 0.1977
vn 0.6633 0.6535 0.3646
vn 0.7875 -0.2892 -0.5442
vn 0.5389 0.6734 -0.5061
vn 0.6032 0.1081 -0.7902
vn 0.7683 0.4672 0.4375
vn 0.8668 0.3391 0.3655
vn 0.7608 0.2810 -0.5850
vn 0.6662 0.7032 -0.2485
vn 0.7307 0.3367 0.5939
vn 0.5185 0.6394 0.5677
vn 0.8379 0.3222 -0.4406
vn 0.7633 0.5513 0.3368
vn 0.4456 0.2753 -0.8519
vn 0.6674 0.7157 0.2060
vn 0.6972 0.6486 0.3053
vn 0.7511 -0.1689 -0.6382
vn 0.6634 -0.0654 0.7454
vn 0.9257 -0.3095 0.2173
vn 0.7135 0.6616 -0.2307
vn 0.5451 0.5429 0.6389
vn 0.2273 -0.9340 -0.2755
vn 0.3950 -0.9186 0.0115
vn 0.5644 -0.7948 0.2232
vn 0.8385 -0.3372 0.4280
vn 0.9737 0.2274 -0.0114
vn 0.7619 -0.5099 0.3995
vn 0.4913 0.2907 0.8210
vn 0.8835 0.2979 -0.3614
vn 0.4502 0.6680 -0.5925
vn 0.7074 0.4211 0.5677
vn 0.7892 0.5659 0.2386
vn 0.8817 0.4651 -0.0792
vn 0.5242 0.2911 0.8003
vn 0.8030 -0.5261 -0.2800
vn 0.7745 0.6068 0.1789
vn 0.8746 -0.3103 -0.3725
vn 0.7601 -0.6204 -0.1933
vn 0.7672 -0.6214 0.1587
vn 0.4966 0.0762 -0.8646
vn 0.4999 -0.3998 -0.7683
vn 0.5789 0.7608 -0.2933
vn 0.5118 0.6992 0.4993
vn 0.7441 -0.4778 -0.4670
vn 0.4999 0.6138 -0.6110
vn 0.4765 0.4860 -0.7326
vn 0.4007 -0.9141 -0.0618
vn 0.5207 -0.3584 0.7748
vn 0.8401 -0.0853 0.5356
vn 0.8825 0.4704 0.0016
vn 0.8464 0.1027 -0.5226
vn 0.7580 -0.6523 0.0075
vn 0.7399 0.6567 0.1460
vn 0.9545 -0.2982 -0.0013
vn 0.8614 0.0910 -0.4998
vn 0.7725 0.2334 0.5906
vn 0.4647 -0.8387 0.2840
vn 0.5174 -0.3364 0.7868
vn 0.6223 0.7774 0.0922
vn 0.6457 0.0978 0.7573
vn 0.4515 -0.8490 0.2743
vn 0.7068 0.4837 0.5161
vn 0.4616 0.8473 0.2627
vn 0.8064 0.0260 0.5908
vn 0.9591 -0.1800 0.2185
vn 0.6260 0.6247 -0.4668
vn 0.8481 0.4018 -0.3454
vn 0.7324 -0.3744 0.5687
vn 0.8776 0.2549 -0.4061
vn 0.5808 0.6684 -0.4647
vn 0.9456 0.3027 -0.1195
vn 0.5549 0.2192 -0.8025
vn 0.8579 0.3438 0.3818
vn 0.9491 -0.2843 0.1357
vn 0.8530 -0.5219 0.0069
vn 0.7483 0.0179 -0.6631
vn 0.9342 0.3555 0.0306
vn 0.8093 0.2088 -0.5491
vn 0.3790 0.7678 0.5166
vn 0.9004 0.1549 0.4065
vn 0.4987 0.7663 0.4051
vn 0.4856 0.8661 -0.1188
vn 0.7675 -0.5952 -0.2382
vn 0.9570 0.1978 -0.2123
vn 0.9632 -0.0914 -0.2526
vn 0.8962 0.2770 0.3465
vn 0.3338 0.9411 0.0539
vn 0.8038 0.5425 -0.2441
vn 0.5428 0.6732 0.5021
vn 0.6643 0.1224 0.7374
vn 0.7081 0.7043 -0.0511
vn 0.5566 0.1852 0.8099
vn 0.9122 0.3131 0.2645
vn 0.9110 0.2238 -0.3464
vn 0.5626 0.2668 0.7825
vn 0.8890 0.2716 0.3688
vn 0.8293 0.4667 0.3072
vn 0.9324 0.3001 -0.2016
vn 0.9359 -0.3428 -0.0812
vn 0.9279 -0.2861 0.2393
vn 0.6371 0.5298 -0.5599
vn 0.5764 0.7015 -0.4191
vn 0.8989 -0.0298 -0.4372
vn 0.9163 -0.1662 0.3643
vn 0.8958 0.4441 -0.0166
vn 0.9278 0.3369 0.1600
vn 0.7242 0.6678 0.1719
vn 0.6949 0.6847 -0.2199
vn 0.9706 0.2353 -0.0508
vn 0.7839 0.1046 -0.6120
vn 0.9548 0.2928 0.0518
vn 0.5328 0.5132 -0.6729
vn 0.7325 -0.5368 -0.4186
vn 0.9212 0.3884 0.0234
vn 0.6790 0.6721 0.2954
vn 0.5902 0.7144 0.3759
vn 0.9199 0.0118 0.3920
vn 0.9160 -0.3956 -0.0664
vn 0.7073 0.3159 0.6324
vn 0.7957 -0.0440 0.6041
vn 0.8078 0.2778 -0.5198
vn 0.5846 0.2769 -0.7626
vn 0.6250 0.7434 -0.2380
vn 0.9935 0.0917 0.0671
vn 0.6457 0.5969 0.4761
vn 0.7301 0.6024 -0.3226
vn 0.7548 0.5906 0.2855
vn 0.6495 0.0167 -0.7602
vn 0.8050 0.2417 0.5419
vn 0.6628 0.7454 0.0708
vn 0.6400 -0.7522 0.1569
vn 0.6129 0.2869 0.7362
vn 0.9646 0.0725 -0.2534
vn 0.6489 0.3296 -0.6858
vn 0.6865 -0.3389 -0.6433
vn 0.7095 0.5595 0.4285
vn 0.9708 0.0996 0.2181
vn 0.8856 0.0385 0.4628
vn 0.6305 0.6653 0.3999
vn 0.6678 0.6735 -0.3170
vn 0.8795 0.4758 0.0021
vn 0.4782 -0.4334 -0.7639
vn 0.7471 -0.6390 -0.1832
vn 0.9755 -0.1605 -0.1507
vn 0.8877 -0.3359 0.3148
vn 0.6294 0.6597 -0.4107
vn 0.9527 -0.0578 -0.2983
vn 0.6267 0.5492 0.5528
vn 0.8487 0.3745 -0.3733
vn 0.9990 0.0086 0.0441
vn 0.6328 0.7252 0.2713
vn 0.6646 -0.1820 0.7247
vn 0.3654 -0.9221 0.1271
vn 0.6467 0.7253 0.2360
vn 0.6092 -0.4614 0.6450
vn 0.7752 0.6019 0.1917
vn 0.6129 -0.6381 0.4661
vn 0.8697 0.4568 0.1869
vn 0.8884 0.1394 0.4373
vn 0.6434 0.2892 0.7088
vn 0.6175 0.5414 0.5706
vn 0.8934 0.4410 -0.0855
vn 0.9581 0.2365 0.1614
vn 0.7500 0.5219 -0.4064
vn 0.7444 0.6547 -0.1315
vn 0.7114 0.6881 -0.1427
vn 0.8580 0.5104 -0.0575
vn 0.7152 -0.3841 0.5839
vn 0.9364 -0.3508 -0.0038
vn 0.6755 0.2813 -0.6815
vn 0.6718 0.7297 0.1272
vn 0.8754 0.0676 -0.4787
vn 0.6498 -0.4554 -0.6086
vn 0.6711 0.2137 0.7099
vn 0.6195 0.7849 -0.0108
vn 0.6989 0.3006 0.6490
vn 0.9059 0.1214 -0.4058
vn 0.6074 0.7897 0.0865
vn 0.5588 0.7526 -0.3484
vn 0.9287 0.1271 0.3484
vn 0.6303 0.5519 -0.5459
vn 0.6452 0.4372 -0.6266
vn 0.9469 0.0642 -0.3152
vn 0.7463 0.5627 -0.3556
vn 0.7408 0.5917 0.3179
vn 0.6866 0.7266 -0.0265
vn 0.7338 0.2769 -0.6203
vn 0.6456 -0.5948 -0.4789
vn 0.7373 0.2855 0.6123
vn 0.8292 0.5424 0.1352
vn 0.7624 0.2623 0.5915
vn 0.9374 0.2792 -0.2084
vn 0.7698 0.2027 -0.6052
vn 0.9560 0.2272 0.1857
vn 0.9484 0.0833 0.3058
vn 0.8375 0.5095 -0.1978
vn 0.9920 0.0274 -0.1231
vn 0.7649 0.3227 -0.5575
vn 0.7978 0.2724 0.5379
vn 0.9965 0.0593 0.0596
vn 0.8145 -0.3870 0.4322
vn 0.9901 0.1311 -0.0505
vn 0.9916 0.1276 -0.0212
vn 0.7697 0.5384 0.3431
vn 0.7703 0.2879 -0.5690
vn 0.8143 0.1144 0.5690
vn 0.7914 -0.4873 -0.3691
vn 0.8160 0.2832 0.5039
vn 0.8162 -0.2337 -0.5284
vn 0.7980 0.3307 -0.5039
vn 0.8620 0.2663 -0.4314
vn 0.7227 0.6116 0.3221
vn 0.7094 0.5395 0.4535
vn 0.5195 0.8280 0.2109
vn 0.8470 0.2991 0.4395
vn 0.7680 0.6342 -0.0891
vn 0.9049 0.2640 -0.3337
vn 0.8991 0.2852 0.3321
vn 0.7573 -0.4589 0.4648
vn 0.8091 0.4216 -0.4093
vn 0.8048 -0.4662 -0.3674
vn 0.8220 0.3332 0.4618
vn 0.9017 0.1743 -0.3957
vn 0.8373 0.4900 -0.2423
vn 0.8812 -0.4000 0.2518
vn 0.9334 0.2583 0.2491
vn 0.9175 0.3044 -0.2562
vn 0.9088 -0.0664 0.4119
vn 0.9003 -0.2394 -0.3635
vn 0.3995 0.9061 0.1391
vn 0.8671 -0.4795 -0.1347
vn 0.9468 0.2780 -0.1624
vn 0.6309 0.7615 -0.1485
vn 0.7892 0.6073 0.0921
vn 0.7459 -0.6620 -0.0731
vn 0.8101 0.5633 0.1628
vn 0.9586 0.2359 0.1596
vn 0.9007 -0.4325 0.0417
vn 0.9621 0.2629 -0.0720
vn 0.9587 0.0487 0.2804
vn 0.9590 0.2766 0.0615
vn 0.8481 0.5279 0.0456
vn 0.9174 0.3626 0.1642
vn 0.8557 0.4226 -0.2985
vn 0.8396 -0.4249 0.3384
vn 0.9284 0.2314 0.2908
vn 0.9476 -0.2119 -0.2392
vn 0.9340 0.3550 -0.0396
vn 0.9753 0.1323 -0.1770
vn 0.8121 -0.5193 -0.2663
vn 0.8546 -0.5176 0.0426
vn 0.9937 -0.0489 0.1005
vn 0.8868 0.4473 -0.1160
vn 0.9859 -0.1523 -0.0698
vt 0.526578 0.782385
vt 0.527411 0.754685
vt 0.548851 0.774855
vt 0.541498 0.790558
vt 0.554285 0.753222
vt 0.555922 0.775741
vt 0.956254 0.211951
vt 0.945822 0.200696
vt 0.950722 0.203709
vt 0.554302 0.790728
vt 0.521209 0.781542
vt 0.400870 0.654290
vt 0.388339 0.653569
vt 0.399019 0.638085
vt 0.600341 0.792552
vt 0.594487 0.774511
vt 0.605760 0.768357
vt 0.933424 0.223513
vt 0.943497 0.231844
vt 0.932819 0.228903
vt 0.388033 0.632366
vt 0.589023 0.791286
vt 0.515631 0.764035
vt 0.622078 0.773609
vt 0.611040 0.794345
vt 0.601845 0.747892
vt 0.955900 0.240787
vt 0.587377 0.760943
vt 0.616247 0.749599
vt 0.940014 0.129907
vt 0.942397 0.151190
vt 0.926808 0.135692
vt 0.370615 0.635077
vt 0.907881 0.143756
vt 0.912298 0.135474
vt 0.914288 0.141087
vt 0.619081 0.796742
vt 0.610636 0.737951
vt 0.970230 0.226309
vt 0.393419 0.661978
vt 0.976043 0.222137
vt 0.591848 0.742570
vt 0.917631 0.152378
vt 0.916598 0.153368
vt 0.909747 0.152756
vt 0.950906 0.240754
vt 0.949018 0.132929
vt 0.390048 0.594763
vt 0.387432 0.604340
vt 0.383961 0.591084
vt 0.574185 0.755855
vt 0.958097 0.159268
vt 0.767686 0.047759
vt 0.795095 0.029830
vt 0.775295 0.050458
vt 0.959513 0.132724
vt 0.962797 0.152918
vt 0.934544 0.159148
vt 0.792755 0.027339
vt 0.916274 0.146805
vt 0.917374 0.150223
vt 0.360745 0.657606
vt 0.372093 0.653594
vt 0.904685 0.135220
vt 0.572072 0.785333
vt 0.572220 0.772875
vt 0.365793 0.628290
vt 0.625857 0.740006
vt 0.575132 0.743402
vt 0.003756 0.214440
vt 0.013497 0.219062
vt 0.000094 0.220530
vt 0.371015 0.582432
vt 0.387587 0.584061
vt 0.369594 0.603208
vt 0.382445 0.577081
vt 0.949842 0.164446
vt 0.369733 0.591702
vt 0.943955 0.169231
vt 0.567346 0.736062
vt 0.386939 0.616459
vt 0.392424 0.616704
vt 0.357663 0.651581
vt 0.396476 0.616959
vt 0.017431 0.218595
vt 0.014491 0.206690
vt 0.970877 0.093523
vt 0.966642 0.108680
vt 0.965262 0.091058
vt 0.358277 0.631580
vt 0.380566 0.616188
vt 0.971215 0.105236
vt 0.787161 0.016126
vt 0.778968 0.014669
vt 0.787589 0.010580
vt 0.373202 0.677000
vt 0.206715 0.814183
vt 0.192527 0.782719
vt 0.200786 0.794227
vt 0.367829 0.615385
vt 0.374035 0.615718
vt 0.782112 0.813450
vt 0.787027 0.782085
vt 0.791192 0.796694
vt 0.192022 0.683818
vt 0.221613 0.681189
vt 0.215164 0.707333
vt 0.355101 0.638392
vt 0.368728 0.574124
vt 0.748844 0.809291
vt 0.779696 0.839352
vt 0.363202 0.599616
vt 0.022856 0.201845
vt 0.788036 0.004082
vt 0.187921 0.822426
vt 0.797555 0.002483
vt 0.794863 0.015443
vt 0.731908 0.357196
vt 0.729014 0.380955
vt 0.687357 0.366662
vt 0.034652 0.953217
vt 0.030572 0.946010
vt 0.046228 0.946334
vt 0.549121 0.550269
vt 0.555710 0.533941
vt 0.561043 0.536809
vt 0.781091 0.001666
vt 0.757333 0.850323
vt 0.750149 0.831100
vt 0.707649 0.402003
vt 0.736826 0.403588
vt 0.541473 0.508785
vt 0.556858 0.507251
vt 0.550309 0.516290
vt 0.549995 0.554361
vt 0.562376 0.576604
vt 0.551085 0.576833
vt 0.984096 0.091414
vt 0.983550 0.095105
vt 0.739909 0.313517
vt 0.732655 0.314098
vt 0.561326 0.547173
vt 0.559306 0.582882
vt 0.362629 0.614714
vt 0.232026 0.717272
vt 0.206906 0.726751
vt 0.196850 0.720240
vt 0.193698 0.714339
vt 0.034737 0.926588
vt 0.012397 0.192764
vt 0.015830 0.184651
vt 0.160250 0.798883
vt 0.166278 0.830082
vt 0.951045 0.111874
vt 0.950889 0.103823
vt 0.663077 0.390778
vt 0.983771 0.100421
vt 0.717676 0.314780
vt 0.703315 0.315381
vt 0.227164 0.727548
vt 0.205266 0.748744
vt 0.534141 0.526397
vt 0.556699 0.524000
vt 0.228060 0.747875
vt 0.558344 0.532837
vt 0.222695 0.754252
vt 0.685513 0.340726
vt 0.234269 0.733755
vt 0.056949 0.934827
vt 0.710876 0.721324
vt 0.687947 0.738311
vt 0.689510 0.722376
vt 0.235150 0.751976
vt 0.713837 0.754507
vt 0.692177 0.713570
vt 0.718332 0.715227
vt 0.196975 0.757992
vt 0.180237 0.782994
vt 0.983799 0.104731
vt 0.770771 0.766996
vt 0.697464 0.766951
vt 0.687154 0.756329
vt 0.972377 0.123424
vt 0.193852 0.772753
vt 0.178495 0.772994
vt 0.158463 0.757844
vt 0.171289 0.752069
vt 0.185692 0.754212
vt 0.548775 0.534617
vt 0.532351 0.577717
vt 0.730691 0.745042
vt 0.529084 0.552155
vt 0.528360 0.516168
vt 0.231501 0.765956
vt 0.203526 0.767614
vt 0.537257 0.586263
vt 0.721902 0.763093
vt 0.699762 0.311440
vt 0.691424 0.315971
vt 0.184176 0.743984
vt 0.154725 0.751821
vt 0.503134 0.028588
vt 0.503183 0.007618
vt 0.510128 0.004544
vt 0.002907 0.181628
vt 0.003722 0.189664
vt 0.525645 0.558452
vt 0.035137 0.901998
vt 0.176548 0.735292
vt 0.969751 0.126006
vt 0.012469 0.181542
vt 0.983599 0.112449
vt 0.734076 0.727450
vt 0.780947 0.759371
vt 0.789241 0.761569
vt 0.158168 0.782512
vt 0.539300 0.535699
vt 0.210981 0.769729
vt 0.200632 0.172870
vt 0.179786 0.169482
vt 0.190862 0.151398
vt 0.183751 0.190485
vt 0.521890 0.507211
vt 0.532350 0.503023
vt 0.660185 0.357138
vt 0.646253 0.367387
vt 0.744174 0.790803
vt 0.198732 0.771415
vt 0.232889 0.769649
vt 0.735061 0.721920
vt 0.983804 0.115796
vt 0.155695 0.793606
vt 0.204420 0.149310
vt 0.202125 0.773916
vt 0.698040 0.692761
vt 0.719221 0.696956
vt 0.178826 0.144403
vt 0.226972 0.772744
vt 0.151846 0.761479
vt 0.168787 0.160733
vt 0.535360 0.346855
vt 0.539793 0.324273
vt 0.548968 0.338970
vt 0.729467 0.713616
vt 0.171898 0.195331
vt 0.639954 0.702308
vt 0.630035 0.688941
vt 0.651948 0.682148
vt 0.151090 0.743216
vt 0.743284 0.810520
vt 0.051053 0.117584
vt 0.063893 0.110218
vt 0.055094 0.136782
vt 0.721359 0.693316
vt 0.701832 0.689569
vt 0.736185 0.754933
vt 0.216408 0.785362
vt 0.984310 0.120208
vt 0.213588 0.151103
vt 0.731764 0.703783
vt 0.757570 0.211155
vt 0.766775 0.187577
vt 0.771030 0.202592
vt 0.675331 0.700361
vt 0.157754 0.739781
vt 0.702349 0.683838
vt 0.504122 0.149932
vt 0.510127 0.113450
vt 0.520396 0.145586
vt 0.160414 0.736244
vt 0.176012 0.732451
vt 0.162572 0.730429
vt 0.178688 0.727893
vt 0.173524 0.719089
vt 0.669808 0.670368
vt 0.629838 0.664736
vt 0.091359 0.129220
vt 0.094799 0.087227
vt 0.556516 0.296731
vt 0.564378 0.332981
vt 0.727584 0.689954
vt 0.491437 0.011838
vt 0.522352 0.580584
vt 0.503640 0.119474
vt 0.083257 0.924001
vt 0.656504 0.659564
vt 0.679007 0.683172
vt 0.158157 0.143650
vt 0.141690 0.180773
vt 0.478939 0.016909
vt 0.656623 0.726251
vt 0.629275 0.711918
vt 0.031734 0.122606
vt 0.026904 0.135237
vt 0.024525 0.133324
vt 0.447898 0.134092
vt 0.460162 0.153121
vt 0.451162 0.155233
vt 0.331972 0.291174
vt 0.314549 0.300735
vt 0.318504 0.280376
vt 0.904079 0.939478
vt 0.909449 0.940944
vt 0.898798 0.959804
vt 0.028108 0.121545
vt 0.730594 0.693934
vt 0.964349 0.497888
vt 0.973002 0.501873
vt 0.965702 0.504493
vt 0.718986 0.673913
vt 0.700218 0.666793
vt 0.303104 0.285507
vt 0.823505 0.202853
vt 0.837201 0.226535
vt 0.818533 0.227602
vt 0.741606 0.606952
vt 0.734965 0.628574
vt 0.726562 0.608209
vt 0.984596 0.124769
vt 0.984953 0.127825
vt 0.734379 0.787204
vt 0.737251 0.779437
vt 0.522239 0.108809
vt 0.149584 0.738465
vt 0.150855 0.734662
vt 0.755215 0.012913
vt 0.754818 0.005783
vt 0.758964 0.011590
vt 0.752518 0.165644
vt 0.529507 0.536857
vt 0.638067 0.180487
vt 0.627902 0.176688
vt 0.635667 0.166874
vt 0.737632 0.795838
vt 0.480191 0.015237
vt 0.740892 0.192792
vt 0.744503 0.603240
vt 0.716023 0.639110
vt 0.156208 0.185162
vt 0.338097 0.306548
vt 0.737742 0.646641
vt 0.775029 0.008870
vt 0.762493 0.000339
vt 0.685432 0.671944
vt 0.470151 0.132291
vt 0.304107 0.308522
vt 0.303950 0.298468
vt 0.771440 0.160343
vt 0.779841 0.165527
vt 0.365012 0.287165
vt 0.034838 0.109291
vt 0.023478 0.905232
vt 0.477472 0.134889
vt 0.477986 0.145457
vt 0.909200 0.424273
vt 0.906072 0.416018
vt 0.925021 0.416020
vt 0.326772 0.329040
vt 0.949222 0.954183
vt 0.938098 0.972789
vt 0.941509 0.931256
vt 0.274888 0.066258
vt 0.273498 0.085012
vt 0.266095 0.070411
vt 0.877760 0.201434
vt 0.875569 0.167368
vt 0.881401 0.157750
vt 0.304651 0.326980
vt 0.729477 0.219851
vt 0.720969 0.192723
vt 0.030221 0.112059
vt 0.705478 0.626761
vt 0.682727 0.715565
vt 0.055005 0.079707
vt 0.899105 0.171457
vt 0.899301 0.156503
vt 0.069653 0.875882
vt 0.079031 0.894603
vt 0.683607 0.657049
vt 0.539243 0.124922
vt 0.037570 0.093452
vt 0.595484 0.291944
vt 0.608035 0.279853
vt 0.612315 0.283279
vt 0.603074 0.308092
vt 0.719593 0.590989
vt 0.742024 0.586634
vt 0.368153 0.309656
vt 0.846118 0.851378
vt 0.861051 0.841029
vt 0.850075 0.859668
vt 0.616483 0.299326
vt 0.698515 0.607219
vt 0.520361 0.585305
vt 0.501869 0.603264
vt 0.488645 0.621789
vt 0.462329 0.600265
vt 0.966764 0.153457
vt 0.972718 0.153541
vt 0.968269 0.159232
vt 0.519463 0.518934
vt 0.628027 0.152669
vt 0.637634 0.152604
vt 0.471473 0.582932
vt 0.873358 0.185918
vt 0.911169 0.979460
vt 0.592454 0.314235
vt 0.007039 0.223844
vt 0.014232 0.226288
vt 0.009431 0.241516
vt 0.277836 0.069600
vt 0.900726 0.412235
vt 0.909334 0.413086
vt 0.911060 0.403976
vt 0.899818 0.408567
vt 0.634705 0.769560
vt 0.646111 0.757968
vt 0.651987 0.769798
vt 0.839155 0.185686
vt 0.819919 0.171241
vt 0.618351 0.165105
vt 0.975214 0.141813
vt 0.968043 0.140963
vt 0.963286 0.132964
vt 0.346088 0.328808
vt 0.849109 0.382255
vt 0.846487 0.383720
vt 0.839912 0.379916
vt 0.083863 0.901645
vt 0.646585 0.742336
vt 0.633713 0.743592
vt 0.634711 0.737334
vt 0.592189 0.288123
vt 0.584211 0.305700
vt 0.625412 0.278786
vt 0.978835 0.149382
vt 0.691016 0.637028
vt 0.586029 0.291256
vt 0.912475 0.410490
vt 0.650198 0.781015
vt 0.967749 0.717307
vt 0.972757 0.744976
vt 0.957921 0.723983
vt 0.654283 0.742551
vt 0.636348 0.748689
vt 0.733138 0.566556
vt 0.583668 0.317146
vt 0.690805 0.449256
vt 0.669839 0.446814
vt 0.676204 0.433266
vt 0.775808 0.554319
vt 0.758887 0.556386
vt 0.770263 0.532432
vt 0.588170 0.316613
vt 0.842972 0.365490
vt 0.036963 0.231817
vt 0.036635 0.223326
vt 0.744956 0.769578
vt 0.521846 0.537190
vt 0.779377 0.187235
vt 0.784281 0.167648
vt 0.673796 0.756524
vt 0.509225 0.589769
vt 0.622584 0.297616
vt 0.898478 0.979608
vt 0.676800 0.770052
vt 0.811054 0.246173
vt 0.767509 0.228328
vt 0.724280 0.160718
vt 0.951319 0.978831
vt 0.866474 0.867292
vt 0.847791 0.866516
vt 0.770736 0.211191
vt 0.068167 0.073173
vt 0.938591 0.728943
vt 0.951995 0.737623
vt 0.942867 0.736814
vt 0.457762 0.104168
vt 0.935490 0.733859
vt 0.702346 0.649607
vt 0.481230 0.128639
vt 0.462698 0.103405
vt 0.871660 0.198767
vt 0.867635 0.187469
vt 0.673414 0.465302
vt 0.850169 0.810952
vt 0.869656 0.810975
vt 0.858558 0.820765
vt 0.661915 0.742483
vt 0.672096 0.743097
vt 0.679149 0.747266
vt 0.471930 0.504368
vt 0.506484 0.540238
vt 0.478159 0.548306
vt 0.169779 0.087450
vt 0.200805 0.102355
vt 0.170719 0.097878
vt 0.851077 0.820593
vt 0.176917 0.075494
vt 0.167463 0.072518
vt 0.185552 0.063719
vt 0.945093 0.740221
vt 0.373055 0.331537
vt 0.003539 0.151147
vt 0.004202 0.127554
vt 0.024280 0.136816
vt 0.866205 0.204268
vt 0.739430 0.058419
vt 0.744700 0.058241
vt 0.738206 0.079339
vt 0.715316 0.570635
vt 0.636036 0.184228
vt 0.639251 0.185302
vt 0.749682 0.079451
vt 0.737634 0.098373
vt 0.393020 0.289653
vt 0.859731 0.550769
vt 0.863564 0.549922
vt 0.876647 0.550909
vt 0.382525 0.281831
vt 0.717634 0.197045
vt 0.714576 0.192612
vt 0.638528 0.949231
vt 0.629609 0.953918
vt 0.627409 0.942593
vt 0.976508 0.735508
vt 0.751734 0.058850
vt 0.775647 0.933862
vt 0.785900 0.916434
vt 0.791546 0.962802
vt 0.720600 0.435406
vt 0.635666 0.139577
vt 0.476984 0.648479
vt 0.460523 0.639662
vt 0.848699 0.373725
vt 0.848597 0.356476
vt 0.893726 0.605830
vt 0.876348 0.610272
vt 0.895534 0.597351
vt 0.691362 0.574149
vt 0.656055 0.214042
vt 0.649258 0.196699
vt 0.671911 0.207949
vt 0.679967 0.743442
vt 0.980700 0.512671
vt 0.616223 0.943102
vt 0.600738 0.153580
vt 0.616359 0.147842
vt 0.676283 0.416393
vt 0.719299 0.421326
vt 0.486230 0.568987
vt 0.714086 0.181595
vt 0.304619 0.339038
vt 0.682019 0.607147
vt 0.806246 0.928822
vt 0.709290 0.187424
vt 0.639580 0.218715
vt 0.651765 0.220446
vt 0.323619 0.344301
vt 0.970474 0.514423
vt 0.592712 0.943713
vt 0.176776 0.048121
vt 0.465260 0.649822
vt 0.900607 0.988381
vt 0.707231 0.167038
vt 0.594997 0.952748
vt 0.630107 0.964265
vt 0.870507 0.213292
vt 0.468092 0.090620
vt 0.261556 0.096883
vt 0.442656 0.100147
vt 0.485506 0.104932
vt 0.908095 0.586784
vt 0.392873 0.139570
vt 0.384486 0.154603
vt 0.382933 0.134274
vt 0.865749 0.214150
vt 0.848564 0.831808
vt 0.083543 0.737230
vt 0.073892 0.775386
vt 0.065373 0.747036
vt 0.983690 0.508656
vt 0.713042 0.172715
vt 0.711687 0.163893
vt 0.693167 0.170725
vt 0.864588 0.558708
vt 0.888960 0.547519
vt 0.877994 0.572275
vt 0.597290 0.165248
vt 0.869766 0.854096
vt 0.016108 0.147772
vt 0.657034 0.185005
vt 0.675292 0.200025
vt 0.757432 0.097178
vt 0.768810 0.071938
vt 0.679617 0.219094
vt 0.394084 0.312477
vt 0.721800 0.449933
vt 0.648043 0.181434
vt 0.632128 0.971046
vt 0.910499 0.384099
vt 0.923245 0.392641
vt 0.902708 0.390985
vt 0.475684 0.655108
vt 0.439399 0.135057
vt 0.429938 0.137821
vt 0.427364 0.117960
vt 0.916032 0.407157
vt 0.714697 0.473048
vt 0.161962 0.056730
vt 0.294922 0.085525
vt 0.283934 0.096418
vt 0.611384 0.177344
vt 0.035675 0.257755
vt 0.641638 0.144622
vt 0.668373 0.157976
vt 0.728824 0.535590
vt 0.905989 0.811679
vt 0.926822 0.817446
vt 0.905134 0.825573
vt 0.671615 0.227163
vt 0.464172 0.665411
vt 0.499379 0.668061
vt 0.621502 0.972362
vt 0.662457 0.086451
vt 0.679053 0.085124
vt 0.667485 0.113013
vt 0.038866 0.873152
vt 0.025707 0.879759
vt 0.769071 0.108667
vt 0.777824 0.088623
vt 0.013002 0.895799
vt 0.005010 0.872647
vt 0.020632 0.869630
vt 0.358387 0.345411
vt 0.783712 0.527295
vt 0.752591 0.107450
vt 0.668399 0.188237
vt 0.062831 0.558809
vt 0.084669 0.547053
vt 0.121475 0.587050
vt 0.698729 0.161406
vt 0.516105 0.566058
vt 0.037759 0.632537
vt 0.036985 0.638327
vt 0.016763 0.633224
vt 0.708598 0.412580
vt 0.789164 0.069677
vt 0.471608 0.674996
vt 0.023248 0.641469
vt 0.684693 0.211083
vt 0.499398 0.676465
vt 0.614122 0.984640
vt 0.603403 0.966929
vt 0.421693 0.143468
vt 0.413590 0.115309
vt 0.359782 0.088286
vt 0.381047 0.095634
vt 0.342716 0.097389
vt 0.079673 0.885143
vt 0.439108 0.390096
vt 0.441063 0.372255
vt 0.446303 0.400651
vt 0.896951 0.561646
vt 0.208822 0.402371
vt 0.203732 0.394788
vt 0.224076 0.395665
vt 0.878743 0.603572
vt 0.212871 0.089911
vt 0.023277 0.514446
vt 0.026674 0.534431
vt 0.022368 0.540383
vt 0.511977 0.643216
vt 0.111557 0.612071
vt 0.032894 0.615151
vt 0.520497 0.616957
vt 0.674790 0.796522
vt 0.651261 0.794006
vt 0.190790 0.071607
vt 0.207180 0.074065
vt 0.954794 0.791722
vt 0.956337 0.770699
vt 0.965371 0.781221
vt 0.839948 0.924660
vt 0.834638 0.935275
vt 0.831107 0.916734
vt 0.885732 0.839957
vt 0.451024 0.091021
vt 0.017903 0.256882
vt 0.370942 0.077758
vt 0.005078 0.465433
vt 0.016746 0.468257
vt 0.019350 0.474384
vt 0.593833 0.216577
vt 0.574449 0.212764
vt 0.592112 0.201995
vt 0.144903 0.754774
vt 0.678912 0.487148
vt 0.797520 0.560830
vt 0.794363 0.566752
vt 0.791914 0.563094
vt 0.015806 0.613505
vt 0.833793 0.372497
vt 0.216693 0.807472
vt 0.250815 0.797883
vt 0.243410 0.822183
vt 0.221952 0.837811
vt 0.255121 0.843115
vt 0.224587 0.853384
vt 0.918786 0.542009
vt 0.905967 0.538688
vt 0.724136 0.553539
vt 0.870045 0.820484
vt 0.010231 0.439966
vt 0.490568 0.649111
vt 0.861805 0.129016
vt 0.866598 0.130695
vt 0.856950 0.145815
vt 0.824843 0.918929
vt 0.828815 0.957958
vt 0.455948 0.087736
vt 0.753668 0.689282
vt 0.740654 0.703930
vt 0.740595 0.675803
vt 0.606700 0.206497
vt 0.403733 0.165814
vt 0.403819 0.206282
vt 0.392588 0.192357
vt 0.582797 0.975122
vt 0.816607 0.929801
vt 0.815891 0.919581
vt 0.361935 0.079963
vt 0.362557 0.059853
vt 0.454023 0.089633
vt 0.916567 0.577087
vt 0.935416 0.851377
vt 0.919422 0.853902
vt 0.904236 0.846964
vt 0.861282 0.126032
vt 0.853507 0.142812
vt 0.935585 0.410401
vt 0.934460 0.407373
vt 0.051639 0.702517
vt 0.049954 0.673114
vt 0.083797 0.711019
vt 0.918553 0.404140
vt 0.916018 0.552654
vt 0.850709 0.608849
vt 0.830346 0.620042
vt 0.827537 0.613817
vt 0.423100 0.163736
vt 0.425613 0.203671
vt 0.380201 0.066427
vt 0.589556 0.963617
vt 0.977127 0.522038
vt 0.904182 0.857359
vt 0.936848 0.860539
vt 0.918548 0.871141
vt 0.513467 0.661390
vt 0.651160 0.130763
vt 0.008199 0.630177
vt 0.496032 0.369433
vt 0.449628 0.394184
vt 0.578667 0.170856
vt 0.967430 0.530218
vt 0.964232 0.536755
vt 0.961702 0.533650
vt 0.021637 0.439990
vt 0.397978 0.060981
vt 0.503529 0.650651
vt 0.580433 0.152278
vt 0.570768 0.162406
vt 0.944882 0.824460
vt 0.233823 0.375793
vt 0.252750 0.383881
vt 0.740713 0.508205
vt 0.750692 0.673761
vt 0.606193 0.143490
vt 0.580152 0.962063
vt 0.625063 0.136328
vt 0.871742 0.133757
vt 0.946812 0.380004
vt 0.617460 0.064740
vt 0.623321 0.061770
vt 0.620749 0.067519
vt 0.143799 0.767779
vt 0.977969 0.843362
vt 0.970643 0.843451
vt 0.972703 0.837192
vt 0.835933 0.600172
vt 0.829450 0.608958
vt 0.647677 0.079540
vt 0.929906 0.576378
vt 0.709183 0.550791
vt 0.960516 0.804810
vt 0.818203 0.945567
vt 0.037067 0.577577
vt 0.080094 0.630761
vt 0.886809 0.035565
vt 0.889619 0.048900
vt 0.883842 0.049071
vt 0.249599 0.059112
vt 0.231300 0.084775
vt 0.909165 0.358813
vt 0.917745 0.359343
vt 0.911758 0.367051
vt 0.421602 0.224148
vt 0.850166 0.621752
vt 0.853219 0.120789
vt 0.878339 0.033486
vt 0.642434 0.090756
vt 0.002685 0.814828
vt 0.023494 0.812464
vt 0.007967 0.822598
vt 0.971752 0.791260
vt 0.402248 0.334721
vt 0.965287 0.527547
vt 0.369699 0.111059
vt 0.618584 0.073275
vt 0.678543 0.580651
vt 0.553625 0.168543
vt 0.554038 0.160839
vt 0.475902 0.337367
vt 0.820079 0.959020
vt 0.980982 0.787834
vt 0.969794 0.810500
vt 0.737852 0.446951
vt 0.144608 0.842192
vt 0.157890 0.841389
vt 0.161241 0.879835
vt 0.131682 0.833446
vt 0.159030 0.835825
vt 0.843356 0.332031
vt 0.852008 0.320968
vt 0.867325 0.166718
vt 0.849602 0.170406
vt 0.123646 0.933700
vt 0.126747 0.943342
vt 0.107374 0.929202
vt 0.954324 0.394500
vt 0.935788 0.397550
vt 0.760225 0.716566
vt 0.729175 0.523647
vt 0.360148 0.131747
vt 0.735710 0.464792
vt 0.267079 0.857850
vt 0.240596 0.866834
vt 0.139502 0.893471
vt 0.848692 0.657265
vt 0.836776 0.637316
vt 0.856276 0.634512
vt 0.556677 0.153623
vt 0.002242 0.060315
vt 0.016933 0.060691
vt 0.002218 0.077457
vt 0.354441 0.109335
vt 0.327645 0.592612
vt 0.323802 0.609667
vt 0.293857 0.603357
vt 0.477732 0.075210
vt 0.515280 0.652534
vt 0.882815 0.820266
vt 0.891121 0.863888
vt 0.854777 0.297042
vt 0.848466 0.301795
vt 0.140971 0.784451
vt 0.082542 0.801681
vt 0.679937 0.521080
vt 0.867829 0.598673
vt 0.214170 0.035616
vt 0.209631 0.052628
vt 0.207066 0.041854
vt 0.747826 0.732934
vt 0.852728 0.574163
vt 0.835755 0.586885
vt 0.834374 0.576701
vt 0.381906 0.108122
vt 0.851111 0.293605
vt 0.270593 0.096953
vt 0.324470 0.579818
vt 0.138908 0.934536
vt 0.150118 0.942104
vt 0.141707 0.968019
vt 0.550888 0.157525
vt 0.109078 0.951096
vt 0.210978 0.066760
vt 0.431483 0.343315
vt 0.603978 0.186379
vt 0.618093 0.205051
vt 0.518494 0.677698
vt 0.249642 0.739506
vt 0.240488 0.729169
vt 0.275016 0.740981
vt 0.850038 0.588553
vt 0.289706 0.718280
vt 0.246745 0.701209
vt 0.127116 0.842604
vt 0.955826 0.399836
vt 0.953570 0.843319
vt 0.790573 0.547325
vt 0.790130 0.536373
vt 0.797939 0.548139
vt 0.836141 0.339123
vt 0.773629 0.505129
vt 0.399896 0.344296
vt 0.356473 0.130428
vt 0.354385 0.120484
vt 0.964092 0.847126
vt 0.382732 0.790180
vt 0.396925 0.794260
vt 0.394993 0.796068
vt 0.046378 0.072527
vt 0.032788 0.070002
vt 0.050685 0.066486
vt 0.710896 0.519326
vt 0.024986 0.063981
vt 0.024791 0.072064
vt 0.278547 0.816677
vt 0.579704 0.191228
vt 0.947396 0.494235
vt 0.956468 0.493263
vt 0.952850 0.501985
vt 0.247177 0.419523
vt 0.683902 0.553711
vt 0.696777 0.545879
vt 0.294874 0.691687
vt 0.359397 0.122816
vt 0.349519 0.118001
vt 0.886705 0.801229
vt 0.160931 0.917398
vt 0.155630 0.921687
vt 0.554181 0.216400
vt 0.541846 0.208384
vt 0.021725 0.848456
vt 0.018967 0.850670
vt 0.009839 0.849423
vt 0.288613 0.586906
vt 0.516596 0.338587
vt 0.293471 0.572866
vt 0.953588 0.838639
vt 0.868374 0.612452
vt 0.880770 0.875165
vt 0.164105 0.950355
vt 0.157103 0.960787
vt 0.822093 0.967398
vt 0.819030 0.969744
vt 0.830141 0.354310
vt 0.825546 0.375076
vt 0.233680 0.420912
vt 0.024818 0.819344
vt 0.048536 0.042131
vt 0.289818 0.559634
vt 0.323755 0.561921
vt 0.043551 0.513836
vt 0.046481 0.549873
vt 0.957252 0.821010
vt 0.763050 0.675445
vt 0.499291 0.317525
vt 0.206368 0.031811
vt 0.377019 0.770170
vt 0.371331 0.789300
vt 0.367264 0.783935
vt 0.840199 0.302548
vt 0.959664 0.387656
vt 0.016354 0.348850
vt 0.024621 0.352158
vt 0.019843 0.376453
vt 0.862691 0.587287
vt 0.152894 0.926230
vt 0.964483 0.817027
vt 0.417892 0.799228
vt 0.426893 0.780022
vt 0.439068 0.804063
vt 0.734732 0.497703
vt 0.925288 0.625477
vt 0.937634 0.648819
vt 0.932711 0.641606
vt 0.552378 0.149474
vt 0.952957 0.810055
vt 0.941858 0.807659
vt 0.578149 0.144729
vt 0.128600 0.963763
vt 0.968204 0.533848
vt 0.948990 0.846863
vt 0.111196 0.843881
vt 0.806869 0.558831
vt 0.829836 0.328057
vt 0.772343 0.638992
vt 0.764951 0.661998
vt 0.752770 0.662479
vt 0.204290 0.494560
vt 0.196782 0.505786
vt 0.177997 0.488335
vt 0.252318 0.685115
vt 0.025076 0.051740
vt 0.955774 0.548293
vt 0.939389 0.541749
vt 0.957930 0.531289
vt 0.872676 0.605574
vt 0.031300 0.044181
vt 0.390978 0.773095
vt 0.400632 0.788780
vt 0.764923 0.681300
vt 0.873016 0.618256
vt 0.869538 0.624725
vt 0.961699 0.536068
vt 0.210841 0.021979
vt 0.929937 0.651683
vt 0.561077 0.190368
vt 0.792965 0.658178
vt 0.819388 0.646528
vt 0.410697 0.799540
vt 0.765622 0.694393
vt 0.468165 0.317359
vt 0.892185 0.875699
vt 0.108336 0.349383
vt 0.129334 0.375043
vt 0.109778 0.369381
vt 0.871688 0.633844
vt 0.406811 0.324868
vt 0.427990 0.327362
vt 0.795556 0.527670
vt 0.166926 0.501892
vt 0.187023 0.533512
vt 0.163718 0.530364
vt 0.897829 0.851051
vt 0.942723 0.506815
vt 0.282564 0.841338
vt 0.434557 0.435135
vt 0.467479 0.437172
vt 0.441256 0.445925
vt 0.148708 0.803442
vt 0.142487 0.815957
vt 0.274475 0.873959
vt 0.706452 0.987017
vt 0.678480 0.984263
vt 0.685220 0.948931
vt 0.179009 0.020887
vt 0.895989 0.818819
vt 0.788101 0.526330
vt 0.787764 0.502690
vt 0.069708 0.857385
vt 0.026941 0.376013
vt 0.868896 0.586943
vt 0.781979 0.488615
vt 0.784799 0.479505
vt 0.720387 0.290765
vt 0.709003 0.300124
vt 0.704315 0.288562
vt 0.916367 0.655128
vt 0.913507 0.632748
vt 0.265850 0.421244
vt 0.711290 0.278324
vt 0.867829 0.581016
vt 0.267645 0.100598
vt 0.932420 0.511095
vt 0.903745 0.636707
vt 0.784029 0.021757
vt 0.800051 0.016589
vt 0.804726 0.020390
vt 0.498501 0.445820
vt 0.480818 0.443286
vt 0.499113 0.430140
vt 0.195824 0.205632
vt 0.179887 0.221805
vt 0.185433 0.204330
vt 0.180589 0.038440
vt 0.192337 0.223889
vt 0.348950 0.107813
vt 0.795170 0.509065
vt 0.690555 0.274087
vt 0.153109 0.983140
vt 0.164150 0.984630
vt 0.923411 0.628669
vt 0.960855 0.188152
vt 0.964381 0.182102
vt 0.977986 0.191800
vt 0.895804 0.798517
vt 0.896513 0.804295
vt 0.945113 0.643557
vt 0.932161 0.604243
vt 0.820023 0.622292
vt 0.530686 0.806373
vt 0.525987 0.832258
vt 0.519180 0.818434
vt 0.549245 0.815821
vt 0.819393 0.362537
vt 0.852268 0.191402
vt 0.103017 0.898496
vt 0.133738 0.931950
vt 0.543044 0.838233
vt 0.024672 0.036140
vt 0.015974 0.273073
vt 0.423129 0.775121
vt 0.373178 0.854742
vt 0.359068 0.869666
vt 0.363307 0.839311
vt 0.278392 0.379381
vt 0.919376 0.695074
vt 0.935610 0.691882
vt 0.935084 0.703936
vt 0.158800 0.222161
vt 0.155902 0.209311
vt 0.682529 0.312614
vt 0.175872 0.239772
vt 0.665705 0.333183
vt 0.661896 0.345248
vt 0.659178 0.338926
vt 0.699481 0.268175
vt 0.182329 0.414095
vt 0.174033 0.416270
vt 0.177282 0.407918
vt 0.349908 0.853539
vt 0.922793 0.741906
vt 0.916175 0.740939
vt 0.923877 0.719180
vt 0.020885 0.559422
vt 0.899457 0.838795
vt 0.590098 0.179116
vt 0.185693 0.239970
vt 0.676616 0.297648
vt 0.830971 0.760280
vt 0.836457 0.782042
vt 0.812163 0.771167
vt 0.962249 0.193416
vt 0.295121 0.623155
vt 0.563056 0.844942
vt 0.575294 0.807785
vt 0.556522 0.799675
vt 0.692567 0.950423
vt 0.187313 0.390146
vt 0.092592 0.845138
vt 0.568858 0.232903
vt 0.553329 0.222771
vt 0.562328 0.218664
vt 0.003133 0.032466
vt 0.130156 0.983808
vt 0.654347 0.330602
vt 0.657928 0.319956
vt 0.705915 0.964113
vt 0.403382 0.782251
vt 0.172535 0.542684
vt 0.034129 0.032007
vt 0.917596 0.516087
vt 0.580689 0.178511
vt 0.521324 0.444901
vt 0.518109 0.440959
vt 0.519850 0.426796
vt 0.506251 0.445654
vt 0.516274 0.445789
vt 0.505071 0.422983
vt 0.365180 0.775057
vt 0.914529 0.506749
vt 0.294129 0.649478
vt 0.255705 0.670807
vt 0.311653 0.669929
vt 0.522162 0.857884
vt 0.917173 0.619562
vt 0.338934 0.885336
vt 0.330400 0.873802
vt 0.156676 0.556394
vt 0.172106 0.558461
vt 0.163282 0.562864
vt 0.480863 0.426452
vt 0.093140 0.827118
vt 0.847084 0.280367
vt 0.839233 0.281745
vt 0.842064 0.272220
vt 0.842875 0.188870
vt 0.152337 0.551240
vt 0.509594 0.842879
vt 0.791267 0.477684
vt 0.927706 0.545883
vt 0.369192 0.761310
vt 0.028802 0.033083
vt 0.596645 0.238287
vt 0.581315 0.259154
vt 0.333217 0.835979
vt 0.267902 0.597113
vt 0.660046 0.288847
vt 0.452288 0.986657
vt 0.453271 0.970571
vt 0.472580 0.984303
vt 0.107540 0.414286
vt 0.544519 0.191286
vt 0.316788 0.856198
vt 0.671393 0.319659
vt 0.889819 0.647057
vt 0.869580 0.654338
vt 0.882343 0.634766
vt 0.524286 0.442709
vt 0.814655 0.790769
vt 0.840213 0.796218
vt 0.807560 0.519985
vt 0.811367 0.549983
vt 0.670217 0.973520
vt 0.945840 0.474461
vt 0.951527 0.458988
vt 0.964691 0.458115
vt 0.100678 0.214139
vt 0.103803 0.153265
vt 0.111366 0.169341
vt 0.572878 0.175123
vt 0.539276 0.232467
vt 0.550226 0.251922
vt 0.843555 0.541066
vt 0.844801 0.519777
vt 0.857555 0.546554
vt 0.818303 0.783405
vt 0.932764 0.711319
vt 0.941563 0.720480
vt 0.146951 0.989946
vt 0.820927 0.376162
vt 0.248183 0.664368
vt 0.249473 0.676571
vt 0.551169 0.871695
vt 0.143716 0.220929
vt 0.744913 0.476655
vt 0.140959 0.208127
vt 0.137761 0.215096
vt 0.130516 0.206135
vt 0.584821 0.836485
vt 0.664378 0.303057
vt 0.657017 0.993563
vt 0.649268 0.985247
vt 0.892156 0.618230
vt 0.776174 0.727037
vt 0.122379 0.210962
vt 0.127278 0.220053
vt 0.651215 0.315687
vt 0.652043 0.310083
vt 0.524633 0.424702
vt 0.533937 0.442852
vt 0.928401 0.562167
vt 0.236461 0.217113
vt 0.240830 0.192730
vt 0.247754 0.217070
vt 0.655840 0.303352
vt 0.495929 0.973910
vt 0.505770 0.970682
vt 0.501482 0.987332
vt 0.564928 0.653307
vt 0.569125 0.629287
vt 0.620904 0.636360
vt 0.774473 0.736903
vt 0.744990 0.757932
vt 0.335839 0.815449
vt 0.822713 0.344175
vt 0.368620 0.816764
vt 0.909969 0.610288
vt 0.901011 0.610696
vt 0.275635 0.218142
vt 0.271132 0.207729
vt 0.282039 0.206471
vt 0.254199 0.653433
vt 0.093979 0.447927
vt 0.116336 0.446782
vt 0.194435 0.391988
vt 0.948929 0.088020
vt 0.917244 0.123768
vt 0.915399 0.088515
vt 0.866295 0.238035
vt 0.857853 0.275418
vt 0.878616 0.660577
vt 0.872131 0.660904
vt 0.849236 0.660731
vt 0.851325 0.668173
vt 0.516372 0.419017
vt 0.356742 0.799664
vt 0.164717 0.567659
vt 0.151281 0.571381
vt 0.014140 0.539552
vt 0.005401 0.539941
vt 0.003638 0.526236
vt 0.183197 0.379919
vt 0.189793 0.385257
vt 0.148256 0.236076
vt 0.184742 0.376399
vt 0.885934 0.624635
vt 0.274153 0.425208
vt 0.286421 0.423878
vt 0.134261 0.225785
vt 0.671124 0.264446
vt 0.577061 0.863407
vt 0.022372 0.434079
vt 0.002884 0.403380
vt 0.026278 0.401154
vt 0.831165 0.300485
vt 0.837592 0.292530
vt 0.262168 0.563179
vt 0.601784 0.831887
vt 0.070541 0.160450
vt 0.263054 0.590070
vt 0.262954 0.587403
vt 0.856943 0.667311
vt 0.262726 0.580949
vt 0.518606 0.880197
vt 0.149898 0.524007
vt 0.014062 0.515897
vt 0.229208 0.189777
vt 0.221613 0.215931
vt 0.218142 0.188430
vt 0.845959 0.254880
vt 0.113916 0.646341
vt 0.128327 0.620065
vt 0.138240 0.629956
vt 0.662455 0.966995
vt 0.875550 0.661079
vt 0.888514 0.742573
vt 0.891361 0.724149
vt 0.903696 0.742559
vt 0.217750 0.365455
vt 0.135842 0.062039
vt 0.138348 0.069698
vt 0.127604 0.090258
vt 0.127624 0.058439
vt 0.216266 0.037035
vt 0.218433 0.038933
vt 0.226109 0.049666
vt 0.477505 0.953881
vt 0.407760 0.773371
vt 0.801219 0.494733
vt 0.951727 0.302337
vt 0.930406 0.290385
vt 0.953039 0.287945
vt 0.256194 0.182122
vt 0.261963 0.215131
vt 0.647658 0.283100
vt 0.174340 0.360982
vt 0.252620 0.198989
vt 0.162082 0.257575
vt 0.506516 0.870044
vt 0.501536 0.858943
vt 0.300601 0.872748
vt 0.223416 0.049862
vt 0.284736 0.430079
vt 0.300428 0.390698
vt 0.156755 0.579992
vt 0.151380 0.588045
vt 0.826891 0.689753
vt 0.797070 0.685411
vt 0.797236 0.661081
vt 0.198665 0.387672
vt 0.247457 0.366208
vt 0.069202 0.210591
vt 0.596006 0.800764
vt 0.865023 0.689256
vt 0.569708 0.617584
vt 0.595723 0.606116
vt 0.611371 0.618505
vt 0.876015 0.688028
vt 0.276991 0.183121
vt 0.138543 0.243992
vt 0.586534 0.551989
vt 0.580052 0.527286
vt 0.581972 0.527696
vt 0.853122 0.224254
vt 0.861382 0.224614
vt 0.753784 0.597735
vt 0.222159 0.069878
vt 0.253352 0.037223
vt 0.260546 0.036209
vt 0.859301 0.765794
vt 0.391972 0.753155
vt 0.568072 0.602817
vt 0.598044 0.593977
vt 0.817435 0.805690
vt 0.840941 0.808571
vt 0.827286 0.268966
vt 0.599145 0.872276
vt 0.465678 0.413836
vt 0.479923 0.410353
vt 0.463996 0.812963
vt 0.464733 0.792814
vt 0.491712 0.795141
vt 0.448794 0.782858
vt 0.452856 0.790406
vt 0.565722 0.175145
vt 0.923682 0.296305
vt 0.619974 0.815099
vt 0.304665 0.833160
vt 0.226739 0.059167
vt 0.191541 0.984420
vt 0.195213 0.968503
vt 0.194691 0.987217
vt 0.894824 0.450252
vt 0.852663 0.422440
vt 0.905709 0.434580
vt 0.751805 0.627913
vt 0.404141 0.760047
vt 0.611408 0.227932
vt 0.617082 0.271566
vt 0.937110 0.431169
vt 0.956441 0.428442
vt 0.953841 0.457482
vt 0.288399 0.192995
vt 0.482817 0.247701
vt 0.497882 0.251970
vt 0.487243 0.277668
vt 0.961550 0.585485
vt 0.968170 0.553713
vt 0.967058 0.599811
vt 0.773590 0.484431
vt 0.143704 0.449619
vt 0.584925 0.577553
vt 0.572355 0.565684
vt 0.089263 0.137852
vt 0.582727 0.888024
vt 0.154062 0.479278
vt 0.153167 0.486003
vt 0.821414 0.323442
vt 0.888308 0.666935
vt 0.246269 0.649571
vt 0.495699 0.987765
vt 0.356555 0.542976
vt 0.366105 0.572349
vt 0.345635 0.603819
vt 0.479175 0.972032
vt 0.909178 0.734161
vt 0.192026 0.414875
vt 0.326675 0.788354
vt 0.903007 0.915069
vt 0.905174 0.910146
vt 0.914528 0.887174
vt 0.499979 0.408244
vt 0.146107 0.532971
vt 0.147635 0.559056
vt 0.620595 0.541837
vt 0.584410 0.503271
vt 0.612535 0.503987
vt 0.588375 0.511109
vt 0.931366 0.263028
vt 0.949834 0.242189
vt 0.950800 0.267884
vt 0.561020 0.891884
vt 0.915989 0.277502
vt 0.876865 0.406530
vt 0.845893 0.394217
vt 0.167698 0.384271
vt 0.131885 0.239277
vt 0.638064 0.066767
vt 0.640567 0.041427
vt 0.655680 0.064952
vt 0.567544 0.277293
vt 0.707393 0.784058
vt 0.691903 0.798227
vt 0.696175 0.783052
vt 0.615678 0.332513
vt 0.629592 0.337765
vt 0.622773 0.349516
vt 0.846531 0.674299
vt 0.379597 0.750299
vt 0.688351 0.792545
vt 0.289603 0.839553
vt 0.377711 0.549463
vt 0.373120 0.544384
vt 0.935114 0.905689
vt 0.930912 0.917862
vt 0.654592 0.262986
vt 0.850787 0.736531
vt 0.687194 0.934851
vt 0.910950 0.897032
vt 0.902460 0.895078
vt 0.910974 0.882860
vt 0.940952 0.274761
vt 0.883162 0.664621
vt 0.938232 0.317767
vt 0.918721 0.320547
vt 0.921033 0.310627
vt 0.915602 0.778159
vt 0.918607 0.746107
vt 0.941804 0.767571
vt 0.895863 0.663574
vt 0.346195 0.776717
vt 0.696646 0.813671
vt 0.520524 0.403357
vt 0.303913 0.808257
vt 0.620514 0.846362
vt 0.659498 0.068616
vt 0.646617 0.071399
vt 0.656071 0.067591
vt 0.147976 0.261747
vt 0.466017 0.259277
vt 0.450334 0.317406
vt 0.425190 0.323690
vt 0.949349 0.120957
vt 0.607339 0.521170
vt 0.612409 0.530064
vt 0.496862 0.963618
vt 0.864574 0.806100
vt 0.816676 0.585735
vt 0.714014 0.816085
vt 0.816034 0.374248
vt 0.808184 0.370200
vt 0.373398 0.745462
vt 0.725401 0.796647
vt 0.852845 0.554626
vt 0.876887 0.732723
vt 0.836056 0.235464
vt 0.603959 0.349388
vt 0.536734 0.407716
vt 0.797438 0.474762
vt 0.195037 0.186604
vt 0.205880 0.183732
vt 0.591268 0.332748
vt 0.932527 0.237792
vt 0.240388 0.643807
vt 0.237039 0.646814
vt 0.616262 0.581881
vt 0.863516 0.782356
vt 0.735604 0.817879
vt 0.210132 0.459269
vt 0.208087 0.443327
vt 0.213217 0.463541
vt 0.175359 0.983183
vt 0.190332 0.967092
vt 0.866908 0.790840
vt 0.676452 0.804659
vt 0.411639 0.762696
vt 0.213413 0.172561
vt 0.403408 0.085556
vt 0.401150 0.081889
vt 0.414060 0.075086
vt 0.237876 0.306085
vt 0.249007 0.311437
vt 0.212532 0.340716
vt 0.407961 0.314761
vt 0.324247 0.380423
vt 0.314904 0.401229
vt 0.438455 0.409720
vt 0.460671 0.403576
vt 0.961242 0.324380
vt 0.957085 0.326628
vt 0.965129 0.315196
vt 0.128601 0.261346
vt 0.197248 0.467076
vt 0.203916 0.479635
vt 0.187411 0.480895
vt 0.128178 0.650100
vt 0.496116 0.402098
vt 0.624399 0.567143
vt 0.903229 0.649792
vt 0.902797 0.653034
vt 0.242143 0.298876
vt 0.253825 0.302352
vt 0.292873 0.435452
vt 0.654642 0.036654
vt 0.944349 0.329504
vt 0.952328 0.312128
vt 0.474227 0.267011
vt 0.295617 0.442791
vt 0.293416 0.441731
vt 0.588301 0.924932
vt 0.606367 0.904525
vt 0.592782 0.937413
vt 0.942887 0.312387
vt 0.248896 0.285424
vt 0.262780 0.286844
vt 0.176169 0.965341
vt 0.353179 0.538822
vt 0.898973 0.707832
vt 0.372053 0.524387
vt 0.392853 0.535002
vt 0.621477 0.511556
vt 0.159943 0.437761
vt 0.868861 0.738560
vt 0.616086 0.360899
vt 0.236247 0.348915
vt 0.683634 0.814566
vt 0.287712 0.819892
vt 0.816559 0.538582
vt 0.408093 0.069149
vt 0.304860 0.419941
vt 0.107952 0.649436
vt 0.134001 0.690827
vt 0.627862 0.367949
vt 0.504983 0.399343
vt 0.232818 0.169571
vt 0.516503 0.404165
vt 0.092212 0.357611
vt 0.080654 0.359180
vt 0.088468 0.347812
vt 0.815272 0.336974
vt 0.917482 0.257518
vt 0.621396 0.877669
vt 0.813032 0.503798
vt 0.324074 0.762768
vt 0.722896 0.836463
vt 0.149699 0.663960
vt 0.640615 0.838592
vt 0.606070 0.671112
vt 0.588197 0.678128
vt 0.592076 0.283207
vt 0.575530 0.285880
vt 0.485462 0.282434
vt 0.806930 0.354128
vt 0.875907 0.709047
vt 0.840500 0.852645
vt 0.836486 0.847439
vt 0.842143 0.835209
vt 0.865633 0.728004
vt 0.911084 0.258795
vt 0.902795 0.279744
vt 0.973045 0.081376
vt 0.947472 0.043938
vt 0.976689 0.074001
vt 0.668992 0.817988
vt 0.666612 0.811365
vt 0.622160 0.376812
vt 0.304987 0.778243
vt 0.741390 0.832663
vt 0.454761 0.775252
vt 0.834361 0.831339
vt 0.882133 0.377062
vt 0.858459 0.373536
vt 0.841430 0.698158
vt 0.835182 0.655649
vt 0.746422 0.842774
vt 0.735644 0.860804
vt 0.754094 0.577648
vt 0.222197 0.168976
vt 0.294292 0.795837
vt 0.672784 0.825930
vt 0.609483 0.377080
vt 0.955007 0.338131
vt 0.459515 0.708030
vt 0.442391 0.742487
vt 0.445553 0.697319
vt 0.768135 0.699043
vt 0.773894 0.683914
vt 0.197132 0.441856
vt 0.575909 0.349066
vt 0.938453 0.336410
vt 0.681635 0.835432
vt 0.432213 0.767123
vt 0.803047 0.366420
vt 0.413704 0.760533
vt 0.699892 0.839706
vt 0.804083 0.479572
vt 0.939359 0.069729
vt 0.932701 0.070751
vt 0.934331 0.054720
vt 0.072541 0.348161
vt 0.083814 0.334615
vt 0.288076 0.806562
vt 0.223136 0.361731
vt 0.254301 0.467590
vt 0.224667 0.471371
vt 0.225930 0.459157
vt 0.455238 0.952666
vt 0.273307 0.140428
vt 0.252567 0.152526
vt 0.235467 0.129898
vt 0.622721 0.529058
vt 0.908430 0.265897
vt 0.610328 0.393696
vt 0.620919 0.390646
vt 0.614190 0.397323
vt 0.824409 0.548420
vt 0.273728 0.307379
vt 0.554265 0.721222
vt 0.545972 0.733109
vt 0.545338 0.717172
vt 0.871656 0.049691
vt 0.863919 0.042205
vt 0.866631 0.031990
vt 0.452428 0.082964
vt 0.428691 0.084729
vt 0.437054 0.068951
vt 0.595342 0.397418
vt 0.392327 0.513458
vt 0.634323 0.546706
vt 0.638144 0.534647
vt 0.644610 0.546268
vt 0.207926 0.362120
vt 0.397009 0.927111
vt 0.396956 0.949418
vt 0.387722 0.946127
vt 0.588600 0.371971
vt 0.631914 0.587754
vt 0.714095 0.859041
vt 0.528717 0.720912
vt 0.939516 0.045246
vt 0.911274 0.711912
vt 0.518652 0.398003
vt 0.427013 0.989432
vt 0.384318 0.977299
vt 0.417308 0.975799
vt 0.734791 0.991096
vt 0.725627 0.980063
vt 0.738844 0.968996
vt 0.838485 0.872974
vt 0.091190 0.417135
vt 0.087671 0.416081
vt 0.081981 0.399534
vt 0.797249 0.706097
vt 0.795716 0.717935
vt 0.630214 0.606738
vt 0.470133 0.706254
vt 0.464408 0.745324
vt 0.307267 0.763031
vt 0.484887 0.946383
vt 0.510563 0.952906
vt 0.831211 0.062650
vt 0.833304 0.036443
vt 0.265909 0.315995
vt 0.143625 0.651692
vt 0.283490 0.168520
vt 0.269561 0.177540
vt 0.335229 0.462347
vt 0.308678 0.474287
vt 0.308372 0.459612
vt 0.610658 0.059411
vt 0.600405 0.052225
vt 0.611797 0.052167
vt 0.721700 0.882407
vt 0.735733 0.882906
vt 0.447237 0.246768
vt 0.404426 0.251244
vt 0.197742 0.953375
vt 0.198077 0.967050
vt 0.608939 0.069740
vt 0.605828 0.081161
vt 0.580697 0.076416
vt 0.070051 0.325787
vt 0.058864 0.320448
vt 0.064654 0.317773
vt 0.081863 0.409038
vt 0.499482 0.951619
vt 0.278236 0.286903
vt 0.554023 0.349847
vt 0.550978 0.373266
vt 0.539048 0.361666
vt 0.638946 0.588845
vt 0.642959 0.567153
vt 0.649553 0.589134
vt 0.307039 0.494370
vt 0.242357 0.502194
vt 0.416180 0.935618
vt 0.414195 0.953696
vt 0.539806 0.385111
vt 0.476408 0.399730
vt 0.654862 0.560180
vt 0.631291 0.555510
vt 0.062983 0.353652
vt 0.459633 0.067527
vt 0.566871 0.372442
vt 0.573799 0.394477
vt 0.201855 0.424694
vt 0.862306 0.058933
vt 0.189642 0.947875
vt 0.604676 0.042522
vt 0.693542 0.860080
vt 0.432931 0.934405
vt 0.238088 0.353706
vt 0.824667 0.528303
vt 0.200622 0.872428
vt 0.183827 0.906615
vt 0.175842 0.880427
vt 0.058660 0.341586
vt 0.409009 0.998752
vt 0.520880 0.397915
vt 0.377244 0.951379
vt 0.382893 0.929257
vt 0.545636 0.703836
vt 0.631165 0.598410
vt 0.057510 0.361622
vt 0.286739 0.289568
vt 0.290026 0.308716
vt 0.584828 0.058385
vt 0.916671 0.336203
vt 0.334584 0.534817
vt 0.757764 0.960370
vt 0.757211 0.971606
vt 0.749326 0.979773
vt 0.163775 0.906846
vt 0.168520 0.911627
vt 0.162861 0.908972
vt 0.968820 0.876631
vt 0.978297 0.870935
vt 0.980235 0.877470
vt 0.718681 0.149760
vt 0.709800 0.141788
vt 0.725877 0.134057
vt 0.515163 0.392951
vt 0.284229 0.316163
vt 0.181443 0.460190
vt 0.827735 0.728526
vt 0.039953 0.207225
vt 0.573976 0.008660
vt 0.566631 0.006328
vt 0.578158 0.005306
vt 0.260295 0.600597
vt 0.252493 0.612912
vt 0.242723 0.592840
vt 0.966641 0.869539
vt 0.439261 0.058436
vt 0.443547 0.058689
vt 0.048192 0.334912
vt 0.269028 0.330224
vt 0.888003 0.700969
vt 0.748807 0.952954
vt 0.646291 0.938145
vt 0.623631 0.930640
vt 0.639765 0.877654
vt 0.432856 0.954808
vt 0.032389 0.390442
vt 0.031350 0.366863
vt 0.484598 0.736436
vt 0.486189 0.692911
vt 0.501792 0.721493
vt 0.348828 0.514653
vt 0.668327 0.585794
vt 0.965090 0.445047
vt 0.964872 0.436629
vt 0.981411 0.437168
vt 0.651480 0.871321
vt 0.654690 0.879435
vt 0.637603 0.562696
vt 0.048839 0.345967
vt 0.796067 0.846179
vt 0.785872 0.853879
vt 0.789251 0.827653
vt 0.979526 0.279282
vt 0.975963 0.281003
vt 0.978001 0.273295
vt 0.130503 0.348491
vt 0.121083 0.284689
vt 0.150648 0.343499
vt 0.748974 0.144502
vt 0.744595 0.136682
vt 0.751656 0.134708
vt 0.290570 0.352747
vt 0.829520 0.869485
vt 0.970098 0.271733
vt 0.049282 0.149657
vt 0.194842 0.948736
vt 0.547272 0.691628
vt 0.563736 0.694036
vt 0.565730 0.724210
vt 0.711374 0.251341
vt 0.682091 0.259454
vt 0.682173 0.249430
vt 0.972197 0.281359
vt 0.960829 0.264553
vt 0.986434 0.278402
vt 0.289998 0.320585
vt 0.040005 0.338889
vt 0.553538 0.693556
vt 0.840577 0.727709
vt 0.379366 0.497836
vt 0.414839 0.965758
vt 0.393611 0.974034
vt 0.502142 0.947845
vt 0.585957 0.051486
vt 0.904737 0.015854
vt 0.913682 0.008429
vt 0.914007 0.015064
vt 0.040037 0.344651
vt 0.730105 0.148139
vt 0.319900 0.713839
vt 0.321053 0.658909
vt 0.347280 0.641590
vt 0.840140 0.891812
vt 0.796376 0.725145
vt 0.074223 0.289097
vt 0.102165 0.236705
vt 0.095604 0.288675
vt 0.974382 0.038316
vt 0.972413 0.904111
vt 0.499231 0.945206
vt 0.882073 0.693011
vt 0.861242 0.069854
vt 0.858901 0.071265
vt 0.825145 0.828004
vt 0.830875 0.825880
vt 0.970002 0.458013
vt 0.190491 0.909767
vt 0.167293 0.472797
vt 0.149566 0.278730
vt 0.178166 0.297782
vt 0.631524 0.510624
vt 0.650258 0.506899
vt 0.634817 0.523057
vt 0.678905 0.150890
vt 0.678815 0.116872
vt 0.941380 0.353493
vt 0.663085 0.236789
vt 0.680987 0.237094
vt 0.733296 0.253432
vt 0.722250 0.261555
vt 0.725229 0.229777
vt 0.899469 0.922267
vt 0.898920 0.927097
vt 0.893884 0.928603
vt 0.634123 0.502507
vt 0.543562 0.687591
vt 0.656704 0.527476
vt 0.667289 0.259349
vt 0.661117 0.250487
vt 0.667748 0.885740
vt 0.574692 0.012021
vt 0.564115 0.012539
vt 0.561276 0.009575
vt 0.500738 0.684406
vt 0.966345 0.258701
vt 0.184651 0.927896
vt 0.712837 0.231650
vt 0.980396 0.455186
vt 0.821512 0.065931
vt 0.881569 0.910461
vt 0.444594 0.047913
vt 0.441227 0.028522
vt 0.445547 0.035853
vt 0.393138 0.968512
vt 0.321074 0.054655
vt 0.336487 0.055920
vt 0.326679 0.059073
vt 0.256001 0.974343
vt 0.247001 0.970899
vt 0.246504 0.965240
vt 0.174848 0.440010
vt 0.665030 0.892265
vt 0.823050 0.848536
vt 0.310899 0.718529
vt 0.326150 0.723431
vt 0.652837 0.516290
vt 0.570466 0.041807
vt 0.572969 0.051062
vt 0.794011 0.824916
vt 0.802148 0.828111
vt 0.747418 0.242443
vt 0.744482 0.263133
vt 0.842736 0.903015
vt 0.836495 0.904934
vt 0.832408 0.533764
vt 0.829840 0.552518
vt 0.864014 0.261938
vt 0.880928 0.244262
vt 0.872739 0.286830
vt 0.212914 0.611394
vt 0.247180 0.630064
vt 0.174950 0.424340
vt 0.932797 0.034163
vt 0.784688 0.878647
vt 0.665145 0.562490
vt 0.209402 0.906166
vt 0.383480 0.055894
vt 0.378251 0.054990
vt 0.384410 0.042820
vt 0.873075 0.238542
vt 0.877794 0.220301
vt 0.654728 0.545148
vt 0.827013 0.888473
vt 0.377931 0.969935
vt 0.761477 0.135415
vt 0.761180 0.125860
vt 0.318350 0.080108
vt 0.326676 0.106002
vt 0.290957 0.101472
vt 0.677973 0.860675
vt 0.674656 0.903738
vt 0.338795 0.931814
vt 0.330601 0.891176
vt 0.361983 0.909988
vt 0.934736 0.353575
vt 0.236594 0.965981
vt 0.236801 0.976390
vt 0.816495 0.840546
vt 0.820064 0.825603
vt 0.016910 0.173969
vt 0.000577 0.173563
vt 0.024247 0.164562
vt 0.906865 0.685959
vt 0.676631 0.910976
vt 0.670335 0.937625
vt 0.221250 0.899936
vt 0.664163 0.496868
vt 0.600224 0.016347
vt 0.613258 0.004484
vt 0.619056 0.012283
vt 0.165288 0.925130
vt 0.864124 0.944062
vt 0.883703 0.950874
vt 0.699016 0.222417
vt 0.715664 0.221534
vt 0.342419 0.722849
vt 0.873737 0.928061
vt 0.706467 0.119916
vt 0.216082 0.582802
vt 0.233193 0.572362
vt 0.414121 0.042251
vt 0.414279 0.056851
vt 0.721097 0.118702
vt 0.880680 0.893103
vt 0.896916 0.895630
vt 0.329645 0.457144
vt 0.335094 0.444953
vt 0.331382 0.458199
vt 0.514788 0.169234
vt 0.498478 0.234665
vt 0.482423 0.171280
vt 0.308963 0.736515
vt 0.322430 0.744696
vt 0.322956 0.747623
vt 0.816221 0.880813
vt 0.384549 0.029116
vt 0.775686 0.870839
vt 0.771037 0.888816
vt 0.751867 0.888932
vt 0.738339 0.231764
vt 0.075081 0.231416
vt 0.332761 0.443038
vt 0.296335 0.050478
vt 0.328101 0.042385
vt 0.209171 0.948511
vt 0.241855 0.919347
vt 0.228403 0.942504
vt 0.315381 0.067614
vt 0.340829 0.063455
vt 0.567064 0.048640
vt 0.822581 0.073538
vt 0.556615 0.012855
vt 0.893017 0.251926
vt 0.033284 0.746402
vt 0.033461 0.750763
vt 0.026470 0.735722
vt 0.895616 0.686528
vt 0.029795 0.751670
vt 0.313365 0.064175
vt 0.225120 0.918245
vt 0.802110 0.855987
vt 0.566867 0.068547
vt 0.516559 0.233310
vt 0.206941 0.631061
vt 0.812745 0.826899
vt 0.413394 0.030096
vt 0.264563 0.966225
vt 0.255553 0.958240
vt 0.281877 0.953181
vt 0.684124 0.919052
vt 0.872574 0.905440
vt 0.984173 0.342913
vt 0.981225 0.363645
vt 0.977783 0.359700
vt 0.796538 0.880797
vt 0.786171 0.890929
vt 0.202504 0.562181
vt 0.224579 0.547714
vt 0.248358 0.562389
vt 0.626718 0.008388
vt 0.380966 0.033643
vt 0.949386 0.890822
vt 0.965105 0.913741
vt 0.944525 0.905518
vt 0.324703 0.452860
vt 0.330663 0.432698
vt 0.173891 0.936908
vt 0.164156 0.451607
vt 0.052848 0.289426
vt 0.837963 0.465497
vt 0.821001 0.450522
vt 0.841339 0.429685
vt 0.524856 0.189330
vt 0.858479 0.885905
vt 0.890462 0.884767
vt 0.247756 0.976121
vt 0.839957 0.516099
vt 0.855741 0.459716
vt 0.860926 0.507369
vt 0.785413 0.442908
vt 0.811696 0.440330
vt 0.810229 0.451683
vt 0.623588 0.015082
vt 0.663278 0.543666
vt 0.361738 0.464339
vt 0.352728 0.459737
vt 0.373525 0.455676
vt 0.811464 0.857500
vt 0.759434 0.904515
vt 0.622817 0.123920
vt 0.613241 0.085155
vt 0.636773 0.086581
vt 0.962596 0.866100
vt 0.952910 0.872875
vt 0.745145 0.115942
vt 0.228138 0.901987
vt 0.032732 0.736724
vt 0.039228 0.729689
vt 0.320356 0.120193
vt 0.320749 0.431683
vt 0.570647 0.442086
vt 0.574060 0.450460
vt 0.570383 0.460497
vt 0.185064 0.346738
vt 0.386099 0.452456
vt 0.382842 0.466205
vt 0.020981 0.753911
vt 0.011243 0.729181
vt 0.209284 0.922765
vt 0.384477 0.021826
vt 0.048427 0.227510
vt 0.733824 0.222847
vt 0.578876 0.449633
vt 0.853996 0.928194
vt 0.849759 0.918520
vt 0.481298 0.242631
vt 0.467151 0.236867
vt 0.471201 0.930091
vt 0.542407 0.911610
vt 0.510049 0.943425
vt 0.831254 0.912034
vt 0.532162 0.013509
vt 0.528933 0.007418
vt 0.553933 0.008530
vt 0.778681 0.460504
vt 0.347847 0.454405
vt 0.350007 0.431560
vt 0.299683 0.069486
vt 0.004729 0.752100
vt 0.002087 0.734709
vt 0.241815 0.956461
vt 0.741969 0.891264
vt 0.743336 0.875558
vt 0.390711 0.468202
vt 0.334947 0.459455
vt 0.893532 0.219361
vt 0.899440 0.197931
vt 0.914471 0.198461
vt 0.965854 0.350473
vt 0.689860 0.891594
vt 0.297991 0.957242
vt 0.681125 0.043811
vt 0.663784 0.054607
vt 0.658344 0.042895
vt 0.901270 0.235870
vt 0.850523 0.873472
vt 0.862952 0.876572
vt 0.809092 0.423595
vt 0.926771 0.877090
vt 0.225427 0.976679
vt 0.032365 0.728573
vt 0.200666 0.580934
vt 0.838374 0.547818
vt 0.813163 0.486225
vt 0.201427 0.594982
vt 0.773822 0.385384
vt 0.810338 0.383672
vt 0.797096 0.410591
vt 0.336883 0.504852
vt 0.752621 0.115720
vt 0.031634 0.967619
vt 0.056577 0.958808
vt 0.034345 0.982255
vt 0.184576 0.941607
vt 0.305363 0.966087
vt 0.248277 0.981157
vt 0.850243 0.075638
vt 0.867122 0.109433
vt 0.836505 0.100132
vt 0.854362 0.896390
vt 0.265169 0.943838
vt 0.245566 0.935254
vt 0.264969 0.919869
vt 0.356114 0.441800
vt 0.766153 0.926066
vt 0.733552 0.917994
vt 0.821830 0.901670
vt 0.835344 0.075755
vt 0.841261 0.914028
vt 0.821928 0.513622
vt 0.032205 0.717339
vt 0.944636 0.683386
vt 0.938332 0.669607
vt 0.951256 0.679119
vt 0.290402 0.072667
vt 0.581094 0.467037
vt 0.952143 0.650266
vt 0.852812 0.907425
vt 0.892614 0.314388
vt 0.896234 0.291969
vt 0.904019 0.298262
vt 0.534362 0.946945
vt 0.671039 0.542261
vt 0.911409 0.302594
vt 0.892583 0.349382
vt 0.877119 0.073641
vt 0.215821 0.224006
vt 0.226564 0.227666
vt 0.212124 0.241331
vt 0.775008 0.427868
vt 0.184669 0.271257
vt 0.872534 0.310940
vt 0.319855 0.350212
vt 0.328507 0.356758
vt 0.317993 0.350376
vt 0.669169 0.066115
vt 0.902423 0.188874
vt 0.271467 0.229714
vt 0.251729 0.237497
vt 0.255338 0.221047
vt 0.903691 0.219086
vt 0.713229 0.112111
vt 0.032325 0.419662
vt 0.033213 0.404744
vt 0.048116 0.411588
vt 0.649317 0.599880
vt 0.677041 0.602252
vt 0.644368 0.106566
vt 0.296558 0.226046
vt 0.290932 0.221154
vt 0.716360 0.944866
vt 0.739852 0.932908
vt 0.760352 0.941998
vt 0.452946 0.181703
vt 0.448605 0.234336
vt 0.808097 0.886004
vt 0.288184 0.066075
vt 0.464823 0.045418
vt 0.477735 0.034182
vt 0.476679 0.045781
vt 0.339024 0.956572
vt 0.356275 0.952854
vt 0.356981 0.968257
vt 0.249141 0.986640
vt 0.794245 0.894276
vt 0.044053 0.508012
vt 0.043042 0.482018
vt 0.059800 0.488811
vt 0.198564 0.574427
vt 0.396435 0.447040
vt 0.887875 0.128166
vt 0.869140 0.119518
vt 0.756559 0.412867
vt 0.875742 0.329598
vt 0.858416 0.958809
vt 0.862929 0.987884
vt 0.842212 0.961289
vt 0.848273 0.912262
vt 0.711015 0.910256
vt 0.965565 0.689607
vt 0.290681 0.949663
vt 0.280991 0.943130
vt 0.293764 0.931886
vt 0.343729 0.747214
vt 0.697710 0.908499
vt 0.549256 0.937372
vt 0.780418 0.906689
vt 0.847202 0.892530
vt 0.475126 0.063679
vt 0.901735 0.071133
vt 0.206168 0.296459
vt 0.932732 0.206634
vt 0.925050 0.215624
vt 0.896846 0.110091
vt 0.670814 0.512819
vt 0.672778 0.527234
vt 0.257194 0.890918
vt 0.592214 0.477690
vt 0.023968 0.705146
vt 0.509739 0.824755
vt 0.505620 0.839531
vt 0.500130 0.835177
vt 0.939458 0.197096
vt 0.921391 0.183066
vt 0.236078 0.991190
vt 0.513323 0.979405
vt 0.538172 0.968982
vt 0.533016 0.980064
vt 0.710539 0.036365
vt 0.718969 0.029694
vt 0.726125 0.062367
vt 0.797213 0.133486
vt 0.838213 0.159075
vt 0.821321 0.160314
vt 0.375799 0.993943
vt 0.358606 0.986745
vt 0.009812 0.705819
vt 0.731223 0.059388
vt 0.890895 0.474574
vt 0.899884 0.474220
vt 0.918605 0.485986
vt 0.291079 0.246654
vt 0.931210 0.474418
vt 0.218437 0.114973
vt 0.240794 0.095667
vt 0.244492 0.112477
vt 0.031506 0.705036
vt 0.894265 0.487870
vt 0.352595 0.149141
vt 0.363921 0.146347
vt 0.362450 0.187985
vt 0.515667 0.965373
vt 0.523592 0.964098
vt 0.601376 0.452488
vt 0.934961 0.458653
vt 0.891922 0.466518
vt 0.533030 0.963408
vt 0.343662 0.726546
vt 0.910071 0.457563
vt 0.362569 0.352777
vt 0.371658 0.364102
vt 0.357659 0.365561
vt 0.748021 0.452586
vt 0.866835 0.336517
vt 0.582925 0.493338
vt 0.564852 0.497321
vt 0.294009 0.091940
vt 0.673365 0.557897
vt 0.539596 0.953607
vt 0.905226 0.173154
vt 0.915893 0.167740
vt 0.041983 0.430726
vt 0.519831 0.987329
vt 0.026087 0.429674
vt 0.704992 0.932476
vt 0.333299 0.423790
vt 0.251250 0.097635
vt 0.262148 0.128060
vt 0.254730 0.129850
vt 0.028457 0.449021
vt 0.714910 0.917892
vt 0.792822 0.906881
vt 0.712331 0.002569
vt 0.721179 0.016395
vt 0.698751 0.016556
vt 0.750816 0.435434
vt 0.784752 0.277719
vt 0.805674 0.260948
vt 0.809451 0.280170
vt 0.403885 0.547304
vt 0.403770 0.540975
vt 0.412004 0.542232
vt 0.308789 0.919369
vt 0.338789 0.423273
vt 0.922448 0.164369
vt 0.939926 0.180538
vt 0.674182 0.540243
vt 0.767615 0.125825
vt 0.802039 0.116925
vt 0.000655 0.703469
vt 0.433907 0.186870
vt 0.779944 0.912874
vt 0.941327 0.191275
vt 0.374782 0.428647
vt 0.551427 0.989034
vt 0.808147 0.904350
vt 0.279926 0.899235
vt 0.257306 0.990076
vt 0.415718 0.466989
vt 0.543309 0.962671
vt 0.265074 0.106779
vt 0.695919 0.007366
vt 0.405488 0.535562
vt 0.275500 0.124085
vt 0.591793 0.490129
vt 0.436742 0.558051
vt 0.434119 0.537029
vt 0.421831 0.542596
vt 0.407209 0.525871
vt 0.433649 0.525965
vt 0.552776 0.961336
vt 0.560855 0.954025
vt 0.418884 0.508428
vt 0.430007 0.514927
vt 0.924197 0.446673
vt 0.889415 0.457653
vt 0.012165 0.903742
vt 0.018598 0.909054
vt 0.008929 0.926586
vt 0.032752 0.326230
vt 0.042206 0.317773
vt 0.045048 0.326180
vt 0.330609 0.365971
vt 0.333926 0.354651
vt 0.334216 0.366689
vt 0.934602 0.451451
vt 0.031347 0.287159
vt 0.018987 0.297618
vt 0.896606 0.451237
vt 0.219831 0.993825
vt 0.215899 0.981467
vt 0.562392 0.961009
vt 0.619043 0.472200
vt 0.431463 0.542598
vt 0.250071 0.991799
vt 0.049322 0.458120
vt 0.030012 0.470726
vt 0.276399 0.110339
vt 0.409933 0.573105
vt 0.820481 0.911330
vt 0.267827 0.260329
vt 0.327994 0.149274
vt 0.308267 0.153613
vt 0.335297 0.192295
vt 0.564033 0.959378
vt 0.381398 0.350529
vt 0.404524 0.356708
vt 0.566217 0.972723
vt 0.395102 0.430313
vt 0.445485 0.494813
vt 0.441525 0.498889
vt 0.442476 0.488664
vt 0.230935 0.255657
vt 0.062997 0.422587
vt 0.352632 0.352336
vt 0.447476 0.510908
vt 0.442255 0.542039
vt 0.807121 0.301076
vt 0.677272 0.568122
vt 0.059866 0.036611
vt 0.072556 0.030020
vt 0.067512 0.036296
vt 0.427006 0.465671
vt 0.022086 0.327807
vt 0.310338 0.203700
vt 0.442697 0.464748
vt 0.451808 0.538675
vt 0.357104 0.425517
vt 0.915432 0.056236
vt 0.896818 0.065968
vt 0.895538 0.053960
vt 0.067635 0.468498
vt 0.839985 0.116432
vt 0.059690 0.414072
vt 0.677141 0.496937
vt 0.063752 0.049547
vt 0.419232 0.447991
vt 0.302417 0.890842
vt 0.476617 0.827285
vt 0.474639 0.849007
vt 0.471206 0.826198
vt 0.081349 0.035493
vt 0.098447 0.034296
vt 0.914509 0.070725
vt 0.347131 0.751062
vt 0.104248 0.023927
vt 0.598142 0.495176
vt 0.056676 0.435040
vt 0.097392 0.043804
vt 0.570362 0.988465
vt 0.362352 0.384974
vt 0.355379 0.381673
vt 0.451829 0.641158
vt 0.442929 0.676162
vt 0.421607 0.635542
vt 0.594693 0.495993
vt 0.108597 0.034546
vt 0.214727 0.271813
vt 0.386345 0.426770
vt 0.797389 0.340817
vt 0.803927 0.354303
vt 0.757215 0.355269
vt 0.022877 0.909149
vt 0.019459 0.916392
vt 0.460125 0.501853
vt 0.448103 0.495053
vt 0.462320 0.468385
vt 0.065208 0.065261
vt 0.080518 0.055430
vt 0.099263 0.066517
vt 0.451005 0.530773
vt 0.919790 0.056729
vt 0.924916 0.045799
vt 0.930604 0.049015
vt 0.067671 0.480254
vt 0.372674 0.391539
vt 0.104266 0.052793
vt 0.440813 0.163909
vt 0.446715 0.474235
vt 0.206818 0.989213
vt 0.457189 0.858891
vt 0.462953 0.829601
vt 0.764491 0.297076
vt 0.677005 0.517569
vt 0.645574 0.461021
vt 0.629779 0.479362
vt 0.619582 0.458474
vt 0.747962 0.275696
vt 0.759334 0.266337
vt 0.752271 0.337573
vt 0.035598 0.088793
vt 0.035774 0.093684
vt 0.032964 0.093607
vt 0.242556 0.266810
vt 0.028450 0.107501
vt 0.035669 0.096058
vt 0.021751 0.924408
vt 0.024911 0.923092
vt 0.918109 0.073563
vt 0.065015 0.447131
vt 0.805729 0.325061
vt 0.776838 0.314650
vt 0.920564 0.070153
vt 0.449593 0.473917
vt 0.553093 0.419100
vt 0.543240 0.404837
vt 0.550539 0.404446
vt 0.479263 0.843377
vt 0.439834 0.614567
vt 0.400820 0.624253
vt 0.347365 0.209137
vt 0.759108 0.323105
vt 0.463468 0.489933
vt 0.468898 0.493238
vt 0.226766 0.280842
vt 0.402439 0.610917
vt 0.427771 0.447434
vt 0.431726 0.599426
vt 0.399744 0.591395
vt 0.012954 0.100541
vt 0.415746 0.589871
vt 0.367001 0.901591
vt 0.382375 0.886755
vt 0.373096 0.917996
vt 0.222275 0.291820
vt 0.216421 0.285651
vt 0.242823 0.283627
vt 0.271802 0.272492
vt 0.931060 0.082284
vt 0.079087 0.444480
vt 0.227649 0.997692
vt 0.420978 0.451479
vt 0.077348 0.423104
vt 0.059808 0.828342
vt 0.028132 0.823740
vt 0.053878 0.806953
vt 0.089083 0.431505
vt 0.649941 0.474808
vt 0.923412 0.080720
vt 0.354910 0.726920
vt 0.773906 0.028962
vt 0.778696 0.028397
vt 0.778949 0.032944
vt 0.372683 0.224647
vt 0.396189 0.253127
vt 0.382646 0.267126
vt 0.525860 0.074263
vt 0.513091 0.085986
vt 0.521310 0.062464
vt 0.027516 0.837723
vt 0.051111 0.837777
vt 0.033893 0.840981
vt 0.164794 0.579120
vt 0.171515 0.576626
vt 0.175622 0.584728
vt 0.163639 0.585917
vt 0.358947 0.276580
vt 0.327667 0.264207
vt 0.356993 0.251315
vt 0.561437 0.088502
vt 0.554007 0.079544
vt 0.564624 0.082655
vt 0.029120 0.091531
vt 0.411233 0.379205
vt 0.451182 0.587407
vt 0.424173 0.350855
vt 0.752982 0.308552
vt 0.782970 0.030964
vt 0.502458 0.477427
vt 0.506079 0.499047
vt 0.496372 0.496266
vt 0.445689 0.455538
vt 0.448505 0.456016
vt 0.568729 0.426053
vt 0.558775 0.434283
vt 0.367267 0.054215
vt 0.353380 0.044468
vt 0.374273 0.038208
vt 0.398482 0.914809
vt 0.567891 0.409731
vt 0.446634 0.898099
vt 0.418110 0.901285
vt 0.432739 0.871796
vt 0.540871 0.089271
vt 0.428004 0.924637
vt 0.023671 0.929517
vt 0.179754 0.591163
vt 0.169638 0.590804
vt 0.173637 0.587761
vt 0.441490 0.448333
vt 0.488933 0.477747
vt 0.487246 0.498270
vt 0.191062 0.630861
vt 0.204879 0.639590
vt 0.204721 0.643880
vt 0.480331 0.860501
vt 0.394241 0.870706
vt 0.402539 0.871850
vt 0.417659 0.869300
vt 0.363441 0.034696
vt 0.360310 0.026441
vt 0.372017 0.026239
vt 0.567893 0.403703
vt 0.572001 0.416876
vt 0.288633 0.024694
vt 0.287835 0.021436
vt 0.298002 0.025704
vt 0.181717 0.602509
vt 0.183398 0.593314
vt 0.456413 0.603822
vt 0.467840 0.469559
vt 0.164002 0.601420
vt 0.570113 0.403313
vt 0.014431 0.936636
vt 0.573318 0.435883
vt 0.568834 0.435749
vt 0.196636 0.613097
vt 0.181095 0.609022
vt 0.408597 0.925594
vt 0.363911 0.054801
vt 0.419016 0.427423
vt 0.005373 0.928270
vt 0.008685 0.934908
vt 0.405675 0.425315
vt 0.424583 0.362265
vt 0.487755 0.459913
vt 0.024092 0.109885
vt 0.320006 0.226176
vt 0.532359 0.467939
vt 0.533186 0.494739
vt 0.186281 0.647369
vt 0.584142 0.427759
vt 0.401339 0.214318
vt 0.400715 0.225930
vt 0.571286 0.403186
vt 0.582280 0.404456
vt 0.189454 0.605648
vt 0.396966 0.229123
vt 0.482467 0.870404
vt 0.290960 0.028442
vt 0.458560 0.450295
vt 0.025582 0.934813
vt 0.162886 0.648267
vt 0.292035 0.032946
vt 0.285373 0.030672
vt 0.466176 0.452384
vt 0.496261 0.856181
vt 0.338729 0.216768
vt 0.164024 0.607400
vt 0.169264 0.631382
vt 0.501717 0.454313
vt 0.482676 0.449288
vt 0.623940 0.443022
vt 0.615612 0.444915
vt 0.609686 0.434355
vt 0.361622 0.054422
vt 0.398581 0.203849
vt 0.293503 0.038662
vt 0.159653 0.620760
vt 0.350461 0.055781
vt 0.339415 0.047738
vt 0.620817 0.423465
vt 0.588760 0.403910
vt 0.610809 0.410748
vt 0.591856 0.422462
vt 0.026643 0.938243
vt 0.589395 0.439005
vt 0.618792 0.402180
vt 0.626488 0.407099
vt 0.184012 0.675231
vt 0.402440 0.415829
vt 0.378109 0.407523
vt 0.495813 0.870282
vt 0.342347 0.032642
vt 0.150010 0.049028
vt 0.158477 0.035487
vt 0.164544 0.038126
vt 0.353036 0.023716
vt 0.004428 0.119531
vt 0.343765 0.058696
vt 0.536944 0.054898
vt 0.549454 0.049344
vt 0.547211 0.059577
vt 0.152695 0.039369
vt 0.328317 0.019628
vt 0.328905 0.022592
vt 0.309677 0.027284
vt 0.335452 0.023579
vt 0.344428 0.023050
vt 0.145944 0.044430
vt 0.146764 0.028191
vt 0.162467 0.043018
vt 0.952177 0.413579
vt 0.959473 0.425857
vt 0.957205 0.426395
vt 0.308842 0.038815
vt 0.965554 0.931928
vt 0.961002 0.937934
vt 0.956984 0.933685
vt 0.962026 0.419253
vt 0.960690 0.422815
vt 0.968935 0.427237
vt 0.967194 0.963992
vt 0.960339 0.967290
vt 0.958927 0.959396
vt 0.652469 0.435260
vt 0.137895 0.050556
vt 0.963875 0.415634
vt 0.526970 0.035361
vt 0.525248 0.055021
vt 0.303930 0.043014
vt 0.329539 0.035609
vt 0.972923 0.936354
vt 0.974685 0.958538
vt 0.333113 0.029101
vt 0.527332 0.449035
vt 0.540909 0.031632
vt 0.009168 0.674988
vt 0.015872 0.691414
vt 0.005530 0.696189
vt 0.971224 0.416938
vt 0.968647 0.407026
vt 0.569674 0.026058
vt 0.569375 0.031857
vt 0.560356 0.036253
vt 0.028150 0.018772
vt 0.037636 0.017323
vt 0.031741 0.023597
vt 0.551887 0.032155
vt 0.965938 0.411350
vt 0.679384 0.074205
vt 0.686793 0.063834
vt 0.688200 0.073715
vt 0.120587 0.047546
vt 0.132545 0.056333
vt 0.674688 0.065965
vt 0.162970 0.674183
vt 0.150406 0.131221
vt 0.159042 0.104589
vt 0.169983 0.138163
vt 0.958496 0.402696
vt 0.030099 0.008158
vt 0.971403 0.402965
vt 0.975889 0.404147
vt 0.654258 0.404018
vt 0.696600 0.069192
vt 0.016121 0.017086
vt 0.711800 0.059494
vt 0.719137 0.076081
vt 0.010343 0.010677
vt 0.019196 0.002708
vt 0.531646 0.026443
vt 0.717852 0.054314
vt 0.122248 0.041514
vt 0.703003 0.049705
vt 0.020245 0.792594
vt 0.011621 0.778238
vt 0.023970 0.774738
vt 0.007466 0.775965
vt 0.009584 0.790407
vt 0.006391 0.789064
vt 0.132558 0.032067
vt 0.693623 0.087759
vt 0.556476 0.022496
vt 0.946754 0.421628
vt 0.951359 0.407684
vt 0.017731 0.026857
vt 0.683649 0.076356
vt 0.033627 0.758656
vt 0.042552 0.760203
vt 0.031154 0.765026
vt 0.115661 0.020475
vt 0.546669 0.022869
vt 0.007016 0.002603
vt 0.680531 0.059414
vt 0.022438 0.668962
vt 0.012715 0.651628
vt 0.028503 0.681061
vt 0.024440 0.695845
vt 0.118861 0.482905
vt 0.137480 0.475263
vt 0.141354 0.482019
vt 0.036436 0.689081
vt 0.010806 0.761822
vt 0.108014 0.026870
vt 0.117716 0.474683
vt 0.023844 0.647643
vt 0.006061 0.023897
vt 0.007420 0.029229
vt 0.702013 0.087028
vt 0.693223 0.047588
vt 0.036909 0.669119
vt 0.004312 0.017275
vt 0.036892 0.653481
vt 0.042904 0.655942
vt 0.151603 0.107325
vt 0.693964 0.092341
vt 0.704279 0.109272
vt 0.146963 0.141422
vt 0.133734 0.134711
vt 0.028706 0.758683
vt 0.136365 0.099844
vt 0.132292 0.116013
s 1
usemtl Material
f 2/1/1 886/2/2 1/3/3
f 1/3/3 698/4/4 2/1/1
f 1/3/3 886/2/2 430/5/5
f 430/5/5 3/6/6 1/3/3
f 698/7/4 1/8/3 699/9/7
f 699/10/7 1/3/3 3/6/6
f 886/2/2 2/1/1 433/11/8
f 886/12/2 889/13/9 430/14/5
f 4/15/10 431/16/11 887/17/12
f 2/18/1 698/7/4 888/19/13
f 888/19/13 433/20/8 2/18/1
f 432/21/14 430/14/5 889/13/9
f 431/16/11 4/15/10 6/22/15
f 886/2/2 433/11/8 434/23/16
f 4/15/10 1097/24/17 5/25/18
f 1246/26/19 887/17/12 431/16/11
f 1097/24/17 4/15/10 887/17/12
f 888/19/13 698/7/4 1247/27/20
f 431/16/11 435/28/21 1246/26/19
f 887/17/12 1246/26/19 1018/29/22
f 4/30/10 8/31/23 6/32/15
f 1018/29/22 1097/24/17 887/17/12
f 431/16/11 6/22/15 435/28/21
f 889/13/9 436/33/24 432/21/14
f 699/34/7 13/35/25 1020/36/26
f 1097/24/17 1019/37/27 5/25/18
f 9/38/28 1018/29/22 1246/26/19
f 698/7/4 7/39/29 1247/27/20
f 434/40/16 889/13/9 886/12/2
f 700/41/30 698/7/4 699/9/7
f 1157/42/31 1246/26/19 435/28/21
f 1024/43/32 18/44/33 700/45/30
f 888/19/13 1247/27/20 12/46/34
f 5/47/18 8/31/23 4/30/10
f 1246/48/19 1157/49/31 9/50/28
f 12/46/34 433/20/8 888/19/13
f 3/6/6 430/5/5 11/51/35
f 7/39/29 698/7/4 700/41/30
f 5/47/18 439/52/36 8/31/23
f 433/53/8 709/54/37 434/55/16
f 5/47/18 1019/56/27 15/57/38
f 6/32/15 8/31/23 438/58/39
f 6/32/15 1020/36/26 13/35/25
f 433/53/8 12/59/34 709/54/37
f 699/34/7 1021/60/40 16/61/41
f 701/62/42 890/63/43 434/40/16
f 434/40/16 890/63/43 889/13/9
f 699/34/7 3/64/6 13/35/25
f 435/28/21 13/65/25 437/66/44
f 432/21/14 436/33/24 702/67/45
f 11/51/35 435/28/21 437/66/44
f 1023/68/46 1097/24/17 1018/29/22
f 889/13/9 890/63/43 436/33/24
f 1157/42/31 11/51/35 10/69/47
f 435/28/21 6/22/15 13/65/25
f 442/70/48 1247/71/20 7/72/29
f 13/65/25 3/6/6 437/66/44
f 14/73/49 1018/74/22 9/50/28
f 3/6/6 11/51/35 437/66/44
f 1157/49/31 441/75/50 9/50/28
f 1018/74/22 14/73/49 1023/76/46
f 8/31/23 439/52/36 20/77/51
f 439/52/36 5/47/18 15/57/38
f 9/50/28 441/75/50 440/78/52
f 1157/42/31 435/28/21 11/51/35
f 1098/79/53 8/31/23 20/77/51
f 699/34/7 1024/43/32 700/45/30
f 432/80/14 11/51/35 430/5/5
f 1021/60/40 1020/36/26 6/32/15
f 438/58/39 16/61/41 6/32/15
f 432/21/14 17/81/54 10/82/47
f 1021/60/40 6/32/15 16/61/41
f 1022/83/55 436/33/24 890/63/43
f 432/21/14 10/82/47 11/84/35
f 438/58/39 1024/43/32 16/61/41
f 10/82/47 17/81/54 1157/49/31
f 438/58/39 8/31/23 1098/79/53
f 1021/60/40 699/34/7 1020/36/26
f 12/85/34 1247/71/20 444/86/56
f 440/78/52 14/73/49 9/50/28
f 1247/71/20 442/70/48 444/86/56
f 699/34/7 16/61/41 1024/43/32
f 700/87/30 442/88/48 7/89/29
f 1101/90/57 702/67/45 436/33/24
f 1157/49/31 17/81/54 443/91/58
f 442/88/48 700/87/30 1025/92/59
f 1024/93/32 438/94/39 18/95/33
f 434/40/16 461/96/60 701/62/42
f 1097/97/17 704/98/61 1194/99/62
f 1022/83/55 890/63/43 701/62/42
f 702/67/45 22/100/63 19/101/64
f 15/102/38 446/103/65 439/104/36
f 1157/49/31 443/91/58 19/101/64
f 1019/105/27 1097/106/17 1194/107/62
f 436/33/24 1022/83/55 1101/108/57
f 1023/76/46 14/73/49 891/109/66
f 19/101/64 17/81/54 432/21/14
f 23/110/67 15/102/38 1019/111/27
f 17/81/54 19/101/64 443/91/58
f 441/75/50 1157/49/31 19/101/64
f 440/78/52 441/75/50 892/112/68
f 12/85/34 444/86/56 709/113/37
f 438/94/39 21/114/69 18/95/33
f 1097/97/17 1023/115/46 704/98/61
f 1025/116/59 700/117/30 18/95/33
f 702/67/45 19/101/64 432/21/14
f 1025/116/59 18/95/33 21/114/69
f 1098/118/53 20/119/51 1158/120/70
f 440/121/52 1030/122/71 14/123/49
f 445/124/72 453/125/73 702/126/45
f 1098/127/53 21/114/69 438/94/39
f 441/75/50 19/101/64 22/100/63
f 1019/111/27 1194/128/62 893/129/74
f 446/130/65 20/119/51 439/131/36
f 1030/132/71 440/133/52 892/134/68
f 1101/135/57 1022/136/55 1027/137/75
f 21/138/69 1099/139/76 1025/92/59
f 21/140/69 1098/118/53 1099/141/76
f 702/142/45 1101/135/57 445/124/72
f 1022/136/55 701/143/42 1027/137/75
f 23/110/67 1019/111/27 893/129/74
f 702/67/45 1100/144/77 22/100/63
f 1194/107/62 704/145/61 1028/146/78
f 1026/147/79 893/148/74 1194/107/62
f 1194/107/62 1028/146/78 1026/147/79
f 1030/122/71 703/149/80 14/123/49
f 447/150/81 899/151/82 444/86/56
f 895/152/83 1023/115/46 891/153/66
f 447/154/81 444/155/56 442/88/48
f 22/100/63 1100/144/77 441/75/50
f 44/156/84 20/119/51 446/130/65
f 27/157/85 1025/92/59 1099/139/76
f 27/158/85 1099/141/76 451/159/86
f 1098/118/53 451/159/86 1099/141/76
f 1028/146/78 25/160/87 1230/161/88
f 450/162/89 892/134/68 441/163/50
f 25/160/87 1219/164/90 1230/161/88
f 702/126/45 453/125/73 1100/165/77
f 1219/164/90 24/166/91 1230/161/88
f 28/167/92 1098/118/53 1158/120/70
f 20/119/51 44/156/84 1158/120/70
f 1219/164/90 25/160/87 896/168/93
f 704/145/61 25/160/87 1028/146/78
f 703/149/80 891/169/66 14/123/49
f 899/151/82 709/113/37 444/86/56
f 29/170/94 1028/171/78 1230/172/88
f 1100/165/77 453/125/73 441/163/50
f 1098/118/53 28/167/92 451/159/86
f 441/163/50 453/125/73 450/162/89
f 1219/164/90 452/173/95 24/166/91
f 29/170/94 894/174/96 1028/171/78
f 1230/175/88 448/176/97 29/170/94
f 448/177/97 1230/161/88 24/166/91
f 704/98/61 895/152/83 454/178/98
f 1025/92/59 27/157/85 451/179/86
f 483/180/99 446/103/65 15/102/38
f 894/174/96 893/181/74 1026/182/79
f 442/88/48 1025/92/59 34/183/100
f 454/178/98 25/184/87 704/98/61
f 454/178/98 896/185/93 25/184/87
f 1029/186/101 452/187/95 1219/188/90
f 894/174/96 1026/182/79 1028/171/78
f 445/124/72 26/189/102 453/125/73
f 457/190/103 1101/135/57 1027/137/75
f 29/170/94 1032/191/104 894/174/96
f 711/192/105 445/124/72 1101/135/57
f 1219/188/90 896/185/93 1029/186/101
f 895/152/83 704/98/61 1023/115/46
f 453/125/73 26/189/102 450/162/89
f 449/193/106 1030/132/71 892/134/68
f 24/166/91 706/194/107 32/195/108
f 461/196/60 1027/137/75 701/143/42
f 24/166/91 32/195/108 448/177/97
f 893/181/74 894/174/96 23/197/67
f 1025/198/59 451/159/86 456/199/109
f 24/200/91 452/187/95 39/201/110
f 28/202/92 707/203/111 456/204/109
f 458/205/112 447/150/81 442/206/48
f 457/190/103 43/207/113 1101/135/57
f 910/208/114 891/169/66 703/149/80
f 24/200/91 39/201/110 706/209/107
f 34/183/100 458/210/112 442/88/48
f 15/102/38 23/110/67 483/180/99
f 447/150/81 455/211/115 899/151/82
f 1025/92/59 456/212/109 34/183/100
f 28/167/92 456/199/109 451/159/86
f 29/170/94 469/213/116 1032/191/104
f 725/214/117 44/215/84 446/103/65
f 1029/186/101 896/185/93 31/216/118
f 450/162/89 26/189/102 462/217/119
f 455/211/115 447/150/81 458/205/112
f 1102/218/120 32/195/108 706/194/107
f 897/219/121 30/220/122 705/221/123
f 445/124/72 711/192/105 462/217/119
f 1103/222/124 30/220/122 897/219/121
f 716/223/125 703/224/80 1030/132/71
f 449/193/106 892/134/68 450/162/89
f 895/152/83 31/216/118 454/178/98
f 28/225/92 1158/120/70 1037/226/126
f 483/180/99 23/110/67 900/227/127
f 32/195/108 1102/218/120 898/228/128
f 706/194/107 459/229/129 1102/218/120
f 469/230/116 29/170/94 448/176/97
f 707/231/111 34/183/100 456/212/109
f 53/232/130 31/216/118 895/152/83
f 705/221/123 33/233/131 897/219/121
f 31/216/118 896/185/93 454/178/98
f 452/187/95 1029/186/101 39/201/110
f 1102/218/120 45/234/132 898/228/128
f 448/176/97 32/235/108 460/236/133
f 30/220/122 38/237/134 705/221/123
f 1031/238/135 45/234/132 1102/218/120
f 1031/238/135 1102/218/120 459/229/129
f 1029/186/101 31/216/118 464/239/136
f 30/220/122 708/240/137 38/237/134
f 1103/241/124 897/242/121 36/243/138
f 1027/137/75 461/196/60 457/190/103
f 460/236/133 465/244/139 448/176/97
f 30/220/122 1103/222/124 1160/245/140
f 33/246/131 705/247/123 38/248/134
f 39/201/110 1195/249/141 706/209/107
f 900/227/127 23/110/67 894/250/96
f 465/251/139 469/252/116 448/253/97
f 41/254/142 32/235/108 898/255/128
f 41/254/142 460/236/133 32/235/108
f 1101/135/57 43/207/113 711/192/105
f 30/220/122 1160/245/140 708/240/137
f 445/124/72 462/217/119 26/189/102
f 1032/191/104 900/256/127 894/174/96
f 45/234/132 1031/238/135 40/257/143
f 707/231/111 42/258/144 34/183/100
f 35/259/145 897/219/121 33/233/131
f 725/214/117 446/103/65 483/180/99
f 460/236/133 712/260/146 465/244/139
f 1037/226/126 1158/120/70 44/156/84
f 36/261/138 901/262/147 1103/263/124
f 33/246/131 38/248/134 902/264/148
f 706/209/107 1195/249/141 37/265/149
f 898/255/128 45/266/132 41/254/142
f 1103/267/124 467/268/150 1160/269/140
f 706/209/107 1159/270/151 459/271/129
f 459/271/129 1159/270/151 47/272/152
f 706/209/107 37/265/149 1159/270/151
f 1031/273/135 47/272/152 40/274/143
f 463/275/153 38/248/134 708/276/137
f 1032/277/104 469/252/116 49/278/154
f 459/271/129 47/272/152 1031/273/135
f 35/279/145 1033/280/155 897/242/121
f 1033/280/155 36/243/138 897/242/121
f 468/281/156 41/254/142 45/266/132
f 707/203/111 28/202/92 42/282/144
f 66/283/157 457/190/103 461/196/60
f 1103/267/124 901/284/147 467/268/150
f 895/285/83 891/169/66 910/208/114
f 449/193/106 716/223/125 1030/132/71
f 463/275/153 708/276/137 710/286/158
f 902/264/148 38/248/134 1248/287/159
f 710/288/158 708/240/137 1105/289/160
f 28/202/92 1220/290/161 42/282/144
f 474/291/162 35/292/145 33/246/131
f 712/293/146 460/294/133 41/295/142
f 463/275/153 1248/287/159 38/248/134
f 1161/296/163 39/297/110 1029/298/101
f 713/299/164 48/300/165 466/301/166
f 1029/302/101 464/303/136 1161/304/163
f 41/295/142 1104/305/167 712/293/146
f 1104/306/167 41/254/142 468/281/156
f 44/307/84 725/308/117 1037/309/126
f 714/310/168 45/266/132 40/311/143
f 714/310/168 468/281/156 45/266/132
f 902/264/148 474/291/162 33/246/131
f 48/300/165 903/312/169 466/301/166
f 471/313/170 466/314/166 903/315/169
f 713/316/164 466/317/166 1035/318/171
f 34/183/100 717/319/172 1220/320/161
f 900/227/127 49/321/154 911/322/173
f 467/268/150 715/323/174 1160/269/140
f 1159/270/151 67/324/175 52/325/176
f 34/326/100 109/327/177 458/328/112
f 1159/270/151 37/265/149 67/324/175
f 50/329/178 901/262/147 36/261/138
f 711/192/105 55/330/179 462/217/119
f 47/331/152 492/332/180 40/333/143
f 900/227/127 1032/334/104 49/321/154
f 42/282/144 1220/290/161 717/335/172
f 55/330/179 450/162/89 462/217/119
f 50/329/178 36/261/138 1033/336/155
f 713/316/164 1035/318/171 1106/337/181
f 718/338/182 1035/318/171 466/317/166
f 47/272/152 1159/270/151 52/325/176
f 1105/339/160 708/240/137 1160/245/140
f 46/340/183 48/300/165 713/299/164
f 718/338/182 466/317/166 471/341/170
f 455/342/115 458/328/112 109/343/177
f 463/275/153 51/344/184 1248/287/159
f 1161/296/163 1195/345/141 39/297/110
f 719/346/185 903/347/169 48/300/165
f 720/348/186 467/349/150 901/262/147
f 1106/350/181 46/340/183 713/299/164
f 465/251/139 712/293/146 470/351/187
f 50/329/178 720/348/186 901/262/147
f 703/149/80 716/352/125 910/208/114
f 1195/345/141 67/353/175 37/354/149
f 34/355/100 1220/356/161 109/357/177
f 727/358/188 48/300/165 46/340/183
f 53/359/130 94/360/189 31/361/118
f 899/362/82 1197/363/190 709/364/37
f 98/365/191 1104/366/167 468/367/156
f 482/368/192 48/300/165 727/358/188
f 35/369/145 1036/370/193 1033/336/155
f 1162/371/194 712/293/146 1104/305/167
f 1035/318/171 718/338/182 59/372/195
f 474/291/162 902/264/148 74/373/196
f 465/251/139 58/374/197 469/252/116
f 1034/375/198 468/367/156 714/376/168
f 1169/377/199 475/378/200 910/208/114
f 51/379/184 463/275/153 710/286/158
f 1160/269/140 715/323/174 1105/380/160
f 482/368/192 719/346/185 48/300/165
f 464/303/136 31/361/118 94/360/189
f 465/251/139 470/351/187 909/381/201
f 472/382/202 476/383/203 54/384/204
f 473/385/205 472/382/202 54/384/204
f 1035/318/171 491/386/206 1106/387/181
f 62/388/207 46/340/183 1106/350/181
f 449/389/106 56/390/208 716/391/125
f 34/183/100 42/258/144 717/319/172
f 54/384/204 64/392/209 473/385/205
f 1035/318/171 59/372/195 722/393/210
f 461/196/60 130/394/211 66/283/157
f 69/395/212 74/396/196 902/397/148
f 472/398/202 57/399/213 476/400/203
f 56/401/208 449/193/106 450/162/89
f 1162/371/194 470/351/187 712/293/146
f 40/333/143 488/402/214 714/403/168
f 62/388/207 727/358/188 46/340/183
f 902/397/148 1248/404/159 69/395/212
f 1162/405/194 1104/366/167 98/365/191
f 464/303/136 478/406/215 1161/304/163
f 472/382/202 473/385/205 78/407/216
f 711/408/105 43/409/113 103/410/217
f 1197/363/190 899/362/82 455/411/115
f 1220/356/161 28/412/92 65/413/218
f 60/414/219 28/412/92 1037/415/126
f 54/416/204 476/417/203 479/418/220
f 718/419/182 471/313/170 495/420/221
f 488/402/214 40/333/143 1163/421/222
f 35/422/145 477/423/223 480/424/224
f 727/358/188 62/388/207 71/425/225
f 47/426/152 52/427/176 63/428/226
f 895/285/83 475/378/200 53/429/130
f 474/291/162 485/430/227 904/431/228
f 474/291/162 904/431/228 35/432/145
f 57/433/213 472/382/202 480/434/224
f 64/392/209 54/384/204 76/435/229
f 1220/356/161 65/413/218 109/357/177
f 57/399/213 477/423/223 904/436/228
f 1035/318/171 722/393/210 491/386/206
f 78/407/216 480/434/224 472/382/202
f 81/437/230 59/372/195 718/338/182
f 480/434/224 477/438/223 57/433/213
f 65/413/218 1038/439/231 109/357/177
f 54/416/204 479/418/220 76/440/229
f 64/441/209 73/442/232 473/443/205
f 477/423/223 35/422/145 904/436/228
f 481/444/233 476/417/203 57/445/213
f 491/386/206 83/446/234 1106/387/181
f 1036/447/193 35/279/145 480/434/224
f 487/448/235 467/449/150 720/450/186
f 725/451/117 483/452/99 907/453/236
f 78/407/216 68/454/237 480/434/224
f 1034/375/198 98/365/191 468/367/156
f 72/455/238 47/426/152 63/428/226
f 66/456/157 43/409/113 457/457/103
f 900/227/127 911/322/173 1107/458/239
f 55/330/179 711/192/105 61/459/240
f 471/313/170 1108/460/241 502/461/242
f 55/330/179 61/459/240 450/162/89
f 476/417/203 484/462/243 479/418/220
f 69/395/212 1248/404/159 504/463/244
f 68/454/237 1036/447/193 480/434/224
f 485/430/227 57/445/213 904/431/228
f 76/435/229 908/464/245 64/392/209
f 474/291/162 481/444/233 485/430/227
f 1107/458/239 483/180/99 900/227/127
f 485/430/227 481/444/233 57/445/213
f 1161/304/163 478/406/215 721/465/246
f 94/360/189 478/406/215 464/303/136
f 484/462/243 1039/466/247 479/418/220
f 903/315/169 719/467/185 499/468/248
f 910/208/114 475/378/200 895/285/83
f 40/333/143 492/332/180 1163/421/222
f 1033/336/155 1036/370/193 104/469/249
f 94/360/189 53/359/130 475/470/200
f 66/456/157 103/410/217 43/409/113
f 119/471/250 910/472/114 716/391/125
f 471/313/170 496/473/251 1108/460/241
f 722/393/210 59/372/195 81/437/230
f 469/252/116 58/374/197 490/474/252
f 68/475/237 78/476/216 905/477/253
f 484/462/243 476/417/203 481/444/233
f 75/478/254 1195/345/141 1161/296/163
f 1036/479/193 68/475/237 905/477/253
f 718/338/182 495/480/221 81/437/230
f 52/481/176 67/353/175 93/482/255
f 1162/405/194 82/483/256 470/484/187
f 28/412/92 60/414/219 65/413/218
f 487/448/235 715/485/174 467/449/150
f 711/486/105 103/487/217 95/488/257
f 474/291/162 486/489/258 481/444/233
f 78/476/216 473/443/205 73/442/232
f 909/381/201 58/374/197 465/251/139
f 474/291/162 79/490/259 486/489/258
f 481/444/233 513/491/260 484/462/243
f 67/353/175 1195/345/141 93/482/255
f 1105/492/160 128/493/261 710/494/158
f 908/495/245 77/496/262 64/497/209
f 711/486/105 95/488/257 61/498/240
f 70/499/263 723/500/264 494/501/265
f 496/473/251 471/313/170 903/315/169
f 78/476/216 906/502/266 905/477/253
f 62/388/207 1041/503/267 71/425/225
f 479/418/220 1039/466/247 76/440/229
f 96/504/268 1044/505/269 908/506/245
f 470/484/187 82/483/256 909/507/201
f 82/483/256 1162/405/194 98/365/191
f 494/508/265 1042/509/270 70/510/263
f 491/386/206 724/511/271 83/446/234
f 72/512/238 492/332/180 47/513/152
f 489/514/272 80/515/273 70/510/263
f 62/388/207 1106/350/181 105/516/274
f 496/473/251 903/315/169 499/468/248
f 60/414/219 1038/439/231 65/413/218
f 723/517/264 70/518/263 726/519/275
f 1106/350/181 83/520/234 105/516/274
f 1036/370/193 905/521/253 906/522/266
f 70/523/263 80/524/273 726/525/275
f 75/478/254 93/482/255 1195/345/141
f 77/526/262 73/442/232 64/441/209
f 489/514/272 70/510/263 1042/527/270
f 50/528/178 1033/529/155 514/530/276
f 728/531/277 487/448/235 720/450/186
f 481/444/233 486/489/258 79/490/259
f 49/278/154 469/252/116 490/474/252
f 714/403/168 488/402/214 1034/532/198
f 74/396/196 732/533/278 474/534/162
f 492/535/180 72/455/238 101/536/279
f 481/444/233 79/490/259 513/491/260
f 908/537/245 1044/538/269 91/539/280
f 734/540/281 491/386/206 722/393/210
f 1042/541/270 494/542/265 497/543/282
f 79/490/259 474/291/162 1110/544/283
f 725/308/117 115/545/284 1037/309/126
f 80/524/273 510/546/285 726/525/275
f 500/547/286 84/548/287 488/402/214
f 50/549/178 493/550/288 720/450/186
f 51/551/184 504/463/244 1248/404/159
f 906/522/266 86/552/289 1036/370/193
f 1163/421/222 500/547/286 488/402/214
f 727/358/188 735/553/290 482/368/192
f 722/393/210 81/437/230 912/554/291
f 104/555/249 514/530/276 1033/529/155
f 78/556/216 86/552/289 906/522/266
f 489/557/272 1042/541/270 1043/558/292
f 727/358/188 87/559/293 735/553/290
f 1037/309/126 115/545/284 60/560/219
f 80/524/273 85/561/294 510/546/285
f 90/562/295 494/501/265 723/500/264
f 720/450/186 493/550/288 728/531/277
f 474/534/162 732/533/278 1110/563/283
f 495/420/221 471/313/170 502/461/242
f 478/406/215 117/564/296 721/465/246
f 86/552/289 78/556/216 729/565/297
f 513/491/260 79/490/259 1110/544/283
f 1045/566/298 80/524/273 489/567/272
f 501/568/299 909/507/201 82/483/256
f 512/569/300 52/481/176 93/482/255
f 709/364/37 1197/363/190 1164/570/301
f 721/571/246 75/478/254 1161/296/163
f 52/481/176 512/569/300 63/572/226
f 908/537/245 91/539/280 97/573/302
f 490/574/252 58/575/197 516/576/303
f 501/568/299 88/577/304 909/507/201
f 56/390/208 450/578/89 95/488/257
f 495/579/221 1113/580/305 81/581/230
f 115/545/284 725/308/117 123/582/306
f 1034/532/198 488/402/214 84/548/287
f 730/583/307 1036/370/193 86/552/289
f 1036/370/193 100/584/308 104/469/249
f 82/483/256 98/365/191 501/568/299
f 73/585/232 729/565/297 78/556/216
f 723/586/264 726/587/275 503/588/309
f 108/589/310 1163/421/222 492/332/180
f 716/391/125 56/390/208 509/590/311
f 729/565/297 730/583/307 86/552/289
f 908/506/245 76/591/229 96/504/268
f 494/542/265 92/592/312 122/593/313
f 498/594/314 489/514/272 89/595/315
f 1042/541/270 497/543/282 731/596/316
f 734/540/281 724/511/271 491/386/206
f 1163/421/222 108/589/310 500/547/286
f 1041/503/267 62/388/207 1109/597/317
f 728/531/277 1048/598/318 487/448/235
f 494/542/265 90/599/295 92/592/312
f 1045/566/298 489/567/272 498/600/314
f 77/601/262 913/602/319 73/603/232
f 513/604/260 1110/563/283 732/533/278
f 497/543/282 494/542/265 122/593/313
f 450/578/89 61/498/240 95/488/257
f 1107/605/239 911/606/173 1118/607/320
f 1038/439/231 102/608/321 109/357/177
f 1040/609/322 715/485/174 487/448/235
f 723/500/264 503/610/309 90/562/295
f 128/493/261 51/551/184 710/494/158
f 109/611/177 932/612/323 1197/363/190
f 108/589/310 492/332/180 101/613/279
f 66/456/157 535/614/324 103/410/217
f 1044/615/269 96/616/268 90/599/295
f 80/524/273 1045/566/298 85/561/294
f 1107/617/239 907/453/236 483/452/99
f 475/618/200 118/619/325 94/620/189
f 1042/541/270 731/596/316 1043/621/292
f 484/622/243 513/604/260 99/623/326
f 498/600/314 1046/624/327 1045/566/298
f 1036/370/193 730/583/307 100/584/308
f 729/565/297 100/584/308 730/583/307
f 76/625/229 1039/626/247 924/627/328
f 1115/628/329 910/208/114 119/629/250
f 499/630/248 498/594/314 496/631/251
f 496/631/251 498/594/314 89/595/315
f 1044/632/269 90/633/295 503/634/309
f 71/425/225 1041/503/267 916/635/330
f 725/451/117 907/453/236 123/636/306
f 716/391/125 509/590/311 119/471/250
f 1046/637/327 498/594/314 499/630/248
f 96/616/268 92/592/312 90/599/295
f 910/208/114 1115/628/329 1169/377/199
f 92/592/312 914/638/331 122/593/313
f 62/388/207 105/516/274 1109/597/317
f 106/639/332 499/640/248 719/641/185
f 73/585/232 1165/642/333 729/565/297
f 504/463/244 51/551/184 1111/643/334
f 89/644/315 489/645/272 917/646/335
f 514/647/276 493/550/288 50/549/178
f 89/595/315 1108/648/241 496/631/251
f 99/623/326 1039/649/247 484/622/243
f 1043/650/292 917/646/335 489/645/272
f 505/651/336 497/543/282 122/593/313
f 99/623/326 924/652/328 1039/649/247
f 497/543/282 505/651/336 731/596/316
f 499/653/248 110/654/337 1046/624/327
f 49/655/154 107/656/338 911/606/173
f 507/657/339 1105/658/160 733/659/340
f 1169/377/199 118/660/325 475/378/200
f 914/638/331 92/592/312 96/616/268
f 1105/661/160 131/662/341 733/663/340
f 503/588/309 726/587/275 511/664/342
f 110/654/337 1045/566/298 1046/624/327
f 91/539/280 503/588/309 511/664/342
f 105/665/274 83/666/234 518/667/343
f 727/358/188 71/425/225 916/635/330
f 91/539/280 1044/668/269 503/588/309
f 908/495/245 739/669/344 77/496/262
f 66/670/157 130/671/211 535/672/324
f 74/396/196 132/673/345 732/533/278
f 106/639/332 719/641/185 482/674/192
f 89/644/315 917/646/335 1108/675/241
f 69/395/212 134/676/346 74/396/196
f 76/440/229 1166/677/347 96/678/268
f 97/679/302 515/680/348 908/495/245
f 114/681/349 1043/682/292 731/683/316
f 1197/363/190 455/411/115 109/611/177
f 913/684/319 1165/685/333 73/686/232
f 509/590/311 56/390/208 529/687/350
f 721/571/246 927/688/351 75/478/254
f 535/614/324 926/689/352 103/410/217
f 1047/690/353 1105/658/160 507/657/339
f 914/691/331 506/692/354 122/693/313
f 727/694/188 916/695/330 922/696/355
f 49/655/154 490/574/252 107/656/338
f 495/579/221 502/697/242 1113/580/305
f 1105/698/160 715/485/174 1040/609/322
f 1114/699/356 98/700/191 1034/701/198
f 917/646/335 502/702/242 1108/675/241
f 97/573/302 91/539/280 511/664/342
f 72/455/238 63/428/226 736/703/357
f 51/704/184 128/705/261 1111/706/334
f 734/540/281 722/393/210 912/554/291
f 504/707/244 129/708/358 69/709/212
f 102/608/321 1038/439/231 60/414/219
f 744/710/359 726/587/275 510/711/285
f 83/446/234 724/511/271 518/712/343
f 56/390/208 95/488/257 127/713/360
f 506/692/354 914/691/331 96/714/268
f 513/604/260 732/533/278 116/715/361
f 88/716/304 501/717/299 743/718/362
f 729/719/297 1165/685/333 921/720/363
f 732/533/278 132/673/345 116/715/361
f 75/478/254 738/721/364 93/482/255
f 508/722/365 912/723/291 81/724/230
f 87/725/293 727/694/188 922/696/355
f 507/726/339 113/727/366 741/728/367
f 499/653/248 106/729/332 110/654/337
f 915/730/368 100/731/308 729/719/297
f 507/732/339 741/733/367 1047/690/353
f 738/721/364 75/478/254 927/734/351
f 511/664/342 515/735/348 97/573/302
f 1040/609/322 487/448/235 1048/598/318
f 523/736/369 117/737/296 478/738/215
f 909/739/201 88/716/304 928/740/370
f 104/555/249 100/731/308 915/730/368
f 932/741/323 109/357/177 139/742/371
f 461/743/60 434/744/16 1218/745/372
f 60/414/219 112/746/373 102/608/321
f 740/747/374 511/664/342 726/587/275
f 1119/748/375 510/749/285 85/750/294
f 733/751/340 1240/752/376 507/726/339
f 1047/690/353 111/753/377 1105/658/160
f 1045/566/298 110/654/337 919/754/378
f 115/545/284 519/755/379 60/560/219
f 1047/690/353 741/733/367 111/753/377
f 721/756/246 1167/757/380 927/758/351
f 513/604/260 520/759/381 99/623/326
f 511/664/342 740/747/374 515/735/348
f 117/737/296 1167/757/380 721/756/246
f 127/713/360 95/488/257 103/487/217
f 76/625/229 924/627/328 1196/760/382
f 917/646/335 522/761/383 502/702/242
f 1240/762/376 733/763/340 131/662/341
f 743/718/362 928/740/370 88/716/304
f 124/764/384 108/589/310 101/613/279
f 1049/765/385 139/766/371 109/767/177
f 506/692/354 96/714/268 1166/768/347
f 128/769/261 1105/658/160 111/753/377
f 132/673/345 517/770/386 116/715/361
f 108/589/310 737/771/387 500/547/286
f 108/589/310 124/764/384 120/772/388
f 94/620/189 1170/773/389 523/736/369
f 107/656/338 1118/607/320 911/606/173
f 518/667/343 724/774/271 747/775/390
f 746/776/391 907/453/236 1107/617/239
f 508/722/365 81/724/230 1113/777/305
f 84/548/287 500/547/286 925/778/392
f 1198/779/393 919/754/378 110/654/337
f 84/548/287 925/778/392 1114/780/356
f 501/717/299 98/781/191 743/718/362
f 739/782/344 913/602/319 77/601/262
f 122/783/313 506/784/354 742/785/394
f 504/707/244 1111/706/334 129/708/358
f 502/697/242 144/786/395 1113/580/305
f 1198/779/393 110/654/337 106/729/332
f 108/589/310 120/772/388 737/771/387
f 84/548/287 1114/780/356 1034/532/198
f 93/787/255 738/788/364 512/789/300
f 744/710/359 740/747/374 726/587/275
f 1045/790/298 1119/748/375 85/791/294
f 506/784/354 1166/792/347 742/785/394
f 920/793/396 515/735/348 740/747/374
f 724/511/271 734/540/281 747/794/390
f 731/683/316 125/795/397 114/681/349
f 104/555/249 915/730/368 525/796/398
f 729/719/297 921/720/363 915/730/368
f 1112/797/399 482/674/192 735/798/290
f 113/727/366 507/726/339 1240/752/376
f 915/730/368 921/720/363 525/796/398
f 522/799/383 917/800/335 1043/801/292
f 434/802/16 709/364/37 1218/803/372
f 515/804/348 920/805/396 908/806/245
f 121/807/400 113/727/366 1240/752/376
f 744/808/359 510/749/285 1119/748/375
f 94/620/189 118/619/325 1170/773/389
f 58/809/197 909/739/201 928/740/370
f 739/782/344 908/806/245 920/805/396
f 114/810/349 522/799/383 1043/801/292
f 526/811/401 1166/792/347 76/625/229
f 513/604/260 116/715/361 520/759/381
f 76/812/229 1196/813/382 526/814/401
f 1045/566/298 919/754/378 1198/779/393
f 731/683/316 505/815/336 125/795/397
f 1109/597/317 538/816/402 1041/503/267
f 1112/797/399 106/639/332 482/674/192
f 102/608/321 112/746/373 109/357/177
f 60/560/219 519/755/379 112/817/373
f 754/818/403 516/576/303 58/575/197
f 122/783/313 742/785/394 126/819/404
f 1168/820/405 734/540/281 912/554/291
f 124/764/384 113/821/366 121/822/400
f 1240/762/376 131/662/341 136/823/406
f 127/713/360 529/687/350 56/390/208
f 514/530/276 104/555/249 137/824/407
f 505/815/336 122/825/313 536/826/408
f 121/822/400 120/772/388 124/764/384
f 1048/598/318 728/531/277 138/827/409
f 526/811/401 742/785/394 1166/792/347
f 521/828/410 111/829/377 741/830/367
f 742/785/394 526/811/401 126/819/404
f 128/831/261 111/832/377 521/828/410
f 101/536/279 923/833/411 124/834/384
f 1114/835/356 133/836/412 98/781/191
f 522/837/383 1117/838/413 502/839/242
f 116/715/361 517/770/386 520/759/381
f 500/547/286 737/771/387 925/778/392
f 913/602/319 1053/840/414 1165/841/333
f 923/833/411 101/536/279 72/455/238
f 94/620/189 523/736/369 478/738/215
f 508/722/365 169/842/415 912/723/291
f 1107/617/239 1118/843/320 746/776/391
f 754/818/403 58/575/197 928/844/370
f 1040/609/322 1048/598/318 753/845/416
f 137/824/407 104/555/249 525/796/398
f 1122/846/417 134/847/346 69/709/212
f 521/828/410 741/830/367 929/848/418
f 748/849/419 740/850/374 756/851/420
f 121/822/400 1050/852/421 120/772/388
f 134/853/346 132/854/345 74/855/196
f 754/818/403 928/844/370 918/856/422
f 493/857/288 514/858/276 159/859/423
f 512/569/300 736/860/357 63/572/226
f 132/673/345 745/861/424 517/770/386
f 505/815/336 536/826/408 125/795/397
f 127/713/360 103/487/217 933/862/425
f 739/782/344 1053/840/414 913/602/319
f 509/590/311 541/863/426 119/471/250
f 113/864/366 124/834/384 931/865/427
f 1113/580/305 144/866/395 524/867/428
f 737/771/387 120/772/388 1050/852/421
f 131/868/341 1105/698/160 1040/609/322
f 520/759/381 517/770/386 745/861/424
f 1119/748/375 1045/790/298 172/869/429
f 739/870/344 920/871/396 748/872/419
f 912/723/291 169/842/415 1168/873/405
f 1112/874/399 1198/875/393 106/876/332
f 490/574/252 516/576/303 528/877/430
f 741/878/367 113/864/366 931/865/427
f 140/879/431 1197/363/190 932/612/323
f 159/859/423 728/880/277 493/857/288
f 114/881/349 125/882/397 934/883/432
f 1050/852/421 121/822/400 1240/884/376
f 1117/838/413 144/885/395 502/839/242
f 740/886/374 748/872/419 920/871/396
f 136/823/406 131/662/341 527/887/433
f 1049/765/385 109/767/177 112/817/373
f 129/708/358 1122/846/417 69/709/212
f 528/877/430 107/656/338 490/574/252
f 133/836/412 743/718/362 98/781/191
f 87/725/293 937/888/434 735/889/290
f 1051/890/435 924/652/328 99/623/326
f 87/725/293 922/696/355 937/888/434
f 518/891/343 148/892/436 105/893/274
f 1198/875/393 1112/874/399 135/894/437
f 744/808/359 756/851/420 740/850/374
f 1109/895/317 105/893/274 758/896/438
f 521/828/410 530/897/439 128/831/261
f 1165/841/333 1053/840/414 921/898/363
f 512/789/300 738/788/364 1055/899/440
f 1114/900/356 925/901/392 531/902/441
f 72/455/238 1116/903/442 923/833/411
f 1045/790/298 1198/875/393 135/894/437
f 522/837/383 114/881/349 1117/838/413
f 930/904/443 123/636/306 907/453/236
f 538/816/402 1124/905/444 1041/503/267
f 743/906/362 539/907/445 928/844/370
f 1055/899/440 738/788/364 927/908/351
f 519/909/379 751/910/446 1049/911/385
f 525/796/398 921/720/363 137/824/407
f 99/912/326 520/913/381 1051/914/435
f 758/896/438 105/893/274 148/892/436
f 527/915/433 131/868/341 1040/609/322
f 132/854/345 752/916/447 745/917/424
f 929/848/418 530/897/439 521/828/410
f 128/705/261 149/918/448 1111/706/334
f 766/919/449 922/696/355 916/695/330
f 536/920/408 122/921/313 534/922/450
f 747/775/390 546/923/451 518/667/343
f 734/540/281 166/924/452 747/925/390
f 1109/895/317 758/896/438 538/926/402
f 539/907/445 145/927/453 928/844/370
f 743/906/362 133/928/412 539/907/445
f 124/834/384 923/833/411 931/865/427
f 926/929/352 933/862/425 103/487/217
f 929/848/418 741/930/367 931/931/427
f 1041/932/267 1124/933/444 916/695/330
f 516/576/303 754/818/403 528/877/430
f 752/916/447 520/913/381 745/917/424
f 534/934/450 122/935/313 126/936/404
f 126/936/404 526/814/401 534/934/450
f 545/937/454 728/880/277 159/859/423
f 519/755/379 1049/765/385 112/817/373
f 1117/838/413 114/881/349 934/883/432
f 933/862/425 529/687/350 127/713/360
f 136/823/406 1050/938/421 1240/762/376
f 545/937/454 138/939/409 728/880/277
f 1055/899/440 533/940/455 512/789/300
f 1119/748/375 749/941/456 744/808/359
f 509/590/311 529/687/350 541/863/426
f 1115/942/329 119/471/250 541/863/426
f 536/943/408 1251/944/457 125/882/397
f 137/824/407 141/945/458 549/946/459
f 537/947/460 736/703/357 940/948/461
f 518/667/343 546/923/451 148/949/436
f 921/720/363 141/945/458 137/824/407
f 1171/950/462 534/934/450 526/814/401
f 1168/820/405 166/924/452 734/540/281
f 736/703/357 537/947/460 72/455/238
f 763/951/463 1051/914/435 520/913/381
f 753/952/416 1048/953/318 138/939/409
f 137/824/407 549/946/459 514/530/276
f 523/736/369 1167/757/380 117/737/296
f 130/671/211 461/954/60 540/955/464
f 512/789/300 533/940/455 940/956/461
f 508/722/365 1113/777/305 524/957/428
f 142/958/465 1050/938/421 136/823/406
f 739/870/344 748/872/419 143/959/466
f 918/856/422 928/844/370 145/927/453
f 559/960/467 115/961/284 123/962/306
f 923/833/411 160/963/468 931/865/427
f 739/782/344 750/964/469 1053/840/414
f 924/965/328 1051/966/435 1196/967/382
f 755/968/470 135/894/437 1112/874/399
f 1045/790/298 135/894/437 755/968/470
f 931/931/427 160/969/468 929/848/418
f 512/789/300 940/956/461 736/970/357
f 932/971/323 774/972/471 140/973/431
f 746/776/391 1118/843/320 1199/974/472
f 549/975/459 141/976/458 543/977/473
f 737/771/387 1050/852/421 142/978/465
f 937/888/434 922/696/355 766/919/449
f 72/455/238 537/947/460 1116/903/442
f 1170/773/389 118/619/325 175/979/474
f 118/619/325 1169/980/199 175/979/474
f 1057/981/475 925/778/392 737/771/387
f 1117/838/413 542/982/476 144/885/395
f 751/983/446 139/766/371 1049/765/385
f 1055/899/440 927/908/351 154/984/477
f 128/831/261 530/897/439 938/985/478
f 531/902/441 177/986/479 1114/699/356
f 160/963/468 1116/903/442 548/987/480
f 764/988/481 735/989/290 937/990/434
f 1118/991/320 107/992/338 1199/993/472
f 538/926/402 758/896/438 552/994/482
f 152/995/483 752/916/447 132/854/345
f 1196/996/382 547/997/484 1171/998/462
f 1119/748/375 775/999/485 749/941/456
f 752/916/447 150/1000/486 520/913/381
f 751/910/446 941/1001/487 170/1002/488
f 508/722/365 524/957/428 187/1003/489
f 744/808/359 200/1004/490 1052/1005/491
f 1196/996/382 1171/998/462 526/1006/401
f 739/870/344 143/959/466 936/1007/492
f 1251/944/457 934/883/432 125/882/397
f 756/851/420 744/808/359 1052/1005/491
f 141/976/458 921/1008/363 543/977/473
f 755/968/470 172/869/429 1045/790/298
f 916/695/330 1124/933/444 772/1009/493
f 150/1000/486 752/916/447 152/995/483
f 749/941/456 200/1004/490 744/808/359
f 934/883/432 542/982/476 1117/838/413
f 735/1010/290 764/988/481 1112/1011/399
f 520/913/381 150/1000/486 763/951/463
f 1119/748/375 172/869/429 775/999/485
f 139/1012/371 751/910/446 170/1002/488
f 508/722/365 187/1003/489 158/1013/494
f 527/887/433 155/1014/495 136/823/406
f 1115/942/329 541/863/426 217/1015/496
f 1040/1016/322 181/1017/497 147/1018/498
f 756/851/420 1052/1005/491 1120/1019/499
f 1040/1020/322 147/1021/498 527/887/433
f 508/722/365 158/1013/494 169/842/415
f 531/902/441 925/901/392 532/1022/500
f 161/1023/501 528/1024/430 156/1025/502
f 529/687/350 198/1026/503 541/863/426
f 161/1023/501 107/992/338 528/1024/430
f 151/1027/504 536/920/408 534/922/450
f 943/1028/505 129/708/358 1111/706/334
f 746/776/391 930/904/443 907/453/236
f 559/960/467 519/909/379 115/961/284
f 1111/706/334 149/918/448 943/1028/505
f 217/1029/496 175/1030/474 1115/1031/329
f 144/866/395 542/1032/476 550/1033/506
f 1116/903/442 160/963/468 923/833/411
f 1122/846/417 935/1034/507 134/847/346
f 739/1035/344 553/1036/508 168/1037/509
f 1120/1038/499 936/1007/492 143/959/466
f 529/687/350 933/862/425 183/1039/510
f 142/958/465 136/823/406 155/1014/495
f 532/1022/500 925/1040/392 1057/1041/475
f 175/1042/474 1169/377/199 1115/628/329
f 1051/966/435 763/1043/463 1196/967/382
f 172/869/429 755/968/470 157/1044/511
f 929/848/418 938/985/478 530/897/439
f 1171/998/462 151/1027/504 534/922/450
f 737/1045/387 142/1046/465 1057/1041/475
f 148/1047/436 1121/1048/512 153/1049/513
f 145/927/453 539/907/445 918/856/422
f 1053/1050/414 557/1051/514 921/1008/363
f 747/775/390 146/1052/515 546/923/451
f 153/1049/513 758/1053/438 148/1047/436
f 1112/874/399 939/1054/516 755/968/470
f 772/1009/493 766/919/449 916/695/330
f 1164/1055/301 1197/363/190 140/879/431
f 151/1027/504 544/1056/517 536/920/408
f 155/1014/495 527/887/433 147/1021/498
f 750/1057/469 557/1051/514 1053/1050/414
f 739/1058/344 936/1059/492 553/1060/508
f 523/1061/369 1170/1062/389 176/1063/518
f 148/1064/436 759/1065/519 1121/1066/512
f 143/959/466 748/872/419 756/1067/420
f 759/1065/519 148/1064/436 546/1068/451
f 539/907/445 551/1069/520 918/856/422
f 144/866/395 550/1033/506 524/867/428
f 133/928/412 551/1069/520 539/907/445
f 751/910/446 519/909/379 941/1001/487
f 162/1070/521 532/1022/500 1057/1041/475
f 765/1071/522 758/1053/438 153/1049/513
f 1120/1038/499 143/959/466 756/1067/420
f 767/1072/523 1251/944/457 1056/1073/524
f 549/975/459 543/977/473 1200/1074/525
f 157/1075/511 755/1076/470 939/1077/516
f 547/997/484 544/1056/517 1171/998/462
f 757/1078/526 208/1079/527 926/929/352
f 514/1080/276 549/975/459 1054/1081/528
f 921/1008/363 1200/1074/525 543/977/473
f 557/1051/514 1200/1074/525 921/1008/363
f 764/988/481 939/1082/516 1112/1011/399
f 544/1056/517 151/1027/504 1171/998/462
f 767/1072/523 934/883/432 1251/944/457
f 1221/1083/529 1172/1084/530 761/1085/531
f 760/1086/532 1172/1084/530 1221/1083/529
f 537/947/460 940/948/461 1201/1087/533
f 133/836/412 1114/835/356 177/1088/479
f 1173/1089/534 929/848/418 160/1090/468
f 1123/1091/535 1172/1084/530 760/1086/532
f 1173/1089/534 938/985/478 929/848/418
f 152/995/483 770/1092/536 150/1000/486
f 757/1093/526 926/689/352 535/614/324
f 932/971/323 139/1012/371 1062/1094/537
f 152/995/483 132/854/345 770/1092/536
f 760/1095/532 1221/1096/529 163/1097/538
f 747/775/390 166/1098/452 146/1052/515
f 749/1099/456 775/1100/485 200/1101/490
f 537/947/460 548/987/480 1116/903/442
f 165/1102/539 178/1103/540 1121/1066/512
f 1251/944/457 536/943/408 1056/1073/524
f 1121/1048/512 178/1104/540 153/1049/513
f 171/1105/541 759/1065/519 546/1068/451
f 762/1106/542 1221/1107/529 761/1108/531
f 758/1053/438 765/1071/522 552/1109/482
f 182/1110/543 764/1111/481 937/1112/434
f 167/1113/544 163/1097/538 1221/1096/529
f 553/1114/508 936/1115/492 1120/1116/499
f 780/1117/545 535/672/324 130/671/211
f 783/1118/546 198/1026/503 529/687/350
f 189/1119/547 937/888/434 766/919/449
f 546/1068/451 146/1120/515 171/1105/541
f 178/1104/540 554/1121/548 153/1049/513
f 935/1122/507 1175/1123/549 132/1124/345
f 179/1125/550 157/1075/511 939/1077/516
f 514/858/276 1054/1126/528 159/859/423
f 760/1086/532 164/1127/551 1123/1091/535
f 555/1128/552 760/1086/532 163/1129/538
f 168/1037/509 1125/1130/553 739/1035/344
f 759/1065/519 165/1102/539 1121/1066/512
f 189/1131/547 182/1110/543 937/1112/434
f 1173/1089/534 180/1132/554 938/985/478
f 943/1133/505 1122/1134/417 129/1135/358
f 132/854/345 134/853/346 935/1136/507
f 934/883/432 206/1137/555 542/982/476
f 761/1108/531 1172/1138/530 173/1139/556
f 1125/1130/553 750/1140/469 739/1035/344
f 170/1002/488 1202/1141/557 1062/1094/537
f 156/1025/502 528/1024/430 754/1142/403
f 150/1000/486 202/1143/558 763/951/463
f 945/1144/559 536/920/408 544/1056/517
f 766/919/449 186/1145/560 189/1119/547
f 1055/1146/440 154/1147/477 1241/1148/561
f 554/1121/548 765/1071/522 153/1049/513
f 1167/1149/380 523/1061/369 176/1063/518
f 927/1150/351 1167/1149/380 215/1151/562
f 559/960/467 123/962/306 930/1152/443
f 559/960/467 941/1001/487 519/909/379
f 945/1144/559 1056/1153/524 536/920/408
f 1204/1154/563 538/926/402 561/1155/564
f 1124/1156/444 538/926/402 1204/1154/563
f 1172/1084/530 1123/1091/535 768/1157/565
f 1200/1074/525 1249/1158/566 549/975/459
f 760/1086/532 555/1128/552 164/1127/551
f 762/1159/542 769/1160/567 1221/1096/529
f 201/1161/568 918/1162/422 551/1163/520
f 926/929/352 208/1079/527 933/862/425
f 161/1023/501 1199/993/472 107/992/338
f 174/1164/569 176/1063/518 1170/1062/389
f 938/985/478 180/1132/554 128/1165/261
f 172/1166/429 157/1167/511 179/1168/550
f 1221/1096/529 769/1160/567 167/1113/544
f 561/1155/564 538/926/402 552/994/482
f 927/1150/351 215/1151/562 154/1147/477
f 133/836/412 177/1088/479 195/1169/570
f 201/1161/568 754/1142/403 918/1162/422
f 754/1142/403 201/1161/568 791/1170/571
f 1172/1084/530 768/1157/565 173/1171/556
f 1126/1172/572 162/1070/521 1057/1041/475
f 547/997/484 190/1173/573 544/1056/517
f 559/960/467 930/1152/443 218/1174/574
f 1175/1175/549 150/1000/486 770/1092/536
f 173/1139/556 762/1106/542 761/1108/531
f 943/1133/505 149/1176/448 781/1177/575
f 142/1046/465 1126/1172/572 1057/1041/475
f 556/1178/576 163/1097/538 167/1113/544
f 215/1151/562 1167/1149/380 176/1063/518
f 545/937/454 159/859/423 782/1179/577
f 765/1071/522 554/1121/548 562/1180/578
f 535/1181/324 780/1182/545 757/1183/526
f 155/1184/495 147/1018/498 181/1017/497
f 213/1185/579 772/1009/493 1124/933/444
f 771/1186/580 167/1113/544 769/1160/567
f 173/1139/556 558/1187/581 762/1106/542
f 1063/1188/582 158/1189/494 187/1190/489
f 1241/1148/561 533/1191/455 1055/1146/440
f 150/1192/486 1175/1123/549 202/1193/558
f 1123/1091/535 164/1127/551 768/1157/565
f 771/1186/580 556/1178/576 167/1113/544
f 162/1070/521 1127/1194/583 532/1022/500
f 531/902/441 566/1195/584 177/986/479
f 168/1037/509 553/1036/508 942/1196/585
f 808/1197/586 190/1198/573 547/1199/484
f 550/1200/506 187/1201/489 524/1202/428
f 772/1009/493 573/1203/587 186/1145/560
f 935/1204/507 1122/1134/417 944/1205/588
f 165/1102/539 759/1065/519 171/1105/541
f 780/1206/545 130/1207/211 540/1208/464
f 941/1001/487 1202/1141/557 170/1002/488
f 132/1124/345 1175/1123/549 770/1209/536
f 1120/1116/499 1052/1210/491 203/1211/589
f 796/1212/590 934/883/432 767/1072/523
f 943/1133/505 944/1205/588 1122/1134/417
f 1200/1074/525 557/1051/514 1249/1158/566
f 1060/1213/591 1201/1087/533 940/948/461
f 544/1056/517 190/1173/573 945/1144/559
f 560/1214/592 552/994/482 765/1215/522
f 768/1157/565 164/1127/551 194/1216/593
f 178/1103/540 165/1102/539 773/1217/594
f 178/1104/540 558/1187/581 554/1121/548
f 560/1214/592 561/1155/564 552/994/482
f 930/904/443 746/776/391 803/1218/595
f 558/1219/581 185/1220/596 762/1221/542
f 1058/1222/597 164/1127/551 555/1128/552
f 191/1223/598 554/1121/548 558/1187/581
f 942/1196/585 1120/1224/499 203/1225/589
f 183/1039/510 933/862/425 208/1079/527
f 1064/1226/599 557/1051/514 750/1057/469
f 1168/873/405 169/842/415 790/1227/600
f 769/1228/567 762/1221/542 575/1229/601
f 768/1230/565 184/1231/602 173/1139/556
f 566/1195/584 532/1022/500 1127/1194/583
f 1060/1232/591 940/1233/461 533/1191/455
f 808/1234/586 547/997/484 1196/996/382
f 1056/1235/524 199/1236/603 767/1237/523
f 558/1187/581 173/1139/556 946/1238/604
f 222/1239/605 783/1240/546 529/1241/350
f 558/1219/581 178/1103/540 773/1217/594
f 1060/1232/591 533/1191/455 1241/1148/561
f 1040/1242/322 753/1243/416 793/1244/606
f 1120/1224/499 942/1196/585 553/1036/508
f 1168/873/405 785/1245/607 166/1246/452
f 163/1097/538 556/1178/576 951/1247/608
f 209/1248/609 548/987/480 537/947/460
f 163/1097/538 951/1247/608 555/1249/552
f 549/975/459 1249/1158/566 1242/1250/610
f 255/1251/611 1249/1158/566 557/1051/514
f 542/1252/476 206/1253/555 550/1254/506
f 1204/1154/563 561/1155/564 205/1255/612
f 142/1256/465 155/1184/495 1126/1257/572
f 182/1110/543 189/1131/547 952/1258/613
f 185/1220/596 558/1219/581 773/1217/594
f 180/1259/554 960/1260/614 128/1261/261
f 1062/1094/537 139/1012/371 170/1002/488
f 172/1166/429 590/1262/615 775/1263/485
f 567/1264/616 188/1265/617 158/1189/494
f 169/1266/415 158/1189/494 790/1267/600
f 1241/1148/561 154/1147/477 789/1268/618
f 558/1187/581 946/1238/604 191/1223/598
f 555/1249/552 951/1247/608 571/1269/619
f 551/1163/520 133/1270/412 195/1271/570
f 1196/1272/382 763/1273/463 569/1274/620
f 186/1275/560 564/1276/621 189/1131/547
f 171/1105/541 779/1277/622 165/1102/539
f 186/1275/560 776/1278/623 564/1276/621
f 1199/974/472 803/1218/595 746/776/391
f 789/1268/618 154/1147/477 215/1151/562
f 750/1057/469 1125/1279/553 1064/1226/599
f 171/1280/541 146/1052/515 778/1281/624
f 568/1282/625 762/1221/542 185/1220/596
f 537/947/460 1201/1087/533 209/1248/609
f 562/1180/578 554/1121/548 191/1223/598
f 560/1283/592 765/1071/522 562/1180/578
f 164/1127/551 563/1284/626 194/1216/593
f 932/971/323 1062/1094/537 774/972/471
f 793/1285/606 181/1286/497 1040/1287/322
f 1249/1158/566 255/1251/611 1242/1250/610
f 158/1189/494 188/1265/617 790/1267/600
f 772/1009/493 186/1145/560 766/919/449
f 173/1139/556 184/1231/602 946/1238/604
f 568/1282/625 185/1220/596 773/1217/594
f 160/963/468 1203/1288/627 1173/1289/534
f 138/939/409 784/1290/628 753/952/416
f 576/1291/629 1058/1222/597 555/1128/552
f 531/902/441 532/1022/500 566/1195/584
f 1067/1292/630 187/1201/489 550/1200/506
f 1170/1062/389 175/1030/474 174/1164/569
f 545/937/454 782/1293/577 950/1294/631
f 790/1267/600 188/1265/617 193/1295/632
f 255/1251/611 557/1051/514 1064/1226/599
f 950/1296/631 138/939/409 545/937/454
f 792/1297/633 768/1157/565 194/1216/593
f 955/1298/634 161/1023/501 156/1025/502
f 1196/1272/382 569/1274/620 808/1299/586
f 220/1300/635 945/1301/559 570/1302/636
f 172/1166/429 179/1168/550 787/1303/637
f 213/1304/579 1124/1305/444 1204/1306/563
f 575/1229/601 762/1221/542 568/1282/625
f 773/1217/594 165/1102/539 779/1277/622
f 160/963/468 548/987/480 1203/1288/627
f 168/1037/509 942/1196/585 1231/1307/638
f 1061/1308/639 188/1265/617 567/1264/616
f 563/1284/626 164/1127/551 1058/1222/597
f 198/1309/503 583/1310/640 541/1311/426
f 564/1276/621 776/1278/623 1174/1312/641
f 192/1313/642 1174/1314/641 776/1315/623
f 192/1313/642 776/1315/623 777/1316/643
f 778/1281/624 146/1052/515 166/1098/452
f 188/1317/617 1061/1318/639 777/1319/643
f 780/1182/545 241/1320/644 757/1183/526
f 941/1001/487 949/1321/645 1202/1141/557
f 162/1070/521 577/1322/646 1127/1194/583
f 775/1323/485 579/1324/647 200/1325/490
f 595/1326/648 206/1253/555 934/1327/432
f 562/1180/578 207/1328/649 560/1283/592
f 186/1275/560 573/1329/587 776/1278/623
f 767/1237/523 199/1236/603 796/1330/590
f 945/1301/559 220/1300/635 1056/1235/524
f 1056/1235/524 220/1300/635 199/1236/603
f 1223/1331/650 779/1277/622 171/1105/541
f 792/1332/633 184/1333/602 768/1157/565
f 575/1334/601 771/1186/580 769/1160/567
f 1231/1307/638 942/1196/585 203/1225/589
f 1168/873/405 790/1227/600 785/1245/607
f 1061/1318/639 192/1335/642 777/1319/643
f 778/1281/624 1223/1336/650 171/1280/541
f 778/1281/624 166/1098/452 565/1337/651
f 177/1338/479 566/1339/584 195/1271/570
f 808/1340/586 1128/1341/652 190/1342/573
f 205/1255/612 561/1155/564 560/1214/592
f 197/1343/653 564/1276/621 1174/1344/641
f 162/1070/521 1126/1172/572 577/1322/646
f 550/1200/506 225/1345/654 1067/1292/630
f 189/1131/547 564/1276/621 952/1258/613
f 564/1276/621 197/1343/653 952/1258/613
f 555/1128/552 571/1346/619 576/1291/629
f 193/1295/632 188/1265/617 777/1347/643
f 753/1348/416 784/1349/628 1059/1350/655
f 567/1264/616 158/1189/494 1063/1188/582
f 567/1264/616 192/1351/642 1061/1308/639
f 550/1254/506 206/1253/555 581/1352/656
f 948/1353/657 773/1217/594 779/1277/622
f 934/1327/432 796/1330/590 595/1326/648
f 1054/1354/528 549/1355/459 1242/1356/610
f 787/1303/637 956/1357/658 272/1358/659
f 221/1359/660 939/1082/516 764/988/481
f 1174/1360/641 567/1361/616 572/1362/661
f 935/1122/507 797/1363/662 1175/1123/549
f 941/1001/487 559/960/467 287/1364/663
f 784/1349/628 138/1365/409 950/1366/631
f 763/1367/463 202/1193/558 569/1368/620
f 939/1369/516 787/1303/637 179/1168/550
f 191/1223/598 946/1238/604 562/1180/578
f 1058/1222/597 576/1291/629 1222/1370/664
f 204/1371/665 245/1372/666 175/1030/474
f 709/1373/37 1164/1374/301 1218/1375/372
f 1177/1376/667 1164/1377/301 140/973/431
f 580/1378/668 573/1203/587 772/1009/493
f 773/1217/594 948/1353/657 568/1282/625
f 590/1379/615 579/1324/647 775/1323/485
f 1065/1380/669 576/1291/629 571/1346/619
f 1222/1370/664 563/1284/626 1058/1222/597
f 788/1381/670 556/1178/576 771/1186/580
f 1174/1360/641 192/1382/642 567/1361/616
f 195/1383/570 801/1384/671 551/1385/520
f 951/1247/608 556/1178/576 788/1381/670
f 245/1372/666 174/1164/569 175/1030/474
f 180/1386/554 1173/1387/534 196/1388/672
f 221/1359/660 764/988/481 182/1389/543
f 562/1180/578 946/1238/604 207/1328/649
f 941/1001/487 259/1390/673 949/1321/645
f 149/1176/448 128/1391/261 960/1392/614
f 570/1393/636 945/1394/559 190/1395/573
f 550/1254/506 581/1352/656 225/1396/654
f 565/1397/651 166/1398/452 785/1399/607
f 572/1400/661 197/1401/653 1174/1402/641
f 803/1218/595 218/1403/574 930/904/443
f 155/1184/495 786/1404/674 1126/1257/572
f 1054/1354/528 782/1405/577 159/1406/423
f 1063/1407/582 187/1201/489 1067/1292/630
f 795/1408/675 194/1216/593 563/1284/626
f 774/972/471 1177/1376/667 140/973/431
f 803/1409/595 1199/993/472 254/1410/676
f 548/987/480 585/1411/677 1203/1288/627
f 1206/1412/678 567/1264/616 1063/1188/582
f 953/1413/679 205/1255/612 560/1214/592
f 222/1239/605 529/1241/350 183/1414/510
f 596/1415/680 197/1416/653 572/1417/661
f 208/1418/527 222/1239/605 183/1414/510
f 217/1419/496 541/1311/426 583/1310/640
f 161/1023/501 254/1410/676 1199/993/472
f 182/1110/543 952/1258/613 221/1420/660
f 571/1269/619 951/1247/608 228/1421/681
f 776/1422/623 573/1423/587 947/1424/682
f 176/1063/518 174/1164/569 245/1372/666
f 176/1063/518 226/1425/683 215/1151/562
f 754/1142/403 229/1426/684 156/1025/502
f 201/1161/568 551/1163/520 801/1427/671
f 1242/1356/610 248/1428/685 1054/1354/528
f 1125/1429/553 578/1430/686 1064/1431/599
f 216/1432/687 1231/1433/638 203/1434/589
f 1223/1331/650 948/1353/657 779/1277/622
f 574/1435/688 194/1216/593 795/1408/675
f 794/1436/689 200/1325/490 579/1324/647
f 210/1437/690 1173/1387/534 1203/1438/627
f 181/1017/497 591/1439/691 786/1404/674
f 568/1282/625 948/1353/657 219/1440/692
f 193/1441/632 777/1442/643 235/1443/693
f 795/1408/675 563/1284/626 1222/1370/664
f 574/1435/688 792/1297/633 194/1216/593
f 267/1444/694 943/1133/505 781/1177/575
f 184/1445/602 214/1446/695 946/1447/604
f 575/1448/601 568/1449/625 219/1450/692
f 790/1267/600 193/1295/632 235/1451/693
f 181/1017/497 786/1404/674 155/1184/495
f 275/1452/696 559/960/467 218/1174/574
f 548/987/480 209/1248/609 585/1411/677
f 946/1447/604 214/1446/695 207/1453/649
f 771/1186/580 212/1454/697 788/1381/670
f 197/1455/653 596/1415/680 952/1456/613
f 947/1424/682 1224/1457/698 776/1458/623
f 208/1418/527 757/1183/526 241/1320/644
f 953/1459/679 560/1283/592 207/1328/649
f 949/1321/645 1062/1094/537 1202/1141/557
f 267/1444/694 944/1205/588 943/1133/505
f 797/1363/662 935/1122/507 944/1460/588
f 168/1037/509 578/1461/686 1125/1130/553
f 580/1462/668 772/1463/493 213/1464/579
f 787/1303/637 272/1358/659 590/1262/615
f 1052/1465/491 200/1325/490 794/1436/689
f 1206/1412/678 572/1466/661 567/1264/616
f 955/1467/634 254/1468/676 161/1469/501
f 1231/1470/638 1205/1471/699 168/1472/509
f 1206/1412/678 1063/1188/582 211/1473/700
f 575/1334/601 212/1454/697 771/1186/580
f 571/1269/619 228/1421/681 1065/1474/669
f 214/1446/695 184/1445/602 958/1475/701
f 1060/1232/591 1241/1148/561 800/1476/702
f 217/1029/496 204/1371/665 175/1030/474
f 951/1247/608 788/1381/670 954/1477/703
f 576/1291/629 798/1478/704 1222/1370/664
f 785/1479/607 790/1480/600 235/1481/693
f 948/1353/657 1223/1331/650 224/1482/705
f 256/1483/706 777/1484/643 776/1485/623
f 960/1260/614 180/1259/554 196/1486/672
f 1242/1356/610 255/1487/611 1068/1488/707
f 939/1369/516 956/1357/658 787/1303/637
f 208/1418/527 236/1489/708 222/1239/605
f 947/1424/682 573/1423/587 580/1462/668
f 202/1193/558 1176/1490/709 569/1368/620
f 939/1082/516 221/1359/660 238/1491/710
f 210/1437/690 196/1388/672 1173/1387/534
f 184/1445/602 802/1492/711 958/1475/701
f 1060/1493/591 1207/1494/712 1201/1087/533
f 275/1452/696 218/1174/574 811/1495/713
f 184/1445/602 792/1496/633 802/1492/711
f 780/1206/545 540/1208/464 605/1497/714
f 783/1498/546 583/1310/640 198/1309/503
f 956/1357/658 939/1369/516 238/1499/710
f 575/1448/601 219/1450/692 799/1500/715
f 226/1425/683 176/1063/518 245/1372/666
f 287/1364/663 559/960/467 275/1452/696
f 1207/1501/712 1060/1232/591 800/1476/702
f 577/1322/646 1126/1172/572 786/1502/674
f 1068/1488/707 248/1428/685 1242/1356/610
f 190/1503/573 1128/1504/652 570/1302/636
f 1052/1465/491 216/1432/687 203/1434/589
f 1065/1380/669 798/1478/704 576/1291/629
f 947/1424/682 580/1462/668 213/1464/579
f 575/1448/601 799/1500/715 212/1505/697
f 1231/1433/638 216/1432/687 1205/1506/699
f 957/1507/716 953/1413/679 207/1508/649
f 582/1509/717 950/1366/631 782/1405/577
f 232/1510/718 1175/1123/549 797/1363/662
f 1064/1431/599 578/1430/686 255/1487/611
f 802/1492/711 792/1496/633 574/1511/688
f 1206/1512/678 242/1513/719 572/1514/661
f 954/1477/703 228/1421/681 951/1247/608
f 195/1383/570 566/1515/584 812/1516/720
f 202/1193/558 1175/1123/549 1129/1517/721
f 223/1518/722 207/1453/649 214/1446/695
f 949/1321/645 588/1519/723 1062/1094/537
f 220/1300/635 570/1302/636 961/1520/724
f 796/1521/590 199/1522/603 595/1523/648
f 205/1524/612 252/1525/725 1204/1526/563
f 256/1483/706 776/1485/623 1224/1527/698
f 565/1337/651 589/1528/726 603/1529/727
f 204/1371/665 959/1530/728 597/1531/729
f 801/1532/671 791/1533/571 201/1534/568
f 787/1303/637 590/1262/615 172/1166/429
f 948/1353/657 227/1535/730 219/1440/692
f 581/1352/656 206/1253/555 595/1326/648
f 211/1536/700 1063/1537/582 1135/1538/731
f 1204/1306/563 1072/1539/732 213/1304/579
f 245/1372/666 615/1540/733 226/1425/683
f 247/1541/734 782/1405/577 1054/1354/528
f 1129/1517/721 1175/1123/549 232/1510/718
f 1129/1517/721 1176/1490/709 202/1193/558
f 1063/1188/582 1067/1542/630 1135/1543/731
f 953/1544/679 957/1545/716 252/1525/725
f 205/1524/612 953/1544/679 252/1525/725
f 778/1281/624 224/1546/705 1223/1336/650
f 235/1443/693 777/1442/643 256/1547/706
f 949/1321/645 259/1390/673 588/1519/723
f 791/1533/571 229/1548/684 754/1549/403
f 793/1244/606 753/1243/416 1059/1350/655
f 565/1397/651 785/1399/607 589/1550/726
f 224/1546/705 227/1551/730 948/1552/657
f 572/1553/661 242/1554/719 596/1555/680
f 156/1556/502 229/1548/684 955/1467/634
f 207/1557/649 223/1558/722 957/1545/716
f 566/1515/584 1071/1559/735 812/1516/720
f 952/1456/613 596/1415/680 1209/1560/736
f 583/1310/640 234/1561/737 217/1419/496
f 231/1562/738 221/1563/660 952/1456/613
f 578/1430/686 269/1564/739 255/1487/611
f 591/1439/691 586/1565/740 786/1404/674
f 604/1566/741 797/1363/662 944/1460/588
f 799/1500/715 219/1450/692 587/1567/742
f 1204/1526/563 252/1525/725 264/1568/743
f 223/1518/722 214/1446/695 230/1569/744
f 788/1381/670 212/1454/697 257/1570/745
f 566/1195/584 1127/1194/583 1066/1571/746
f 595/1523/648 199/1522/603 237/1572/747
f 565/1337/651 592/1573/748 778/1281/624
f 947/1574/682 1072/1539/732 1224/1575/698
f 227/1576/730 587/1567/742 219/1450/692
f 215/1151/562 226/1425/683 623/1577/749
f 237/1578/747 199/1236/603 220/1300/635
f 233/1579/750 1241/1148/561 789/1268/618
f 214/1446/695 958/1475/701 230/1569/744
f 778/1580/624 592/1581/748 224/1582/705
f 209/1248/609 584/1583/751 585/1411/677
f 216/1432/687 593/1584/752 1205/1506/699
f 1222/1370/664 798/1478/704 594/1585/753
f 788/1381/670 257/1570/745 954/1477/703
f 1127/1194/583 577/1322/646 1132/1586/754
f 249/1587/755 1065/1474/669 228/1421/681
f 1232/1588/756 802/1492/711 574/1511/688
f 947/1574/682 213/1304/579 1072/1539/732
f 1072/1539/732 1076/1589/757 1224/1575/698
f 1065/1380/669 249/1590/755 798/1478/704
f 959/1530/728 204/1371/665 217/1029/496
f 793/1244/606 591/1591/691 181/1592/497
f 149/1176/448 1211/1593/758 781/1177/575
f 593/1584/752 216/1432/687 1052/1465/491
f 309/1594/759 267/1444/694 781/1177/575
f 235/1595/693 589/1550/726 785/1399/607
f 209/1248/609 819/1596/760 584/1583/751
f 246/1597/761 583/1310/640 783/1498/546
f 1241/1148/561 233/1579/750 800/1476/702
f 585/1598/677 807/1599/762 1203/1600/627
f 267/1601/694 604/1566/741 944/1460/588
f 1052/1465/491 276/1602/763 593/1584/752
f 579/1324/647 239/1603/764 794/1436/689
f 603/1529/727 592/1573/748 565/1337/651
f 218/1604/574 1225/1605/765 811/1606/713
f 244/1607/766 240/1608/767 223/1518/722
f 805/1609/768 587/1567/742 227/1576/730
f 954/1477/703 813/1610/769 228/1421/681
f 795/1611/675 1232/1588/756 574/1511/688
f 230/1569/744 244/1607/766 223/1518/722
f 579/1324/647 590/1379/615 239/1603/764
f 1164/1377/301 1177/1376/667 818/1612/770
f 1069/1613/771 1203/1600/627 807/1599/762
f 810/1614/772 210/1437/690 1069/1615/771
f 1176/1616/709 808/1340/586 569/1617/620
f 795/1611/675 1222/1618/664 594/1619/753
f 238/1491/710 221/1359/660 1208/1620/773
f 237/1578/747 220/1300/635 600/1621/774
f 1209/1560/736 231/1562/738 952/1456/613
f 954/1477/703 814/1622/775 813/1610/769
f 244/1607/766 230/1569/744 806/1623/776
f 587/1567/742 805/1609/768 243/1624/777
f 1133/1625/778 229/1548/684 791/1533/571
f 798/1478/704 249/1590/755 594/1585/753
f 1211/1626/758 149/1627/448 960/1628/614
f 1128/1341/652 961/1629/724 570/1630/636
f 610/1631/779 1206/1512/678 211/1536/700
f 212/1505/697 799/1500/715 257/1632/745
f 589/1550/726 235/1595/693 256/1483/706
f 229/1548/684 962/1633/780 955/1467/634
f 958/1475/701 1070/1634/781 230/1569/744
f 286/1635/782 774/972/471 1062/1094/537
f 259/1390/673 941/1001/487 287/1364/663
f 812/1516/720 801/1384/671 195/1383/570
f 1201/1087/533 277/1636/783 209/1248/609
f 819/1596/760 209/1248/609 277/1636/783
f 774/972/471 286/1635/782 1177/1376/667
f 1062/1094/537 588/1519/723 824/1637/784
f 236/1489/708 783/1240/546 222/1239/605
f 958/1475/701 802/1492/711 598/1638/785
f 813/1610/769 249/1587/755 228/1421/681
f 1232/1588/756 795/1611/675 594/1619/753
f 1132/1586/754 577/1322/646 1131/1639/786
f 243/1624/777 799/1500/715 587/1567/742
f 803/1640/595 254/1641/676 253/1642/787
f 224/1582/705 816/1643/788 227/1644/730
f 257/1645/745 814/1622/775 954/1477/703
f 1131/1639/786 577/1322/646 786/1502/674
f 1204/1526/563 264/1568/743 250/1646/789
f 586/1647/740 1131/1648/786 786/1649/674
f 230/1569/744 1070/1634/781 806/1623/776
f 210/1437/690 1203/1438/627 1069/1615/771
f 780/1182/545 605/1650/714 241/1320/644
f 196/1651/672 284/1652/790 960/1653/614
f 1068/1488/707 815/1654/791 248/1428/685
f 276/1655/763 1052/1465/491 794/1436/689
f 806/1656/776 809/1657/792 244/1658/766
f 805/1609/768 806/1656/776 243/1624/777
f 802/1492/711 1232/1588/756 598/1638/785
f 582/1509/717 782/1405/577 247/1541/734
f 809/1657/792 806/1656/776 805/1609/768
f 566/1195/584 1066/1571/746 1071/1659/735
f 223/1558/722 261/1660/793 957/1545/716
f 255/1487/611 815/1654/791 1068/1488/707
f 610/1631/779 242/1513/719 1206/1512/678
f 598/1638/785 1070/1634/781 958/1475/701
f 1129/1661/721 232/1662/718 260/1663/794
f 276/1664/763 1130/1665/795 593/1666/752
f 225/1667/654 581/1668/656 251/1669/796
f 1070/1670/781 243/1624/777 806/1656/776
f 224/1582/705 592/1581/748 816/1643/788
f 231/1562/738 1208/1671/773 221/1563/660
f 588/1672/723 259/1673/673 824/1674/784
f 250/1646/789 1072/1675/732 1204/1526/563
f 803/1640/595 1225/1605/765 218/1604/574
f 590/1676/615 272/1677/659 239/1678/764
f 799/1500/715 1179/1679/797 257/1632/745
f 263/1680/798 950/1366/631 582/1509/717
f 594/1619/753 599/1681/799 1232/1588/756
f 797/1682/662 260/1663/794 232/1662/718
f 253/1642/787 831/1683/800 803/1640/595
f 234/1561/737 959/1684/728 217/1419/496
f 233/1579/750 789/1268/618 215/1151/562
f 800/1476/702 233/1579/750 268/1685/801
f 1207/1494/712 277/1636/783 1201/1087/533
f 1054/1354/528 248/1428/685 247/1541/734
f 168/1686/509 804/1687/802 578/1688/686
f 220/1689/635 961/1690/724 600/1691/774
f 1179/1679/797 799/1500/715 243/1624/777
f 807/1599/762 585/1598/677 584/1692/751
f 595/1523/648 251/1669/796 581/1668/656
f 589/1693/726 256/1694/706 603/1695/727
f 961/1629/724 963/1696/803 1074/1697/804
f 616/1698/805 784/1349/628 950/1366/631
f 309/1699/759 781/1700/575 1211/1626/758
f 961/1629/724 1128/1341/652 963/1696/803
f 964/1701/806 249/1587/755 813/1610/769
f 241/1320/644 646/1702/807 208/1418/527
f 246/1703/761 783/1240/546 236/1489/708
f 1130/1665/795 609/1704/808 1205/1705/699
f 957/1545/716 258/1706/809 252/1525/725
f 250/1707/789 1076/1589/757 1072/1539/732
f 196/1651/672 210/1708/690 810/1709/772
f 793/1710/606 1073/1711/810 591/1712/691
f 255/1713/611 265/1714/811 815/1715/791
f 963/1696/803 1128/1341/652 808/1340/586
f 964/1716/806 594/1619/753 249/1717/755
f 601/1718/812 256/1483/706 1224/1719/698
f 1133/1720/778 791/1721/571 801/1384/671
f 784/1349/628 616/1698/805 1059/1350/655
f 269/1722/739 578/1723/686 619/1724/813
f 805/1725/768 244/1726/766 809/1727/792
f 256/1694/706 601/1728/812 603/1695/727
f 208/1418/527 262/1729/814 236/1489/708
f 261/1660/793 223/1558/722 240/1730/767
f 814/1731/775 820/1732/815 813/1733/769
f 1205/1705/699 593/1666/752 1130/1665/795
f 1177/1734/667 286/1735/782 818/1736/770
f 586/1647/740 1078/1737/816 611/1738/817
f 272/1677/659 956/1739/658 266/1740/818
f 964/1741/806 813/1733/769 820/1732/815
f 1232/1588/756 599/1681/799 598/1638/785
f 258/1706/809 264/1568/743 252/1525/725
f 245/1372/666 204/1371/665 1075/1742/819
f 957/1545/716 261/1660/793 258/1706/809
f 591/1712/691 1073/1711/810 586/1647/740
f 816/1643/788 805/1725/768 227/1644/730
f 1145/1743/820 1062/1744/537 824/1674/784
f 592/1581/748 273/1745/821 816/1643/788
f 822/1746/822 225/1667/654 251/1669/796
f 814/1731/775 257/1632/745 270/1747/823
f 965/1748/824 1179/1679/797 243/1624/777
f 254/1468/676 955/1467/634 962/1633/780
f 823/1749/825 242/1513/719 610/1631/779
f 1130/1665/795 276/1664/763 271/1750/826
f 646/1702/807 262/1729/814 208/1418/527
f 1071/1559/735 296/1751/827 812/1516/720
f 248/1752/685 815/1715/791 265/1714/811
f 963/1696/803 808/1340/586 1074/1697/804
f 965/1753/824 1070/1634/781 598/1638/785
f 238/1754/710 266/1740/818 956/1739/658
f 264/1568/743 1076/1755/757 250/1646/789
f 1071/1659/735 1066/1571/746 1139/1756/828
f 831/1683/800 1225/1605/765 803/1640/595
f 283/1757/829 1181/1758/830 596/1759/680
f 965/1748/824 243/1624/777 1070/1670/781
f 964/1716/806 599/1681/799 594/1619/753
f 816/1643/788 1252/1760/831 805/1725/768
f 804/1687/802 168/1686/509 1205/1761/699
f 268/1685/801 274/1762/832 800/1476/702
f 276/1763/763 794/1764/689 239/1678/764
f 1129/1661/721 260/1663/794 821/1765/833
f 270/1747/823 820/1732/815 814/1731/775
f 270/1747/823 257/1632/745 1179/1679/797
f 246/1703/761 236/1489/708 262/1729/814
f 950/1366/631 263/1766/798 616/1698/805
f 599/1681/799 965/1753/824 598/1638/785
f 592/1581/748 966/1767/834 273/1745/821
f 240/1730/767 244/1768/766 278/1769/835
f 255/1713/611 618/1770/836 265/1714/811
f 254/1468/676 962/1633/780 253/1771/787
f 231/1562/738 1209/1560/736 282/1772/837
f 1178/1773/838 595/1774/648 237/1775/747
f 596/1776/680 282/1777/837 1209/1778/736
f 968/1779/839 600/1780/774 961/1781/724
f 204/1782/665 597/1783/729 1075/1784/819
f 240/1730/767 278/1769/835 261/1660/793
f 1127/1194/583 1132/1586/754 1066/1571/746
f 966/1767/834 592/1581/748 603/1695/727
f 260/1663/794 797/1682/662 821/1765/833
f 268/1785/801 233/1579/750 215/1151/562
f 599/1681/799 964/1716/806 965/1753/824
f 258/1706/809 261/1660/793 1180/1786/840
f 610/1631/779 211/1536/700 817/1787/841
f 1176/1616/709 612/1788/842 808/1340/586
f 822/1789/822 1067/1292/630 225/1345/654
f 274/1790/832 826/1791/843 800/1792/702
f 582/1793/717 247/1794/734 263/1795/798
f 271/1750/826 609/1704/808 1130/1665/795
f 323/1796/844 600/1780/774 968/1779/839
f 251/1669/796 1082/1797/845 602/1798/846
f 251/1669/796 595/1523/648 1082/1797/845
f 965/1748/824 270/1747/823 1179/1679/797
f 1252/1760/831 816/1643/788 273/1745/821
f 278/1799/835 805/1725/768 1252/1760/831
f 278/1799/835 244/1726/766 805/1725/768
f 586/1647/740 611/1738/817 1131/1648/786
f 618/1770/836 255/1713/611 269/1722/739
f 596/1776/680 1181/1758/830 282/1777/837
f 258/1706/809 1134/1800/847 264/1568/743
f 583/1310/640 1136/1801/848 234/1561/737
f 237/1775/747 600/1691/774 614/1802/849
f 966/1767/834 603/1695/727 601/1728/812
f 965/1748/824 964/1741/806 820/1732/815
f 215/1151/562 623/1577/749 268/1785/801
f 1066/1571/746 1132/1586/754 1139/1756/828
f 211/1536/700 1135/1538/731 817/1787/841
f 810/1709/772 284/1652/790 196/1651/672
f 283/1803/829 596/1804/680 242/1805/719
f 266/1740/818 238/1754/710 827/1806/850
f 1178/1773/838 237/1775/747 614/1802/849
f 966/1767/834 601/1807/812 1224/1808/698
f 267/1809/694 280/1810/851 604/1811/741
f 231/1562/738 282/1772/837 1233/1812/852
f 820/1732/815 270/1747/823 965/1748/824
f 1076/1755/757 264/1568/743 1134/1800/847
f 969/1813/853 818/1736/770 286/1735/782
f 258/1706/809 1180/1786/840 1134/1800/847
f 1207/1814/712 800/1815/702 826/1816/843
f 823/1817/825 1079/1818/854 242/1805/719
f 1078/1737/816 586/1647/740 1073/1711/810
f 1062/1819/537 1145/1743/820 286/1735/782
f 583/1310/640 246/1597/761 1136/1801/848
f 1252/1760/831 273/1745/821 606/1820/855
f 289/1821/856 1132/1822/754 1131/1823/786
f 278/1769/835 1180/1786/840 261/1660/793
f 251/1824/796 602/1825/846 624/1826/857
f 238/1827/710 1208/1828/773 827/1829/850
f 226/1830/683 615/1831/733 623/1832/749
f 1134/1800/847 1224/1833/698 1076/1755/757
f 584/1692/751 1077/1834/858 807/1599/762
f 285/1835/859 624/1826/857 602/1825/846
f 822/1789/822 1135/1836/731 1067/1292/630
f 273/1745/821 966/1767/834 606/1820/855
f 825/1837/860 1133/1720/778 801/1384/671
f 797/1682/662 967/1838/861 821/1765/833
f 267/1809/694 309/1699/759 280/1810/851
f 1129/1661/721 1137/1839/862 1176/1840/709
f 968/1841/839 1074/1842/804 281/1843/863
f 812/1516/720 825/1837/860 801/1384/671
f 296/1751/827 825/1837/860 812/1516/720
f 602/1844/846 1082/1845/845 285/1835/859
f 1252/1760/831 606/1820/855 278/1799/835
f 822/1846/822 251/1824/796 624/1826/857
f 1134/1800/847 1180/1786/840 607/1847/864
f 278/1799/835 606/1820/855 1180/1848/840
f 1129/1661/721 311/1849/865 1137/1839/862
f 1176/1616/709 1137/1850/862 612/1788/842
f 299/1851/866 1208/1671/773 231/1562/738
f 829/1852/867 266/1740/818 827/1806/850
f 311/1849/865 1129/1661/721 821/1765/833
f 804/1687/802 619/1853/813 578/1688/686
f 262/1729/814 971/1854/868 246/1703/761
f 248/1752/685 265/1714/811 288/1855/869
f 1082/1856/845 595/1857/648 1178/1858/838
f 299/1851/866 231/1562/738 1233/1812/852
f 607/1859/864 1180/1848/840 606/1820/855
f 615/1831/733 245/1860/666 1075/1784/819
f 607/1859/864 606/1820/855 966/1767/834
f 1134/1800/847 607/1847/864 1224/1833/698
f 540/1861/464 461/1862/60 1218/1863/372
f 618/1770/836 288/1855/869 265/1714/811
f 311/1849/865 821/1765/833 967/1838/861
f 584/1692/751 819/1864/760 1077/1834/858
f 618/1770/836 269/1722/739 619/1724/813
f 808/1340/586 281/1865/863 1074/1697/804
f 966/1767/834 1224/1808/698 607/1859/864
f 279/1866/870 284/1867/790 810/1868/772
f 1225/1605/765 336/1869/871 811/1606/713
f 1074/1870/804 968/1779/839 961/1781/724
f 646/1702/807 971/1871/868 262/1729/814
f 246/1597/761 345/1872/872 1136/1801/848
f 828/1873/873 1141/1874/874 271/1750/826
f 279/1875/870 810/1876/772 1069/1613/771
f 279/1875/870 1069/1613/771 807/1599/762
f 826/1816/843 277/1877/783 1207/1814/712
f 1181/1758/830 293/1878/875 282/1777/837
f 817/1787/841 1135/1538/731 1084/1879/876
f 1208/1828/773 299/1880/866 608/1881/877
f 275/1882/696 1142/1883/878 287/1884/663
f 597/1783/729 959/1885/728 638/1886/879
f 276/1664/763 828/1873/873 271/1750/826
f 1133/1625/778 625/1887/880 229/1548/684
f 338/1888/881 832/1889/882 281/1843/863
f 614/1890/849 600/1891/774 323/1892/844
f 272/1893/659 266/1894/818 829/1895/867
f 811/1896/713 1142/1883/878 275/1882/696
f 297/1897/883 967/1838/861 797/1682/662
f 622/1898/884 259/1673/673 287/1884/663
f 338/1888/881 808/1899/586 612/1900/842
f 823/1817/825 617/1901/885 1079/1818/854
f 274/1790/832 268/1902/801 1140/1903/886
f 826/1791/843 274/1790/832 290/1904/887
f 797/1682/662 604/1811/741 835/1905/888
f 624/1826/857 285/1835/859 298/1906/889
f 830/1907/890 282/1777/837 293/1878/875
f 281/1843/863 1182/1908/891 968/1841/839
f 277/1877/783 826/1816/843 291/1909/892
f 804/1910/802 1205/1705/699 609/1704/808
f 643/1911/893 272/1893/659 829/1895/867
f 793/1912/606 1078/1913/816 1073/1914/810
f 643/1915/893 239/1678/764 272/1677/659
f 311/1916/865 967/1917/861 297/1918/883
f 646/1919/807 302/1920/894 971/1921/868
f 817/1787/841 974/1922/895 610/1631/779
f 1079/1818/854 617/1901/885 300/1923/896
f 1138/1924/897 807/1599/762 1077/1834/858
f 229/1548/684 625/1887/880 962/1633/780
f 605/1925/714 540/1861/464 304/1926/898
f 287/1884/663 1142/1883/878 1215/1927/899
f 981/1928/900 248/1752/685 288/1855/869
f 288/1855/869 292/1929/901 981/1928/900
f 1079/1818/854 283/1803/829 242/1805/719
f 289/1821/856 1131/1823/786 611/1930/817
f 611/1930/817 1080/1931/902 289/1821/856
f 614/1890/849 1082/1932/845 1178/1933/838
f 819/1864/760 277/1934/783 291/1935/892
f 1079/1818/854 300/1923/896 283/1803/829
f 1071/1659/735 314/1936/903 296/1937/827
f 611/1938/817 294/1939/904 1080/1940/902
f 835/1905/888 604/1811/741 280/1810/851
f 338/1888/881 281/1843/863 808/1899/586
f 1182/1908/891 281/1843/863 832/1889/882
f 290/1904/887 274/1790/832 1140/1903/886
f 292/1929/901 288/1855/869 618/1770/836
f 259/1673/673 622/1898/884 824/1674/784
f 613/1941/905 247/1794/734 248/1942/685
f 610/1631/779 620/1943/906 823/1749/825
f 831/1683/800 253/1642/787 334/1944/907
f 1139/1945/828 1132/1822/754 289/1821/856
f 969/1813/853 286/1735/782 1185/1946/908
f 1181/1758/830 632/1947/909 293/1878/875
f 828/1948/873 276/1949/763 1141/1950/874
f 1078/1951/816 793/1952/606 294/1939/904
f 622/1898/884 621/1953/910 824/1674/784
f 291/1935/892 1210/1954/911 819/1864/760
f 239/1678/764 1236/1955/912 276/1763/763
f 807/1599/762 1138/1924/897 279/1875/870
f 1141/1874/874 609/1704/808 271/1750/826
f 819/1864/760 1210/1954/911 1077/1834/858
f 268/1956/801 623/1832/749 1140/1957/886
f 804/1958/802 295/1959/913 349/1960/914
f 823/1817/825 620/1961/906 617/1901/885
f 300/1923/896 617/1901/885 1183/1962/915
f 298/1906/889 285/1835/859 1082/1845/845
f 1145/1743/820 1185/1946/908 286/1735/782
f 247/1794/734 613/1941/905 263/1795/798
f 793/1963/606 1081/1964/916 294/1965/904
f 625/1887/880 833/1966/917 962/1633/780
f 246/1967/761 971/1921/868 329/1968/918
f 279/1875/870 834/1969/919 301/1970/920
f 611/1938/817 1078/1951/816 294/1939/904
f 627/1971/921 1181/1972/830 283/1973/829
f 234/1561/737 638/1974/879 959/1684/728
f 314/1936/903 1071/1659/735 1139/1756/828
f 283/1803/829 1234/1975/922 627/1976/921
f 627/1977/921 632/1947/909 1181/1758/830
f 336/1978/871 1142/1883/878 811/1896/713
f 1182/1979/891 832/1980/882 303/1981/923
f 1233/1982/852 282/1777/837 830/1907/890
f 1213/1983/924 829/1895/867 827/1984/850
f 303/1985/923 629/1986/925 1182/1908/891
f 1138/1924/897 834/1969/919 279/1875/870
f 540/1861/464 997/1987/926 304/1926/898
f 323/1892/844 968/1841/839 1182/1908/891
f 305/1988/927 643/1911/893 829/1895/867
f 621/1953/910 1145/1743/820 824/1674/784
f 597/1783/729 638/1886/879 315/1989/928
f 838/1990/929 616/1991/805 263/1795/798
f 295/1992/913 609/1993/808 1141/1950/874
f 829/1895/867 1213/1983/924 305/1988/927
f 283/1803/829 300/1923/896 1234/1975/922
f 1075/1784/819 597/1783/729 840/1994/930
f 1236/1995/912 239/1996/764 643/1911/893
f 825/1997/860 347/1998/931 1133/1999/778
f 300/1923/896 1183/1962/915 1234/1975/922
f 1084/2000/876 624/2001/857 319/2002/932
f 830/1907/890 293/1878/875 632/1947/909
f 1208/1828/773 608/1881/877 827/1829/850
f 241/2003/644 637/2004/933 646/2005/807
f 1077/1834/858 1146/2006/934 1138/1924/897
f 307/2007/935 295/1992/913 1141/1950/874
f 253/1771/787 962/1633/780 833/1966/917
f 624/2008/857 298/2009/889 972/2010/936
f 614/1890/849 635/2011/937 1082/1932/845
f 306/2012/938 284/1867/790 279/1866/870
f 650/2013/939 347/1998/931 825/1997/860
f 645/2014/940 1137/2015/862 311/1916/865
f 973/2016/941 1234/2017/922 630/2018/942
f 978/2019/943 297/1918/883 797/2020/662
f 981/1928/900 292/1929/901 626/2021/944
f 804/1910/802 609/1704/808 295/2022/913
f 241/2003/644 605/1925/714 637/2004/933
f 841/2023/945 290/1904/887 1140/1903/886
f 313/2024/946 1080/1940/902 294/1939/904
f 626/2025/944 292/2026/901 322/2027/947
f 1136/1801/848 837/2028/948 234/1561/737
f 1215/1927/899 622/1898/884 287/1884/663
f 292/2026/901 618/2029/836 322/2027/947
f 311/1916/865 297/1918/883 836/2030/949
f 1234/2017/922 973/2016/941 627/2031/921
f 289/1821/856 970/2032/950 1139/1945/828
f 977/2033/951 618/1770/836 619/1724/813
f 822/2034/822 624/2001/857 1084/2000/876
f 248/1942/685 981/2035/900 613/1941/905
f 297/1918/883 978/2019/943 836/2030/949
f 834/1969/919 308/2036/952 301/1970/920
f 307/2007/935 1184/2037/953 295/1992/913
f 612/2038/842 1137/2039/862 645/2040/940
f 1234/1975/922 1183/1962/915 310/2041/954
f 634/2042/955 1236/1995/912 643/1911/893
f 1182/1908/891 629/1986/925 323/1892/844
f 289/1821/856 1080/1931/902 970/2032/950
f 630/2043/942 1234/2044/922 310/2045/954
f 975/2046/956 314/2047/903 1139/1945/828
f 364/2048/957 793/2049/606 1059/2050/655
f 338/2051/881 303/1981/923 832/1980/882
f 276/1949/763 633/2052/958 1141/1950/874
f 1235/2053/959 627/2054/921 973/2055/941
f 975/2046/956 1139/1945/828 970/2032/950
f 650/2013/939 296/2056/827 325/2057/960
f 830/1907/890 628/2058/961 1233/1982/852
f 817/1787/841 1084/1879/876 636/2059/962
f 306/2012/938 279/1866/870 301/2060/920
f 636/2059/962 974/1922/895 817/1787/841
f 1083/2061/963 308/2062/952 1080/2063/902
f 822/2034/822 1084/2000/876 1135/2064/731
f 620/1943/906 610/1631/779 974/1922/895
f 1236/1995/912 633/2065/958 276/2066/763
f 646/1919/807 331/2067/964 302/1920/894
f 633/2052/958 307/2007/935 1141/1950/874
f 839/2068/965 1080/2069/902 313/2070/946
f 304/1926/898 637/2004/933 605/1925/714
f 1186/2071/966 309/2072/759 1211/2073/758
f 303/1981/923 338/2051/881 631/2074/967
f 650/2013/939 825/1997/860 296/2056/827
f 621/1953/910 321/2075/968 1145/1743/820
f 253/2076/787 833/2077/917 334/2078/907
f 1146/2006/934 1077/1834/858 1210/1954/911
f 308/2036/952 312/2079/969 970/2032/950
f 1082/2080/845 972/2010/936 298/2009/889
f 960/2081/614 284/2082/790 306/2083/938
f 627/2084/921 1235/2053/959 642/2085/970
f 308/2036/952 970/2032/950 1080/1931/902
f 615/1831/733 986/2086/971 623/1832/749
f 627/1977/921 642/2087/970 632/1947/909
f 322/2027/947 320/2088/972 626/2025/944
f 320/2088/972 981/2089/900 626/2025/944
f 1184/2090/953 349/1960/914 295/1959/913
f 318/2091/973 325/2057/960 296/2056/827
f 290/2092/887 640/2093/974 826/2094/843
f 616/1991/805 364/2048/957 1059/2050/655
f 597/1783/729 315/1989/928 840/1994/930
f 834/1969/919 312/2079/969 308/2036/952
f 312/2079/969 1138/1924/897 1146/2006/934
f 1213/2095/924 827/1829/850 608/1881/877
f 334/2078/907 649/2096/975 831/2097/800
f 322/2027/947 618/2098/836 977/2099/951
f 839/2068/965 1083/2061/963 1080/2069/902
f 632/1947/909 1143/2100/976 830/1907/890
f 316/2101/977 1184/2037/953 307/2007/935
f 301/2060/920 1144/2102/978 306/2012/938
f 614/1890/849 323/1892/844 330/2103/979
f 841/2104/945 640/2093/974 290/2092/887
f 643/1911/893 979/2105/980 982/2106/981
f 302/1920/894 329/1968/918 971/1921/868
f 972/2107/936 324/2108/982 624/2001/857
f 308/2109/952 317/2110/983 301/2111/920
f 291/1935/892 850/2112/984 1210/1954/911
f 635/2011/937 614/1890/849 330/2103/979
f 303/2113/923 631/2114/967 629/2115/925
f 1211/2073/758 960/2116/614 1186/2071/966
f 621/1953/910 622/1898/884 321/2075/968
f 625/2117/880 347/1998/931 375/2118/985
f 836/2030/949 327/2119/986 311/1916/865
f 619/2120/813 804/2121/802 977/2099/951
f 973/2016/941 630/2018/942 353/2122/987
f 972/2010/936 1212/2123/988 324/2124/982
f 1082/2080/845 1212/2123/988 972/2010/936
f 831/2097/800 649/2096/975 1225/2125/765
f 347/1998/931 625/2117/880 1133/2126/778
f 1184/2127/953 316/2128/977 335/2129/989
f 310/2045/954 353/2130/987 630/2043/942
f 617/1901/885 976/2131/990 1183/1962/915
f 645/2040/940 1147/2132/991 612/2038/842
f 1136/1801/848 345/1872/872 837/2028/948
f 1081/2133/916 839/2134/965 313/2135/946
f 1081/2136/916 313/2024/946 294/1939/904
f 633/2065/958 316/2137/977 307/2138/935
f 280/2139/851 309/2072/759 1186/2071/966
f 305/1988/927 1213/1983/924 979/2105/980
f 658/2140/992 642/2085/970 1235/2053/959
f 246/1967/761 329/1968/918 345/2141/872
f 836/2030/949 978/2019/943 327/2119/986
f 981/2089/900 320/2088/972 326/2142/993
f 643/1911/893 305/1988/927 979/2105/980
f 838/1990/929 348/2143/994 616/1991/805
f 318/2144/973 296/1937/827 314/1936/903
f 308/2062/952 1083/2061/963 317/2145/983
f 263/1795/798 613/1941/905 656/2146/995
f 978/2147/943 797/2148/662 835/2149/888
f 1138/1924/897 312/2079/969 834/1969/919
f 837/2028/948 638/1974/879 234/1561/737
f 1233/1812/852 628/2150/961 299/1851/866
f 986/2086/971 342/2151/996 623/1832/749
f 322/2027/947 326/2142/993 320/2088/972
f 629/2152/925 648/2153/997 323/2154/844
f 1087/2155/998 628/2058/961 830/1907/890
f 338/2156/881 612/2038/842 1147/2132/991
f 646/1919/807 654/2157/999 331/2067/964
f 342/2151/996 1140/1957/886 623/1832/749
f 656/2146/995 838/1990/929 263/1795/798
f 328/2158/1000 648/2159/997 629/2160/925
f 1086/2161/1001 633/2065/958 1236/1995/912
f 613/2162/905 981/2163/900 987/2164/1002
f 833/2077/917 845/2165/1003 334/2078/907
f 1082/2080/845 635/2166/937 644/2167/1004
f 840/1994/930 615/1831/733 1075/1784/819
f 850/2112/984 641/2168/1005 1210/1954/911
f 328/2158/1000 629/2160/925 631/2169/967
f 850/2112/984 291/1935/892 826/2170/843
f 658/2140/992 1235/2053/959 973/2055/941
f 839/2068/965 317/2171/983 1083/2061/963
f 981/2089/900 326/2142/993 639/2172/1006
f 982/2173/981 979/2174/980 980/2175/1007
f 327/2119/986 978/2019/943 333/2176/1008
f 826/2094/843 640/2093/974 332/2177/1009
f 1213/2178/924 980/2175/1007 979/2174/980
f 327/2119/986 333/2176/1008 311/1916/865
f 634/2042/955 643/1911/893 1085/2179/1010
f 1214/2180/1011 324/2181/982 1212/2182/988
f 634/2042/955 1085/2179/1010 1086/2161/1001
f 317/2110/983 1144/2183/978 301/2111/920
f 326/2142/993 322/2027/947 639/2172/1006
f 321/2075/968 661/2184/1012 1145/1743/820
f 1082/2185/845 984/2186/1013 1214/2180/1011
f 1082/2185/845 1214/2180/1011 1212/2182/988
f 648/2159/997 328/2158/1000 647/2187/1014
f 299/2188/866 628/2189/961 660/2190/1015
f 1186/2071/966 365/2191/1016 280/2139/851
f 1236/1995/912 634/2042/955 1086/2161/1001
f 660/2192/1015 608/1881/877 299/1880/866
f 324/2181/982 1214/2180/1011 350/2193/1017
f 840/1994/930 986/2086/971 615/1831/733
f 1140/2194/886 342/2195/996 841/2196/945
f 1081/2133/916 317/2197/983 839/2134/965
f 335/2129/989 316/2128/977 633/2198/958
f 1143/2199/976 1087/2200/998 830/2201/890
f 339/2202/1018 1184/2127/953 335/2129/989
f 840/1994/930 315/1989/928 1226/2203/1019
f 636/2204/962 1084/2205/876 319/2206/932
f 1164/2207/301 818/1736/770 1148/2208/1020
f 678/2209/1021 960/2081/614 306/2083/938
f 642/2210/970 1143/2199/976 632/2211/909
f 1088/2212/1022 330/2213/979 323/2214/844
f 1243/2215/1023 324/2108/982 350/2216/1017
f 312/2079/969 1146/2006/934 337/2217/1024
f 635/2166/937 330/2213/979 644/2167/1004
f 311/1916/865 333/2176/1008 663/2218/1025
f 976/2131/990 310/2041/954 1183/1962/915
f 835/2149/888 280/2139/851 365/2191/1016
f 833/2077/917 625/2117/880 845/2165/1003
f 970/2032/950 337/2217/1024 975/2046/956
f 338/2219/881 647/2220/1014 328/2221/1000
f 349/2222/914 1184/2223/953 339/2224/1018
f 624/2001/857 324/2108/982 319/2002/932
f 976/2131/990 617/1901/885 620/1961/906
f 1188/2225/1026 329/1968/918 302/1920/894
f 847/2226/1027 314/2047/903 975/2046/956
f 973/2227/941 353/2228/987 658/2229/992
f 348/2143/994 364/2230/957 616/1991/805
f 649/2096/975 657/2231/1028 1225/2125/765
f 648/2159/997 1088/2232/1022 323/2233/844
f 645/2014/940 311/1916/865 663/2218/1025
f 337/2217/1024 970/2032/950 312/2079/969
f 1244/2234/1029 978/2147/943 835/2149/888
f 350/2193/1017 1214/2180/1011 651/2235/1030
f 1144/2236/978 678/2237/1021 306/2238/938
f 1085/2179/1010 643/1911/893 982/2239/981
f 644/2167/1004 984/2240/1013 1082/2080/845
f 340/2241/1031 980/2175/1007 1213/2178/924
f 838/2242/929 656/2243/995 348/2244/994
f 654/2157/999 1188/2225/1026 302/1920/894
f 640/2093/974 841/2104/945 332/2177/1009
f 984/2186/1013 651/2235/1030 1214/2180/1011
f 646/2005/807 637/2004/933 671/2245/1032
f 353/2246/987 310/2041/954 976/2131/990
f 317/2110/983 678/2247/1021 1144/2183/978
f 318/2248/973 314/2047/903 847/2226/1027
f 1086/2161/1001 351/2249/1033 633/2065/958
f 338/2219/881 328/2221/1000 631/2250/967
f 983/2251/1034 648/2159/997 647/2187/1014
f 1213/2095/924 608/1881/877 989/2252/1035
f 653/2253/1036 339/2254/1018 335/2129/989
f 648/2159/997 983/2251/1034 655/2255/1037
f 622/1898/884 1215/1927/899 373/2256/1038
f 321/2075/968 675/2257/1039 661/2184/1012
f 981/2163/900 664/2258/1040 987/2164/1002
f 332/2177/1009 841/2104/945 1090/2259/1041
f 654/2157/999 302/1920/894 331/2067/964
f 322/2027/947 842/2260/1042 639/2172/1006
f 1145/2261/820 652/2262/1043 988/2263/1044
f 843/2264/1045 633/2198/958 351/2265/1033
f 982/2173/981 980/2175/1007 340/2241/1031
f 345/2141/872 329/1968/918 1089/2266/1046
f 645/2267/940 663/2268/1025 848/2269/1047
f 983/2270/1034 341/2271/1048 655/2272/1037
f 338/2273/881 983/2274/1034 647/2275/1014
f 319/2002/932 324/2108/982 1243/2215/1023
f 653/2276/1036 341/2277/1048 339/2224/1018
f 322/2027/947 977/2099/951 985/2278/1049
f 633/2198/958 843/2264/1045 335/2129/989
f 655/2272/1037 341/2271/1048 344/2279/1050
f 651/2280/1030 844/2281/1051 346/2282/1052
f 1146/2006/934 1210/1954/911 641/2168/1005
f 675/2257/1039 321/2075/968 622/1898/884
f 653/2253/1036 335/2129/989 843/2264/1045
f 842/2260/1042 322/2027/947 985/2278/1049
f 658/2283/992 1143/2199/976 642/2210/970
f 340/2284/1031 346/2282/1052 844/2281/1051
f 613/2162/905 987/2164/1002 656/2243/995
f 341/2285/1048 653/2286/1036 344/2287/1050
f 639/2172/1006 846/2288/1053 981/2089/900
f 1088/2232/1022 648/2159/997 655/2255/1037
f 346/2282/1052 350/2289/1017 651/2280/1030
f 340/2290/1031 1213/2291/924 989/2292/1035
f 663/2268/1025 333/2293/1008 343/2294/1054
f 342/2295/996 1090/2259/1041 841/2104/945
f 982/2296/981 340/2284/1031 984/2297/1013
f 842/2260/1042 846/2288/1053 639/2172/1006
f 343/2294/1054 659/2298/1055 663/2268/1025
f 637/2004/933 304/1926/898 388/2299/1056
f 984/2297/1013 662/2300/1057 982/2296/981
f 984/2297/1013 340/2284/1031 844/2281/1051
f 840/2301/930 1226/2302/1019 670/2303/1058
f 371/2304/1059 1186/2071/966 960/2116/614
f 984/2186/1013 844/2305/1051 651/2235/1030
f 826/2094/843 996/2306/1060 850/2307/984
f 977/2308/951 804/1958/802 349/1960/914
f 1145/1743/820 988/2309/1044 1185/1946/908
f 851/2310/1061 343/2294/1054 333/2293/1008
f 1086/2311/1001 1085/2312/1010 351/2265/1033
f 636/2204/962 319/2206/932 852/2313/1062
f 848/2269/1047 1147/2314/991 645/2267/940
f 636/2204/962 852/2313/1062 974/2315/895
f 1088/2212/1022 352/2316/1063 330/2213/979
f 855/2317/1064 650/2013/939 325/2057/960
f 843/2318/1045 344/2287/1050 653/2286/1036
f 1088/2319/1022 344/2287/1050 843/2318/1045
f 1088/2319/1022 655/2320/1037 344/2287/1050
f 373/2256/1038 1215/1927/899 1142/1883/878
f 608/1881/877 660/2192/1015 989/2252/1035
f 847/2226/1027 975/2046/956 337/2217/1024
f 974/2315/895 852/2313/1062 620/2321/906
f 984/2322/1013 644/2167/1004 352/2316/1063
f 329/1968/918 1188/2225/1026 1089/2266/1046
f 318/2248/973 847/2226/1027 856/2323/1065
f 644/2167/1004 330/2213/979 352/2316/1063
f 341/2324/1048 338/2325/881 349/2326/914
f 365/2191/1016 1186/2071/966 1238/2327/1066
f 336/1978/871 373/2256/1038 1142/1883/878
f 388/2299/1056 304/1926/898 997/1987/926
f 851/2328/1061 333/2329/1008 978/2330/943
f 981/2331/900 846/2332/1053 355/2333/1067
f 1081/1964/916 793/1963/606 364/2334/957
f 365/2191/1016 1244/2234/1029 835/2149/888
f 363/2335/1068 347/1998/931 650/2013/939
f 1085/2312/1010 982/2336/981 354/2337/1069
f 675/2257/1039 356/2338/1070 661/2184/1012
f 1147/2339/991 854/2340/1071 338/2273/881
f 977/2099/951 349/2341/914 985/2278/1049
f 350/2216/1017 384/2342/1072 1243/2215/1023
f 856/2323/1065 325/2343/960 318/2248/973
f 826/2094/843 332/2177/1009 996/2306/1060
f 337/2217/1024 1146/2006/934 641/2168/1005
f 351/2265/1033 360/2344/1073 843/2264/1045
f 334/2078/907 845/2165/1003 359/2345/1074
f 854/2346/1071 1147/2314/991 848/2269/1047
f 855/2317/1064 363/2335/1068 650/2013/939
f 847/2226/1027 337/2217/1024 993/2347/1075
f 987/2164/1002 665/2348/1076 656/2243/995
f 369/2349/1077 654/2157/999 646/1919/807
f 657/2231/1028 336/2350/871 1225/2125/765
f 663/2268/1025 659/2298/1055 357/2351/1078
f 1088/2319/1022 843/2318/1045 360/2352/1073
f 337/2217/1024 641/2168/1005 993/2347/1075
f 357/2351/1078 659/2298/1055 343/2294/1054
f 354/2337/1069 351/2265/1033 1085/2312/1010
f 341/2324/1048 349/2326/914 339/2353/1018
f 846/2332/1053 842/2354/1042 355/2333/1067
f 1145/1743/820 661/2184/1012 356/2338/1070
f 352/2355/1063 1088/2319/1022 360/2352/1073
f 343/2294/1054 851/2310/1061 357/2351/1078
f 996/2306/1060 332/2177/1009 666/2356/1079
f 625/2117/880 375/2118/985 845/2165/1003
f 671/2245/1032 637/2004/933 388/2299/1056
f 981/2331/900 355/2333/1067 368/2357/1080
f 355/2333/1067 992/2358/1081 1187/2359/1082
f 656/2243/995 665/2348/1076 348/2244/994
f 666/2356/1079 332/2177/1009 1090/2259/1041
f 985/2360/1049 1227/2361/1083 842/2354/1042
f 853/2362/1084 357/2351/1078 858/2363/1085
f 349/2364/914 668/2365/1086 985/2360/1049
f 354/2366/1069 662/2300/1057 984/2367/1013
f 1188/2225/1026 654/2157/999 369/2349/1077
f 663/2268/1025 357/2351/1078 853/2362/1084
f 1145/2368/820 356/2369/1070 652/2370/1043
f 368/2357/1080 355/2333/1067 1187/2359/1082
f 338/2371/881 341/2372/1048 983/2373/1034
f 991/2374/1087 986/2375/971 849/2376/1088
f 351/2265/1033 354/2337/1069 360/2344/1073
f 354/2366/1069 982/2377/981 662/2300/1057
f 349/2378/914 338/2371/881 667/2379/1089
f 984/2367/1013 352/2380/1063 354/2366/1069
f 345/2141/872 679/2381/1090 837/2382/948
f 663/2268/1025 853/2362/1084 362/2383/1091
f 991/2374/1087 342/2195/996 986/2375/971
f 342/2295/996 991/2384/1087 1090/2259/1041
f 1187/2359/1082 361/2385/1092 368/2357/1080
f 842/2354/1042 992/2358/1081 355/2333/1067
f 1187/2359/1082 992/2358/1081 361/2385/1092
f 842/2354/1042 1227/2361/1083 992/2358/1081
f 851/2310/1061 858/2363/1085 357/2351/1078
f 857/2386/1093 1089/2266/1046 1188/2225/1026
f 358/2387/1094 976/2388/990 620/2321/906
f 649/2096/975 334/2078/907 359/2345/1074
f 354/2389/1069 352/2355/1063 360/2352/1073
f 368/2357/1080 664/2390/1040 981/2331/900
f 641/2168/1005 850/2112/984 377/2391/1095
f 986/2375/971 670/2303/1058 849/2376/1088
f 658/2283/992 1237/2392/1096 1143/2199/976
f 622/1898/884 373/2256/1038 675/2257/1039
f 346/2393/1052 340/2290/1031 989/2292/1035
f 350/2394/1017 346/2393/1052 994/2395/1097
f 375/2118/985 347/1998/931 363/2335/1068
f 853/2362/1084 858/2363/1085 362/2396/1091
f 315/2397/928 638/2398/879 1226/2302/1019
f 358/2387/1094 620/2321/906 852/2313/1062
f 848/2269/1047 372/2399/1098 854/2346/1071
f 359/2345/1074 1216/2400/1099 649/2096/975
f 855/2401/1064 325/2402/960 1217/2403/1100
f 367/2404/1101 628/2189/961 1087/2200/998
f 1228/2405/1102 852/2313/1062 319/2206/932
f 1186/2071/966 371/2304/1059 1238/2327/1066
f 986/2375/971 840/2406/930 670/2303/1058
f 848/2269/1047 663/2268/1025 372/2399/1098
f 628/2189/961 367/2404/1101 660/2190/1015
f 976/2388/990 358/2387/1094 353/2228/987
f 668/2365/1086 349/2364/914 667/2407/1089
f 366/2408/1103 361/2385/1092 992/2358/1081
f 851/2328/1061 978/2330/943 1244/2409/1029
f 988/2410/1044 969/1813/853 1185/1946/908
f 362/2411/1091 858/2412/1085 990/2413/1104
f 325/2402/960 856/2414/1065 1217/2403/1100
f 663/2268/1025 362/2383/1091 372/2399/1098
f 668/2365/1086 1227/2361/1083 985/2360/1049
f 667/2379/1089 338/2371/881 1149/2415/1105
f 384/2416/1072 350/2394/1017 994/2395/1097
f 856/2414/1065 381/2417/1106 1217/2403/1100
f 366/2408/1103 992/2358/1081 669/2418/1107
f 359/2345/1074 845/2165/1003 1092/2419/1108
f 1238/2327/1066 1244/2234/1029 365/2191/1016
f 996/2420/1060 377/2421/1095 850/2422/984
f 669/2418/1107 368/2357/1080 366/2408/1103
f 658/2229/992 353/2228/987 673/2423/1109
f 361/2385/1092 366/2408/1103 368/2357/1080
f 338/2273/881 854/2340/1071 1149/2424/1105
f 649/2096/975 1216/2400/1099 657/2231/1028
f 375/2118/985 1092/2419/1108 845/2165/1003
f 1228/2405/1102 319/2206/932 1243/2425/1023
f 373/2256/1038 336/1978/871 376/2426/1110
f 362/2411/1091 990/2413/1104 372/2427/1098
f 336/2350/871 657/2231/1028 376/2428/1110
f 1087/2200/998 1143/2199/976 1237/2392/1096
f 364/2334/957 348/2244/994 1091/2429/1111
f 969/2430/853 1148/2431/1020 818/2432/770
f 370/2433/1112 990/2413/1104 858/2412/1085
f 346/2393/1052 989/2292/1035 994/2395/1097
f 858/2412/1085 669/2434/1107 370/2433/1112
f 996/2420/1060 378/2435/1113 377/2421/1095
f 646/2005/807 671/2245/1032 369/2436/1077
f 669/2434/1107 858/2412/1085 368/2437/1080
f 1151/2438/1114 666/2356/1079 1090/2259/1041
f 1189/2439/1115 852/2313/1062 1228/2405/1102
f 679/2381/1090 345/2141/872 1089/2266/1046
f 374/2440/1116 370/2433/1112 669/2434/1107
f 370/2433/1112 372/2427/1098 990/2413/1104
f 372/2399/1098 1149/2441/1105 854/2346/1071
f 670/2303/1058 393/2442/1117 1190/2443/1118
f 678/2444/1021 317/2445/983 1081/2446/916
f 852/2313/1062 1189/2439/1115 358/2387/1094
f 1151/2438/1114 996/2447/1060 666/2356/1079
f 669/2434/1107 992/2448/1081 374/2440/1116
f 369/2349/1077 857/2386/1093 1188/2225/1026
f 660/2190/1015 367/2404/1101 989/2449/1035
f 665/2348/1076 1091/2429/1111 348/2244/994
f 861/2450/1119 1216/2400/1099 359/2345/1074
f 371/2451/1059 960/2452/614 678/2453/1021
f 675/2454/1039 380/2455/1120 356/2369/1070
f 375/2456/985 363/2457/1068 401/2458/1121
f 668/2365/1086 667/2407/1089 1227/2361/1083
f 1149/2459/1105 372/2427/1098 672/2460/1122
f 1149/2459/1105 672/2460/1122 667/2461/1089
f 992/2358/1081 1227/2361/1083 374/2462/1116
f 370/2433/1112 374/2440/1116 372/2427/1098
f 993/2347/1075 856/2323/1065 847/2226/1027
f 993/2347/1075 641/2168/1005 377/2391/1095
f 987/2164/1002 664/2258/1040 665/2348/1076
f 393/2442/1117 670/2303/1058 1226/2302/1019
f 372/2427/1098 374/2440/1116 672/2460/1122
f 1151/2463/1114 1090/2464/1041 991/2465/1087
f 673/2423/1109 1237/2466/1096 658/2229/992
f 358/2387/1094 673/2423/1109 353/2228/987
f 393/2442/1117 1226/2302/1019 859/2467/1123
f 667/2461/1089 672/2460/1122 1227/2468/1083
f 1228/2469/1102 1243/2215/1023 384/2342/1072
f 374/2440/1116 1227/2468/1083 672/2460/1122
f 855/2401/1064 1217/2403/1100 999/2470/1124
f 638/2471/879 837/2382/948 679/2381/1090
f 1148/2431/1020 1218/2472/372 1164/2473/301
f 851/2328/1061 1244/2409/1029 379/2474/1125
f 1000/2475/1126 675/2257/1039 373/2256/1038
f 670/2476/1058 383/2477/1127 849/2478/1088
f 851/2328/1061 386/2479/1128 858/2480/1085
f 387/2481/1129 371/2451/1059 678/2453/1021
f 1089/2482/1046 857/2483/1093 998/2484/1130
f 995/2485/1131 1087/2200/998 1237/2392/1096
f 369/2486/1077 998/2484/1130 857/2487/1093
f 379/2474/1125 386/2479/1128 851/2328/1061
f 680/2488/1132 380/2455/1120 417/2489/1133
f 378/2435/1113 996/2420/1060 860/2490/1134
f 999/2470/1124 363/2457/1068 855/2401/1064
f 860/2490/1134 996/2420/1060 1151/2463/1114
f 1189/2439/1115 676/2491/1135 358/2387/1094
f 1244/2409/1029 1238/2492/1066 674/2493/1136
f 367/2404/1101 1087/2200/998 995/2485/1131
f 677/2494/1137 860/2490/1134 1151/2463/1114
f 999/2470/1124 389/2495/1138 363/2457/1068
f 385/2496/1139 993/2497/1075 377/2498/1095
f 1148/2431/1020 969/2430/853 1150/2499/1140
f 1002/2500/1141 1081/2446/916 364/2501/957
f 989/2292/1035 382/2502/1142 994/2395/1097
f 676/2491/1135 673/2423/1109 358/2387/1094
f 1245/2503/1143 371/2451/1059 387/2481/1129
f 988/2263/1044 1150/2499/1140 969/2430/853
f 394/2504/1144 1092/2505/1108 375/2456/985
f 989/2449/1035 367/2404/1101 382/2506/1142
f 371/2451/1059 1245/2503/1143 1238/2492/1066
f 999/2470/1124 1217/2403/1100 381/2417/1106
f 364/2501/957 1091/2507/1111 1002/2500/1141
f 856/2414/1065 385/2508/1139 381/2417/1106
f 652/2370/1043 356/2369/1070 380/2455/1120
f 991/2384/1087 849/2478/1088 383/2477/1127
f 1239/2509/1145 1091/2507/1111 665/2510/1076
f 369/2486/1077 690/2511/1146 998/2484/1130
f 1238/2492/1066 1245/2503/1143 674/2493/1136
f 391/2512/1147 665/2510/1076 664/2390/1040
f 858/2513/1085 386/2514/1128 368/2515/1080
f 382/2506/1142 384/2516/1072 994/2517/1097
f 674/2493/1136 379/2474/1125 1244/2409/1029
f 1081/2446/916 1002/2500/1141 678/2444/1021
f 390/2518/1148 1237/2392/1096 673/2519/1109
f 991/2465/1087 682/2520/1149 1151/2463/1114
f 390/2521/1148 673/2423/1109 676/2491/1135
f 1189/2439/1115 1228/2405/1102 390/2521/1148
f 679/2381/1090 1089/2266/1046 1152/2522/1150
f 856/2414/1065 993/2523/1075 385/2508/1139
f 1228/2405/1102 384/2524/1072 390/2521/1148
f 382/2506/1142 367/2404/1101 995/2485/1131
f 676/2491/1135 1189/2439/1115 390/2521/1148
f 1155/2525/1151 540/2526/464 1218/2527/372
f 390/2518/1148 995/2485/1131 1237/2392/1096
f 382/2528/1142 390/2521/1148 384/2524/1072
f 394/2504/1144 375/2456/985 401/2458/1121
f 1216/2400/1099 376/2428/1110 657/2231/1028
f 383/2477/1127 670/2476/1058 1190/2529/1118
f 995/2485/1131 390/2518/1148 382/2506/1142
f 680/2488/1132 652/2370/1043 380/2455/1120
f 391/2512/1147 1239/2509/1145 665/2510/1076
f 860/2490/1134 677/2494/1137 396/2530/1152
f 389/2495/1138 401/2458/1121 363/2457/1068
f 415/2531/1153 388/2299/1056 997/1987/926
f 378/2532/1113 860/2533/1134 862/2534/1154
f 417/2535/1133 380/2536/1120 675/2537/1039
f 383/2538/1127 682/2539/1149 991/2540/1087
f 997/2541/926 420/2542/1155 415/2543/1153
f 1239/2509/1145 1002/2500/1141 1091/2507/1111
f 385/2544/1139 377/2545/1095 378/2546/1113
f 385/2544/1139 378/2546/1113 399/2547/1156
f 373/2548/1038 376/2549/1110 1000/2550/1126
f 402/2551/1157 1190/2552/1118 393/2553/1117
f 1089/2482/1046 998/2484/1130 395/2554/1158
f 1250/2555/1159 1226/2302/1019 638/2398/879
f 392/2556/1160 391/2512/1147 664/2390/1040
f 392/2556/1160 664/2390/1040 368/2357/1080
f 638/2398/879 679/2557/1090 1250/2555/1159
f 400/2558/1161 379/2474/1125 674/2493/1136
f 396/2559/1152 862/2534/1154 860/2533/1134
f 1003/2560/1162 1216/2561/1099 861/2562/1119
f 690/2511/1146 395/2554/1158 998/2484/1130
f 865/2563/1163 683/2564/1164 389/2495/1138
f 381/2417/1106 865/2563/1163 999/2470/1124
f 385/2496/1139 1001/2565/1165 381/2566/1106
f 395/2567/1158 1005/2568/1166 1089/2569/1046
f 865/2563/1163 389/2495/1138 999/2470/1124
f 682/2520/1149 677/2494/1137 1151/2463/1114
f 392/2556/1160 1239/2509/1145 391/2512/1147
f 392/2570/1160 368/2515/1080 386/2514/1128
f 385/2496/1139 399/2571/1156 1001/2565/1165
f 678/2572/1021 403/2573/1167 387/2574/1129
f 402/2575/1157 383/2538/1127 1190/2552/1118
f 1002/2576/1141 403/2573/1167 678/2572/1021
f 680/2488/1132 864/2577/1168 652/2370/1043
f 396/2578/1152 863/2579/1169 862/2580/1154
f 381/2417/1106 1001/2581/1165 865/2563/1163
f 397/2582/1170 861/2562/1119 359/2583/1074
f 402/2584/1157 393/2585/1117 859/2586/1123
f 1245/2503/1143 400/2558/1161 674/2493/1136
f 861/2562/1119 397/2582/1170 1003/2560/1162
f 997/2541/926 540/2526/464 420/2542/1155
f 862/2580/1154 399/2547/1156 378/2546/1113
f 1150/2499/1140 867/2587/1171 1148/2431/1020
f 386/2514/1128 379/2588/1125 392/2570/1160
f 415/2531/1153 671/2245/1032 388/2299/1056
f 400/2589/1161 392/2570/1160 379/2588/1125
f 403/2573/1167 1245/2590/1143 387/2574/1129
f 859/2467/1123 1226/2302/1019 1250/2555/1159
f 359/2583/1074 1092/2505/1108 397/2582/1170
f 1152/2591/1150 687/2592/1172 679/2593/1090
f 862/2594/1154 404/2595/1173 399/2571/1156
f 681/2596/1174 395/2597/1158 690/2598/1146
f 682/2599/1149 396/2578/1152 677/2600/1137
f 403/2601/1167 1002/2500/1141 1239/2509/1145
f 1089/2569/1046 1005/2568/1166 1152/2591/1150
f 1092/2505/1108 394/2504/1144 408/2602/1175
f 396/2578/1152 410/2603/1176 863/2579/1169
f 862/2594/1154 863/2604/1169 404/2595/1173
f 675/2537/1039 1000/2550/1126 417/2535/1133
f 652/2370/1043 864/2577/1168 1012/2605/1177
f 1245/2590/1143 403/2573/1167 400/2589/1161
f 683/2606/1164 865/2607/1163 404/2595/1173
f 383/2608/1127 402/2584/1157 407/2609/1178
f 392/2570/1160 400/2589/1161 403/2573/1167
f 865/2607/1163 1001/2565/1165 404/2595/1173
f 1239/2610/1145 392/2570/1160 403/2573/1167
f 394/2504/1144 401/2458/1121 408/2602/1175
f 681/2611/1174 1005/2568/1166 395/2567/1158
f 401/2458/1121 389/2495/1138 683/2564/1164
f 398/2612/1179 376/2428/1110 1216/2400/1099
f 1001/2565/1165 399/2571/1156 404/2595/1173
f 988/2613/1044 652/2370/1043 409/2614/1180
f 1216/2400/1099 1003/2615/1162 398/2612/1179
f 397/2582/1170 1092/2505/1108 408/2602/1175
f 1250/2555/1159 679/2557/1090 687/2616/1172
f 397/2582/1170 408/2602/1175 405/2617/1181
f 690/2511/1146 369/2486/1077 671/2618/1032
f 682/2599/1149 410/2603/1176 396/2578/1152
f 1150/2499/1140 988/2263/1044 867/2587/1171
f 376/2549/1110 398/2619/1179 1000/2550/1126
f 1003/2560/1162 1153/2620/1182 398/2621/1179
f 859/2586/1123 1004/2622/1183 402/2584/1157
f 683/2606/1164 404/2595/1173 868/2623/1184
f 417/2535/1133 406/2624/1185 864/2625/1168
f 863/2626/1169 410/2627/1176 404/2595/1173
f 407/2609/1178 682/2599/1149 383/2628/1127
f 417/2535/1133 864/2625/1168 680/2629/1132
f 684/2630/1186 1148/2431/1020 867/2587/1171
f 866/2631/1187 681/2596/1174 690/2598/1146
f 397/2582/1170 405/2617/1181 1003/2560/1162
f 410/2627/1176 868/2623/1184 404/2595/1173
f 868/2632/1184 401/2458/1121 683/2564/1164
f 1012/2605/1177 864/2577/1168 406/2633/1185
f 402/2584/1157 1004/2622/1183 1007/2634/1188
f 866/2631/1187 689/2635/1189 1005/2636/1166
f 685/2637/1190 405/2617/1181 408/2602/1175
f 988/2263/1044 409/2638/1180 867/2587/1171
f 398/2619/1179 691/2639/1191 1000/2550/1126
f 407/2609/1178 686/2640/1192 682/2599/1149
f 1093/2641/1193 402/2584/1157 1007/2634/1188
f 1003/2560/1162 405/2617/1181 412/2642/1194
f 1003/2560/1162 412/2642/1194 1153/2620/1182
f 686/2640/1192 407/2609/1178 402/2584/1157
f 410/2603/1176 682/2599/1149 686/2640/1192
f 685/2637/1190 408/2602/1175 401/2458/1121
f 685/2637/1190 401/2458/1121 868/2632/1184
f 405/2617/1181 685/2637/1190 413/2643/1195
f 412/2644/1194 405/2645/1181 413/2646/1195
f 866/2647/1187 1005/2568/1166 681/2611/1174
f 688/2648/1196 406/2624/1185 417/2535/1133
f 416/2649/1197 1005/2636/1166 689/2635/1189
f 686/2640/1192 1093/2641/1193 411/2650/1198
f 1005/2568/1166 416/2651/1197 426/2652/1199
f 412/2644/1194 413/2646/1195 1006/2653/1200
f 686/2654/1192 411/2655/1198 869/2656/1201
f 1012/2605/1177 406/2633/1185 688/2657/1196
f 652/2370/1043 1012/2605/1177 409/2614/1180
f 413/2646/1195 685/2658/1190 869/2656/1201
f 1093/2641/1193 686/2640/1192 402/2584/1157
f 410/2627/1176 686/2654/1192 868/2623/1184
f 1006/2653/1200 413/2646/1195 411/2655/1198
f 686/2654/1192 869/2656/1201 868/2623/1184
f 540/2526/464 1155/2525/1151 420/2542/1155
f 411/2655/1198 1093/2659/1193 1007/2660/1188
f 1006/2653/1200 411/2655/1198 1007/2660/1188
f 869/2656/1201 411/2655/1198 413/2646/1195
f 1013/2661/1202 1007/2634/1188 1004/2622/1183
f 1013/2662/1202 1004/2663/1183 859/2467/1123
f 685/2658/1190 868/2623/1184 869/2656/1201
f 409/2638/1180 423/2664/1203 867/2587/1171
f 1013/2662/1202 859/2467/1123 1250/2555/1159
f 1000/2550/1126 691/2639/1191 417/2535/1133
f 1152/2591/1150 414/2665/1204 687/2592/1172
f 1094/2666/1205 688/2667/1196 417/2668/1133
f 414/2665/1204 1250/2669/1159 687/2592/1172
f 690/2598/1146 689/2635/1189 866/2631/1187
f 415/2670/1153 690/2511/1146 671/2618/1032
f 419/2671/1206 426/2652/1199 416/2651/1197
f 691/2672/1191 1191/2673/1207 417/2674/1133
f 1005/2568/1166 414/2665/1204 1152/2591/1150
f 1094/2666/1205 418/2675/1208 688/2667/1196
f 415/2676/1153 420/2677/1155 690/2678/1146
f 1007/2660/1188 412/2644/1194 1006/2653/1200
f 690/2598/1146 416/2649/1197 689/2635/1189
f 1013/2679/1202 1250/2680/1159 414/2665/1204
f 418/2675/1208 1094/2666/1205 871/2681/1209
f 1012/2682/1177 688/2667/1196 418/2675/1208
f 684/2630/1186 867/2587/1171 423/2664/1203
f 1191/2683/1207 1094/2666/1205 417/2668/1133
f 1008/2684/1210 419/2685/1206 416/2686/1197
f 872/2687/1211 690/2678/1146 420/2677/1155
f 1012/2688/1177 423/2689/1203 409/2690/1180
f 1012/2682/1177 418/2675/1208 871/2681/1209
f 1008/2684/1210 421/2691/1212 870/2692/1213
f 419/2685/1206 870/2692/1213 426/2693/1199
f 419/2685/1206 1008/2684/1210 870/2692/1213
f 1218/2694/372 1148/2695/1020 684/2696/1186
f 412/2644/1194 1007/2660/1188 1193/2697/1214
f 871/2681/1209 1094/2666/1205 422/2698/1215
f 870/2692/1213 421/2691/1212 1009/2699/1216
f 1153/2700/1182 691/2672/1191 398/2701/1179
f 1008/2702/1210 690/2598/1146 872/2687/1211
f 872/2687/1211 420/2677/1155 424/2703/1217
f 423/2689/1203 692/2704/1218 879/2705/1219
f 414/2665/1204 1005/2568/1166 426/2652/1199
f 423/2689/1203 879/2705/1219 684/2696/1186
f 416/2649/1197 690/2598/1146 1008/2702/1210
f 875/2706/1220 1013/2679/1202 414/2665/1204
f 412/2642/1194 1193/2707/1214 1153/2620/1182
f 1154/2708/1221 691/2672/1191 1153/2700/1182
f 1193/2709/1214 428/2710/1222 1153/2711/1182
f 1191/2673/1207 691/2672/1191 1154/2708/1221
f 1010/2712/1223 1009/2699/1216 1095/2713/1224
f 1218/2694/372 684/2696/1186 879/2705/1219
f 693/2714/1225 422/2715/1215 1094/2716/1205
f 427/2717/1226 414/2718/1204 426/2719/1199
f 426/2693/1199 1009/2699/1216 1010/2712/1223
f 425/2720/1227 1094/2716/1205 1191/2673/1207
f 426/2693/1199 870/2692/1213 1009/2699/1216
f 1011/2721/1228 1095/2713/1224 1009/2699/1216
f 693/2722/1225 1229/2723/1229 873/2724/1230
f 1192/2725/1231 422/2698/1215 693/2726/1225
f 693/2722/1225 1094/2727/1205 1229/2723/1229
f 877/2728/1232 1007/2634/1188 1013/2661/1202
f 1015/2729/1233 1155/2730/1151 1218/2731/372
f 1095/2713/1224 1011/2721/1228 882/2732/1234
f 875/2733/1220 414/2718/1204 427/2717/1226
f 1012/2688/1177 692/2704/1218 423/2689/1203
f 694/2734/1235 1014/2735/1236 1095/2713/1224
f 1193/2697/1214 1007/2660/1188 877/2736/1232
f 1008/2684/1210 1009/2699/1216 421/2691/1212
f 882/2732/1234 1011/2721/1228 1008/2684/1210
f 882/2732/1234 694/2734/1235 1095/2713/1224
f 1008/2684/1210 1011/2721/1228 1009/2699/1216
f 873/2724/1230 1229/2723/1229 695/2737/1237
f 1192/2725/1231 871/2681/1209 422/2698/1215
f 871/2681/1209 1192/2725/1231 1012/2682/1177
f 876/2738/1238 875/2733/1220 427/2717/1226
f 874/2739/1239 697/2740/1240 695/2737/1237
f 875/2733/1220 878/2741/1241 1013/2742/1202
f 1154/2708/1221 425/2720/1227 1191/2673/1207
f 1153/2700/1182 428/2743/1222 1154/2708/1221
f 1010/2712/1223 1095/2713/1224 1014/2735/1236
f 697/2740/1240 874/2739/1239 694/2744/1235
f 1012/2682/1177 1192/2725/1231 1156/2745/1242
f 694/2744/1235 874/2739/1239 1014/2746/1236
f 874/2739/1239 695/2737/1237 1229/2723/1229
f 872/2747/1211 1016/2748/1243 429/2749/1244
f 1155/2750/1151 424/2751/1217 420/2752/1155
f 1012/2682/1177 1156/2745/1242 692/2753/1218
f 695/2737/1237 1192/2754/1231 873/2724/1230
f 1094/2716/1205 425/2720/1227 880/2755/1245
f 878/2741/1241 875/2733/1220 876/2738/1238
f 697/2740/1240 1192/2754/1231 695/2737/1237
f 1008/2684/1210 872/2756/1211 429/2757/1244
f 1010/2758/1223 427/2717/1226 426/2719/1199
f 693/2759/1225 873/2724/1230 1192/2754/1231
f 697/2760/1240 694/2761/1235 882/2762/1234
f 1156/2745/1242 879/2763/1219 692/2753/1218
f 1154/2708/1221 880/2764/1245 425/2720/1227
f 1014/2746/1236 874/2739/1239 1229/2723/1229
f 877/2765/1232 1013/2742/1202 878/2741/1241
f 880/2766/1245 1229/2723/1229 1094/2727/1205
f 1096/2767/1246 428/2710/1222 1193/2709/1214
f 1155/2750/1151 1016/2748/1243 424/2751/1217
f 872/2747/1211 424/2751/1217 1016/2748/1243
f 1096/2767/1246 1193/2709/1214 877/2768/1232
f 428/2710/1222 881/2769/1247 1154/2770/1221
f 876/2738/1238 427/2717/1226 1010/2758/1223
f 1218/2771/372 1017/2772/1248 1015/2773/1233
f 881/2769/1247 428/2710/1222 1096/2767/1246
f 1154/2770/1221 881/2769/1247 880/2774/1245
f 1016/2748/1243 1155/2750/1151 696/2775/1249
f 1014/2746/1236 1229/2723/1229 880/2766/1245
f 879/2763/1219 1156/2745/1242 1017/2776/1248
f 879/2777/1219 1017/2772/1248 1218/2771/372
f 1096/2767/1246 877/2768/1232 878/2778/1241
f 884/2779/1250 1010/2758/1223 1014/2780/1236
f 429/2757/1244 882/2732/1234 1008/2684/1210
f 697/2740/1240 885/2781/1251 1192/2754/1231
f 876/2738/1238 1010/2758/1223 884/2779/1250
f 880/2766/1245 883/2782/1252 1014/2746/1236
f 881/2769/1247 883/2783/1252 880/2774/1245
f 876/2738/1238 884/2784/1250 878/2741/1241
f 878/2778/1241 884/2785/1250 1096/2767/1246
f 883/2783/1252 884/2785/1250 1014/2786/1236
f 696/2787/1249 1155/2730/1151 1015/2729/1233
f 1192/2754/1231 885/2781/1251 1156/2788/1242
f 883/2783/1252 881/2769/1247 1096/2767/1246
f 883/2783/1252 1096/2767/1246 884/2785/1250
f 696/2775/1249 429/2749/1244 1016/2748/1243
f 1017/2789/1248 1156/2788/1242 885/2781/1251
f 1017/2790/1248 885/2791/1251 1015/2729/1233
f 697/2792/1240 882/2762/1234 429/2749/1244
f 429/2793/1244 696/2787/1249 697/2794/1240
f 696/2787/1249 1015/2729/1233 697/2794/1240
f 1015/2729/1233 885/2791/1251 697/2794/1240
