# Blender 5.2.2 LTS
# www.blender.org
mtllib caballo.mtl
o Meshy_AI_staunton_chess_knight_0926012000_image-to-3d-texture
v -0.019056 0.000552 0.003435
v -0.017996 0.005706 0.006031
v -0.019228 0.010125 -0.001702
v -0.017384 0.000185 0.006960
v -0.017169 0.007026 -0.006365
v -0.014389 0.018110 -0.003192
v -0.015111 0.000477 0.010703
v -0.012875 0.026375 -0.007298
v -0.014288 0.024027 0.001595
v -0.014209 0.010119 0.010734
v -0.015975 0.005754 0.009389
v -0.013532 0.020754 -0.005087
v -0.013036 0.024005 0.004796
v -0.013216 0.024642 -0.003367
v -0.012664 0.024691 0.001777
v -0.012780 0.025177 0.000109
v -0.014131 0.009585 -0.015052
v -0.012572 0.021334 -0.008397
v -0.013135 0.023157 -0.009393
v -0.011695 0.020433 -0.009493
v -0.012559 0.025257 -0.002451
v -0.010773 0.018211 0.007321
v -0.012041 0.025270 0.000291
v -0.011454 0.025263 -0.007109
v -0.011723 0.024646 -0.008255
v -0.010643 0.022690 -0.012414
v -0.010056 0.025271 0.004235
v -0.008388 0.006981 -0.017591
v -0.009232 0.025269 -0.010131
v -0.009224 0.025276 0.005422
v -0.008743 0.084762 0.001651
v -0.012156 0.005586 0.013552
v -0.008203 0.025205 0.007940
v -0.009162 0.020280 -0.012416
v -0.009021 0.024653 -0.011842
v -0.008015 0.025266 -0.011377
v -0.005799 0.028155 -0.017021
v -0.007788 0.069068 0.007151
v -0.008739 0.020742 0.008731
v -0.007824 0.075823 0.001386
v -0.007346 0.073628 -0.000913
v -0.005156 0.013962 0.015554
v -0.007397 0.025268 0.007517
v -0.007114 0.025256 -0.012239
v -0.007015 0.062899 -0.005207
v -0.002666 0.026889 0.011914
v -0.007506 0.007034 0.013868
v -0.007255 0.064587 -0.011576
v -0.006449 0.053428 -0.000049
v -0.006784 0.072535 0.008551
v -0.006267 0.078070 0.002098
v -0.006566 0.051124 -0.000206
v -0.005398 0.066527 -0.003587
v -0.006329 0.073719 0.008548
v -0.006260 0.071838 0.007675
v -0.006157 0.021459 -0.014737
v -0.008135 0.005735 -0.020053
v -0.006345 0.025266 -0.012923
v -0.006064 0.073990 0.009571
v -0.006479 0.089854 0.004603
v -0.005599 0.019333 -0.014784
v -0.005913 0.070943 0.008641
v -0.005216 0.069224 0.009925
v -0.005388 0.069412 -0.003753
v -0.005582 0.078656 -0.001465
v -0.005597 0.076160 -0.001266
v -0.004092 0.060214 0.006645
v -0.003885 0.023022 -0.016538
v -0.006074 0.074233 0.010520
v -0.004856 0.083217 0.003233
v -0.005257 0.025218 -0.013851
v -0.005050 0.061853 0.008009
v -0.003092 0.000568 0.017638
v -0.004621 0.059306 0.019968
v -0.004854 0.057263 0.015663
v -0.005022 0.060957 0.019279
v -0.006434 0.018165 0.010785
v -0.002416 0.037602 -0.012821
v -0.004721 0.061243 0.020183
v -0.004626 0.060526 -0.014702
v -0.004489 0.061244 0.009442
v -0.005165 0.057941 -0.001192
v -0.004569 0.051663 -0.013945
v -0.003718 0.064400 0.016929
v -0.004320 0.071650 0.011313
v -0.003525 0.053452 0.013982
v -0.003856 0.055909 -0.018537
v -0.004169 0.062233 -0.002164
v -0.002400 0.011604 0.017025
v -0.003891 0.057961 -0.018200
v -0.003913 0.067155 -0.016768
v -0.003731 0.062401 -0.019216
v -0.004856 0.058015 0.020304
v -0.003649 0.070430 0.011235
v -0.003822 0.081330 0.005741
v -0.003527 0.064556 -0.019417
v -0.003249 0.039004 -0.015325
v -0.003311 0.035221 -0.017492
v -0.003115 0.047173 -0.018214
v -0.003497 0.066399 -0.016503
v -0.002919 0.050992 -0.019881
v -0.003601 0.060233 -0.017487
v -0.000585 0.041948 0.012129
v -0.003570 0.059666 -0.016320
v -0.002911 0.042976 -0.017430
v -0.002685 0.025236 0.010509
v -0.003574 0.057087 0.021529
v -0.003201 0.074511 -0.013236
v -0.003245 0.050121 -0.015207
v -0.002097 0.053656 -0.016784
v -0.003050 0.075089 -0.010737
v -0.003469 0.062638 -0.020094
v -0.003425 0.080264 0.007726
v -0.002715 0.036197 -0.017288
v -0.002854 0.058376 0.022031
v -0.003244 0.052873 -0.015673
v -0.002701 0.081776 0.004647
v -0.003170 0.066337 -0.014210
v -0.003582 0.039748 -0.013885
v -0.002831 0.042735 -0.015963
v -0.002710 0.057070 0.011699
v -0.002885 0.068607 -0.013630
v -0.002773 0.055902 -0.019079
v -0.002807 0.041856 -0.013683
v -0.002786 0.048204 -0.014064
v -0.002747 0.064595 -0.019405
v -0.002648 0.053147 -0.021071
v -0.002216 0.055408 -0.015068
v -0.002211 0.013242 -0.020863
v -0.002303 0.076836 -0.009297
v -0.002136 0.060023 0.019441
v -0.002473 0.040015 -0.014977
v -0.002304 0.038505 -0.015819
v -0.002220 0.062337 -0.021827
v -0.002488 0.069539 -0.016006
v -0.002823 0.081269 -0.004905
v -0.001161 0.059358 0.001178
v -0.002514 0.046525 -0.013958
v -0.002656 0.046547 -0.017788
v -0.002306 0.037344 -0.017810
v -0.002821 0.069632 -0.018549
v -0.002729 0.057965 -0.015040
v -0.002514 0.041963 -0.014147
v -0.002864 0.073453 -0.017190
v -0.002375 0.063221 -0.014762
v -0.003432 0.055405 0.016640
v -0.003349 0.086281 0.003643
v -0.001939 0.066217 -0.020986
v -0.002191 0.075611 -0.013555
v -0.001701 0.009731 -0.021131
v -0.001613 0.083867 -0.005822
v -0.002061 0.056682 0.015419
v -0.000289 0.022644 -0.016953
v -0.002616 0.082334 -0.008511
v -0.002171 0.036590 -0.013127
v -0.001800 0.052067 0.017357
v -0.002304 0.055523 -0.021622
v -0.002640 0.061517 -0.021405
v -0.002179 0.087048 -0.002076
v -0.002482 0.081704 -0.011040
v -0.002157 0.039330 -0.012796
v -0.002188 0.042773 -0.013181
v -0.002231 0.084900 -0.002836
v -0.001881 0.046725 -0.020157
v -0.002130 0.070322 -0.014651
v -0.002321 0.081334 0.007821
v -0.002166 0.085686 0.001062
v -0.001953 0.041625 -0.016859
v -0.002101 0.043899 -0.015847
v -0.001511 0.064855 -0.021602
v -0.001737 0.052729 -0.017637
v -0.001977 0.061692 0.022213
v -0.002337 0.054105 -0.021731
v -0.001448 0.083542 -0.009623
v -0.001446 0.086971 -0.001744
v -0.002390 0.086164 -0.004899
v -0.001709 0.059778 0.000507
v -0.001761 0.080506 0.007060
v -0.001782 0.044515 -0.018817
v -0.001552 0.071360 -0.019300
v -0.001519 0.076612 -0.011981
v -0.001480 0.034476 -0.018587
v -0.002220 0.060004 -0.021474
v -0.001515 0.083726 0.005850
v 0.001776 0.005814 0.017561
v -0.001367 0.082305 0.007996
v -0.001533 0.087159 0.003408
v -0.000483 0.040025 -0.019069
v -0.001534 0.031469 -0.020603
v -0.000975 0.050654 -0.019338
v -0.003649 0.007011 0.015302
v -0.000218 0.061664 -0.022346
v -0.000989 0.076043 -0.013881
v -0.000253 0.043262 -0.019908
v -0.001507 0.074818 -0.017380
v -0.001535 0.068544 -0.020414
v -0.001015 0.068134 -0.019213
v -0.001730 0.080586 -0.012729
v -0.000903 0.069032 -0.017476
v -0.000169 0.052855 0.018414
v -0.001897 0.051823 0.015512
v -0.000216 0.048777 -0.021436
v -0.000603 0.041262 -0.017337
v -0.000158 0.080598 -0.012747
v -0.000661 0.059583 -0.020440
v -0.000296 0.048495 -0.020640
v -0.000271 0.070750 -0.020076
v 0.000220 0.081553 -0.012915
v -0.000193 0.087110 -0.002974
v -0.000040 0.056264 0.021458
v 0.000500 0.013830 0.016519
v -0.000044 0.081273 0.008419
v 0.000956 0.047443 -0.020773
v 0.000440 0.058910 -0.022148
v -0.000055 0.085589 0.004697
v 0.001252 0.034720 -0.019459
v 0.000040 0.065770 0.018457
v -0.000753 0.000136 -0.021791
v 0.000692 0.056296 0.015777
v 0.000040 0.078526 0.008735
v -0.000680 0.024046 -0.016888
v 0.000445 0.040164 -0.018051
v -0.000062 0.061484 0.021919
v 0.001862 0.062540 -0.021807
v 0.001292 0.034181 -0.018838
v 0.000951 0.038723 -0.018826
v 0.001166 0.040509 -0.018685
v 0.001950 0.059143 0.004892
v 0.002704 0.081663 -0.010875
v 0.001447 0.025127 0.010863
v 0.000486 0.043377 -0.019793
v -0.000039 0.052852 0.018188
v 0.001528 0.086939 -0.001579
v 0.001406 0.083945 0.004000
v 0.001231 0.084490 -0.007259
v 0.000857 0.012427 -0.021174
v 0.002205 0.060010 -0.021406
v 0.001460 0.061280 -0.018725
v 0.002339 0.086132 -0.004906
v 0.001886 0.061482 0.022268
v 0.001345 0.086487 0.004006
v 0.002969 0.000520 0.017546
v 0.001590 0.044429 -0.019648
v 0.002174 0.029732 -0.020524
v 0.001716 0.083490 -0.005348
v 0.001755 0.081768 0.007054
v 0.001997 0.084019 0.001887
v 0.003150 0.053176 -0.020661
v 0.003238 0.019678 0.011462
v 0.002218 0.080094 0.008066
v 0.000031 0.005367 -0.021992
v 0.001907 0.051835 0.015358
v 0.001623 0.053210 -0.021350
v 0.001934 0.043427 -0.016118
v 0.001989 0.076744 -0.010752
v 0.002056 0.043889 -0.013450
v 0.001514 0.071315 -0.019378
v 0.002228 0.036942 -0.018003
v 0.002164 0.054175 0.020984
v 0.001869 0.078584 0.008246
v 0.002210 0.058743 0.019727
v 0.002055 0.065990 0.018153
v 0.002192 0.036828 -0.016888
v 0.002418 0.042103 -0.014098
v 0.002181 0.083792 0.004787
v 0.002285 0.083614 0.003009
v 0.002136 0.083681 -0.000542
v 0.002292 0.081444 -0.006762
v 0.001597 0.074116 -0.017867
v 0.002183 0.019441 -0.015815
v 0.002204 0.067044 -0.019993
v 0.002304 0.038754 -0.015702
v 0.002158 0.082361 0.003808
v 0.002404 0.083171 -0.001667
v 0.002329 0.054337 -0.020450
v 0.002360 0.028936 -0.017953
v 0.002149 0.075616 -0.013588
v 0.002388 0.039858 -0.015077
v 0.002345 0.063368 -0.014764
v 0.002515 0.040868 -0.014548
v 0.001516 0.068619 -0.020435
v 0.002512 0.070694 -0.012962
v 0.002773 0.080191 -0.006134
v 0.002668 0.064280 -0.019752
v 0.002708 0.041924 -0.013663
v 0.002276 0.076812 -0.009311
v 0.002619 0.030823 -0.016092
v 0.003240 0.072704 0.012383
v 0.002763 0.082863 0.004897
v 0.002690 0.058313 0.021327
v 0.003142 0.077362 -0.013540
v 0.002800 0.073740 -0.011560
v 0.002833 0.065126 -0.018591
v 0.002622 0.071056 -0.018908
v 0.002903 0.052070 -0.014424
v 0.003025 0.067691 -0.017698
v 0.003142 0.074955 -0.012129
v 0.002965 0.072583 -0.012152
v 0.003505 0.078400 -0.013335
v 0.002843 0.051710 -0.020542
v 0.002994 0.061460 0.021840
v 0.003148 0.061587 -0.017512
v 0.003697 0.065592 -0.017851
v 0.003324 0.066158 -0.016878
v 0.003130 0.057026 -0.017908
v 0.003264 0.084624 -0.004649
v 0.003601 0.068711 -0.015181
v 0.002999 0.025280 0.010405
v 0.003168 0.058470 -0.016208
v 0.003204 0.032068 -0.019523
v 0.003518 0.080755 -0.008461
v 0.003482 0.048951 -0.017057
v 0.003239 0.052695 -0.015613
v 0.003176 0.041509 -0.015542
v 0.004129 0.054120 0.018483
v 0.004278 0.080882 0.003672
v 0.003594 0.051349 -0.015550
v 0.003528 0.053864 0.018064
v 0.003319 0.057150 0.014974
v 0.003664 0.064101 0.017370
v 0.003944 0.058335 -0.017978
v 0.003389 0.080016 0.007631
v 0.003379 0.046342 -0.015033
v 0.003478 0.066873 -0.015186
v 0.003583 0.070466 0.011275
v 0.003620 0.053128 -0.019523
v 0.001428 0.022805 0.012888
v 0.003880 0.063724 -0.019353
v 0.003798 0.070886 -0.012947
v 0.002885 0.006990 -0.019528
v 0.004566 0.056199 0.013860
v 0.004394 0.059342 0.017482
v 0.004235 0.055415 -0.018471
v 0.004403 0.061155 0.009735
v 0.004215 0.034743 -0.015079
v 0.004403 0.018271 0.011537
v 0.004138 0.063208 0.011516
v 0.004913 0.073333 0.011065
v 0.004463 0.059389 0.019942
v 0.005974 0.031901 0.012062
v 0.005249 0.080355 0.002963
v 0.005598 0.078117 0.007024
v 0.006328 0.022576 0.011342
v 0.004594 0.061524 -0.002064
v 0.004980 0.083471 0.003060
v 0.005762 0.076951 0.008573
v 0.004828 0.044861 0.008337
v 0.005723 0.065191 0.009986
v 0.006290 0.074339 0.010265
v 0.005987 0.068597 -0.004887
v 0.006005 0.060673 0.001767
v 0.005707 0.079640 0.006030
v 0.005590 0.076509 -0.001131
v 0.006402 0.076138 -0.004924
v 0.006015 0.074007 0.009495
v 0.006967 0.089951 0.004364
v 0.006138 0.073101 0.007266
v 0.006806 0.072690 0.008921
v 0.006644 0.025256 -0.012597
v 0.006634 0.051895 -0.000928
v 0.007804 0.075850 0.001483
v 0.006481 0.062430 0.007285
v 0.006479 0.007003 -0.018414
v 0.007140 0.025271 0.007707
v 0.007048 0.070276 0.007496
v 0.007221 0.063451 0.002036
v 0.006598 0.043926 0.006280
v 0.007198 0.089771 0.005430
v 0.007239 0.074084 -0.000680
v 0.007411 0.066972 -0.008288
v 0.007679 0.025276 -0.011635
v 0.007385 0.080589 0.000528
v 0.008624 0.035917 0.008546
v 0.007747 0.074358 0.002879
v 0.007846 0.076080 0.003775
v 0.008805 0.025277 -0.010543
v 0.008219 0.024614 -0.012560
v 0.010983 0.022696 -0.012168
v 0.010321 0.036448 -0.007207
v 0.008423 0.023923 -0.014243
v 0.011153 0.005668 0.014157
v 0.010713 0.011794 -0.017941
v 0.009432 0.025272 0.005124
v 0.010835 0.019158 -0.010868
v 0.010368 0.022659 0.008554
v 0.010905 0.021591 0.006880
v 0.007955 0.010554 0.015455
v 0.010341 0.025269 0.003745
v 0.011218 0.019652 0.005943
v 0.011303 0.035858 -0.005836
v 0.011920 0.027240 -0.010423
v 0.011060 0.025273 0.002331
v 0.010609 0.025256 -0.008378
v 0.010908 0.007000 0.011686
v 0.012301 0.005696 -0.017508
v 0.011614 0.025268 0.001155
v 0.012657 0.024633 0.001827
v 0.011788 0.024035 -0.010938
v 0.011920 0.025252 -0.005890
v 0.013697 0.000484 0.012090
v 0.013316 0.011861 0.011596
v 0.012370 0.025274 -0.000524
v 0.015319 0.005810 0.010256
v 0.012679 0.025183 0.000505
v 0.013771 0.022727 -0.007632
v 0.013575 0.007003 0.009018
v 0.014189 0.006995 -0.012517
v 0.013885 0.018477 -0.004383
v 0.012488 0.000484 -0.017435
v 0.014960 0.028662 -0.005673
v 0.015874 0.005725 -0.013679
v 0.016377 0.000406 0.008842
v 0.018037 0.005644 -0.010090
v 0.018453 0.000479 0.004884
v 0.018239 0.013786 0.000813
v 0.019641 0.005753 -0.004277
v 0.019836 0.000624 -0.000717
v -0.019813 0.000491 -0.001686
v -0.019301 0.000482 -0.006493
v -0.019467 0.005752 0.001157
v -0.019359 0.005602 -0.006247
v -0.018336 0.012588 0.002920
v -0.015560 0.000536 -0.014413
v -0.015793 0.007014 0.005642
v -0.017546 0.014680 0.001312
v -0.015163 0.028487 -0.004557
v -0.015053 0.028754 -0.003139
v -0.014930 0.023113 -0.000350
v -0.014504 0.022687 -0.005174
v -0.013761 0.020788 -0.000608
v -0.013178 0.007006 0.009602
v -0.015391 0.013877 0.008081
v -0.013972 0.028771 -0.008441
v -0.012863 0.018236 -0.008328
v -0.013457 0.012167 -0.015740
v -0.013563 0.022627 0.003946
v -0.013800 0.028364 0.001643
v -0.011385 0.035272 -0.006456
v -0.011867 0.025265 -0.006216
v -0.010463 0.022786 0.008680
v -0.011680 0.020949 0.005409
v -0.009289 0.010161 -0.018922
v -0.010835 0.025264 -0.008111
v -0.010439 0.014352 0.012728
v -0.007876 0.013847 -0.018882
v -0.010923 0.024113 -0.011915
v -0.009060 0.046385 -0.007110
v -0.008236 0.062890 -0.009212
v -0.009959 0.025202 -0.010471
v -0.007794 0.074145 0.002852
v -0.007288 0.063716 0.001898
v -0.007463 0.075101 0.005656
v -0.006585 0.062785 0.007461
v -0.007040 0.073467 0.007579
v -0.004870 0.024594 0.010334
v -0.005704 0.086891 0.000829
v -0.006747 0.073058 0.005532
v -0.005993 0.076802 0.005984
v -0.006455 0.072944 0.006754
v -0.007132 0.068718 -0.002377
v -0.005968 0.068349 -0.004786
v -0.006680 0.043983 0.006143
v -0.002727 0.034373 -0.013755
v -0.005941 0.079511 0.003096
v -0.006426 0.022871 0.011426
v -0.005662 0.072715 0.010498
v -0.005218 0.076447 0.010037
v -0.005214 0.064968 -0.004002
v -0.005318 0.064596 0.011769
v -0.004760 0.056911 0.014488
v -0.004050 0.067276 -0.014096
v -0.004960 0.073332 0.010998
v -0.003420 0.005767 -0.021521
v -0.004924 0.080467 0.003275
v -0.005712 0.036396 0.012087
v -0.004261 0.059353 0.004108
v -0.004230 0.031798 -0.017847
v -0.004287 0.055386 -0.017914
v -0.004195 0.034943 -0.014979
v -0.005338 0.017828 -0.015652
v -0.004074 0.058897 0.013232
v -0.003731 0.063063 0.019806
v -0.003823 0.036082 -0.015024
v -0.003737 0.072136 -0.016583
v -0.003333 0.032250 -0.019360
v -0.003753 0.071462 0.010607
v -0.003353 0.029691 -0.019429
v -0.003499 0.053105 0.016881
v -0.003566 0.061846 0.020802
v -0.003656 0.074207 -0.011424
v -0.003504 0.066920 -0.015128
v -0.002214 0.041024 -0.012897
v -0.003574 0.069085 -0.015122
v -0.003380 0.078951 -0.007593
v -0.003058 0.067754 -0.017641
v -0.003159 0.050139 -0.017559
v -0.003685 0.081807 0.006586
v -0.003183 0.068133 0.014192
v -0.003799 0.046334 -0.016647
v -0.002982 0.072623 -0.016439
v -0.002882 0.074194 -0.011273
v -0.003164 0.079313 -0.012272
v -0.002542 0.083117 -0.001670
v -0.003121 0.082064 -0.009354
v -0.002734 0.049678 -0.014093
v -0.003117 0.084665 -0.003433
v -0.002586 0.083332 0.005121
v -0.002782 0.081713 -0.004188
v -0.000774 0.046672 0.009407
v -0.002417 0.071921 -0.017888
v -0.002543 0.074966 -0.015726
v -0.002333 0.082172 -0.003357
v -0.002593 0.029752 -0.017077
v -0.002321 0.063612 -0.020427
v -0.002134 0.082804 0.006608
v -0.002301 0.083745 0.002904
v -0.004079 0.028224 -0.018066
v -0.002408 0.079075 -0.007333
v -0.003197 0.077385 -0.013081
v -0.002306 0.081326 -0.006519
v -0.002829 0.022650 0.012479
v -0.002213 0.081980 -0.007669
v -0.001798 0.083312 -0.001442
v -0.002159 0.035767 -0.017640
v -0.002359 0.067732 -0.018695
v -0.002114 0.044095 -0.013471
v -0.002037 0.083972 0.001758
v -0.001807 0.078484 0.008294
v -0.002935 0.054019 0.017411
v -0.001660 0.080546 -0.011089
v -0.002170 0.059195 0.004923
v -0.000968 0.054008 -0.022378
v -0.001840 0.081556 0.007120
v -0.001857 0.086283 -0.000722
v -0.001847 0.085588 0.002785
v -0.001713 0.037975 -0.018658
v -0.002122 0.076874 -0.015383
v -0.001741 0.084358 -0.007730
v -0.001352 0.086344 0.004081
v -0.001676 0.080195 0.006701
v -0.001007 0.060232 -0.019821
v -0.001458 0.061062 -0.018997
v -0.001462 0.084072 0.003883
v -0.002356 0.018730 -0.015975
v -0.001808 0.078006 -0.015344
v -0.000777 0.084538 0.003854
v -0.000522 0.059057 -0.022306
v -0.001336 0.082990 -0.009913
v -0.001390 0.029595 -0.020801
v -0.000451 0.067458 -0.020126
v 0.000245 0.058486 0.022218
v -0.000630 0.082122 0.008422
v -0.000963 0.085204 -0.007653
v 0.000171 0.088004 0.000259
v 0.001280 0.051913 0.017472
v -0.000520 0.076301 -0.016752
v 0.000834 0.086458 -0.004611
v -0.000077 0.088380 0.002750
v 0.000020 0.024749 -0.015221
v 0.000467 0.058732 -0.021218
v 0.000277 0.043902 -0.020295
v 0.000496 0.052595 -0.021991
v 0.002094 0.021131 0.011816
v 0.001800 0.082958 -0.010516
v 0.003636 0.014647 0.015442
v 0.000580 0.059108 0.001827
v 0.000305 0.086487 -0.005511
v 0.000518 0.041054 -0.017455
v 0.000436 0.067503 -0.020112
v 0.005728 -0.000006 0.016163
v 0.001972 0.061133 -0.021981
v 0.000834 0.060068 -0.019988
v 0.001262 0.080538 0.008227
v 0.002185 0.007011 0.015563
v 0.001905 0.053110 0.013050
v 0.000867 0.069140 -0.017231
v 0.001082 0.042093 -0.016920
v 0.000977 0.076090 -0.013737
v 0.001174 0.049227 -0.021283
v 0.001526 0.075380 -0.016578
v 0.002265 0.052801 0.019664
v 0.000948 0.050810 -0.019206
v 0.001336 0.069877 -0.015679
v 0.001496 0.082891 -0.009599
v 0.001559 0.087659 -0.001347
v 0.001493 0.037232 0.013829
v 0.001247 0.049275 -0.019675
v 0.001353 0.083991 0.001401
v 0.001921 0.046763 -0.020062
v 0.001667 0.038014 -0.018663
v 0.002320 0.083448 -0.008522
v 0.001467 0.080525 -0.012958
v 0.002081 0.068280 -0.017908
v 0.002084 0.078275 -0.015030
v 0.002164 0.053995 -0.021792
v 0.001719 0.080479 -0.010869
v 0.001649 0.082762 0.006475
v 0.001932 0.086725 0.001163
v 0.001771 0.083305 -0.001352
v 0.002445 0.075013 -0.015893
v 0.002031 0.056842 0.015405
v 0.001690 0.032086 -0.020385
v 0.002981 0.043363 -0.017233
v 0.002154 0.085474 -0.003225
v 0.002467 0.053578 -0.014761
v 0.002409 0.078978 -0.007301
v 0.002261 0.080657 -0.005463
v 0.002243 0.042864 -0.018404
v 0.002959 0.079621 -0.012130
v 0.003283 0.014060 -0.020117
v 0.002533 0.085317 -0.000678
v 0.002623 0.079500 -0.006842
v 0.002613 0.035036 -0.013602
v 0.002657 0.057950 -0.015003
v 0.002656 0.084753 -0.001571
v 0.002474 0.057847 -0.021203
v 0.003378 0.040136 -0.013678
v 0.002746 0.071249 0.013584
v 0.003519 0.056755 0.021421
v 0.003549 0.030415 -0.016883
v 0.002692 0.055747 -0.019224
v 0.003729 0.046700 -0.016780
v 0.002583 0.046465 -0.017784
v 0.003278 0.050813 -0.017254
v 0.003033 0.062014 -0.020846
v 0.003500 0.057717 0.021287
v 0.003167 0.078926 -0.012540
v 0.003159 0.079133 -0.009233
v 0.003100 0.048746 -0.016183
v 0.003456 0.055297 0.016518
v 0.002993 0.082149 -0.008553
v 0.002551 0.057413 0.011604
v 0.003481 0.044215 -0.014189
v 0.003340 0.054046 0.017314
v 0.003622 0.080276 0.006371
v 0.003216 0.050201 -0.015076
v 0.003734 0.072183 -0.016456
v 0.003797 0.041573 -0.011956
v 0.003681 0.081774 0.006698
v 0.003835 0.081349 0.005765
v 0.004063 0.056815 -0.016572
v 0.003982 0.084448 0.004801
v 0.003251 0.081358 0.005201
v 0.003825 0.037604 -0.015282
v 0.003684 0.054718 -0.016739
v 0.002646 0.024777 -0.014917
v 0.004150 0.072309 0.010622
v 0.004246 0.025262 0.009675
v 0.003990 0.065705 -0.015846
v 0.004962 0.058299 0.020111
v 0.004113 0.055970 0.019686
v 0.003171 0.024170 -0.016358
v 0.004250 0.066431 0.014435
v 0.004001 0.058904 0.013203
v 0.004584 0.054921 0.015778
v 0.004102 0.061648 0.020351
v 0.006265 0.005667 0.016661
v 0.004904 0.058152 0.014149
v 0.004752 0.028271 -0.017766
v 0.004854 0.063114 0.008999
v 0.005362 0.087039 0.004825
v 0.004387 0.009574 -0.020663
v 0.004897 0.063685 -0.003212
v 0.004970 0.080801 -0.002681
v 0.005268 0.061360 -0.003011
v 0.006235 0.084231 0.002918
v 0.005937 0.076859 0.005920
v 0.006002 0.073464 0.010103
v 0.006562 0.066174 0.009466
v 0.008060 0.000371 -0.020078
v 0.007415 0.075129 0.005707
v 0.007603 0.074728 0.007200
v 0.008870 0.020075 0.008562
v 0.008869 0.006968 -0.017303
v 0.007592 0.063998 -0.011252
v 0.008061 0.084561 0.000678
v 0.008416 0.049656 -0.006542
v 0.008806 0.084015 0.001960
v 0.007684 0.029366 0.010083
v 0.010189 0.025162 0.005907
v 0.006945 0.007014 0.014168
v 0.008381 0.025271 0.006474
v 0.009043 0.014443 -0.017738
v 0.009953 0.013950 0.013417
v 0.008644 0.018258 0.009238
v 0.011813 0.006984 -0.015192
v 0.011051 0.000486 0.014255
v 0.011026 0.021158 -0.010638
v 0.012253 0.025504 -0.006225
v 0.012972 0.019629 0.002725
v 0.014306 0.024093 0.001186
v 0.014232 0.014055 -0.013693
v 0.013491 0.022810 0.004326
v 0.013208 0.024147 -0.008406
v 0.014720 0.023979 -0.003421
v 0.013989 0.021248 -0.001912
v 0.014082 0.000027 -0.014707
v 0.013891 0.028390 0.001181
v 0.014998 0.009956 0.009749
v 0.016192 0.007009 -0.009165
v 0.016649 0.000546 -0.012848
v 0.016254 0.012019 -0.012106
v 0.017555 0.014782 -0.004919
v 0.017037 0.013705 -0.009230
v 0.017517 0.007019 0.000210
v 0.018447 0.011915 -0.007165
v 0.019105 0.009821 -0.000991
v 0.019471 0.005414 0.001439
v -0.019720 0.005766 -0.002957
v -0.017843 0.010013 0.005201
v -0.018609 0.013545 -0.004137
v -0.017846 0.000405 -0.010510
v -0.016108 0.007001 -0.009412
v -0.013509 0.014269 -0.014245
v -0.014359 0.024098 -0.005432
v -0.013927 0.006981 -0.012991
v -0.013507 0.018185 0.002838
v -0.012337 0.025250 -0.004626
v -0.010698 0.038149 -0.002149
v -0.011981 0.000229 0.013354
v -0.009576 0.024652 0.007240
v -0.009856 0.041223 -0.005875
v -0.010208 0.006969 0.012251
v -0.008755 0.012257 0.014803
v -0.007731 0.005628 0.016104
v -0.007753 0.027076 0.008891
v -0.011911 0.028594 -0.011090
v -0.007906 0.051760 -0.005813
v -0.007327 0.044089 -0.009343
v -0.008780 0.084511 0.003616
v -0.007670 0.090011 0.004695
v -0.007896 0.076129 0.003560
v -0.005140 0.080637 -0.002556
v -0.006838 0.064714 -0.001867
v -0.008707 0.018289 -0.013377
v -0.007574 0.022614 -0.014791
v -0.001005 0.018272 0.012322
v -0.006041 0.072864 0.006996
v -0.006293 0.079242 0.002665
v -0.006501 0.066003 0.009639
v -0.004940 0.063922 -0.003056
v -0.005352 0.080417 0.002876
v -0.005775 0.065489 0.010328
v -0.005201 0.073630 0.010316
v -0.005170 0.006977 -0.018946
v -0.005262 0.054417 0.001032
v -0.004385 0.072665 0.010613
v -0.004429 0.058466 0.015930
v -0.004874 0.063239 0.009110
v -0.005067 0.058148 0.014391
v -0.005102 0.074720 0.011366
v -0.004057 0.081767 -0.002854
v -0.004181 0.063253 0.011615
v -0.004034 0.085634 0.005015
v -0.004193 0.055993 0.019539
v -0.003930 0.054225 -0.017673
v -0.004071 0.057072 -0.016502
v -0.003739 0.053345 -0.019681
v -0.003638 0.051386 -0.015604
v -0.003999 0.048477 -0.015149
v -0.003426 0.081172 -0.009477
v -0.003508 0.024875 -0.014655
v -0.003628 0.030362 -0.017077
v -0.003330 0.041650 -0.015439
v -0.003510 0.044237 -0.014203
v -0.003682 0.055764 0.016131
v -0.002849 0.060884 -0.014981
v -0.003191 0.057360 -0.017547
v -0.003088 0.052202 -0.020457
v -0.003067 0.073338 -0.012682
v -0.002922 0.080209 -0.006211
v -0.003098 0.079079 -0.008905
v -0.002326 0.063418 -0.016019
v -0.002741 0.060501 -0.000581
v -0.002589 0.045086 -0.013468
v -0.002523 0.070542 -0.013532
v -0.002061 0.062715 -0.016934
v -0.002632 0.032779 -0.019748
v -0.002355 0.051474 -0.018353
v -0.002699 0.058374 0.021154
v -0.002268 0.080677 -0.005459
v -0.002855 0.085276 -0.002167
v -0.000375 0.056956 0.002364
v -0.002987 0.055601 0.020976
v -0.002288 0.028773 -0.018145
v -0.002331 0.054118 -0.014868
v -0.002171 0.083708 -0.000525
v -0.001978 0.043500 -0.018940
v -0.001769 0.024728 -0.015101
v -0.001905 0.053535 -0.021108
v -0.001317 0.042419 -0.016752
v -0.001937 0.053634 0.012730
v -0.002220 0.052808 0.019729
v -0.001964 0.085748 -0.003511
v 0.000688 0.024652 0.011266
v -0.002224 0.067227 0.017078
v -0.001419 0.049416 -0.021203
v -0.001203 0.028280 -0.018808
v -0.001023 0.052825 -0.021810
v -0.001539 0.086174 0.001810
v -0.001669 0.087448 0.000610
v -0.001895 0.062864 -0.021748
v -0.000984 0.047475 -0.020781
v -0.001024 0.075769 -0.015916
v -0.000851 0.084463 0.005678
v -0.001423 0.081164 0.008175
v -0.002116 0.086695 -0.003481
v -0.000864 0.081518 -0.012606
v -0.000182 0.053494 0.017901
v -0.000314 0.033923 -0.019815
v -0.000065 0.056363 0.016073
v -0.000809 0.056027 0.011528
v -0.002359 0.006988 -0.019585
v -0.000671 0.055037 0.003240
v 0.000294 0.075510 -0.016253
v -0.000059 0.084002 0.006185
v 0.001327 0.023843 0.012716
v 0.001411 0.042979 -0.019397
v 0.001971 0.009996 0.017066
v 0.002689 0.057864 0.022195
v 0.001299 0.086939 0.001603
v 0.000930 0.084454 0.003426
v 0.001747 0.065910 -0.021234
v 0.001178 0.045562 0.009941
v 0.001394 0.087479 0.003058
v 0.000983 0.068233 -0.019093
v 0.001041 0.080802 -0.012159
v 0.000873 0.079339 0.007721
v 0.001185 0.018014 -0.016498
v 0.002304 0.034706 -0.018546
v 0.001784 0.086560 0.003220
v 0.001423 0.051567 -0.018614
v 0.001608 0.080191 0.006647
v 0.001725 0.059801 0.000413
v 0.003953 0.000589 -0.021557
v 0.001266 0.084396 0.002086
v 0.001741 0.055065 0.021408
v 0.001371 0.082327 0.007891
v 0.002656 0.069460 -0.018841
v 0.005277 0.022806 -0.016078
v 0.003497 0.061941 -0.019632
v 0.002201 0.079600 -0.008486
v 0.003340 0.054524 0.017244
v 0.002148 0.053973 -0.016498
v 0.001881 0.062248 -0.017544
v 0.003240 0.054178 0.013241
v 0.002205 0.063223 -0.016290
v 0.002269 0.063448 -0.020626
v 0.002333 0.057094 -0.015085
v 0.002731 0.069726 -0.015489
v 0.001859 0.084365 -0.007820
v 0.002299 0.060200 0.019484
v 0.002487 0.051601 -0.018109
v 0.002439 0.086576 -0.003338
v 0.002581 0.063369 -0.015375
v 0.002300 0.038104 -0.012735
v 0.002857 0.081485 0.007770
v 0.004031 0.059200 0.003528
v 0.002577 0.059418 -0.015076
v 0.002824 0.060895 -0.014961
v 0.002689 0.032256 -0.015009
v 0.002991 0.085210 -0.003930
v 0.002755 0.033106 -0.014385
v 0.003091 0.059584 0.021397
v 0.002939 0.082736 -0.002213
v 0.003642 0.070781 -0.016183
v 0.003253 0.069961 0.011920
v 0.002964 0.072614 -0.016541
v 0.003802 0.067043 -0.017070
v 0.003129 0.061493 0.021195
v 0.002997 0.033836 -0.018855
v 0.003777 0.086114 0.004789
v 0.003702 0.085665 0.000478
v 0.005298 0.012076 0.016292
v 0.003032 0.064424 -0.014561
v 0.004027 0.060185 0.006729
v 0.003809 0.081829 -0.002870
v 0.003065 0.051293 -0.019757
v 0.006758 0.018720 -0.014344
v 0.005237 0.024099 0.011730
v 0.004823 0.025145 -0.014048
v 0.004342 0.070800 0.010668
v 0.005290 0.064602 0.011773
v 0.011720 0.028617 -0.011294
v 0.006233 0.089696 0.005213
v 0.005036 0.058623 -0.001367
v 0.005693 0.085231 -0.000598
v 0.005161 0.065411 -0.003990
v 0.005690 0.025258 -0.013514
v 0.007584 0.000535 0.016192
v 0.005849 0.025260 0.008668
v 0.005440 0.024633 0.010014
v 0.005616 0.036551 0.012093
v 0.006053 0.079395 0.002898
v 0.006350 0.077409 0.005017
v 0.007233 0.019910 -0.013866
v 0.005951 0.078223 0.000984
v 0.005790 0.074984 0.010989
v 0.006385 0.052016 0.000958
v 0.006169 0.070475 0.009056
v 0.006356 0.061241 0.005777
v 0.006647 0.072983 0.005629
v 0.006520 0.073829 -0.008319
v 0.007841 0.038570 -0.008885
v 0.007890 0.021599 -0.013848
v 0.008198 0.089324 0.004792
v 0.008271 0.060022 -0.008376
v 0.008447 0.053195 -0.010185
v 0.009824 0.024672 0.006854
v 0.009996 0.040606 -0.005784
v 0.008835 0.085509 0.003872
v 0.009434 0.018182 -0.012882
v 0.010356 0.038874 -0.002139
v 0.009570 0.025187 -0.010829
v 0.012236 0.020025 -0.008370
v 0.012362 0.025248 -0.004325
v 0.012820 0.024964 -0.004583
v 0.012860 0.017984 -0.008692
v 0.014868 0.022575 -0.002077
v 0.018934 0.000399 -0.007622
v 0.019010 0.000014 -0.001252
v -0.018817 0.010150 -0.006330
v -0.017610 0.005785 -0.011001
v -0.012967 0.000022 -0.016208
v -0.016425 0.011689 -0.012029
v -0.012994 0.011856 0.012025
v -0.012470 0.025266 -0.001078
v -0.012832 0.020612 0.002734
v -0.012430 0.025190 -0.005689
v -0.011393 0.025282 0.001690
v -0.011602 0.018213 -0.010402
v -0.010755 0.025274 0.003061
v -0.008822 0.000431 0.015579
v -0.011467 0.006982 -0.015512
v -0.010807 0.030985 0.006588
v -0.011427 0.027293 -0.011094
v -0.007395 0.019186 0.009741
v -0.008988 0.083645 0.003237
v -0.007990 0.087355 0.002183
v -0.007561 0.080710 0.000811
v -0.008507 0.053923 -0.010315
v -0.008620 0.037473 -0.008591
v -0.007633 0.080567 0.002504
v -0.006621 0.083831 -0.000896
v -0.006083 0.084239 0.002922
v -0.006142 0.025264 0.008506
v -0.005584 0.073005 -0.002763
v -0.005536 0.087673 0.004980
v -0.004616 0.068170 0.011927
v -0.003118 0.057135 0.015027
v -0.004301 0.063366 0.013364
v -0.003954 0.053859 0.018559
v -0.002666 0.005687 0.017578
v -0.003603 0.078315 -0.013218
v -0.003847 0.075440 0.011303
v -0.003456 0.061271 -0.001392
v -0.002651 0.030869 -0.016069
v -0.002607 0.057495 0.011596
v -0.003081 0.061399 0.021836
v -0.003123 0.059588 0.021398
v -0.002977 0.082660 -0.002347
v -0.002928 0.051814 -0.014411
v -0.003170 0.037974 -0.013773
v -0.002750 0.032302 -0.014978
v -0.003042 0.072419 0.012560
v -0.002841 0.082944 -0.006325
v -0.001897 0.057178 0.022124
v -0.002608 0.079673 -0.012857
v -0.002358 0.083014 0.003230
v -0.002645 0.070762 -0.012887
v -0.002225 0.082378 0.003791
v -0.001742 0.082988 -0.010469
v -0.002396 0.054550 -0.020299
v -0.002074 0.064109 0.019748
v -0.002038 0.076770 -0.010606
v -0.001976 0.082464 -0.008587
v -0.002062 0.079772 -0.008981
v -0.001430 0.069873 -0.015701
v -0.001566 0.087629 -0.001406
v -0.001719 0.036295 0.014066
v -0.001075 0.079550 0.007510
v -0.002713 0.021059 -0.015735
v -0.001436 0.044331 -0.019917
v -0.000012 0.079917 -0.014439
v -0.000906 0.038839 -0.018804
v -0.001199 0.084468 -0.007244
v -0.001033 0.083321 0.007201
v -0.000259 0.039855 -0.018237
v 0.004960 0.005769 -0.021182
v 0.000013 0.062897 -0.022292
v 0.001442 0.031972 0.014232
v -0.000344 0.053716 0.017853
v -0.000499 0.078892 0.008267
v -0.000506 0.058813 -0.021169
v -0.000686 0.033445 -0.019461
v 0.001134 0.076282 -0.016468
v 0.000728 0.081802 0.008502
v 0.000999 0.056148 0.011548
v 0.000493 0.048815 -0.020360
v 0.000613 0.084541 0.003966
v 0.001447 0.087700 0.000136
v 0.001158 0.075818 -0.015678
v 0.001468 0.083348 0.005230
v 0.001673 0.044447 -0.018837
v 0.001723 0.052706 -0.017651
v 0.002090 0.070298 -0.014741
v 0.002033 0.085599 -0.000033
v 0.002691 0.046329 -0.018801
v 0.001679 0.059104 0.019900
v 0.002315 0.082153 -0.003429
v 0.002132 0.036660 -0.013133
v 0.003356 0.086369 0.003012
v 0.002078 0.087108 -0.002128
v 0.002316 0.071908 -0.018018
v 0.001656 0.028385 -0.018668
v 0.002498 0.046168 -0.014498
v 0.003222 0.038808 -0.015432
v 0.002025 0.064188 0.019665
v 0.002549 0.029670 -0.017143
v 0.002665 0.049397 -0.014072
v 0.002753 0.081804 -0.004097
v 0.002830 0.079168 0.007371
v 0.002859 0.063308 -0.020870
v 0.002834 0.071436 -0.012655
v 0.002821 0.069030 -0.013503
v 0.002460 0.046538 -0.013964
v 0.002950 0.067244 -0.014005
v 0.003899 0.048612 -0.015080
v 0.003556 0.075008 -0.010868
v 0.002712 0.057065 0.011771
v 0.004293 0.071634 0.011305
v 0.004016 0.062000 0.014418
v 0.003991 0.030997 -0.018676
v 0.004392 0.058522 0.015890
v 0.004545 0.063877 0.012968
v 0.006440 0.025192 0.009201
v 0.004878 0.069427 0.010315
v 0.005073 0.061800 0.007883
v 0.004154 0.066417 -0.014189
v 0.005475 0.079402 -0.001963
v 0.007208 0.021348 0.010012
v 0.006430 0.072883 0.006741
v 0.007115 0.069900 -0.002286
v 0.007926 0.087902 0.002510
v 0.008918 0.025850 0.006644
v 0.010437 0.008938 0.013629
v 0.009621 0.005402 -0.019372
v 0.011748 0.025101 -0.007506
v 0.012325 0.023731 0.006266
v 0.015462 0.006989 0.006229
v 0.016528 0.006990 0.003877
v 0.018310 0.005714 0.005209
v 0.017468 0.012549 0.005431
v 0.017473 0.006996 -0.004823
v 0.019093 0.011994 -0.001977
v -0.017739 0.007008 -0.002194
v -0.017122 0.007029 0.002121
v -0.011014 0.025192 0.004735
v -0.009498 0.024112 0.009232
v -0.007417 0.023975 -0.014900
v -0.006864 0.031514 0.011414
v -0.007589 0.074831 0.007428
v -0.006563 0.076056 -0.005564
v -0.006470 0.070600 0.008701
v -0.006470 0.072076 0.009514
v -0.005551 0.060974 -0.003026
v -0.005596 0.077501 0.007574
v -0.006352 0.061256 0.005935
v -0.005663 0.010491 0.016334
v -0.004665 0.070977 0.010061
v -0.005993 0.060588 0.002033
v -0.004590 0.054907 0.015865
v -0.003633 0.063683 0.016530
v -0.004267 0.025148 0.010229
v -0.004052 0.065526 -0.016138
v -0.003698 0.070780 -0.016175
v -0.003339 0.070208 0.011496
v -0.003081 0.064462 -0.014573
v -0.003522 0.054067 0.017666
v -0.003193 0.081749 0.003973
v -0.003117 0.058609 -0.016054
v -0.003469 0.073900 -0.015592
v -0.003043 0.048267 -0.016547
v -0.002698 0.079493 -0.006888
v -0.002720 0.060641 0.020557
v -0.002415 0.057869 -0.021348
v -0.001970 0.082999 -0.004717
v -0.001827 0.054524 0.021217
v -0.002078 0.046229 -0.019586
v -0.001441 0.034709 -0.019195
v -0.001662 0.082754 0.006439
v -0.001439 0.051579 -0.018638
v -0.000752 0.087852 0.000861
v -0.000116 0.084474 -0.009005
v -0.000179 0.084596 -0.007942
v 0.001041 0.085223 -0.007559
v 0.004152 0.075696 0.011184
v 0.001532 0.076598 -0.012041
v 0.001753 0.083689 0.000383
v 0.002152 0.082230 -0.008081
v 0.002325 0.076266 -0.012039
v 0.002307 0.045115 -0.015167
v 0.002889 0.078221 -0.008245
v 0.003111 0.050070 -0.017348
v 0.003029 0.062989 0.020654
v 0.003525 0.059733 -0.018008
v 0.003036 0.029304 -0.019030
v 0.003450 0.074047 -0.015364
v 0.003068 0.077576 -0.008925
v 0.003432 0.062620 -0.020005
v 0.001738 0.021254 -0.016067
v 0.003197 0.080126 -0.006352
v 0.003375 0.053019 0.016897
v 0.003426 0.053090 0.014709
v 0.003573 0.026734 -0.017409
v 0.003648 0.071200 0.010565
v 0.008711 0.046703 -0.008123
v 0.004801 0.073303 0.010510
v 0.004988 0.070788 0.009654
v 0.004765 0.057263 0.015328
v 0.005226 0.064692 -0.003184
v 0.005417 0.070378 -0.003549
v 0.005875 0.070950 0.008630
v 0.006218 0.071870 0.007637
v 0.006733 0.012025 -0.019976
v 0.006668 0.077612 0.003261
v 0.012093 0.029600 0.004668
v 0.011339 0.025257 -0.007211
v 0.013381 0.021288 -0.006125
v 0.017149 0.009689 -0.010357
v -0.009875 0.009340 0.014104
v -0.010481 0.000498 -0.018930
v -0.010081 0.025264 -0.009145
v -0.008184 0.089147 0.005016
v -0.008377 0.025272 0.006497
v -0.007294 0.066702 -0.007834
v -0.005914 0.009989 -0.020338
v -0.004516 0.060931 -0.001682
v -0.003113 0.061656 -0.017557
v -0.003105 0.077568 -0.008882
v -0.003034 0.065295 -0.019632
v -0.002611 0.059485 -0.015112
v -0.002745 0.083069 -0.007882
v -0.001371 0.052080 0.013965
v -0.004523 0.056141 0.013691
v -0.003178 0.079461 0.007045
v -0.002550 0.076216 -0.011595
v -0.001808 0.084989 0.000442
v 0.000529 0.075694 0.011451
v 0.000340 0.083018 -0.011009
v 0.000008 0.088131 0.004065
v 0.000658 0.084430 0.005925
v 0.002087 0.060542 -0.019440
v 0.001779 0.063242 -0.021902
v 0.001990 0.035531 -0.017826
v 0.002828 0.073362 -0.017301
v 0.002655 0.081369 -0.004675
v 0.003022 0.073371 -0.013445
v 0.002305 0.082929 0.003335
v 0.004427 0.049885 -0.013662
v 0.003406 0.060870 -0.016803
v 0.002615 0.028286 0.012761
v 0.003844 0.061773 -0.001834
v 0.005031 0.061011 0.019815
v 0.005474 0.066308 0.010503
v 0.008637 0.082754 0.002980
v 0.009850 0.025271 -0.009384
v 0.012358 0.017926 0.005568
v 0.014098 0.028683 -0.008186
v 0.015485 0.014115 0.007695
v 0.013962 0.018549 -0.000418
v 0.015086 0.028536 -0.003313
v 0.018748 0.009759 -0.005628
v -0.016779 0.013769 -0.010022
v -0.016652 0.009156 0.006853
v -0.013117 0.005509 -0.017026
v -0.003761 0.026447 -0.016989
v -0.006118 0.062035 -0.000423
v -0.006470 0.089707 0.005381
v -0.004058 0.008258 0.016184
v -0.003468 0.024027 0.012310
v -0.003723 0.086322 0.001627
v -0.005311 0.000468 -0.021152
v -0.003718 0.080867 0.005840
v -0.003357 0.084495 -0.004380
v -0.000288 0.059006 0.002003
v -0.002661 0.046499 -0.014298
v -0.002496 0.070852 -0.019218
v -0.001780 0.061906 -0.017975
v -0.001465 0.083404 0.004997
v -0.001483 0.049225 -0.019502
v -0.000955 0.086350 -0.004521
v -0.001494 0.057266 -0.021988
v -0.001175 0.084384 0.002879
v -0.001160 0.080783 -0.012053
v -0.000048 0.082719 0.007719
v 0.000208 0.067917 -0.020890
v 0.000486 0.050054 -0.019671
v 0.001563 0.056824 -0.022125
v 0.001683 0.080629 0.007051
v 0.001541 0.056306 0.001938
v 0.002396 0.042396 -0.016296
v 0.002660 0.060506 -0.000652
v 0.002930 0.082604 -0.007072
v 0.002157 0.055297 -0.015150
v 0.002948 0.075046 -0.010762
v 0.003742 0.036503 -0.014619
v 0.004893 0.057734 0.015292
v 0.007608 0.080839 0.002782
v 0.007095 0.075179 0.008958
v 0.007779 0.069412 0.007034
v 0.017803 0.009748 0.004675
v -0.008734 0.035557 0.008590
v -0.006543 0.077447 0.004664
v -0.006033 0.021419 0.010666
v -0.003162 0.020227 0.011409
v -0.002522 0.085308 -0.000606
v -0.001821 0.058878 0.020098
v -0.001276 0.084044 0.001659
v -0.000026 0.084435 0.004115
v 0.001437 0.083730 0.006056
v 0.001310 0.050174 -0.019864
v 0.002568 0.045133 -0.013483
v 0.004584 0.059972 -0.014705
v 0.003188 0.065847 -0.014289
v 0.006680 0.064153 -0.001833
v 0.006657 0.058034 -0.002892
v 0.006749 0.072008 0.007338
v 0.008542 0.009680 -0.019122
v 0.013696 0.010096 -0.015609
v 0.012904 0.021418 0.003436
v -0.006970 0.070058 0.007655
v -0.005693 0.079680 0.005960
v -0.004481 0.059150 0.017508
v -0.002955 0.072592 -0.012163
v -0.003027 0.065529 -0.017977
v -0.002446 0.058904 0.019683
v 0.002494 0.065392 -0.020767
v 0.004705 0.056982 0.014505
v -0.017650 0.008935 -0.008857
v -0.006674 0.075359 0.009871
v -0.004426 0.070747 0.010693
v -0.004451 0.025257 0.009587
v -0.001821 0.030814 0.013919
v 0.002062 0.040422 -0.012835
v 0.005872 0.071885 0.010170
v 0.009617 0.024013 0.009215
v -0.004874 0.044223 0.008788
v -0.002572 0.063473 -0.015333
v -0.000525 0.025014 0.011038
v -0.006670 0.073723 -0.008163
v -0.000523 0.049802 -0.019803
vn -0.8663 0.4975 -0.0458
vn -0.7548 -0.6556 0.0234
vn -0.8552 0.4945 0.1555
vn -0.7430 -0.6446 -0.1799
vn -0.8287 0.5138 -0.2220
vn -0.8039 -0.5489 0.2288
vn -0.7989 0.4745 0.3695
vn -0.9279 0.2713 0.2559
vn -0.8949 0.4323 -0.1104
vn -0.9870 -0.1531 0.0491
vn -0.6325 -0.6938 0.3443
vn -0.9546 0.2968 0.0239
vn -0.9652 -0.1343 -0.2243
vn -0.7690 0.4885 -0.4123
vn -0.9133 -0.1645 0.3725
vn -0.3003 -0.8958 -0.3277
vn -0.6830 -0.6523 -0.3287
vn -0.9318 0.2825 0.2280
vn -0.7916 0.5896 0.1601
vn -0.8040 0.4770 -0.3551
vn -0.8018 -0.3598 0.4771
vn -0.8679 -0.3288 -0.3723
vn -0.9763 0.1493 -0.1566
vn -0.8520 0.1030 -0.5133
vn -0.6934 0.4874 0.5307
vn -0.6868 -0.4835 -0.5426
vn -0.7417 0.4563 0.4917
vn -0.8597 0.2692 -0.4342
vn -0.8766 0.2432 0.4152
vn -0.8682 0.4925 -0.0599
vn -0.7053 -0.2582 -0.6602
vn -0.7669 0.2341 -0.5976
vn -0.6405 -0.5281 0.5576
vn -0.5921 0.4569 -0.6638
vn -0.7554 -0.1559 0.6364
vn -0.6734 0.1645 0.7207
vn -0.6991 0.2735 0.6606
vn -0.6104 0.5654 -0.5548
vn -0.8160 0.5019 0.2867
vn -0.6618 0.2289 -0.7139
vn -0.4227 -0.6991 0.5767
vn -0.9545 -0.2316 -0.1880
vn -0.9944 0.0216 0.1038
vn -0.7723 0.6101 -0.1772
vn -0.8025 0.4713 -0.3660
vn -0.7827 0.5765 0.2348
vn -0.9629 -0.2275 0.1455
vn -0.9618 -0.1517 -0.2277
vn -0.5412 0.4641 0.7012
vn -0.9462 -0.1192 0.3008
vn -0.9389 0.3239 0.1167
vn -0.9854 -0.1283 -0.1115
vn -0.9892 -0.0524 0.1367
vn -0.8906 -0.0060 -0.4548
vn -0.6932 -0.6620 -0.2850
vn -0.6971 0.4834 -0.5295
vn -0.9155 -0.1369 0.3783
vn -0.8824 -0.2269 0.4123
vn -0.8268 -0.4132 -0.3817
vn -0.8697 0.0386 -0.4920
vn -0.8432 0.4047 -0.3539
vn -0.4043 -0.5520 -0.7293
vn -0.5279 0.8489 -0.0247
vn -0.9088 0.4140 -0.0526
vn -0.6925 0.5713 0.4406
vn -0.5472 0.8086 0.2161
vn -0.6051 0.2823 -0.7444
vn -0.6407 -0.5294 -0.5561
vn -0.9954 0.0799 0.0537
vn -0.4745 0.5540 0.6841
vn -0.8530 0.4153 0.3160
vn -0.7049 0.6975 0.1290
vn -0.6767 0.7007 -0.2260
vn -0.8486 -0.0459 -0.5270
vn -0.5737 0.6168 -0.5389
vn -0.8247 -0.1846 0.5346
vn -0.8358 0.3912 0.3852
vn -0.5376 0.7927 -0.2874
vn -0.9418 0.3050 -0.1414
vn -0.6971 -0.1498 0.7012
vn -0.8914 0.2246 -0.3937
vn -0.5560 0.2665 0.7873
vn -0.5031 -0.2933 0.8129
vn -0.8354 0.2500 0.4896
vn -0.8453 -0.0161 0.5341
vn -0.6601 0.4605 0.5935
vn -0.4835 -0.1395 -0.8641
vn -0.6341 0.6716 0.3832
vn -0.7305 0.1274 -0.6710
vn -0.4729 0.6211 0.6250
vn -0.6849 -0.1685 -0.7089
vn -0.4105 0.8210 0.3969
vn -0.7776 0.4473 0.4418
vn -0.8193 -0.1947 -0.5393
vn -0.5342 0.7187 -0.4450
vn -0.7567 0.2540 -0.6024
vn -0.3658 0.4643 -0.8066
vn -0.5118 0.5045 -0.6953
vn -0.3230 -0.6443 0.6932
vn -0.3541 0.4906 -0.7962
vn -0.7198 0.4974 0.4843
vn -0.6055 -0.1720 0.7770
vn -0.4530 0.2880 -0.8437
vn -0.7169 0.3192 -0.6198
vn -0.6186 -0.3986 0.6771
vn -0.3649 0.8094 -0.4601
vn -0.6584 0.2530 -0.7088
vn -0.4492 0.2171 0.8666
vn -0.6145 -0.1173 0.7802
vn -0.6385 -0.0705 -0.7664
vn -0.9350 0.1580 -0.3174
vn -0.6739 0.4953 0.5483
vn -0.6072 -0.0222 -0.7942
vn -0.6893 0.3184 -0.6508
vn -0.4114 0.5530 -0.7245
vn -0.3240 0.5146 0.7939
vn -0.3431 0.7824 0.5197
vn -0.9784 0.0840 -0.1890
vn -0.3696 0.5177 0.7716
vn -0.6761 0.4690 0.5683
vn -0.5479 0.1224 0.8275
vn -0.4941 -0.3175 -0.8094
vn -0.7302 -0.0691 -0.6797
vn -0.8586 0.3030 0.4136
vn -0.6430 0.3114 -0.6997
vn -0.8815 -0.2521 0.3993
vn -0.7804 0.1965 0.5937
vn -0.9030 0.1206 -0.4124
vn -0.3607 -0.2079 0.9092
vn -0.2741 0.5877 -0.7612
vn -0.4189 -0.0608 0.9060
vn -0.3955 -0.3354 0.8550
vn -0.9935 0.1136 0.0103
vn -0.8964 -0.0152 -0.4430
vn -0.6466 0.5157 -0.5621
vn -0.8589 -0.4051 -0.3133
vn -0.6035 0.4413 0.6641
vn -0.1170 0.4834 0.8675
vn -0.4674 0.1324 0.8741
vn -0.1820 -0.4138 0.8920
vn -0.4272 0.9036 0.0333
vn -0.9798 0.1199 0.1603
vn -0.9443 0.0836 0.3182
vn -0.9403 0.0964 0.3263
vn -0.7574 -0.5614 0.3335
vn -0.3162 -0.0519 0.9473
vn -0.4162 -0.3262 -0.8487
vn -0.2523 0.5230 0.8141
vn -0.9034 0.3221 -0.2832
vn -0.9952 -0.0407 0.0896
vn -0.9369 0.3098 0.1619
vn -0.9680 -0.2392 -0.0754
vn -0.9303 0.0926 0.3550
vn -0.4162 0.1698 -0.8933
vn -0.8846 0.2992 -0.3577
vn -0.8400 0.1877 -0.5090
vn 0.1144 -0.9288 0.3524
vn -0.0888 0.9587 -0.2701
vn -0.7876 0.2569 -0.5600
vn -0.4645 -0.5017 -0.7298
vn -0.6336 0.1777 -0.7529
vn -0.7652 -0.3305 0.5525
vn -0.1593 0.9678 -0.1947
vn -0.8400 0.1574 -0.5193
vn -0.3309 -0.0453 -0.9426
vn -0.9610 0.0112 0.2764
vn -0.9897 0.0922 0.1095
vn 0.0508 0.6946 -0.7176
vn -0.8555 0.0253 -0.5171
vn -0.9358 0.3269 -0.1320
vn -0.8695 0.4118 0.2729
vn -0.8192 0.2422 0.5199
vn -0.5385 0.2774 -0.7957
vn -0.9036 0.1899 0.3839
vn 0.2956 0.5241 0.7987
vn -0.9894 0.0704 0.1266
vn -0.6639 0.6310 0.4013
vn -0.8063 -0.4086 0.4277
vn -0.9620 0.2621 -0.0769
vn -0.2167 -0.5778 -0.7869
vn -0.8652 0.4374 0.2451
vn -0.6988 -0.6664 0.2602
vn -0.8203 -0.2593 -0.5098
vn -0.8012 0.2757 0.5310
vn -0.9336 0.1814 -0.3089
vn -0.1319 -0.2712 0.9534
vn -0.6001 0.2181 0.7696
vn -0.2407 0.7740 0.5856
vn -0.5007 0.4065 0.7642
vn -0.9199 0.0915 0.3814
vn -0.7698 -0.5928 0.2365
vn -0.9667 0.2296 -0.1127
vn 0.4179 0.8886 -0.1892
vn -0.8296 -0.1092 -0.5475
vn -0.7247 -0.4050 0.5576
vn -0.7680 0.2418 0.5930
vn -0.8185 -0.3852 0.4263
vn -0.8552 -0.0347 0.5171
vn -0.9554 -0.0890 0.2816
vn -0.4201 -0.4210 0.8039
vn -0.9883 -0.0405 -0.1471
vn -0.2683 -0.6914 -0.6708
vn -0.7892 -0.1065 0.6048
vn -0.4564 0.0105 -0.8897
vn -0.6029 0.4043 0.6878
vn -0.0318 -0.6857 -0.7272
vn -0.1051 -0.6017 0.7918
vn -0.2953 -0.1860 -0.9371
vn -0.9963 -0.0663 -0.0543
vn -0.1500 0.7455 0.6494
vn -0.6705 -0.5884 -0.4519
vn -0.0737 0.4871 0.8702
vn -0.8291 -0.3056 0.4682
vn -0.5745 -0.6431 0.5062
vn -0.9988 -0.0084 -0.0490
vn -0.7741 -0.5912 0.2263
vn -0.1705 0.5804 0.7963
vn -0.6852 0.2666 0.6778
vn -0.7535 0.1654 0.6363
vn -0.8780 -0.2047 0.4327
vn -0.6826 -0.6994 -0.2120
vn -0.7935 0.3598 0.4909
vn -0.1973 0.1724 0.9651
vn -0.8643 -0.1373 0.4839
vn -0.4938 0.1921 0.8481
vn -0.3626 0.6884 0.6282
vn -0.3401 0.2529 -0.9057
vn -0.7551 0.2524 0.6051
vn -0.4659 -0.0336 0.8842
vn -0.8048 0.3239 0.4974
vn -0.9918 0.0308 -0.1237
vn -0.2614 -0.0216 -0.9650
vn -0.8574 0.4718 0.2056
vn -0.8000 -0.3803 0.4640
vn -0.9733 0.1117 -0.2005
vn -0.4802 0.3495 0.8045
vn -0.4621 0.2630 0.8469
vn -0.5220 -0.1195 -0.8445
vn -0.9428 -0.2561 -0.2134
vn -0.7007 0.5742 0.4234
vn 0.8520 0.4742 0.2217
vn -0.7141 -0.4486 0.5374
vn -0.5711 0.2298 0.7881
vn -0.6533 0.0677 0.7541
vn -0.3184 0.4941 -0.8090
vn -0.3506 -0.9359 0.0356
vn -0.6726 -0.1080 0.7321
vn -0.8440 -0.3172 0.4324
vn -0.7320 -0.5205 0.4395
vn -0.1062 0.2912 -0.9507
vn -0.2443 -0.0614 0.9677
vn -0.1802 -0.2390 -0.9541
vn -0.2427 0.4512 0.8588
vn -0.8335 -0.4706 0.2894
vn -0.6079 -0.7787 0.1550
vn -0.4465 0.6061 -0.6582
vn -0.7326 0.4777 0.4849
vn -0.3041 0.6280 0.7163
vn -0.3548 0.6875 -0.6336
vn 0.3324 -0.9431 -0.0022
vn -0.1620 0.4964 -0.8528
vn -0.1431 0.5625 0.8143
vn -0.9445 -0.3219 0.0662
vn -0.9404 -0.3161 0.1254
vn -0.1282 0.0997 0.9867
vn -0.5901 0.3075 0.7465
vn -0.1372 0.1457 -0.9798
vn -0.9604 -0.2596 0.1015
vn -0.2065 0.6979 0.6858
vn 0.6386 0.6931 -0.3343
vn -0.6715 0.1324 0.7291
vn -0.9818 0.1884 -0.0246
vn -0.8444 0.0494 0.5335
vn -0.8530 -0.2537 0.4561
vn 0.2401 -0.0372 0.9700
vn -0.7739 -0.5042 0.3833
vn 0.5387 0.0414 0.8415
vn -0.9186 0.3482 -0.1871
vn -0.9435 -0.2762 0.1832
vn -0.8976 -0.4402 -0.0222
vn -0.8299 0.3553 0.4302
vn -0.7077 0.1299 0.6945
vn -0.3761 0.0683 -0.9241
vn -0.9192 0.2150 0.3298
vn -0.9904 -0.0299 -0.1346
vn -0.8280 -0.2292 -0.5118
vn -0.1602 -0.1916 0.9683
vn -0.9237 -0.0695 0.3768
vn -0.1240 0.4130 -0.9022
vn -0.2942 -0.4710 0.8316
vn -0.2251 -0.2359 0.9453
vn -0.9562 0.2755 0.0985
vn -0.9495 -0.0425 -0.3108
vn -0.8696 -0.4418 0.2205
vn -0.8477 0.1514 0.5084
vn -0.9063 -0.3042 0.2933
vn -0.9451 -0.3033 0.1216
vn -0.6655 0.6148 0.4233
vn -0.9949 0.0024 0.1011
vn -0.3124 0.5357 0.7845
vn -0.7129 -0.0797 0.6967
vn -0.7004 -0.5582 -0.4449
vn -0.8833 0.3716 0.2858
vn -0.3117 0.5416 0.7807
vn -0.1195 -0.5990 -0.7918
vn -0.3560 -0.7249 -0.5897
vn -0.9461 -0.1107 -0.3045
vn -0.1412 0.1250 -0.9821
vn -0.9282 -0.2166 0.3025
vn -0.7226 -0.5232 0.4517
vn -0.9616 0.0348 0.2721
vn -0.9867 -0.0392 -0.1580
vn -0.7419 -0.5494 0.3843
vn -0.9287 0.0248 -0.3700
vn -0.6350 0.1924 0.7482
vn -0.7506 -0.6602 0.0265
vn -0.8888 0.0091 -0.4581
vn -0.9649 0.2433 -0.0988
vn -0.7586 -0.0826 0.6463
vn -0.9985 0.0047 -0.0552
vn -0.9467 0.2487 0.2045
vn -0.6691 0.4603 -0.5835
vn -0.1831 -0.9798 -0.0808
vn -0.8038 -0.4525 0.3862
vn -0.9288 -0.0770 -0.3625
vn -0.7720 0.3832 -0.5071
vn -0.0724 -0.2271 -0.9712
vn -0.7212 -0.4510 -0.5258
vn -0.5283 0.2512 0.8111
vn -0.7280 0.1704 -0.6641
vn -0.6120 0.5669 -0.5514
vn -0.8926 -0.4439 0.0784
vn -0.9913 0.0954 0.0912
vn -0.9954 0.0082 -0.0957
vn -0.8959 -0.0322 -0.4431
vn -0.8264 0.2618 -0.4985
vn -0.5799 0.7269 -0.3678
vn -0.3037 0.9401 -0.1547
vn -0.8371 0.5354 -0.1122
vn -0.2174 0.1686 0.9614
vn -0.9936 0.0893 -0.0698
vn -0.6707 -0.5856 0.4551
vn -0.3448 0.2057 0.9159
vn -0.7199 -0.5140 0.4664
vn -0.2002 0.5475 0.8125
vn -0.7531 -0.4602 -0.4702
vn -0.9560 0.0347 0.2912
vn -0.9627 -0.0146 -0.2703
vn -0.8727 -0.4870 0.0347
vn -0.9784 0.1488 0.1438
vn -0.9613 -0.1891 -0.2006
vn -0.9307 0.0013 -0.3657
vn -0.7653 -0.0909 0.6373
vn -0.8179 0.4410 0.3695
vn -0.7703 -0.6248 0.1279
vn -0.6383 -0.0691 0.7666
vn -0.9453 0.1859 0.2680
vn -0.8329 0.1117 -0.5420
vn -0.6247 -0.3079 0.7176
vn -0.9783 0.0498 -0.2013
vn -0.9480 -0.1808 -0.2621
vn -0.9590 0.0513 0.2787
vn -0.0141 0.5728 -0.8196
vn -0.8569 0.3202 0.4040
vn -0.9845 0.0049 -0.1751
vn -0.9026 0.4304 -0.0004
vn -0.4884 -0.2859 -0.8245
vn -0.3379 -0.8941 0.2940
vn -0.5852 -0.4023 0.7041
vn -0.2806 -0.1518 0.9477
vn -0.9851 -0.1721 -0.0029
vn -0.9356 0.0113 0.3529
vn -0.9633 0.2407 -0.1185
vn -0.5527 0.1821 -0.8132
vn -0.7777 -0.2400 -0.5810
vn -0.9460 -0.1489 -0.2880
vn 0.0550 0.6962 0.7157
vn -0.9056 0.0402 0.4222
vn -0.7990 0.1990 -0.5674
vn -0.8188 -0.3126 0.4816
vn -0.7522 -0.0337 0.6581
vn -0.2602 0.6854 0.6801
vn -0.8006 0.3498 -0.4865
vn -0.7670 0.3335 -0.5482
vn -0.6306 0.4437 -0.6367
vn -0.7234 0.5090 -0.4665
vn -0.9525 -0.0615 -0.2982
vn -0.9544 -0.1903 -0.2302
vn -0.9878 0.0972 0.1213
vn -0.7903 -0.2113 -0.5752
vn -0.9087 0.0664 -0.4122
vn -0.1240 0.3030 0.9449
vn -0.8714 -0.4894 0.0342
vn -0.9868 -0.0340 0.1581
vn -0.8496 0.4379 -0.2939
vn -0.8708 0.1368 -0.4723
vn -0.8663 0.2818 -0.4124
vn -0.6577 0.3468 -0.6687
vn -0.9354 0.3528 0.0232
vn -0.7464 0.1684 0.6438
vn -0.9739 -0.0219 -0.2258
vn -0.9725 0.0856 -0.2165
vn -0.9491 0.1449 -0.2798
vn -0.8096 -0.5861 0.0314
vn -0.9842 0.0280 -0.1746
vn -0.8465 -0.1165 -0.5195
vn -0.6198 0.6866 -0.3800
vn -0.7925 0.6093 0.0260
vn -0.1340 0.5400 0.8310
vn -0.6184 0.5944 -0.5141
vn -0.7379 0.2704 -0.6184
vn -0.3900 0.8988 0.2000
vn -0.6481 -0.0638 -0.7589
vn -0.8937 0.2337 -0.3831
vn -0.6525 0.7522 0.0923
vn -0.2782 0.5181 -0.8088
vn -0.8322 0.3854 -0.3988
vn -0.6786 0.6790 -0.2802
vn -0.8033 0.5946 -0.0337
vn -0.9551 -0.1711 -0.2418
vn -0.9126 0.3963 0.1001
vn -0.5919 0.3436 -0.7291
vn 0.0292 0.4535 0.8908
vn -0.9576 -0.0188 -0.2875
vn -0.6979 0.6934 -0.1792
vn -0.9286 0.3166 -0.1934
vn -0.8848 0.4058 0.2290
vn -0.4055 0.1344 0.9041
vn -0.7241 0.5561 -0.4081
vn -0.9675 0.1247 0.2200
vn -0.6578 0.3013 -0.6903
vn -0.9890 -0.1476 0.0078
vn -0.8901 -0.3785 -0.2539
vn -0.8353 0.0372 -0.5485
vn -0.4995 -0.0195 0.8661
vn -0.9709 -0.0348 -0.2371
vn -0.5031 0.7973 0.3336
vn -0.8029 0.0744 -0.5914
vn -0.7930 0.1785 -0.5825
vn -0.6310 0.2910 -0.7192
vn -0.7920 0.3372 -0.5089
vn -0.7970 -0.2111 -0.5658
vn -0.7678 -0.1384 -0.6255
vn -0.6798 0.0623 -0.7307
vn -0.3333 -0.9406 -0.0653
vn -0.8515 -0.5065 -0.1355
vn -0.6231 0.3774 -0.6851
vn -0.9828 0.0384 0.1807
vn -0.5136 0.1890 -0.8370
vn -0.8010 0.2580 -0.5402
vn -0.9754 0.1660 -0.1449
vn -0.6342 0.7264 -0.2647
vn -0.2924 -0.4705 -0.8326
vn -0.1048 0.4176 0.9026
vn -0.8569 0.3660 -0.3629
vn 0.0412 0.5805 -0.8132
vn -0.3458 0.4358 -0.8309
vn -0.9622 0.1138 -0.2473
vn -0.9558 0.2930 -0.0219
vn -0.7138 0.6747 -0.1877
vn -0.0990 0.4098 0.9068
vn -0.7090 0.5123 0.4847
vn -0.9600 0.0154 -0.2794
vn -0.8750 0.4239 0.2337
vn -0.9757 -0.1199 -0.1836
vn -0.7261 0.1110 -0.6786
vn -0.9772 -0.0722 -0.1996
vn -0.7010 0.0040 0.7131
vn -0.9803 -0.1427 -0.1365
vn -0.9531 -0.3022 0.0185
vn -0.5817 0.7813 -0.2265
vn -0.7249 0.4984 -0.4755
vn -0.1693 0.5405 0.8242
vn -0.8437 0.2020 -0.4973
vn -0.7026 -0.0852 -0.7065
vn -0.8598 -0.1576 -0.4857
vn -0.1346 -0.7167 -0.6843
vn -0.3971 0.7982 -0.4531
vn -0.1038 0.7663 0.6340
vn -0.9211 0.0167 -0.3890
vn -0.7734 0.4429 -0.4535
vn 0.2286 0.3830 0.8950
vn -0.5925 0.7957 -0.1258
vn -0.1723 -0.8532 -0.4923
vn -0.9946 -0.0634 -0.0826
vn -0.7099 0.3451 -0.6139
vn -0.7582 0.0583 -0.6494
vn -0.7826 -0.3330 -0.5260
vn -0.9005 0.4299 0.0659
vn -0.2426 -0.7446 0.6218
vn -0.7047 0.3789 -0.5998
vn -0.9539 -0.0320 -0.2983
vn -0.9036 0.4047 0.1405
vn -0.9403 0.1340 -0.3129
vn -0.3235 -0.7442 0.5844
vn -0.8544 0.1600 -0.4944
vn -0.9715 -0.0701 -0.2265
vn 0.0202 0.4345 -0.9004
vn -0.8650 -0.4971 0.0684
vn -0.0967 -0.2440 0.9650
vn -0.8547 0.5169 -0.0478
vn -0.2115 -0.3876 -0.8973
vn -0.5642 0.4680 0.6802
vn -0.7747 0.4332 -0.4605
vn 0.3653 0.9292 -0.0564
vn -0.3821 0.8798 -0.2827
vn -0.9717 -0.2080 0.1116
vn -0.9886 0.0963 -0.1161
vn -0.9461 -0.3218 -0.0358
vn -0.9766 0.1262 -0.1742
vn -0.2057 -0.4820 0.8517
vn -0.4771 0.4268 -0.7683
vn -0.9336 -0.1927 -0.3021
vn -0.6310 -0.3227 -0.7055
vn -0.7304 -0.5983 -0.3295
vn 0.2693 0.8522 0.4485
vn -0.6140 -0.5570 -0.5593
vn -0.8112 -0.2544 0.5265
vn -0.4399 0.4523 -0.7758
vn -0.6343 0.2915 -0.7160
vn -0.8443 0.0512 -0.5334
vn -0.4250 0.8508 -0.3091
vn -0.8855 0.1983 0.4203
vn -0.5459 0.8290 0.1212
vn -0.9790 -0.0879 -0.1839
vn -0.5493 0.6630 -0.5087
vn -0.9593 0.1677 -0.2274
vn -0.9790 0.1787 0.0984
vn -0.4265 0.3493 -0.8343
vn -0.8943 -0.0780 -0.4406
vn -0.5710 0.2924 -0.7671
vn -0.5050 0.2643 -0.8217
vn 0.0350 -0.2314 -0.9722
vn 0.0248 -0.5624 -0.8265
vn -0.1369 0.3928 0.9094
vn -0.9525 -0.1499 -0.2650
vn -0.4999 0.4953 -0.7105
vn -0.7494 -0.0735 -0.6581
vn -0.6371 0.5660 -0.5233
vn -0.9310 0.3617 0.0487
vn -0.6939 0.2620 -0.6707
vn -0.3809 0.4705 -0.7960
vn -0.2173 -0.6553 -0.7234
vn -0.5087 0.8571 -0.0815
vn -0.7637 -0.1213 -0.6340
vn -0.9268 -0.2844 -0.2451
vn -0.0174 0.7533 -0.6574
vn -0.4439 -0.5583 -0.7010
vn -0.9463 0.1142 -0.3024
vn -0.7223 -0.0049 -0.6915
vn 0.1673 0.4868 0.8573
vn -0.5238 0.8471 0.0894
vn -0.8496 0.4877 -0.2006
vn -0.3934 0.2555 -0.8832
vn -0.3265 -0.2433 -0.9133
vn -0.9306 -0.0066 -0.3660
vn -0.9197 -0.1060 -0.3780
vn -0.9087 0.3533 0.2224
vn -0.3147 0.6915 -0.6502
vn 0.0258 0.6070 0.7943
vn -0.9618 -0.2424 -0.1275
vn -0.1850 -0.1395 -0.9728
vn -0.6440 -0.4771 -0.5980
vn -0.1711 -0.1555 -0.9729
vn -0.6527 0.4975 -0.5713
vn -0.8698 -0.1980 -0.4520
vn -0.1847 -0.4324 0.8826
vn -0.1663 0.2262 -0.9598
vn -0.0062 -0.8538 -0.5205
vn -0.4032 0.7035 0.5853
vn 0.0082 -0.8599 -0.5103
vn -0.9444 0.0452 0.3257
vn -0.5875 0.5197 -0.6203
vn -0.2533 0.2206 -0.9419
vn -0.9375 -0.0065 -0.3478
vn -0.9629 -0.0866 0.2554
vn -0.7146 0.6447 0.2715
vn -0.6720 0.6594 -0.3371
vn -0.9393 -0.1121 -0.3243
vn -0.9501 -0.2537 -0.1813
vn -0.8401 0.5397 0.0547
vn -0.1181 -0.3443 0.9314
vn -0.7636 -0.1779 -0.6207
vn -0.2911 0.2770 -0.9157
vn 0.0165 0.3384 0.9409
vn -0.5126 0.7692 -0.3817
vn -0.2341 -0.5968 -0.7675
vn -0.9907 0.0690 -0.1173
vn -0.5972 -0.5761 0.5581
vn -0.6518 0.1793 -0.7369
vn -0.4954 0.2326 -0.8370
vn 0.0924 -0.1803 0.9793
vn -0.4619 0.7815 0.4195
vn -0.7409 0.6598 -0.1256
vn 0.0001 -0.1312 0.9914
vn 0.0786 0.4879 0.8694
vn -0.6130 0.7737 -0.1601
vn -0.4116 0.4395 0.7984
vn -0.7431 0.0894 0.6632
vn -0.8977 -0.4231 -0.1226
vn -0.9572 -0.2761 -0.0864
vn 0.1751 -0.2549 0.9510
vn -0.2762 -0.7529 -0.5974
vn -0.1737 0.9728 -0.1534
vn -0.9871 -0.1390 0.0796
vn -0.8372 0.4768 0.2678
vn -0.9619 0.2330 0.1432
vn -0.7147 -0.0321 0.6987
vn 0.0150 -0.1050 0.9944
vn -0.3628 0.1177 -0.9244
vn -0.6971 0.3639 0.6178
vn -0.9914 -0.0116 -0.1300
vn -0.7062 0.0347 0.7071
vn -0.0401 0.4023 -0.9146
vn -0.9079 0.3393 0.2463
vn 0.0202 0.4015 0.9156
vn 0.1715 -0.9834 -0.0598
vn -0.7378 0.4226 0.5265
vn -0.3505 0.7186 0.6007
vn -0.4746 0.8769 -0.0765
vn -0.8805 0.4250 0.2100
vn 0.1246 -0.1697 0.9776
vn 0.1660 0.2063 0.9643
vn -0.0360 0.0146 -0.9992
vn 0.1237 0.2766 -0.9530
vn -0.1863 -0.3720 -0.9093
vn -0.0023 0.9447 -0.3281
vn 0.1269 -0.2997 -0.9455
vn -0.2233 0.9271 0.3010
vn -0.2239 -0.0958 -0.9699
vn -0.9518 -0.2142 -0.2197
vn -0.5053 -0.2387 -0.8293
vn -0.2182 0.3638 -0.9056
vn 0.0105 0.1549 -0.9879
vn 0.0842 0.9960 -0.0315
vn 0.1340 0.3031 0.9435
vn -0.3305 0.0827 -0.9402
vn -0.0343 -0.6873 -0.7255
vn 0.1904 0.2829 -0.9401
vn 0.0210 -0.3612 -0.9323
vn -0.0006 0.9590 -0.2833
vn 0.2551 -0.7881 0.5602
vn 0.0233 0.3850 0.9226
vn 0.1934 -0.1356 0.9717
vn -0.2078 -0.3313 -0.9203
vn -0.0078 -0.1189 0.9929
vn -0.0085 0.9191 -0.3938
vn 0.0219 -0.2787 0.9601
vn -0.0280 0.8239 -0.5661
vn 0.1721 0.9740 -0.1471
vn -0.0289 0.6114 -0.7908
vn -0.0205 0.6107 0.7916
vn 0.2835 -0.6346 -0.7190
vn 0.0009 0.5060 0.8625
vn 0.0637 0.8222 -0.5656
vn 0.0699 0.2179 -0.9735
vn 0.1929 0.1008 -0.9760
vn 0.2379 0.2514 0.9382
vn -0.0583 0.9969 0.0524
vn 0.1048 -0.3861 -0.9165
vn 0.1710 -0.3782 -0.9098
vn 0.1963 -0.3623 0.9112
vn 0.3025 -0.6534 -0.6940
vn 0.3680 0.3846 -0.8466
vn 0.3330 0.5970 -0.7298
vn 0.0279 0.6158 0.7874
vn 0.3991 -0.0124 -0.9168
vn 0.2258 0.3344 -0.9150
vn 0.1877 -0.1612 -0.9689
vn 0.3436 0.8016 -0.4893
vn -0.0561 0.8660 0.4968
vn -0.0363 0.6058 0.7948
vn 0.0237 0.7556 0.6547
vn 0.3347 0.2205 -0.9162
vn 0.0146 -0.9352 -0.3539
vn 0.2318 0.3469 -0.9088
vn 0.0063 0.1824 0.9832
vn 0.0203 -0.1439 0.9894
vn 0.2798 -0.4147 0.8659
vn 0.3339 -0.9316 -0.1438
vn 0.2697 -0.6769 -0.6848
vn 0.4087 -0.2396 -0.8807
vn 0.2279 -0.0912 0.9694
vn 0.3597 0.1292 -0.9241
vn 0.8454 -0.5134 0.1473
vn 0.0463 0.6809 0.7309
vn 0.4695 0.3929 -0.7907
vn 0.6141 -0.2074 -0.7615
vn 0.3821 -0.8895 0.2507
vn 0.5031 -0.1322 -0.8540
vn 0.6550 0.6738 -0.3421
vn 0.2402 0.4938 -0.8357
vn 0.3889 -0.4242 -0.8178
vn 0.2889 -0.6284 -0.7223
vn 0.1695 0.3474 0.9223
vn 0.5587 0.8244 -0.0910
vn 0.3498 -0.9363 -0.0329
vn 0.1481 0.9318 0.3313
vn 0.5500 -0.0845 -0.8309
vn 0.2981 0.5881 0.7519
vn 0.6463 0.4446 -0.6202
vn 0.7399 0.6562 -0.1479
vn 0.2592 0.4909 0.8318
vn 0.4933 -0.7072 0.5064
vn 0.5683 -0.6069 -0.5556
vn 0.3214 0.1642 -0.9326
vn 0.7265 -0.3252 -0.6053
vn 0.8697 0.2022 -0.4503
vn 0.4677 -0.8754 0.1220
vn 0.5941 0.5351 0.6005
vn 0.4107 0.1985 -0.8899
vn 0.4045 0.8792 -0.2519
vn 0.6574 -0.6581 -0.3670
vn 0.6995 0.3284 0.6347
vn 0.7052 0.0808 0.7044
vn 0.1652 0.5418 -0.8241
vn 0.6213 0.4280 0.6563
vn 0.6769 -0.2369 -0.6969
vn 0.5734 0.1472 -0.8060
vn 0.6427 -0.2413 -0.7271
vn 0.3828 0.4326 -0.8163
vn 0.4910 0.8622 0.1248
vn 0.7738 0.4386 -0.4569
vn 0.3734 0.8619 -0.3431
vn 0.4078 -0.3836 -0.8286
vn 0.2844 0.6912 0.6643
vn 0.5571 0.5582 0.6149
vn 0.5840 0.3967 -0.7082
vn 0.7842 0.6034 0.1447
vn 0.3794 0.4121 0.8284
vn 0.7676 -0.1669 0.6188
vn 0.2770 0.4702 0.8380
vn 0.5621 0.3114 -0.7662
vn 0.3705 -0.4766 0.7972
vn 0.5200 -0.0236 -0.8538
vn 0.4746 -0.0395 0.8793
vn 0.8829 0.4417 0.1593
vn 0.6540 0.1822 -0.7342
vn 0.8240 0.5232 0.2173
vn 0.5299 0.8283 0.1818
vn 0.7057 0.1874 0.6833
vn 0.7547 -0.6125 -0.2352
vn 0.9343 -0.0793 -0.3474
vn 0.1414 0.6099 -0.7798
vn 0.1956 0.5889 0.7842
vn 0.9117 -0.2394 -0.3339
vn 0.9744 -0.1474 -0.1695
vn 0.8924 -0.4317 -0.1316
vn 0.2730 -0.5415 0.7951
vn 0.7124 -0.0064 -0.7017
vn 0.2733 -0.6565 -0.7031
vn 0.7445 -0.4826 -0.4613
vn 0.5345 0.1123 -0.8377
vn 0.9087 0.3045 0.2856
vn 0.1216 -0.5439 0.8303
vn 0.2184 -0.2273 -0.9490
vn 0.2296 -0.6552 -0.7197
vn 0.8158 -0.5542 0.1652
vn 0.5910 0.5874 -0.5529
vn 0.4085 -0.7649 -0.4981
vn 0.6949 0.7168 -0.0575
vn 0.1884 0.5956 -0.7809
vn 0.9845 -0.0356 -0.1719
vn 0.2311 0.0953 0.9682
vn 0.9492 -0.1878 -0.2525
vn 0.5745 0.8121 -0.1021
vn 0.2884 -0.5403 0.7905
vn 0.7892 -0.1304 -0.6002
vn 0.8609 -0.4885 -0.1422
vn 0.8409 0.0959 -0.5326
vn 0.7421 -0.5355 0.4031
vn 0.6688 -0.2173 -0.7110
vn 0.3711 0.9047 0.2093
vn 0.2079 -0.4847 -0.8496
vn 0.3157 0.5217 0.7926
vn 0.0730 0.3470 0.9350
vn 0.8077 0.1300 -0.5751
vn 0.8531 0.2631 -0.4506
vn 0.3492 0.6388 -0.6856
vn 0.9861 -0.0103 -0.1661
vn 0.4334 0.7824 -0.4473
vn 0.9245 0.3811 0.0073
vn 0.5614 0.8021 -0.2037
vn 0.9901 0.0766 -0.1177
vn -0.0056 -0.1252 0.9921
vn 0.7121 0.6365 -0.2962
vn 0.9507 -0.2637 -0.1633
vn 0.0176 -0.3970 0.9177
vn 0.9855 0.0735 0.1531
vn 0.8602 0.2504 0.4443
vn 0.9500 -0.0334 -0.3104
vn 0.7950 0.6066 -0.0057
vn -0.3338 0.9420 -0.0332
vn 0.8899 -0.0959 -0.4460
vn 0.5462 0.7381 0.3960
vn 0.6728 0.5734 0.4675
vn 0.9304 0.1618 -0.3288
vn 0.7829 0.6026 -0.1546
vn 0.9752 0.0803 -0.2065
vn 0.3722 0.8758 0.3073
vn 0.7066 0.3734 -0.6011
vn 0.8165 -0.5230 -0.2444
vn 0.9476 -0.0593 -0.3138
vn 0.1289 0.6164 0.7768
vn 0.9438 -0.0446 -0.3275
vn 0.5939 0.7728 0.2237
vn 0.6440 0.6954 -0.3189
vn 0.5000 0.3780 0.7792
vn 0.8983 -0.4327 0.0758
vn 0.4779 0.6345 0.6075
vn 0.6155 0.2956 -0.7306
vn 0.9896 -0.0181 -0.1425
vn 0.6416 0.7238 -0.2539
vn 0.9729 0.2306 -0.0136
vn 0.6431 0.3707 -0.6701
vn 0.9461 -0.1965 -0.2575
vn 0.5395 0.3414 -0.7697
vn 0.9276 0.1716 0.3317
vn 0.5856 0.6951 -0.4170
vn 0.9319 0.1373 0.3356
vn 0.9929 -0.1106 -0.0434
vn 0.7007 0.1004 -0.7064
vn 0.9472 -0.2401 -0.2123
vn -0.3258 0.1432 0.9345
vn 0.8238 -0.1941 -0.5326
vn 0.3677 0.7814 -0.5042
vn 0.7021 0.2425 -0.6695
vn 0.4801 0.1298 0.8675
vn 0.5165 0.7671 -0.3804
vn 0.5961 0.2002 0.7776
vn 0.9560 -0.0140 -0.2929
vn 0.5654 0.4948 -0.6599
vn 0.9367 -0.1145 -0.3308
vn 0.8876 0.4181 0.1934
vn 0.7211 0.6644 0.1965
vn 0.8365 0.2670 -0.4785
vn 0.5381 0.1804 0.8234
vn 0.8764 0.0472 -0.4793
vn 0.6295 -0.3685 -0.6841
vn 0.9691 -0.0230 -0.2456
vn 0.7144 -0.4653 -0.5226
vn 0.5494 -0.3060 -0.7775
vn 0.8418 0.5256 -0.1234
vn 0.9639 -0.2370 -0.1212
vn 0.6521 0.3118 -0.6910
vn 0.3667 -0.0925 0.9257
vn 0.9015 0.4276 -0.0666
vn 0.9964 0.0715 -0.0451
vn 0.9431 -0.0429 -0.3297
vn 0.9852 0.0173 -0.1707
vn 0.7815 0.4703 -0.4100
vn 0.5146 0.8461 0.1389
vn 0.7093 0.3424 -0.6161
vn -0.1951 0.8982 0.3940
vn 0.7805 -0.2528 -0.5718
vn 0.3833 -0.1666 -0.9085
vn 0.2760 0.6458 0.7119
vn 0.4941 -0.3873 0.7783
vn 0.9613 0.1895 0.2000
vn 0.7571 0.3736 -0.5359
vn 0.8652 -0.4981 0.0582
vn 0.8246 0.4907 0.2816
vn 0.8665 -0.2151 -0.4505
vn 0.6312 -0.7642 0.1326
vn 0.1865 0.4594 0.8684
vn 0.9865 -0.1078 -0.1234
vn 0.3222 -0.6945 0.6433
vn 0.6258 -0.3267 0.7083
vn 0.7178 -0.6385 -0.2776
vn 0.9735 -0.2227 0.0517
vn 0.9853 -0.1604 -0.0591
vn 0.8767 -0.4804 0.0245
vn 0.9891 -0.0561 -0.1359
vn 0.9020 0.1634 -0.3995
vn 0.6934 0.5726 -0.4374
vn 0.7090 0.1164 -0.6955
vn 0.9626 -0.2702 -0.0218
vn 0.9390 0.2821 0.1966
vn 0.9639 0.0200 0.2654
vn 0.7224 -0.6479 -0.2418
vn 0.6117 0.4238 0.6680
vn 0.9944 0.0234 -0.1026
vn 0.6518 0.5953 -0.4699
vn 0.6929 0.2523 -0.6755
vn 0.6966 0.6871 -0.2067
vn 0.9836 -0.1797 -0.0160
vn 0.9278 0.0769 -0.3650
vn 0.9803 0.0716 0.1839
vn 0.9731 -0.1046 -0.2051
vn 0.9650 0.2314 0.1236
vn 0.8441 -0.0457 -0.5343
vn -0.6208 0.2375 0.7472
vn -0.7978 0.6030 0.0044
vn 0.8490 0.0771 0.5228
vn 0.4085 0.5394 0.7363
vn 0.8993 0.3509 -0.2609
vn 0.9854 0.0420 -0.1647
vn 0.7739 0.5006 -0.3879
vn 0.9044 0.1666 0.3928
vn 0.7560 -0.3887 0.5266
vn 0.2103 0.5758 0.7901
vn 0.6725 0.4119 -0.6149
vn 0.9417 0.1613 -0.2951
vn 0.9473 0.3203 -0.0095
vn 0.9814 0.1914 0.0142
vn -0.4606 0.7360 -0.4961
vn 0.8671 0.4727 -0.1574
vn 0.9082 0.2975 -0.2943
vn 0.9773 -0.1038 -0.1845
vn 0.9284 0.3561 -0.1059
vn 0.9435 -0.2260 -0.2423
vn 0.8059 -0.2105 0.5533
vn 0.9118 -0.0380 -0.4089
vn 0.6521 -0.7560 0.0562
vn 0.8095 0.4582 0.3670
vn 0.8535 0.2422 0.4613
vn 0.8076 0.3196 -0.4956
vn 0.5705 -0.0688 -0.8184
vn 0.9996 0.0173 -0.0227
vn 0.4595 0.5144 -0.7241
vn 0.5734 0.6588 -0.4871
vn 0.9692 0.0084 -0.2462
vn 0.5953 0.4659 -0.6546
vn 0.5790 0.8122 0.0708
vn 0.8557 -0.0035 -0.5175
vn 0.9686 0.1147 -0.2207
vn 0.9967 -0.0796 0.0189
vn 0.8220 -0.0556 -0.5668
vn 0.6062 -0.0815 0.7912
vn 0.6956 -0.5536 0.4579
vn 0.8560 0.0905 -0.5090
vn 0.9660 0.0139 -0.2582
vn 0.8653 0.0152 -0.5011
vn 0.7690 0.5173 -0.3755
vn 0.8899 0.3936 -0.2307
vn 0.5032 0.0507 -0.8627
vn 0.9775 -0.0395 -0.2071
vn 0.9553 0.1647 -0.2455
vn 0.2975 0.7315 -0.6135
vn 0.9350 -0.2548 0.2468
vn 0.2862 0.2228 0.9319
vn 0.5662 0.4391 0.6975
vn 0.9581 0.0326 0.2845
vn 0.9287 0.2008 -0.3118
vn 0.9656 -0.0468 -0.2557
vn 0.9506 0.1621 0.2647
vn 0.8479 0.3749 -0.3750
vn 0.6788 0.0252 0.7339
vn 0.8790 0.2461 -0.4084
vn 0.7297 0.4424 -0.5214
vn -0.8929 -0.2140 0.3961
vn 0.9864 0.0527 -0.1558
vn 0.7276 -0.5419 0.4207
vn 0.8151 0.5018 -0.2896
vn 0.4490 -0.5253 0.7229
vn 0.8220 -0.5663 0.0593
vn 0.5409 0.7749 -0.3271
vn 0.6855 0.1869 0.7037
vn 0.9290 0.0734 0.3626
vn 0.9781 -0.0744 -0.1942
vn 0.9624 0.2692 0.0355
vn 0.8269 0.2619 -0.4976
vn 0.9737 0.1750 -0.1457
vn 0.8102 -0.3248 0.4880
vn 0.9704 -0.1483 -0.1904
vn 0.6803 0.6529 -0.3329
vn 0.7625 -0.2418 -0.6002
vn 0.9675 0.2391 -0.0826
vn 0.9708 0.0177 0.2391
vn 0.7656 0.4361 0.4729
vn 0.8919 -0.3190 0.3205
vn 0.9390 0.1826 -0.2913
vn 0.7746 0.1035 -0.6239
vn 0.4063 0.3846 -0.8288
vn 0.9769 0.1613 -0.1400
vn 0.6087 0.5771 -0.5445
vn 0.9762 0.0464 -0.2118
vn 0.9453 -0.0153 -0.3260
vn 0.9335 0.1506 0.3255
vn 0.6082 0.6715 -0.4234
vn 0.9402 -0.0005 -0.3407
vn 0.9873 0.0554 -0.1490
vn 0.8119 0.2533 -0.5260
vn 0.9872 -0.1268 -0.0965
vn 0.9038 0.0504 -0.4249
vn 0.3520 0.5120 -0.7836
vn 0.0567 -0.2270 0.9722
vn 0.9895 0.0040 0.1447
vn 0.7768 -0.2454 0.5800
vn 0.5800 0.0154 0.8145
vn 0.9518 -0.1138 -0.2850
vn 0.9615 0.1375 0.2380
vn 0.9444 0.1371 -0.2989
vn 0.4479 0.6275 -0.6369
vn 0.4190 0.1994 -0.8858
vn 0.9277 0.0011 0.3734
vn 0.9214 -0.1663 -0.3513
vn 0.9062 0.3242 -0.2713
vn 0.9929 0.0788 0.0895
vn 0.9781 0.1790 0.1062
vn 0.6818 0.3072 0.6639
vn 0.9772 0.0674 -0.2015
vn 0.8208 -0.5706 0.0257
vn 0.9072 0.2855 -0.3089
vn 0.9683 -0.1971 -0.1535
vn 0.9684 0.0785 0.2366
vn 0.8617 0.2177 -0.4583
vn 0.4964 0.0235 -0.8678
vn 0.9890 0.0570 0.1368
vn 0.8385 0.1698 -0.5177
vn 0.8993 0.3317 0.2849
vn 0.8688 0.2938 0.3986
vn 0.8166 0.2909 0.4986
vn 0.4037 0.4281 -0.8085
vn 0.5291 -0.1311 -0.8384
vn 0.9587 -0.2570 0.1218
vn 0.6417 0.4377 0.6298
vn 0.3450 0.2091 -0.9150
vn 0.6415 0.3446 0.6854
vn 0.6126 0.3350 0.7159
vn -0.0206 0.1814 0.9832
vn 0.9624 -0.0062 -0.2716
vn 0.7229 0.5529 0.4145
vn 0.5937 0.2508 0.7646
vn 0.5889 0.5523 0.5901
vn 0.4206 -0.2685 0.8666
vn 0.3789 0.2934 0.8777
vn 0.9159 0.3221 -0.2397
vn 0.8406 -0.2352 0.4879
vn 0.2739 0.7875 0.5521
vn 0.8944 -0.3935 0.2128
vn 0.5985 0.4281 0.6772
vn 0.9108 -0.0214 0.4122
vn 0.9103 0.1567 0.3832
vn 0.9353 -0.0166 0.3535
vn 0.4433 -0.4687 -0.7641
vn 0.9501 -0.0731 0.3032
vn 0.9914 -0.0181 -0.1294
vn 0.9993 -0.0207 0.0296
vn 0.7743 0.1715 0.6091
vn 0.2239 -0.9514 -0.2116
vn 0.4003 0.7248 0.5608
vn 0.7847 -0.5001 0.3662
vn 0.8520 -0.3926 0.3463
vn 0.9433 -0.3163 0.1006
vn 0.9453 -0.2725 0.1793
vn 0.1833 0.5801 -0.7937
vn 0.7599 0.3424 -0.5526
vn 0.9507 -0.2156 0.2230
vn 0.6874 -0.6745 -0.2693
vn 0.9949 0.0659 0.0759
vn 0.4980 0.0418 -0.8662
vn 0.0186 0.9519 -0.3057
vn 0.4850 0.2061 0.8499
vn -0.5121 0.6559 0.5545
vn 0.5172 -0.2950 0.8034
vn 0.7218 -0.5512 0.4186
vn 0.4702 -0.3679 0.8022
vn 0.9537 0.2941 0.0631
vn 0.8978 0.1176 -0.4244
vn 0.5975 -0.3454 0.7237
vn 0.7805 -0.4040 0.4770
vn 0.6739 0.3171 0.6674
vn 0.3348 -0.6417 -0.6901
vn 0.7160 -0.5381 0.4447
vn 0.8141 -0.2776 -0.5101
vn 0.8738 -0.0483 0.4838
vn 0.5142 0.4723 0.7159
vn 0.6650 0.1947 -0.7210
vn 0.4301 0.5491 -0.7166
vn 0.5752 -0.1334 0.8070
vn 0.6109 0.6899 0.3884
vn 0.7860 -0.5754 0.2261
vn 0.4231 -0.0770 0.9028
vn 0.9042 -0.4052 0.1352
vn 0.7616 -0.4474 0.4689
vn 0.8297 -0.3121 0.4627
vn 0.3039 0.4696 0.8289
vn 0.8044 -0.3616 -0.4714
vn 0.8490 0.1168 0.5153
vn 0.6687 0.2176 0.7110
vn 0.9078 0.0199 -0.4190
vn 0.5614 0.3639 0.7432
vn 0.8751 0.2890 -0.3883
vn 0.5372 -0.3100 -0.7844
vn 0.9153 -0.0428 -0.4005
vn 0.7616 0.1700 0.6253
vn 0.3766 -0.4415 0.8144
vn 0.8320 0.0980 0.5460
vn 0.8961 0.0863 0.4354
vn 0.3556 0.2597 -0.8978
vn 0.7140 0.2482 0.6547
vn 0.6518 0.4013 -0.6435
vn 0.5943 -0.1137 -0.7962
vn 0.6686 -0.2446 0.7022
vn 0.4137 0.7321 -0.5411
vn 0.8110 -0.4154 0.4120
vn 0.8725 0.2018 0.4449
vn 0.6963 -0.5287 0.4854
vn 0.8896 -0.0228 0.4563
vn 0.9851 0.0249 -0.1700
vn 0.8291 0.2569 0.4965
vn 0.9706 -0.1400 -0.1957
vn 0.9363 0.1844 -0.2990
vn 0.9693 0.0137 -0.2454
vn 0.2383 0.5427 0.8054
vn 0.4807 0.5600 -0.6748
vn 0.9850 0.1533 0.0790
vn 0.0541 -0.2595 0.9642
vn 0.8873 0.3713 0.2736
vn 0.5704 0.5649 -0.5963
vn 0.8786 0.3058 0.3668
vn 0.7182 0.0763 -0.6917
vn 0.4835 0.2729 -0.8317
vn 0.9226 0.1994 0.3303
vn 0.9967 0.0345 0.0738
vn 0.8732 0.4874 -0.0053
vn 0.8443 0.2113 0.4925
vn 0.8586 0.2961 0.4185
vn 0.8488 0.3309 0.4124
vn 0.4205 0.4423 -0.7922
vn 0.9378 -0.0807 0.3376
vn 0.7961 -0.5132 0.3208
vn 0.8370 -0.0328 0.5462
vn 0.9123 0.2203 0.3451
vn 0.4949 0.4741 0.7282
vn 0.6577 -0.5136 0.5510
vn 0.8512 0.0454 -0.5228
vn 0.8756 -0.3522 -0.3306
vn 0.7714 0.4440 0.4558
vn 0.9018 0.3645 -0.2320
vn 0.9430 0.1105 0.3140
vn 0.9703 -0.2322 -0.0670
vn 0.6732 -0.5405 -0.5046
vn 0.7502 0.1915 -0.6328
vn 0.4566 -0.2478 -0.8545
vn 0.9866 0.0903 0.1361
vn 0.6211 -0.4470 0.6438
vn 0.9756 0.1110 0.1896
vn 0.9883 0.1230 0.0905
vn 0.9608 0.0525 0.2722
vn 0.6220 0.5402 -0.5668
vn 0.5431 0.5255 0.6549
vn 0.5355 -0.3365 0.7746
vn 0.6755 0.5660 -0.4725
vn 0.9404 0.3168 0.1236
vn 0.9950 0.0033 0.0997
vn 0.5497 0.5374 0.6395
vn 0.8043 0.2568 -0.5359
vn 0.6526 0.0537 0.7558
vn 0.4886 0.7831 0.3848
vn 0.6237 0.3091 -0.7179
vn 0.9495 0.2659 0.1666
vn 0.5385 0.4727 0.6975
vn 0.6979 0.5072 -0.5057
vn 0.7576 -0.1186 0.6418
vn 0.9853 0.1025 0.1369
vn 0.8639 -0.0568 0.5004
vn 0.8368 0.4525 0.3083
vn 0.9953 -0.0447 0.0861
vn 0.6881 0.3395 -0.6413
vn 0.7309 0.1859 0.6566
vn 0.9794 0.0842 0.1833
vn 0.8560 -0.3388 0.3905
vn 0.9650 -0.0160 -0.2619
vn 0.5220 0.4631 0.7163
vn 0.7291 -0.2006 -0.6544
vn 0.9475 0.2037 -0.2465
vn 0.5705 0.4838 -0.6636
vn 0.6660 -0.3041 0.6812
vn 0.5686 0.1689 -0.8051
vn 0.5476 0.7747 0.3160
vn 0.4855 -0.5912 0.6440
vn 0.7552 0.4148 0.5076
vn 0.7607 0.1502 -0.6315
vn 0.7776 0.2564 -0.5741
vn 0.7815 0.3358 -0.5258
vn 0.7709 -0.2811 -0.5716
vn 0.6464 0.2519 0.7202
vn 0.7381 -0.3448 0.5799
vn 0.3599 0.9109 -0.2020
vn 0.7672 0.5528 -0.3254
vn 0.7653 0.4679 0.4420
vn 0.6391 0.2905 -0.7122
vn 0.8184 0.2033 -0.5375
vn 0.7181 0.5449 0.4329
vn 0.7322 0.4772 0.4860
vn 0.8163 0.1435 0.5595
vn 0.8829 0.3721 -0.2863
vn 0.7133 -0.1395 -0.6868
vn 0.6434 -0.7348 -0.2145
vn 0.5444 -0.5412 -0.6409
vn 0.6703 0.5034 -0.5452
vn 0.8437 0.2330 -0.4837
vn 0.8151 0.4128 0.4064
vn 0.7595 0.5345 -0.3708
vn 0.6885 0.1724 0.7045
vn 0.5587 -0.6177 0.5534
vn 0.8888 0.1258 -0.4408
vn 0.5529 0.8013 0.2287
vn 0.7502 0.6584 0.0604
vn 0.9002 -0.1772 0.3979
vn 0.9921 0.0044 -0.1256
vn 0.6828 0.4885 0.5433
vn 0.7354 0.3004 0.6074
vn 0.8250 0.4237 0.3739
vn 0.9345 -0.1127 0.3375
vn 0.8363 0.5184 0.1784
vn 0.9346 0.3331 0.1248
vn 0.9484 0.0606 0.3112
vn 0.8689 -0.3475 0.3525
vn 0.7865 -0.1709 0.5934
vn 0.8987 -0.0894 -0.4293
vn 0.9807 0.1782 -0.0809
vn 0.4766 0.8773 -0.0571
vn 0.9188 -0.2701 -0.2877
vn 0.9171 -0.2070 -0.3406
vn 0.9923 -0.1121 0.0533
vn 0.8758 0.4760 -0.0802
vn 0.8966 0.4124 -0.1616
vn 0.9766 -0.0975 -0.1916
vn 0.7166 0.4994 0.4870
vn 0.9013 0.4080 0.1457
vn 0.9621 -0.2689 0.0462
vn 0.6501 -0.6471 0.3984
vn 0.7845 0.2846 -0.5509
vn 0.9689 -0.2471 0.0122
vn 0.7154 0.4776 -0.5100
vn 0.8061 0.5780 -0.1274
vn 0.8386 0.1708 -0.5173
vn 0.7264 -0.5250 -0.4436
vn 0.7577 0.5632 -0.3296
vn 0.8507 0.2502 0.4623
vn 0.9151 -0.2271 0.3332
vn 0.8783 -0.2341 -0.4169
vn 0.7608 -0.6195 -0.1935
vn 0.8783 0.2771 -0.3895
vn 0.8245 0.4496 -0.3436
vn 0.8927 0.2592 0.3687
vn 0.8762 0.4548 0.1596
vn 0.9119 0.2862 0.2941
vn 0.7974 0.4921 0.3492
vn 0.9625 0.2344 0.1366
vn 0.7623 -0.5892 0.2680
vn 0.9501 0.1815 -0.2538
vn 0.9483 0.2809 -0.1479
vn 0.9585 -0.2217 -0.1793
vn 0.8607 0.5007 -0.0923
vn 0.9745 -0.2104 0.0776
vn 0.9774 0.2112 0.0107
vn 0.8602 0.4877 0.1492
vn 0.8911 -0.4480 0.0725
vt 0.712347 0.472343
vt 0.731759 0.467886
vt 0.722186 0.485775
vt 0.725279 0.448367
vt 0.706859 0.458224
vt 0.742696 0.486855
vt 0.737867 0.503038
vt 0.234440 0.832516
vt 0.260799 0.812205
vt 0.258248 0.831886
vt 0.753210 0.498620
vt 0.698179 0.476752
vt 0.274324 0.815936
vt 0.008801 0.919182
vt 0.007125 0.903787
vt 0.032704 0.921869
vt 0.701171 0.452777
vt 0.231237 0.843208
vt 0.752663 0.442294
vt 0.031976 0.911123
vt 0.687363 0.479251
vt 0.683232 0.470102
vt 0.687763 0.483821
vt 0.698845 0.483316
vt 0.235466 0.820257
vt 0.276386 0.804768
vt 0.708101 0.481900
vt 0.792438 0.259195
vt 0.782149 0.288913
vt 0.789533 0.248779
vt 0.245646 0.858042
vt 0.227242 0.854732
vt 0.682730 0.462605
vt 0.694243 0.461840
vt 0.957727 0.432041
vt 0.971337 0.417923
vt 0.976958 0.430746
vt 0.968313 0.442409
vt 0.250284 0.853107
vt 0.751537 0.514463
vt 0.030706 0.894880
vt 0.916429 0.917810
vt 0.916677 0.904709
vt 0.936888 0.905052
vt 0.691623 0.457991
vt 0.966132 0.406963
vt 0.962772 0.398807
vt 0.975977 0.405657
vt 0.919946 0.893829
vt 0.231575 0.865117
vt 0.249123 0.869934
vt 0.236470 0.876591
vt 0.239993 0.790120
vt 0.951830 0.422882
vt 0.269261 0.796545
vt 0.947672 0.409820
vt 0.763797 0.505893
vt 0.225318 0.874724
vt 0.010081 0.884292
vt 0.789414 0.279793
vt 0.943849 0.880691
vt 0.955616 0.887018
vt 0.921697 0.882648
vt 0.937952 0.857187
vt 0.937256 0.863366
vt 0.921958 0.866718
vt 0.950448 0.446951
vt 0.227036 0.800620
vt 0.948310 0.430223
vt 0.774623 0.505254
vt 0.964325 0.681840
vt 0.952367 0.681389
vt 0.965797 0.677000
vt 0.254133 0.779314
vt 0.945972 0.675301
vt 0.957559 0.686003
vt 0.965928 0.688829
vt 0.845041 0.981876
vt 0.830097 0.987769
vt 0.826324 0.965931
vt 0.424673 0.593674
vt 0.382670 0.594912
vt 0.402237 0.574055
vt 0.470796 0.662962
vt 0.434562 0.666823
vt 0.445902 0.657324
vt 0.034649 0.572269
vt 0.029828 0.558570
vt 0.040136 0.560394
vt 0.972041 0.467446
vt 0.964998 0.462884
vt 0.161905 0.730192
vt 0.173111 0.726855
vt 0.160639 0.734888
vt 0.419899 0.620450
vt 0.926501 0.931372
vt 0.975430 0.685967
vt 0.390952 0.617267
vt 0.977437 0.678827
vt 0.020866 0.571190
vt 0.226424 0.794751
vt 0.939874 0.438756
vt 0.473289 0.693075
vt 0.430590 0.675899
vt 0.228006 0.783287
vt 0.237947 0.777517
vt 0.408332 0.236612
vt 0.408459 0.209642
vt 0.431038 0.221734
vt 0.953194 0.671305
vt 0.161496 0.723341
vt 0.420430 0.639558
vt 0.936243 0.586177
vt 0.937403 0.583238
vt 0.937559 0.598598
vt 0.175866 0.745789
vt 0.945761 0.671519
vt 0.445928 0.212463
vt 0.445552 0.223212
vt 0.035118 0.547825
vt 0.051758 0.575335
vt 0.960671 0.895176
vt 0.384441 0.637367
vt 0.162872 0.719138
vt 0.404532 0.222577
vt 0.938612 0.400779
vt 0.054299 0.572398
vt 0.057480 0.582538
vt 0.050764 0.568146
vt 0.404112 0.824900
vt 0.420613 0.824226
vt 0.417250 0.846412
vt 0.974843 0.692048
vt 0.973501 0.695083
vt 0.981363 0.672757
vt 0.452896 0.616212
vt 0.053931 0.580204
vt 0.059671 0.583273
vt 0.459711 0.213894
vt 0.166407 0.715842
vt 0.005959 0.936990
vt 0.002328 0.929724
vt 0.005908 0.924782
vt 0.049587 0.567963
vt 0.445944 0.643591
vt 0.011256 0.923718
vt 0.009565 0.929525
vt 0.009556 0.925542
vt 0.947907 0.856138
vt 0.008461 0.927932
vt 0.569909 0.573462
vt 0.564512 0.541820
vt 0.579408 0.547894
vt 0.056711 0.584996
vt 0.963065 0.873386
vt 0.943973 0.600698
vt 0.936825 0.607564
vt 0.213939 0.730733
vt 0.198164 0.724187
vt 0.941672 0.629054
vt 0.967445 0.634142
vt 0.468045 0.214135
vt 0.460709 0.237364
vt 0.964252 0.655686
vt 0.403009 0.663998
vt 0.377484 0.641399
vt 0.377633 0.652646
vt 0.375141 0.649171
vt 0.029791 0.544017
vt 0.439239 0.655036
vt 0.431323 0.867678
vt 0.428971 0.879648
vt 0.409458 0.879827
vt 0.426206 0.897976
vt 0.413147 0.888604
vt 0.430801 0.893929
vt 0.567298 0.588549
vt 0.560675 0.576081
vt 0.461668 0.602605
vt 0.469325 0.608344
vt 0.417938 0.665419
vt 0.372876 0.670210
vt 0.388574 0.663558
vt 0.009755 0.933347
vt 0.011875 0.934651
vt 0.008849 0.940145
vt 0.021709 0.555059
vt 0.561235 0.588295
vt 0.567210 0.604061
vt 0.010462 0.937847
vt 0.767193 0.312494
vt 0.802423 0.340815
vt 0.768889 0.334172
vt 0.432187 0.848034
vt 0.423902 0.861549
vt 0.394120 0.850791
vt 0.596174 0.558348
vt 0.432385 0.247725
vt 0.736201 0.428902
vt 0.730281 0.410697
vt 0.742018 0.417256
vt 0.399470 0.674260
vt 0.786798 0.359362
vt 0.476129 0.611701
vt 0.445611 0.241364
vt 0.041470 0.547466
vt 0.185920 0.717715
vt 0.416268 0.902605
vt 0.407202 0.900185
vt 0.497772 0.739290
vt 0.429757 0.756194
vt 0.012249 0.942197
vt 0.972105 0.883361
vt 0.195426 0.714832
vt 0.214709 0.716155
vt 0.399971 0.865115
vt 0.059314 0.340334
vt 0.043150 0.326395
vt 0.059188 0.329444
vt 0.401576 0.683000
vt 0.417842 0.934288
vt 0.403495 0.934405
vt 0.419261 0.927692
vt 0.424020 0.909930
vt 0.416336 0.906630
vt 0.797286 0.305147
vt 0.752197 0.425261
vt 0.763245 0.403356
vt 0.763267 0.430690
vt 0.361705 0.735059
vt 0.353207 0.698878
vt 0.382066 0.708788
vt 0.706687 0.425479
vt 0.709027 0.409425
vt 0.722539 0.415754
vt 0.566007 0.619377
vt 0.559162 0.609711
vt 0.392590 0.887339
vt 0.592739 0.584394
vt 0.744923 0.409682
vt 0.744885 0.424302
vt 0.032286 0.329859
vt 0.938342 0.656404
vt 0.752121 0.416725
vt 0.936711 0.642830
vt 0.390515 0.880508
vt 0.027946 0.317958
vt 0.033335 0.319046
vt 0.390974 0.897063
vt 0.052723 0.379235
vt 0.035390 0.373960
vt 0.406234 0.908160
vt 0.320190 0.399824
vt 0.349227 0.405781
vt 0.331044 0.412919
vt 0.414282 0.747388
vt 0.329350 0.394897
vt 0.369631 0.394636
vt 0.698418 0.415267
vt 0.699850 0.396764
vt 0.824308 0.310805
vt 0.724108 0.388972
vt 0.714132 0.388417
vt 0.191585 0.283708
vt 0.194622 0.322286
vt 0.163446 0.314715
vt 0.706080 0.302158
vt 0.747779 0.331298
vt 0.716885 0.318049
vt 0.284021 0.410128
vt 0.751402 0.407206
vt 0.614777 0.594854
vt 0.581596 0.595174
vt 0.597082 0.611501
vt 0.745118 0.338560
vt 0.525776 0.284564
vt 0.511256 0.285186
vt 0.523079 0.254719
vt 0.505914 0.265009
vt 0.882727 0.802529
vt 0.889868 0.772975
vt 0.904799 0.808887
vt 0.170379 0.278391
vt 0.177120 0.274477
vt 0.293089 0.394444
vt 0.584551 0.618584
vt 0.384791 0.871668
vt 0.227640 0.080907
vt 0.215670 0.048089
vt 0.239158 0.048786
vt 0.577695 0.635055
vt 0.561947 0.633854
vt 0.546227 0.270298
vt 0.287269 0.240571
vt 0.295077 0.255202
vt 0.281599 0.255194
vt 0.363309 0.243799
vt 0.325209 0.281205
vt 0.379923 0.857712
vt 0.484714 0.087572
vt 0.471510 0.098702
vt 0.465807 0.083276
vt 0.300589 0.226704
vt 0.630157 0.557154
vt 0.594606 0.522111
vt 0.446517 0.254873
vt 0.282929 0.427843
vt 0.394599 0.906129
vt 0.396015 0.916395
vt 0.297340 0.176562
vt 0.296602 0.178048
vt 0.268211 0.176024
vt 0.397791 0.909175
vt 0.088938 0.900452
vt 0.102291 0.906438
vt 0.108668 0.923025
vt 0.589803 0.141526
vt 0.626335 0.157437
vt 0.609794 0.158039
vt 0.857442 0.486642
vt 0.835652 0.451460
vt 0.858554 0.466618
vt 0.300656 0.271732
vt 0.698129 0.334590
vt 0.344044 0.221848
vt 0.110299 0.613978
vt 0.125452 0.642535
vt 0.102675 0.626856
vt 0.106420 0.303392
vt 0.118403 0.318466
vt 0.096506 0.299985
vt 0.287796 0.181055
vt 0.866400 0.487086
vt 0.607987 0.515771
vt 0.319074 0.283982
vt 0.677836 0.305724
vt 0.214184 0.078501
vt 0.201178 0.052894
vt 0.744937 0.352575
vt 0.866127 0.446003
vt 0.888262 0.446669
vt 0.146212 0.844568
vt 0.168284 0.806976
vt 0.181915 0.827574
vt 0.356275 0.034127
vt 0.349555 0.027932
vt 0.353660 0.022627
vt 0.408842 0.255628
vt 0.876555 0.475364
vt 0.853795 0.437639
vt 0.365485 0.224948
vt 0.114563 0.581644
vt 0.102638 0.600533
vt 0.099605 0.584596
vt 0.533011 0.244128
vt 0.883728 0.424340
vt 0.152104 0.623347
vt 0.327751 0.375351
vt 0.229774 0.721301
vt 0.742087 0.387723
vt 0.750399 0.397302
vt 0.666075 0.290356
vt 0.204088 0.041463
vt 0.948220 0.568006
vt 0.948344 0.554243
vt 0.971082 0.574100
vt 0.199961 0.771222
vt 0.192163 0.754329
vt 0.245845 0.732245
vt 0.738781 0.350612
vt 0.298519 0.381805
vt 0.161406 0.051582
vt 0.177026 0.052938
vt 0.173175 0.065676
vt 0.876187 0.409891
vt 0.499693 0.778584
vt 0.825819 0.409941
vt 0.815556 0.418340
vt 0.840815 0.439432
vt 0.462710 0.133893
vt 0.477032 0.142270
vt 0.379959 0.016516
vt 0.376368 0.021965
vt 0.993539 0.539608
vt 0.990719 0.539865
vt 0.991911 0.534858
vt 0.368814 0.375414
vt 0.223262 0.594823
vt 0.196409 0.600621
vt 0.192189 0.580699
vt 0.141818 0.599755
vt 0.541748 0.022000
vt 0.546654 0.031959
vt 0.519794 0.042472
vt 0.166546 0.803500
vt 0.143672 0.820528
vt 0.507207 0.205474
vt 0.459645 0.193643
vt 0.471637 0.157797
vt 0.217326 0.582466
vt 0.379359 0.379130
vt 0.405295 0.255489
vt 0.400364 0.255825
vt 0.623319 0.571493
vt 0.804052 0.371828
vt 0.160778 0.795710
vt 0.807609 0.017864
vt 0.821242 0.033505
vt 0.810400 0.050863
vt 0.050808 0.955608
vt 0.047379 0.958856
vt 0.030447 0.943272
vt 0.165687 0.005610
vt 0.165366 0.022846
vt 0.158619 0.008298
vt 0.255460 0.181092
vt 0.241148 0.191945
vt 0.232697 0.179716
vt 0.026245 0.928335
vt 0.746014 0.388373
vt 0.376356 0.227028
vt 0.574026 0.656154
vt 0.846768 0.405991
vt 0.867884 0.414246
vt 0.845540 0.418444
vt 0.859346 0.424045
vt 0.731464 0.383081
vt 0.989522 0.605258
vt 0.979521 0.606265
vt 0.982600 0.597506
vt 0.405929 0.026124
vt 0.379733 0.030851
vt 0.386749 0.016683
vt 0.820939 0.021703
vt 0.823434 0.016056
vt 0.838739 0.029386
vt 0.140285 0.794232
vt 0.133612 0.821819
vt 0.958542 0.586538
vt 0.833557 0.424129
vt 0.601416 0.604527
vt 0.842240 0.434336
vt 0.972842 0.593908
vt 0.273733 0.158714
vt 0.292823 0.163818
vt 0.211145 0.420436
vt 0.231997 0.392545
vt 0.259931 0.404406
vt 0.894181 0.430590
vt 0.187746 0.065178
vt 0.142372 0.641305
vt 0.104251 0.448942
vt 0.109291 0.488559
vt 0.074291 0.487858
vt 0.039742 0.931964
vt 0.392778 0.149316
vt 0.393007 0.146353
vt 0.405597 0.150163
vt 0.995291 0.537331
vt 0.830788 0.408205
vt 0.859364 0.397641
vt 0.490006 0.238856
vt 0.531559 0.232845
vt 0.375868 0.780616
vt 0.437223 0.136558
vt 0.444500 0.168382
vt 0.423947 0.147115
vt 0.265465 0.169023
vt 0.142554 0.074872
vt 0.179973 0.073382
vt 0.157039 0.082859
vt 0.151604 0.786129
vt 0.131301 0.840638
vt 0.517270 0.758218
vt 0.935987 0.668001
vt 0.369429 0.007736
vt 0.457555 0.254119
vt 0.459828 0.238889
vt 0.750069 0.387302
vt 0.562363 0.228189
vt 0.889809 0.401737
vt 0.913818 0.744789
vt 0.154525 0.065323
vt 0.932697 0.395012
vt 0.932548 0.411317
vt 0.923799 0.400851
vt 0.921837 0.383506
vt 0.449076 0.137891
vt 0.716192 0.374308
vt 0.236442 0.152675
vt 0.871142 0.401828
vt 0.844374 0.392860
vt 0.162934 0.070936
vt 0.067877 0.444140
vt 0.943834 0.579796
vt 0.172020 0.659361
vt 0.178761 0.617630
vt 0.185951 0.658491
vt 0.142600 0.064952
vt 0.146984 0.057441
vt 0.050294 0.943293
vt 0.048899 0.929332
vt 0.062070 0.936215
vt 0.927293 0.831219
vt 0.912251 0.855463
vt 0.918444 0.817522
vt 0.938157 0.556946
vt 0.435599 0.033311
vt 0.438226 0.037077
vt 0.436779 0.037957
vt 0.855232 0.172787
vt 0.860081 0.169794
vt 0.855028 0.185474
vt 0.891576 0.836546
vt 0.897521 0.869866
vt 0.693477 0.391027
vt 0.703955 0.381917
vt 0.425282 0.178504
vt 0.484725 0.232888
vt 0.558580 0.226725
vt 0.875200 0.393984
vt 0.939456 0.571044
vt 0.669441 0.322103
vt 0.269880 0.148367
vt 0.139463 0.782965
vt 0.149074 0.782126
vt 0.151449 0.055016
vt 0.295251 0.979341
vt 0.280492 0.994127
vt 0.264413 0.988604
vt 0.622309 0.507083
vt 0.136562 0.846557
vt 0.176621 0.678570
vt 0.173977 0.664102
vt 0.841976 0.181523
vt 0.814418 0.171840
vt 0.840399 0.168168
vt 0.902733 0.896094
vt 0.889581 0.880192
vt 0.888591 0.343759
vt 0.884550 0.362309
vt 0.879801 0.353157
vt 0.145551 0.781719
vt 0.131841 0.019977
vt 0.140478 0.025339
vt 0.128546 0.020598
vt 0.119038 0.835681
vt 0.121589 0.823292
vt 0.521059 0.154184
vt 0.598342 0.631121
vt 0.865256 0.173188
vt 0.142170 0.068115
vt 0.407947 0.172658
vt 0.398623 0.158603
vt 0.897856 0.361137
vt 0.118845 0.826468
vt 0.938144 0.343752
vt 0.701813 0.355792
vt 0.976163 0.617351
vt 0.965124 0.621821
vt 0.969731 0.615413
vt 0.319368 0.121059
vt 0.329047 0.115078
vt 0.335078 0.122169
vt 0.112987 0.160461
vt 0.114909 0.173945
vt 0.075096 0.153851
vt 0.959938 0.610106
vt 0.163663 0.628374
vt 0.865477 0.387135
vt 0.862788 0.045184
vt 0.853159 0.069081
vt 0.854609 0.053139
vt 0.850448 0.164835
vt 0.958666 0.936546
vt 0.949033 0.981791
vt 0.934196 0.964922
vt 0.257305 0.880630
vt 0.267558 0.880005
vt 0.273716 0.889544
vt 0.124812 0.797512
vt 0.039107 0.627672
vt 0.035719 0.603121
vt 0.074723 0.621368
vt 0.648142 0.145136
vt 0.647229 0.126789
vt 0.656630 0.126752
vt 0.095054 0.092505
vt 0.105026 0.073974
vt 0.108735 0.088515
vt 0.255827 0.944878
vt 0.254529 0.930895
vt 0.281253 0.948849
vt 0.974180 0.608288
vt 0.180337 0.811938
vt 0.186142 0.808637
vt 0.182930 0.812559
vt 0.795393 0.680155
vt 0.789867 0.696207
vt 0.788394 0.670118
vt 0.740167 0.164422
vt 0.740687 0.169308
vt 0.732004 0.160005
vt 0.727435 0.167745
vt 0.721263 0.168312
vt 0.725197 0.157712
vt 0.994240 0.871053
vt 0.985809 0.871819
vt 0.979050 0.865629
vt 0.935453 0.798278
vt 0.832592 0.356729
vt 0.035624 0.466190
vt 0.042283 0.484790
vt 0.025702 0.486704
vt 0.258073 0.902668
vt 0.245580 0.893849
vt 0.873492 0.382811
vt 0.125677 0.788547
vt 0.183741 0.607578
vt 0.302735 0.937727
vt 0.117651 0.853174
vt 0.125506 0.851046
vt 0.302606 0.107972
vt 0.318677 0.099662
vt 0.753371 0.385666
vt 0.025082 0.474567
vt 0.016422 0.228383
vt 0.013370 0.234833
vt 0.010764 0.231914
vt 0.719198 0.378398
vt 0.057385 0.971952
vt 0.048978 0.987506
vt 0.047401 0.980563
vt 0.142827 0.018944
vt 0.161744 0.025225
vt 0.570918 0.100096
vt 0.575677 0.087881
vt 0.572733 0.114310
vt 0.983868 0.858478
vt 0.021913 0.230026
vt 0.025973 0.227513
vt 0.026020 0.236839
vt 0.203565 0.805071
vt 0.201923 0.815932
vt 0.759160 0.696021
vt 0.761716 0.656338
vt 0.772900 0.633713
vt 0.788314 0.660311
vt 0.697031 0.022035
vt 0.702759 0.030331
vt 0.692910 0.034238
vt 0.590013 0.097381
vt 0.040738 0.311166
vt 0.030207 0.271620
vt 0.057428 0.305158
vt 0.328311 0.096960
vt 0.342946 0.109415
vt 0.638709 0.170197
vt 0.622326 0.150828
vt 0.860577 0.378618
vt 0.853517 0.030814
vt 0.837245 0.019120
vt 0.859313 0.019809
vt 0.847263 0.009116
vt 0.265012 0.736854
vt 0.274691 0.763636
vt 0.256723 0.768180
vt 0.031961 0.239544
vt 0.169314 0.469245
vt 0.199321 0.494722
vt 0.182418 0.500134
vt 0.967071 0.609375
vt 0.566149 0.694168
vt 0.554906 0.682207
vt 0.569674 0.655343
vt 0.565311 0.071184
vt 0.545792 0.079452
vt 0.685945 0.031739
vt 0.683310 0.021831
vt 0.161346 0.470721
vt 0.018239 0.235744
vt 0.273040 0.423403
vt 0.251801 0.448627
vt 0.562041 0.106812
vt 0.272886 0.728419
vt 0.304919 0.127138
vt 0.760759 0.850319
vt 0.747357 0.835611
vt 0.770272 0.847458
vt 0.541521 0.102451
vt 0.713604 0.160913
vt 0.070706 0.964705
vt 0.060634 0.956107
vt 0.754929 0.863656
vt 0.777527 0.872515
vt 0.699421 0.244850
vt 0.727495 0.289888
vt 0.993165 0.858126
vt 0.285830 0.759050
vt 0.828429 0.384250
vt 0.533123 0.085515
vt 0.017430 0.243104
vt 0.023124 0.254172
vt 0.020867 0.292962
vt 0.026251 0.304326
vt 0.015480 0.306030
vt 0.613968 0.691543
vt 0.624746 0.691187
vt 0.620730 0.703263
vt 0.851905 0.138569
vt 0.882261 0.137319
vt 0.860705 0.164525
vt 0.070400 0.640277
vt 0.508852 0.229059
vt 0.538404 0.225341
vt 0.919852 0.698402
vt 0.925895 0.674452
vt 0.933275 0.697700
vt 0.013701 0.251979
vt 0.876727 0.126428
vt 0.245811 0.756867
vt 0.058855 0.113548
vt 0.094969 0.127408
vt 0.088065 0.137056
vt 0.729171 0.604885
vt 0.729922 0.624380
vt 0.717422 0.597733
vt 0.042933 0.499966
vt 0.028590 0.499242
vt 0.763867 0.824621
vt 0.350914 0.786533
vt 0.058663 0.947959
vt 0.079819 0.942214
vt 0.976169 0.857972
vt 0.216448 0.818815
vt 0.210334 0.821802
vt 0.218405 0.825602
vt 0.832934 0.048236
vt 0.600578 0.706514
vt 0.599114 0.685632
vt 0.921087 0.709355
vt 0.698049 0.629358
vt 0.394074 0.201126
vt 0.403899 0.204717
vt 0.370817 0.212093
vt 0.722744 0.854994
vt 0.136803 0.222930
vt 0.107965 0.226442
vt 0.126365 0.210812
vt 0.765457 0.877436
vt 0.450650 0.358851
vt 0.464791 0.351995
vt 0.458113 0.361038
vt 0.583740 0.165468
vt 0.588695 0.201351
vt 0.568845 0.169233
vt 0.966277 0.988751
vt 0.834242 0.037380
vt 0.375261 0.193671
vt 0.394850 0.182936
vt 0.353986 0.206669
vt 0.211519 0.508311
vt 0.452284 0.186762
vt 0.113913 0.793881
vt 0.983286 0.920680
vt 0.978030 0.932334
vt 0.977945 0.920058
vt 0.073422 0.639061
vt 0.534075 0.077343
vt 0.546314 0.071966
vt 0.863257 0.191053
vt 0.539941 0.685720
vt 0.529568 0.691870
vt 0.519454 0.676456
vt 0.031140 0.453490
vt 0.036253 0.455834
vt 0.029331 0.454812
vt 0.013447 0.608139
vt 0.019828 0.622307
vt 0.008373 0.624075
vt 0.799069 0.871878
vt 0.125268 0.230846
vt 0.947060 0.684002
vt 0.956246 0.708084
vt 0.910050 0.702367
vt 0.076131 0.095030
vt 0.297202 0.044071
vt 0.279303 0.058059
vt 0.275878 0.046826
vt 0.449876 0.347073
vt 0.055759 0.293624
vt 0.969081 0.960951
vt 0.557240 0.021068
vt 0.560057 0.011329
vt 0.563967 0.031483
vt 0.167636 0.515710
vt 0.183688 0.512802
vt 0.173178 0.525292
vt 0.968096 0.939251
vt 0.065115 0.986386
vt 0.396806 0.218858
vt 0.595410 0.182811
vt 0.121964 0.083847
vt 0.862319 0.038337
vt 0.026272 0.617970
vt 0.023093 0.273352
vt 0.005135 0.299478
vt 0.704510 0.169635
vt 0.702715 0.152985
vt 0.969249 0.922339
vt 0.280677 0.298754
vt 0.269521 0.295598
vt 0.287903 0.275387
vt 0.942310 0.355347
vt 0.573439 0.192805
vt 0.897801 0.696198
vt 0.901807 0.718918
vt 0.628313 0.180998
vt 0.904832 0.675544
vt 0.975884 0.942860
vt 0.386010 0.177348
vt 0.341874 0.198530
vt 0.792848 0.876233
vt 0.537249 0.072421
vt 0.043995 0.265416
vt 0.827540 0.079074
vt 0.835647 0.081104
vt 0.840176 0.099913
vt 0.498942 0.419470
vt 0.476060 0.396429
vt 0.507629 0.404615
vt 0.354476 0.179084
vt 0.233139 0.765679
vt 0.164228 0.494993
vt 0.918359 0.680485
vt 0.540319 0.426892
vt 0.757472 0.879511
vt 0.020394 0.603591
vt 0.595787 0.164745
vt 0.352771 0.219809
vt 0.611090 0.178101
vt 0.335423 0.190456
vt 0.529842 0.672521
vt 0.295605 0.133206
vt 0.253611 0.715112
vt 0.260129 0.717469
vt 0.245734 0.767194
vt 0.844090 0.091779
vt 0.221641 0.278736
vt 0.228814 0.270966
vt 0.263100 0.273917
vt 0.608698 0.199857
vt 0.603825 0.218983
vt 0.944155 0.708902
vt 0.212458 0.295750
vt 0.223796 0.299256
vt 0.784871 0.098067
vt 0.811977 0.081482
vt 0.243483 0.712056
vt 0.665323 0.012124
vt 0.671379 0.006425
vt 0.668261 0.013085
vt 0.813403 0.195772
vt 0.838401 0.074668
vt 0.310243 0.142879
vt 0.286099 0.102592
vt 0.300885 0.096572
vt 0.066092 0.381862
vt 0.074243 0.367388
vt 0.085051 0.380453
vt 0.404488 0.189433
vt 0.747961 0.667764
vt 0.752100 0.695061
vt 0.736854 0.707005
vt 0.717375 0.670102
vt 0.559947 0.166382
vt 0.557719 0.171696
vt 0.081672 0.187505
vt 0.093723 0.194551
vt 0.674117 0.937838
vt 0.628488 0.922689
vt 0.637967 0.914239
vt 0.589727 0.224422
vt 0.811057 0.816500
vt 0.774935 0.816397
vt 0.781861 0.800945
vt 0.255729 0.299100
vt 0.604754 0.646026
vt 0.034697 0.255381
vt 0.782575 0.840316
vt 0.423928 0.571076
vt 0.437657 0.557973
vt 0.450953 0.565545
vt 0.826928 0.061131
vt 0.660076 0.866927
vt 0.690591 0.880111
vt 0.670886 0.886228
vt 0.007381 0.423365
vt 0.023448 0.410907
vt 0.015818 0.430386
vt 0.069291 0.391181
vt 0.845196 0.902903
vt 0.855403 0.881680
vt 0.866651 0.885515
vt 0.304344 0.141419
vt 0.978028 0.323397
vt 0.993922 0.325409
vt 0.983784 0.331541
vt 0.072117 0.931001
vt 0.973483 0.973925
vt 0.024673 0.637211
vt 0.050519 0.277741
vt 0.588154 0.686770
vt 0.593030 0.673492
vt 0.628648 0.935675
vt 0.454131 0.408485
vt 0.450194 0.404750
vt 0.455557 0.404056
vt 0.679062 0.922482
vt 0.191491 0.861160
vt 0.202907 0.861645
vt 0.198936 0.873468
vt 0.913232 0.672965
vt 0.429896 0.467555
vt 0.419165 0.462893
vt 0.424409 0.456580
vt 0.215998 0.258953
vt 0.123770 0.032463
vt 0.111953 0.022299
vt 0.127667 0.022389
vt 0.888019 0.110792
vt 0.815801 0.840779
vt 0.222214 0.802973
vt 0.526254 0.437452
vt 0.192104 0.905747
vt 0.209842 0.879293
vt 0.201580 0.912085
vt 0.863723 0.904148
vt 0.866142 0.112115
vt 0.370025 0.501240
vt 0.386867 0.493740
vt 0.385339 0.513995
vt 0.200667 0.789687
vt 0.191927 0.567551
vt 0.210452 0.563256
vt 0.740773 0.614296
vt 0.388148 0.480514
vt 0.391329 0.470469
vt 0.407886 0.479210
vt 0.850873 0.323145
vt 0.995673 0.573521
vt 0.982773 0.571350
vt 0.985177 0.560867
vt 0.089888 0.342891
vt 0.091397 0.331308
vt 0.114774 0.332547
vt 0.494190 0.023428
vt 0.491886 0.010526
vt 0.504212 0.020610
vt 0.158577 0.469271
vt 0.677992 0.017189
vt 0.679923 0.011050
vt 0.285510 0.122602
vt 0.410855 0.493346
vt 0.970678 0.323950
vt 0.980524 0.304322
vt 0.186705 0.850942
vt 0.679480 0.940581
vt 0.687331 0.907916
vt 0.843849 0.131366
vt 0.836305 0.141473
vt 0.219817 0.867500
vt 0.742520 0.575330
vt 0.750458 0.581511
vt 0.742038 0.649936
vt 0.298308 0.149391
vt 0.273124 0.286817
vt 0.411681 0.454244
vt 0.196188 0.506736
vt 0.867620 0.112183
vt 0.281366 0.268403
vt 0.480433 0.346424
vt 0.477234 0.352682
vt 0.153835 0.755245
vt 0.165603 0.763839
vt 0.134626 0.760046
vt 0.459294 0.400075
vt 0.458766 0.414129
vt 0.983980 0.305264
vt 0.402212 0.513829
vt 0.680465 0.910200
vt 0.786364 0.081623
vt 0.560124 0.191641
vt 0.566144 0.694160
vt 0.584331 0.701367
vt 0.164017 0.754363
vt 0.177264 0.751908
vt 0.175513 0.757858
vt 0.379603 0.170681
vt 0.676572 0.148775
vt 0.663902 0.132916
vt 0.981545 0.484730
vt 0.992523 0.487187
vt 0.988460 0.493476
vt 0.704388 0.698727
vt 0.797610 0.855685
vt 0.048268 0.240579
vt 0.425237 0.475998
vt 0.423681 0.478283
vt 0.429290 0.953138
vt 0.432891 0.949825
vt 0.436056 0.961743
vt 0.293201 0.157208
vt 0.181634 0.754409
vt 0.661999 0.942515
vt 0.102069 0.205282
vt 0.756027 0.553477
vt 0.760026 0.564406
vt 0.057784 0.271424
vt 0.214135 0.793235
vt 0.088815 0.397088
vt 0.854467 0.114507
vt 0.616032 0.899522
vt 0.814679 0.858546
vt 0.060580 0.292482
vt 0.825709 0.047426
vt 0.082584 0.947024
vt 0.511597 0.394954
vt 0.530539 0.406914
vt 0.566997 0.225285
vt 0.549951 0.197578
vt 0.030607 0.627052
vt 0.140575 0.776863
vt 0.119796 0.767408
vt 0.469057 0.532153
vt 0.495637 0.528497
vt 0.265774 0.254702
vt 0.602123 0.734277
vt 0.594051 0.726216
vt 0.599865 0.728033
vt 0.571016 0.207928
vt 0.583299 0.225274
vt 0.548011 0.222558
vt 0.562529 0.904037
vt 0.563232 0.909122
vt 0.559935 0.915063
vt 0.074953 0.409205
vt 0.299219 0.648664
vt 0.286854 0.617101
vt 0.300528 0.625999
vt 0.839080 0.198880
vt 0.963010 0.698038
vt 0.468911 0.336986
vt 0.512133 0.384306
vt 0.710972 0.590903
vt 0.465315 0.421343
vt 0.601059 0.719362
vt 0.655068 0.859402
vt 0.090044 0.232957
vt 0.522861 0.385642
vt 0.248391 0.096260
vt 0.250480 0.086368
vt 0.255668 0.085290
vt 0.745740 0.610649
vt 0.143329 0.087712
vt 0.139223 0.081260
vt 0.817965 0.052764
vt 0.820351 0.061661
vt 0.051613 0.802792
vt 0.053817 0.846577
vt 0.038997 0.821251
vt 0.600907 0.915699
vt 0.734427 0.876416
vt 0.977204 0.992313
vt 0.657984 0.894908
vt 0.850178 0.915784
vt 0.734169 0.641805
vt 0.959993 0.708041
vt 0.749697 0.604383
vt 0.515043 0.684339
vt 0.481411 0.956296
vt 0.500737 0.962361
vt 0.489395 0.979653
vt 0.220414 0.890623
vt 0.990386 0.309158
vt 0.534158 0.438607
vt 0.998325 0.157115
vt 0.995292 0.162352
vt 0.987239 0.154483
vt 0.111500 0.190306
vt 0.100438 0.445560
vt 0.103492 0.434437
vt 0.106557 0.439432
vt 0.317443 0.620994
vt 0.334487 0.667274
vt 0.076803 0.930484
vt 0.076756 0.937111
vt 0.961559 0.704114
vt 0.965901 0.693876
vt 0.435963 0.472203
vt 0.480592 0.479085
vt 0.426158 0.508726
vt 0.118328 0.343101
vt 0.546275 0.172231
vt 0.043470 0.727374
vt 0.042581 0.736521
vt 0.028666 0.733935
vt 0.974226 0.493713
vt 0.032362 0.437796
vt 0.027173 0.432054
vt 0.048524 0.419723
vt 0.086271 0.198528
vt 0.079752 0.194567
vt 0.627553 0.870536
vt 0.637334 0.865453
vt 0.696274 0.559663
vt 0.713617 0.535058
vt 0.716294 0.561557
vt 0.988128 0.480548
vt 0.738017 0.554292
vt 0.481393 0.564534
vt 0.223546 0.817787
vt 0.152313 0.645588
vt 0.155568 0.652737
vt 0.143587 0.648127
vt 0.098307 0.441891
vt 0.097181 0.434491
vt 0.068306 0.298823
vt 0.864183 0.868084
vt 0.871629 0.868981
vt 0.031961 0.450926
vt 0.507084 0.348808
vt 0.510401 0.338273
vt 0.476562 0.433412
vt 0.488310 0.446866
vt 0.354831 0.169594
vt 0.361970 0.164058
vt 0.838338 0.127490
vt 0.852697 0.108877
vt 0.084292 0.203593
vt 0.714479 0.863773
vt 0.699879 0.865799
vt 0.841436 0.916201
vt 0.443637 0.197099
vt 0.545863 0.693620
vt 0.539320 0.712416
vt 0.556055 0.703852
vt 0.994005 0.850203
vt 0.090867 0.422381
vt 0.066600 0.416363
vt 0.547602 0.964526
vt 0.558523 0.977900
vt 0.542639 0.978551
vt 0.866235 0.909396
vt 0.862333 0.914176
vt 0.808882 0.867325
vt 0.502444 0.972008
vt 0.732829 0.540859
vt 0.494005 0.548360
vt 0.968494 0.696884
vt 0.488115 0.564249
vt 0.483355 0.569053
vt 0.222365 0.253719
vt 0.545546 0.414805
vt 0.718161 0.871585
vt 0.184612 0.780594
vt 0.094122 0.419212
vt 0.491724 0.502766
vt 0.442346 0.530406
vt 0.128916 0.784967
vt 0.120462 0.778379
vt 0.500259 0.006585
vt 0.507694 0.009955
vt 0.852360 0.865304
vt 0.978843 0.852551
vt 0.844720 0.878694
vt 0.677083 0.019846
vt 0.676863 0.023525
vt 0.669743 0.030485
vt 0.424579 0.550287
vt 0.628402 0.708719
vt 0.196538 0.275124
vt 0.201571 0.261768
vt 0.732287 0.879608
vt 0.728250 0.568237
vt 0.627121 0.880353
vt 0.121814 0.877468
vt 0.131936 0.871627
vt 0.148784 0.901714
vt 0.981033 0.847547
vt 0.647527 0.947707
vt 0.636965 0.945227
vt 0.454005 0.956728
vt 0.446726 0.964231
vt 0.825822 0.034991
vt 0.691296 0.657979
vt 0.991960 0.780065
vt 0.981624 0.774001
vt 0.994162 0.779958
vt 0.065152 0.165068
vt 0.053292 0.174417
vt 0.041322 0.163695
vt 0.606839 0.069796
vt 0.604710 0.066077
vt 0.616292 0.064893
vt 0.841781 0.858899
vt 0.620747 0.940195
vt 0.471326 0.980503
vt 0.318735 0.608933
vt 0.340363 0.621319
vt 0.620317 0.950659
vt 0.168732 0.607403
vt 0.179577 0.594122
vt 0.178472 0.607568
vt 0.175447 0.793437
vt 0.656846 0.052540
vt 0.643374 0.035464
vt 0.654983 0.034054
vt 0.844227 0.309508
vt 0.185791 0.585258
vt 0.181550 0.579295
vt 0.371094 0.528198
vt 0.310192 0.081753
vt 0.282709 0.077646
vt 0.222692 0.903165
vt 0.218723 0.922155
vt 0.216775 0.908901
vt 0.019049 0.802739
vt 0.018566 0.785361
vt 0.041340 0.797346
vt 0.863444 0.842616
vt 0.109299 0.414664
vt 0.031232 0.775168
vt 0.045010 0.778288
vt 0.043964 0.779574
vt 0.079917 0.987490
vt 0.585928 0.707257
vt 0.477631 0.445618
vt 0.517719 0.446542
vt 0.123345 0.786975
vt 0.118430 0.781024
vt 0.827946 0.858885
vt 0.613047 0.875155
vt 0.978050 0.478161
vt 0.981133 0.473417
vt 0.670955 0.052690
vt 0.386609 0.528220
vt 0.458962 0.511282
vt 0.041980 0.453372
vt 0.099095 0.354493
vt 0.091563 0.359451
vt 0.114374 0.349430
vt 0.715160 0.033009
vt 0.713769 0.037544
vt 0.446259 0.336964
vt 0.700774 0.591636
vt 0.696933 0.697817
vt 0.709086 0.715885
vt 0.531611 0.710180
vt 0.065449 0.174996
vt 0.074296 0.186830
vt 0.164009 0.593700
vt 0.605203 0.951307
vt 0.597561 0.938416
vt 0.638569 0.707947
vt 0.642921 0.723228
vt 0.618445 0.725190
vt 0.986438 0.203954
vt 0.981193 0.224942
vt 0.968566 0.219620
vt 0.157872 0.581647
vt 0.167439 0.559697
vt 0.183733 0.559254
vt 0.252932 0.258909
vt 0.209596 0.917062
vt 0.038594 0.814129
vt 0.037157 0.807278
vt 0.124466 0.917196
vt 0.044392 0.456320
vt 0.099448 0.360281
vt 0.121465 0.355797
vt 0.824232 0.819315
vt 0.219704 0.569056
vt 0.123268 0.692004
vt 0.116100 0.691350
vt 0.118805 0.680415
vt 0.163926 0.786190
vt 0.599252 0.928190
vt 0.949283 0.464983
vt 0.969103 0.478181
vt 0.941478 0.487954
vt 0.561058 0.941401
vt 0.568650 0.959354
vt 0.537376 0.947117
vt 0.136463 0.681282
vt 0.119448 0.366308
vt 0.599082 0.877796
vt 0.723747 0.140435
vt 0.693185 0.668411
vt 0.480175 0.494144
vt 0.139124 0.676892
vt 0.255899 0.041561
vt 0.284316 0.029562
vt 0.291398 0.039888
vt 0.629438 0.603510
vt 0.694422 0.540209
vt 0.707311 0.526433
vt 0.245482 0.241883
vt 0.930098 0.332463
vt 0.157514 0.678551
vt 0.294641 0.685491
vt 0.312866 0.691253
vt 0.716192 0.138621
vt 0.700769 0.518496
vt 0.152090 0.603588
vt 0.020489 0.327602
vt 0.022680 0.344172
vt 0.009298 0.342542
vt 0.972565 0.488062
vt 0.838746 0.846448
vt 0.859372 0.832109
vt 0.568117 0.118594
vt 0.565553 0.129834
vt 0.534690 0.134640
vt 0.561166 0.726678
vt 0.918564 0.466472
vt 0.923374 0.466077
vt 0.925384 0.466991
vt 0.749614 0.534990
vt 0.981703 0.378786
vt 0.985829 0.388598
vt 0.975045 0.382095
vt 0.939262 0.122182
vt 0.922295 0.116578
vt 0.942462 0.114813
vt 0.147182 0.570902
vt 0.694109 0.717441
vt 0.699713 0.716663
vt 0.592278 0.741169
vt 0.141391 0.701417
vt 0.103545 0.888856
vt 0.691387 0.717639
vt 0.685690 0.716191
vt 0.919225 0.989576
vt 0.926918 0.996299
vt 0.912312 0.991413
vt 0.587236 0.738096
vt 0.009059 0.360512
vt 0.819604 0.874749
vt 0.922631 0.127157
vt 0.563749 0.421853
vt 0.543282 0.376643
vt 0.959343 0.122182
vt 0.965140 0.128317
vt 0.951973 0.129504
vt 0.256426 0.061280
vt 0.261769 0.062741
vt 0.954792 0.133685
vt 0.257270 0.240008
vt 0.082929 0.957980
vt 0.937179 0.128292
vt 0.676829 0.702062
vt 0.159986 0.550931
vt 0.683302 0.680723
vt 0.618711 0.632512
vt 0.567278 0.718057
vt 0.559495 0.735702
vt 0.435015 0.974282
vt 0.988511 0.375106
vt 0.834840 0.076694
vt 0.945292 0.127985
vt 0.955891 0.117085
vt 0.279232 0.701128
vt 0.297220 0.709144
vt 0.563780 0.714939
vt 0.503302 0.457102
vt 0.856027 0.209876
vt 0.994557 0.398466
vt 0.981528 0.399529
vt 0.980395 0.394371
vt 0.729486 0.514063
vt 0.429792 0.199533
vt 0.494335 0.459854
vt 0.104821 0.407200
vt 0.114685 0.396579
vt 0.568302 0.140711
vt 0.573348 0.138675
vt 0.522882 0.957245
vt 0.970425 0.207228
vt 0.860375 0.853642
vt 0.511449 0.318977
vt 0.540780 0.332664
vt 0.927192 0.479631
vt 0.931403 0.473417
vt 0.253805 0.034402
vt 0.276720 0.020377
vt 0.442566 0.980867
vt 0.284200 0.682423
vt 0.636263 0.035306
vt 0.038741 0.012684
vt 0.061549 0.009720
vt 0.060357 0.022860
vt 0.559303 0.922085
vt 0.034704 0.811253
vt 0.172834 0.537873
vt 0.837967 0.827243
vt 0.625115 0.615877
vt 0.960094 0.228367
vt 0.966574 0.227740
vt 0.172480 0.681060
vt 0.355236 0.664482
vt 0.577770 0.877173
vt 0.092808 0.367489
vt 0.115220 0.377924
vt 0.122670 0.063356
vt 0.143402 0.033181
vt 0.157177 0.041413
vt 0.757327 0.533010
vt 0.596356 0.751289
vt 0.311532 0.694412
vt 0.665267 0.676913
vt 0.141323 0.724076
vt 0.127448 0.712491
vt 0.435773 0.979898
vt 0.057773 0.489129
vt 0.259744 0.014469
vt 0.972962 0.348323
vt 0.984012 0.343750
vt 0.979033 0.363600
vt 0.480551 0.319138
vt 0.508468 0.486514
vt 0.514287 0.491685
vt 0.326102 0.684510
vt 0.458612 0.317529
vt 0.866035 0.849490
vt 0.968909 0.377648
vt 0.967271 0.364261
vt 0.984094 0.374415
vt 0.124036 0.720038
vt 0.124766 0.412129
vt 0.119569 0.422667
vt 0.494711 0.480520
vt 0.990328 0.231778
vt 0.993757 0.218316
vt 0.753658 0.522283
vt 0.992157 0.375563
vt 0.565992 0.150356
vt 0.555710 0.148365
vt 0.270579 0.077325
vt 0.673237 0.161898
vt 0.177792 0.697049
vt 0.647827 0.720145
vt 0.647389 0.726855
vt 0.242104 0.996570
vt 0.230799 0.988391
vt 0.244294 0.987551
vt 0.577211 0.944955
vt 0.577470 0.914272
vt 0.848017 0.366856
vt 0.854785 0.300843
vt 0.858516 0.305242
vt 0.275648 0.137281
vt 0.275614 0.135342
vt 0.283421 0.135192
vt 0.957939 0.511153
vt 0.044783 0.034130
vt 0.521221 0.988346
vt 0.193430 0.972850
vt 0.234448 0.971612
vt 0.997132 0.389410
vt 0.613752 0.738727
vt 0.453003 0.310174
vt 0.085320 0.984816
vt 0.835338 0.740992
vt 0.867360 0.765334
vt 0.824370 0.757913
vt 0.563150 0.388898
vt 0.270073 0.118207
vt 0.729674 0.143995
vt 0.253559 0.995901
vt 0.249560 0.969667
vt 0.130386 0.065505
vt 0.291540 0.813268
vt 0.292949 0.803125
vt 0.300472 0.819054
vt 0.636522 0.737523
vt 0.859335 0.300331
vt 0.364176 0.633018
vt 0.035977 0.531413
vt 0.007225 0.534008
vt 0.026653 0.517258
vt 0.662475 0.714787
vt 0.652958 0.687019
vt 0.124870 0.405187
vt 0.904836 0.117989
vt 0.907003 0.110940
vt 0.216913 0.118807
vt 0.234058 0.119494
vt 0.207400 0.127805
vt 0.497834 0.703935
vt 0.743068 0.982659
vt 0.756817 0.949884
vt 0.778908 0.974344
vt 0.863477 0.731837
vt 0.652970 0.182108
vt 0.108616 0.388975
vt 0.453634 0.442085
vt 0.447527 0.443093
vt 0.446604 0.437933
vt 0.558203 0.158741
vt 0.186801 0.767485
vt 0.155613 0.722817
vt 0.141747 0.405008
vt 0.144422 0.414064
vt 0.027919 0.016811
vt 0.060023 0.473277
vt 0.625607 0.749280
vt 0.606741 0.762563
vt 0.782031 0.947302
vt 0.931475 0.494518
vt 0.920881 0.491634
vt 0.908437 0.131974
vt 0.563312 0.016821
vt 0.561651 0.007763
vt 0.287547 0.880807
vt 0.292400 0.837402
vt 0.311694 0.844675
vt 0.009559 0.523712
vt 0.003563 0.527266
vt 0.656655 0.716222
vt 0.489504 0.467854
vt 0.092177 0.383013
vt 0.191672 0.556085
vt 0.514765 0.721837
vt 0.034449 0.221994
vt 0.049445 0.214506
vt 0.042872 0.227760
vt 0.649759 0.667326
vt 0.724929 0.502424
vt 0.684877 0.407108
vt 0.683051 0.394858
vt 0.692803 0.399055
vt 0.139603 0.736168
vt 0.844581 0.220939
vt 0.270276 0.010188
vt 0.998699 0.398492
vt 0.069908 0.512937
vt 0.046766 0.516992
vt 0.051756 0.507774
vt 0.632560 0.763075
vt 0.634748 0.757349
vt 0.532325 0.474735
vt 0.562618 0.435989
vt 0.544602 0.486341
vt 0.733258 0.785670
vt 0.714262 0.776384
vt 0.738200 0.775092
vt 0.201223 0.773769
vt 0.351361 0.435449
vt 0.373463 0.439035
vt 0.351414 0.448057
vt 0.877899 0.739179
vt 0.736493 0.790533
vt 0.724009 0.796956
vt 0.451165 0.452030
vt 0.733603 0.113875
vt 0.721060 0.109238
vt 0.721740 0.078467
vt 0.801029 0.149688
vt 0.818083 0.154293
vt 0.812571 0.156383
vt 0.381659 0.932693
vt 0.389521 0.924384
vt 0.391929 0.929433
vt 0.607158 0.804360
vt 0.608804 0.825161
vt 0.587675 0.823378
vt 0.549330 0.009565
vt 0.548036 0.001878
vt 0.212514 0.023758
vt 0.204361 0.028904
vt 0.191769 0.014663
vt 0.550404 0.158919
vt 0.714013 0.788884
vt 0.396153 0.432235
vt 0.422001 0.421719
vt 0.422325 0.423124
vt 0.373109 0.442870
vt 0.385837 0.436581
vt 0.536122 0.499218
vt 0.599377 0.007771
vt 0.615071 0.026740
vt 0.604105 0.037370
vt 0.944774 0.277703
vt 0.950449 0.304288
vt 0.947699 0.303234
vt 0.832592 0.279135
vt 0.825951 0.289544
vt 0.809629 0.253559
vt 0.049075 0.226185
vt 0.318168 0.814012
vt 0.383456 0.942220
vt 0.359579 0.937375
vt 0.379300 0.933080
vt 0.643477 0.732968
vt 0.570010 0.904442
vt 0.790180 0.949661
vt 0.233872 0.316243
vt 0.248802 0.304943
vt 0.262222 0.303743
vt 0.183472 0.028699
vt 0.174393 0.022787
vt 0.831013 0.513659
vt 0.827582 0.515261
vt 0.830924 0.511445
vt 0.916698 0.439943
vt 0.911088 0.418450
vt 0.927844 0.419173
vt 0.326792 0.960076
vt 0.357998 0.959638
vt 0.860241 0.339303
vt 0.651996 0.734067
vt 0.582037 0.771009
vt 0.753869 0.074134
vt 0.828593 0.519856
vt 0.836479 0.778160
vt 0.810444 0.763979
vt 0.234366 0.953099
vt 0.193971 0.953257
vt 0.955457 0.090913
vt 0.953106 0.074283
vt 0.984425 0.072675
vt 0.307945 0.795955
vt 0.539517 0.153659
vt 0.033982 0.137132
vt 0.043871 0.136071
vt 0.192292 0.674575
vt 0.216986 0.695967
vt 0.212781 0.702915
vt 0.979509 0.088696
vt 0.813852 0.514349
vt 0.036344 0.214093
vt 0.044244 0.180319
vt 0.068599 0.191253
vt 0.685786 0.427699
vt 0.673168 0.426869
vt 0.388954 0.441226
vt 0.356921 0.428383
vt 0.335616 0.418887
vt 0.557147 0.465531
vt 0.343818 0.976555
vt 0.685445 0.152753
vt 0.698152 0.130240
vt 0.215829 0.555782
vt 0.218944 0.561051
vt 0.344556 0.817590
vt 0.500285 0.716981
vt 0.570627 0.784969
vt 0.938547 0.522599
vt 0.767353 0.994108
vt 0.065065 0.549850
vt 0.049836 0.550954
vt 0.324963 0.985969
vt 0.468235 0.308426
vt 0.662618 0.417814
vt 0.103938 0.392354
vt 0.268034 0.572183
vt 0.267084 0.546336
vt 0.283774 0.559918
vt 0.560290 0.492867
vt 0.750642 0.106048
vt 0.672514 0.400252
vt 0.570633 0.442711
vt 0.924383 0.520403
vt 0.904049 0.508465
vt 0.177328 0.017455
vt 0.679139 0.134345
vt 0.226574 0.561157
vt 0.237791 0.563851
vt 0.236717 0.575474
vt 0.965623 0.301820
vt 0.829983 0.525385
vt 0.342430 0.802988
vt 0.354343 0.806196
vt 0.335616 0.796758
vt 0.386170 0.037937
vt 0.403101 0.033875
vt 0.404409 0.039304
vt 0.316081 0.862065
vt 0.530751 0.739358
vt 0.601339 0.850401
vt 0.618751 0.831955
vt 0.826672 0.785190
vt 0.917579 0.022351
vt 0.932954 0.017803
vt 0.927354 0.028979
vt 0.388533 0.947467
vt 0.261602 0.320525
vt 0.302089 0.562491
vt 0.296330 0.534897
vt 0.310758 0.552097
vt 0.064644 0.141756
vt 0.072953 0.145472
vt 0.324387 0.789185
vt 0.276689 0.956793
vt 0.266215 0.972135
vt 0.522412 0.737694
vt 0.388353 0.910873
vt 0.347556 0.922385
vt 0.389275 0.903612
vt 0.962908 0.106762
vt 0.957156 0.099446
vt 0.800420 0.163797
vt 0.389441 0.953052
vt 0.963790 0.278423
vt 0.254589 0.955512
vt 0.708797 0.133895
vt 0.532167 0.803609
vt 0.524206 0.783141
vt 0.542870 0.783875
vt 0.726395 0.832024
vt 0.703049 0.833379
vt 0.557199 0.741381
vt 0.588617 0.852166
vt 0.200912 0.705728
vt 0.269687 0.336222
vt 0.315044 0.530625
vt 0.303125 0.521784
vt 0.313016 0.495507
vt 0.362284 0.033991
vt 0.381649 0.045067
vt 0.370561 0.052863
vt 0.372744 0.455002
vt 0.826152 0.255583
vt 0.389620 0.989411
vt 0.409212 0.979792
vt 0.421413 0.992084
vt 0.816029 0.214163
vt 0.614550 0.767862
vt 0.572679 0.753371
vt 0.201457 0.663197
vt 0.866932 0.779218
vt 0.402886 0.051698
vt 0.300520 0.508670
vt 0.063686 0.734713
vt 0.046504 0.732072
vt 0.045919 0.726763
vt 0.619536 0.863909
vt 0.558499 0.775938
vt 0.814138 0.953111
vt 0.483293 0.860675
vt 0.485077 0.844912
vt 0.489500 0.859447
vt 0.345266 0.524553
vt 0.337312 0.548014
vt 0.427165 0.987385
vt 0.396594 0.980536
vt 0.772107 0.176487
vt 0.787443 0.185333
vt 0.573594 0.460279
vt 0.390568 0.047667
vt 0.903315 0.026211
vt 0.894118 0.509602
vt 0.914018 0.496261
vt 0.812125 0.784835
vt 0.577503 0.439053
vt 0.574251 0.469032
vt 0.361526 0.973955
vt 0.659664 0.409490
vt 0.367672 0.984936
vt 0.895380 0.519292
vt 0.441260 0.993905
vt 0.440836 0.985382
vt 0.175780 0.976865
vt 0.176386 0.989224
vt 0.165275 0.990407
vt 0.192735 0.654082
vt 0.194261 0.636730
vt 0.305711 0.571194
vt 0.763306 0.115518
vt 0.761704 0.129787
vt 0.762534 0.086983
vt 0.914003 0.278373
vt 0.216152 0.628789
vt 0.727451 0.018475
vt 0.723226 0.027991
vt 0.721110 0.010000
vt 0.051806 0.742113
vt 0.044797 0.747967
vt 0.682099 0.794170
vt 0.772620 0.113607
vt 0.764580 0.131663
vt 0.078146 0.553435
vt 0.064913 0.567408
vt 0.202677 0.484410
vt 0.206156 0.477255
vt 0.221258 0.487872
vt 0.630215 0.415164
vt 0.636956 0.422140
vt 0.686005 0.080599
vt 0.667338 0.080718
vt 0.664029 0.071919
vt 0.398640 0.972811
vt 0.332060 0.280581
vt 0.343794 0.274742
vt 0.329524 0.293690
vt 0.598238 0.445078
vt 0.875047 0.059993
vt 0.871416 0.045400
vt 0.895842 0.045425
vt 0.675746 0.113916
vt 0.664485 0.093043
vt 0.624398 0.403688
vt 0.622220 0.419269
vt 0.781651 0.148238
vt 0.799013 0.129840
vt 0.407835 0.962591
vt 0.575355 0.488914
vt 0.546164 0.841786
vt 0.219981 0.684480
vt 0.380893 0.153061
vt 0.369072 0.147206
vt 0.397135 0.115523
vt 0.506651 0.812894
vt 0.765457 0.074996
vt 0.195590 0.467677
vt 0.210471 0.468942
vt 0.215584 0.497111
vt 0.463482 0.849128
vt 0.465347 0.834733
vt 0.370290 0.264330
vt 0.357081 0.262566
vt 0.519958 0.832370
vt 0.661816 0.389872
vt 0.901529 0.037148
vt 0.881914 0.034920
vt 0.945000 0.105290
vt 0.622086 0.392525
vt 0.640284 0.390629
vt 0.645763 0.396959
vt 0.364669 0.257873
vt 0.057458 0.461579
vt 0.801201 0.519057
vt 0.826917 0.551376
vt 0.225442 0.476057
vt 0.378179 0.254723
vt 0.266027 0.117963
vt 0.265137 0.128109
vt 0.592485 0.870958
vt 0.597603 0.468557
vt 0.567719 0.829339
vt 0.081216 0.538745
vt 0.544711 0.037402
vt 0.558680 0.052537
vt 0.536374 0.043112
vt 0.685758 0.627320
vt 0.667769 0.647817
vt 0.658194 0.635715
vt 0.580104 0.756386
vt 0.984333 0.622419
vt 0.973767 0.630205
vt 0.971261 0.625849
vt 0.191989 0.540183
vt 0.893630 0.031949
vt 0.790520 0.526353
vt 0.680020 0.822360
vt 0.846373 0.793238
vt 0.181774 0.962922
vt 0.184071 0.979778
vt 0.048750 0.765354
vt 0.389504 0.064777
vt 0.085337 0.518731
vt 0.903323 0.440446
vt 0.816472 0.233979
vt 0.045992 0.064251
vt 0.037677 0.055554
vt 0.058102 0.047014
vt 0.173509 0.395033
vt 0.160932 0.404041
vt 0.157003 0.389040
vt 0.077893 0.047231
vt 0.067919 0.055926
vt 0.436329 0.802199
vt 0.436197 0.825137
vt 0.429669 0.800870
vt 0.798785 0.971775
vt 0.562388 0.002624
vt 0.148769 0.986964
vt 0.397612 0.062997
vt 0.063338 0.763156
vt 0.581307 0.871371
vt 0.374201 0.278462
vt 0.646029 0.798246
vt 0.444457 0.796117
vt 0.649700 0.387027
vt 0.865304 0.031446
vt 0.413543 0.414081
vt 0.404613 0.422600
vt 0.407814 0.409549
vt 0.565529 0.058151
vt 0.572051 0.039346
vt 0.567934 0.066957
vt 0.398996 0.424085
vt 0.557536 0.036883
vt 0.583320 0.493534
vt 0.123486 0.496533
vt 0.120636 0.455714
vt 0.134720 0.482770
vt 0.230764 0.642235
vt 0.229252 0.657344
vt 0.224130 0.645413
vt 0.862803 0.798687
vt 0.999284 0.200315
vt 0.985651 0.199138
vt 0.993628 0.179176
vt 0.480289 0.823438
vt 0.058590 0.072702
vt 0.117739 0.492431
vt 0.330311 0.423983
vt 0.335402 0.438184
vt 0.831458 0.237493
vt 0.599192 0.488200
vt 0.388879 0.256341
vt 0.029818 0.151147
vt 0.019655 0.140385
vt 0.020856 0.133638
vt 0.224145 0.603686
vt 0.235089 0.620014
vt 0.036783 0.071734
vt 0.029728 0.071017
vt 0.169409 0.360978
vt 0.190740 0.399938
vt 0.881046 0.769736
vt 0.076166 0.754767
vt 0.156522 0.954579
vt 0.781529 0.537659
vt 0.824559 0.566529
vt 0.797591 0.556276
vt 0.341846 0.567048
vt 0.628475 0.387939
vt 0.182510 0.456330
vt 0.083829 0.840279
vt 0.059495 0.828003
vt 0.064148 0.825730
vt 0.677755 0.612521
vt 0.687301 0.604272
vt 0.215328 0.540147
vt 0.821109 0.592814
vt 0.826487 0.601867
vt 0.803201 0.604014
vt 0.067397 0.774180
vt 0.074246 0.774188
vt 0.646668 0.785496
vt 0.513816 0.851991
vt 0.559008 0.867575
vt 0.097049 0.815810
vt 0.103477 0.837980
vt 0.030786 0.597819
vt 0.026367 0.593999
vt 0.030442 0.592844
vt 0.402564 0.075378
vt 0.830861 0.254937
vt 0.678600 0.598599
vt 0.416879 0.415150
vt 0.425068 0.363869
vt 0.449490 0.380374
vt 0.215688 0.229827
vt 0.228699 0.233302
vt 0.199220 0.244036
vt 0.669300 0.750577
vt 0.684175 0.760589
vt 0.647160 0.757009
vt 0.800651 0.587506
vt 0.006673 0.154641
vt 0.383732 0.894215
vt 0.330792 0.895113
vt 0.974581 0.644061
vt 0.987787 0.639546
vt 0.980602 0.653091
vt 0.864640 0.075547
vt 0.864743 0.066581
vt 0.879545 0.081325
vt 0.765927 0.181177
vt 0.761780 0.182059
vt 0.593950 0.426718
vt 0.590519 0.408581
vt 0.691663 0.087230
vt 0.691952 0.099518
vt 0.651114 0.645711
vt 0.212514 0.647182
vt 0.222600 0.633792
vt 0.113375 0.475418
vt 0.397624 0.408113
vt 0.397479 0.416801
vt 0.896988 0.095903
vt 0.890068 0.063702
vt 0.615521 0.469551
vt 0.403366 0.069014
vt 0.906710 0.101772
vt 0.219412 0.668068
vt 0.404206 0.064078
vt 0.784644 0.077656
vt 0.357782 0.154210
vt 0.375763 0.115142
vt 0.391700 0.113960
vt 0.777218 0.599718
vt 0.809608 0.627869
vt 0.760296 0.597361
vt 0.842068 0.800705
vt 0.455868 0.785198
vt 0.999474 0.722492
vt 0.986859 0.741512
vt 0.984028 0.729564
vt 0.598665 0.094769
vt 0.609649 0.085203
vt 0.603566 0.109889
vt 0.340605 0.298977
vt 0.369881 0.284216
vt 0.549017 0.526359
vt 0.553959 0.526022
vt 0.542352 0.527357
vt 0.024952 0.174511
vt 0.705144 0.759104
vt 0.777582 0.074655
vt 0.301249 0.587186
vt 0.318865 0.156833
vt 0.316032 0.149276
vt 0.324040 0.162782
vt 0.065479 0.811968
vt 0.906180 0.234059
vt 0.895516 0.209805
vt 0.912800 0.232771
vt 0.932126 0.536556
vt 0.982473 0.269864
vt 0.986130 0.282780
vt 0.968632 0.267038
vt 0.964324 0.396904
vt 0.955337 0.385155
vt 0.965894 0.381885
vt 0.587428 0.759928
vt 0.017146 0.997620
vt 0.013023 0.990918
vt 0.019914 0.994810
vt 0.815174 0.576720
vt 0.790345 0.564669
vt 0.807083 0.567513
vt 0.877437 0.066347
vt 0.664247 0.748026
vt 0.928195 0.098093
vt 0.018352 0.312479
vt 0.023820 0.315112
vt 0.024553 0.319472
vt 0.168553 0.412092
vt 0.087744 0.538948
vt 0.698094 0.108184
vt 0.081171 0.565237
vt 0.087210 0.564620
vt 0.684475 0.572685
vt 0.666717 0.594375
vt 0.998870 0.648881
vt 0.078533 0.779296
vt 0.978037 0.296112
vt 0.210226 0.254463
vt 0.216460 0.250147
vt 0.823371 0.587375
vt 0.925989 0.087627
vt 0.623743 0.644833
vt 0.232515 0.629014
vt 0.826993 0.805572
vt 0.210732 0.457664
vt 0.766216 0.576277
vt 0.934580 0.193886
vt 0.910018 0.207603
vt 0.913278 0.074469
vt 0.481129 0.062441
vt 0.503669 0.090936
vt 0.484970 0.083130
vt 0.131767 0.941275
vt 0.130780 0.937753
vt 0.140884 0.933631
vt 0.921438 0.537293
vt 0.617897 0.450717
vt 0.172825 0.454270
vt 0.648025 0.774648
vt 0.640134 0.585542
vt 0.650077 0.589251
vt 0.655091 0.600906
vt 0.182917 0.221795
vt 0.641768 0.765060
vt 0.034676 0.966843
vt 0.027417 0.950661
vt 0.037939 0.958662
vt 0.032470 0.984161
vt 0.021745 0.945088
vt 0.983325 0.879698
vt 0.990842 0.879972
vt 0.993454 0.883091
vt 0.211400 0.666189
vt 0.772747 0.056457
vt 0.785411 0.059744
vt 0.766357 0.060384
vt 0.006923 0.309316
vt 0.680285 0.833079
vt 0.884449 0.011278
vt 0.887273 0.005724
vt 0.893461 0.015007
vt 0.752904 0.172871
vt 0.191923 0.255627
vt 0.165013 0.243075
vt 0.762466 0.143016
vt 0.081873 0.678073
vt 0.076889 0.677561
vt 0.084694 0.674093
vt 0.724570 0.962063
vt 0.703787 0.956917
vt 0.721084 0.957151
vt 0.056777 0.777558
vt 0.255237 0.200666
vt 0.255388 0.184389
vt 0.274117 0.225340
vt 0.820900 0.798987
vt 0.636247 0.810743
vt 0.336764 0.157362
vt 0.131492 0.931107
vt 0.079245 0.685027
vt 0.543041 0.592084
vt 0.531288 0.566847
vt 0.556079 0.591111
vt 0.083090 0.776006
vt 0.373441 0.553217
vt 0.115327 0.823565
vt 0.365820 0.853296
vt 0.382043 0.884914
vt 0.775512 0.128874
vt 0.691560 0.118208
vt 0.399392 0.262711
vt 0.396328 0.270969
vt 0.506720 0.738282
vt 0.494640 0.722712
vt 0.872096 0.804228
vt 0.895150 0.019426
vt 0.884837 0.023712
vt 0.642114 0.572521
vt 0.202908 0.445349
vt 0.191153 0.945169
vt 0.194012 0.935360
vt 0.401657 0.082934
vt 0.396098 0.081402
vt 0.093138 0.035998
vt 0.069512 0.036937
vt 0.088224 0.031823
vt 0.076788 0.655755
vt 0.371770 0.465720
vt 0.320697 0.175118
vt 0.869982 0.811227
vt 0.146460 0.942053
vt 0.174375 0.227901
vt 0.088219 0.774121
vt 0.915476 0.456596
vt 0.882277 0.793883
vt 0.558641 0.582468
vt 0.990449 0.833817
vt 0.983326 0.825448
vt 0.992218 0.828102
vt 0.367407 0.295996
vt 0.516150 0.596463
vt 0.547224 0.869832
vt 0.079478 0.024923
vt 0.410544 0.270911
vt 0.405787 0.283097
vt 0.193892 0.435699
vt 0.404449 0.370871
vt 0.379390 0.063196
vt 0.801825 0.994605
vt 0.190938 0.411340
vt 0.091720 0.554898
vt 0.351717 0.586031
vt 0.022885 0.073310
vt 0.010194 0.080556
vt 0.019828 0.058673
vt 0.027990 0.510320
vt 0.026535 0.512323
vt 0.012336 0.515129
vt 0.231684 0.672949
vt 0.820076 0.222405
vt 0.953392 0.339876
vt 0.956657 0.363667
vt 0.950837 0.345981
vt 0.983819 0.821677
vt 0.996343 0.822187
vt 0.659092 0.618916
vt 0.071097 0.662706
vt 0.194436 0.926594
vt 0.027888 0.049218
vt 0.027030 0.045431
vt 0.858983 0.817549
vt 0.049922 0.779736
vt 0.986726 0.124262
vt 0.985093 0.112732
vt 0.991493 0.117921
vt 0.624388 0.796436
vt 0.984229 0.833263
vt 0.604180 0.266944
vt 0.600684 0.262831
vt 0.615651 0.267722
vt 0.012116 0.332260
vt 0.002658 0.329023
vt 0.009229 0.324670
vt 0.067928 0.653588
vt 0.073252 0.647541
vt 0.067466 0.795862
vt 0.089555 0.519927
vt 0.094962 0.508205
vt 0.075217 0.040159
vt 0.113355 0.815008
vt 0.091444 0.788687
vt 0.171273 0.350827
vt 0.160117 0.347232
vt 0.271364 0.138190
vt 0.257405 0.136481
vt 0.714790 0.094828
vt 0.723800 0.067529
vt 0.014260 0.543947
vt 0.015909 0.555950
vt 0.004353 0.547664
vt 0.392139 0.295775
vt 0.391653 0.284163
vt 0.108566 0.012756
vt 0.120562 0.006341
vt 0.124474 0.014278
vt 0.908581 0.458397
vt 0.905972 0.186375
vt 0.516453 0.739263
vt 0.590887 0.764565
vt 0.506194 0.061755
vt 0.554923 0.067443
vt 0.858149 0.594653
vt 0.850935 0.606456
vt 0.852164 0.597258
vt 0.475585 0.804591
vt 0.711237 0.067131
vt 0.170457 0.420673
vt 0.232255 0.204365
vt 0.032702 0.878181
vt 0.017251 0.877829
vt 0.024231 0.869523
vt 0.018305 0.507667
vt 0.868881 0.584321
vt 0.756668 0.579533
vt 0.913704 0.099286
vt 0.856567 0.579793
vt 0.945605 0.849115
vt 0.939725 0.840432
vt 0.962426 0.850057
vt 0.633608 0.477915
vt 0.010750 0.054279
vt 0.008622 0.064166
vt 0.256615 0.616290
vt 0.859946 0.084198
vt 0.495890 0.579403
vt 0.503464 0.591382
vt 0.481194 0.053282
vt 0.337286 0.601172
vt 0.327785 0.603550
vt 0.176957 0.344685
vt 0.969107 0.861259
vt 0.061425 0.035096
vt 0.906379 0.303950
vt 0.901280 0.264177
vt 0.317113 0.910020
vt 0.386201 0.561337
vt 0.381024 0.566115
vt 0.543937 0.008054
vt 0.024042 0.092673
vt 0.017886 0.090003
vt 0.027929 0.085016
vt 0.333333 0.182363
vt 0.151892 0.475693
vt 0.160418 0.448526
vt 0.086740 0.652916
vt 0.319465 0.428818
vt 0.816270 0.986770
vt 0.814336 0.991051
vt 0.381749 0.299804
vt 0.197980 0.191687
vt 0.202784 0.385859
vt 0.699549 0.987836
vt 0.724591 0.992792
vt 0.070034 0.652119
vt 0.277498 0.522616
vt 0.075257 0.644271
vt 0.843047 0.582432
vt 0.382240 0.474355
vt 0.151458 0.337357
vt 0.144618 0.353611
vt 0.141675 0.335556
vt 0.165176 0.920676
vt 0.808569 0.058852
vt 0.812765 0.053545
vt 0.620024 0.654115
vt 0.847698 0.607749
vt 0.131285 0.957387
vt 0.772859 0.568739
vt 0.768718 0.549524
vt 0.374833 0.480295
vt 0.245146 0.650838
vt 0.102591 0.675400
vt 0.090577 0.680475
vt 0.169249 0.441918
vt 0.969341 0.787160
vt 0.975365 0.800440
vt 0.962441 0.797115
vt 0.799435 0.072854
vt 0.244359 0.694146
vt 0.131852 0.372271
vt 0.126606 0.357793
vt 0.166932 0.217202
vt 0.854149 0.561619
vt 0.503406 0.529762
vt 0.530657 0.535485
vt 0.545399 0.561451
vt 0.662522 0.283390
vt 0.615739 0.242868
vt 0.656647 0.442771
vt 0.666817 0.466737
vt 0.229497 0.534034
vt 0.619704 0.497774
vt 0.030360 0.408529
vt 0.023464 0.388617
vt 0.024053 0.373992
vt 0.133085 0.386195
vt 0.904076 0.464915
vt 0.337100 0.128142
vt 0.325288 0.126936
vt 0.602301 0.388028
vt 0.347261 0.154721
vt 0.631872 0.491891
vt 0.977748 0.406627
vt 0.984255 0.408981
vt 0.978394 0.415534
vt 0.960862 0.213964
vt 0.950921 0.225655
vt 0.760617 0.226155
vt 0.758890 0.236343
vt 0.733894 0.229844
vt 0.962626 0.758518
vt 0.946625 0.788235
vt 0.946677 0.768055
vt 0.191653 0.359224
vt 0.369725 0.478310
vt 0.950062 0.335882
vt 0.960456 0.328897
vt 0.551176 0.558153
vt 0.899493 0.452061
vt 0.521675 0.053770
vt 0.494289 0.050143
vt 0.959438 0.336892
vt 0.084658 0.017697
vt 0.068810 0.021520
vt 0.634900 0.613980
vt 0.922033 0.078263
vt 0.917045 0.061200
vt 0.901642 0.459975
vt 0.149036 0.373111
vt 0.244556 0.670723
vt 0.252786 0.639490
vt 0.943138 0.254405
vt 0.063457 0.029602
vt 0.501846 0.548290
vt 0.035925 0.084872
vt 0.047733 0.083109
vt 0.133451 0.399021
vt 0.957782 0.190007
vt 0.963723 0.211578
vt 0.039576 0.086882
vt 0.010101 0.756652
vt 0.016824 0.750513
vt 0.017464 0.755363
vt 0.936174 0.233645
vt 0.203852 0.373061
vt 0.271837 0.660462
vt 0.269032 0.695741
vt 0.968210 0.775265
vt 0.958189 0.785515
vt 0.909315 0.474084
vt 0.556092 0.287466
vt 0.621792 0.316644
vt 0.573339 0.345485
vt 0.671914 0.272175
vt 0.944383 0.182618
vt 0.964928 0.328703
vt 0.895000 0.443033
vt 0.347319 0.168075
vt 0.987215 0.472101
vt 0.979105 0.460552
vt 0.994119 0.468226
vt 0.162735 0.197912
vt 0.056582 0.384638
vt 0.062542 0.383854
vt 0.060152 0.386450
vt 0.954610 0.822289
vt 0.974234 0.822803
vt 0.968929 0.830672
vt 0.584401 0.386726
vt 0.597712 0.385169
vt 0.679656 0.977830
vt 0.666394 0.979650
vt 0.687628 0.942943
vt 0.013760 0.085949
vt 0.005734 0.089629
vt 0.008364 0.085995
vt 0.014360 0.772171
vt 0.009947 0.768310
vt 0.349230 0.466044
vt 0.016618 0.977109
vt 0.026805 0.985117
vt 0.144377 0.440610
vt 0.971508 0.503883
vt 0.982270 0.522086
vt 0.946521 0.535627
vt 0.216454 0.178956
vt 0.985369 0.528240
vt 0.960875 0.538006
vt 0.928779 0.733024
vt 0.949006 0.718812
vt 0.990750 0.408378
vt 0.987103 0.416750
vt 0.322388 0.440427
vt 0.985688 0.922073
vt 0.992493 0.918509
vt 0.981951 0.937927
vt 0.959327 0.735185
vt 0.980321 0.708843
vt 0.194785 0.883602
vt 0.175755 0.908003
vt 0.159480 0.902057
vt 0.339489 0.030603
vt 0.309043 0.034070
vt 0.313623 0.022505
vt 0.991991 0.931240
vt 0.211406 0.014133
vt 0.242428 0.021006
vt 0.237129 0.029897
vt 0.014914 0.096284
vt 0.044347 0.394063
vt 0.892800 0.468383
vt 0.895348 0.457738
vt 0.945876 0.168891
vt 0.955262 0.157507
vt 0.960497 0.175788
vt 0.228668 0.011746
vt 0.897730 0.472230
vt 0.500616 0.288294
vt 0.518083 0.308356
vt 0.508668 0.305268
vt 0.050739 0.395124
vt 0.041746 0.981419
vt 0.888305 0.989773
vt 0.875439 0.992998
vt 0.885208 0.987418
vt 0.965988 0.332950
vt 0.469467 0.921359
vt 0.438863 0.950481
vt 0.423198 0.939825
vt 0.253656 0.510506
vt 0.385443 0.365199
vt 0.367232 0.362764
vt 0.368570 0.357508
vt 0.875858 0.986820
vt 0.349699 0.862915
vt 0.332568 0.453339
vt 0.742498 0.209352
vt 0.759012 0.208651
vt 0.978404 0.834842
vt 0.041413 0.409908
vt 0.017246 0.762161
vt 0.017563 0.769732
vt 0.061811 0.077026
vt 0.065212 0.075516
vt 0.979198 0.829659
vt 0.235296 0.338792
vt 0.944886 0.178092
vt 0.965350 0.745583
vt 0.742151 0.235642
vt 0.744172 0.241520
vt 0.737257 0.243109
vt 0.351653 0.486334
vt 0.997193 0.458862
vt 0.994677 0.450981
vt 0.872509 0.980951
vt 0.471675 0.859952
vt 0.428719 0.897656
vt 0.847089 0.527404
vt 0.829050 0.533905
vt 0.923342 0.561071
vt 0.865775 0.605621
vt 0.872989 0.593948
vt 0.973133 0.748105
vt 0.976514 0.757094
vt 0.206903 0.146010
vt 0.214410 0.162267
vt 0.193583 0.145035
vt 0.376343 0.485498
vt 0.953095 0.149204
vt 0.938494 0.152996
vt 0.948885 0.146960
vt 0.114453 0.715487
vt 0.097428 0.742897
vt 0.086572 0.720205
vt 0.134911 0.439117
vt 0.105885 0.643825
vt 0.119854 0.663274
vt 0.096033 0.603579
vt 0.072459 0.607722
vt 0.063291 0.590032
vt 0.897689 0.482215
vt 0.261831 0.346193
vt 0.748992 0.024715
vt 0.755704 0.019378
vt 0.762032 0.024703
vt 0.895183 0.983218
vt 0.957684 0.325283
vt 0.341531 0.345503
vt 0.363160 0.334979
vt 0.350216 0.342878
vt 0.432469 0.304859
vt 0.446931 0.293191
vt 0.442791 0.301306
vt 0.979652 0.452383
vt 0.979940 0.446784
vt 0.982906 0.433790
vt 0.117973 0.734150
vt 0.205283 0.083619
vt 0.169344 0.089214
vt 0.186121 0.074672
vt 0.194295 0.164029
vt 0.333200 0.334884
vt 0.321915 0.883232
vt 0.895331 0.477562
vt 0.424207 0.028586
vt 0.413502 0.027226
vt 0.397465 0.011700
vt 0.027624 0.128051
vt 0.035700 0.110847
vt 0.040863 0.126425
vt 0.206777 0.139406
vt 0.189544 0.131343
vt 0.313035 0.046933
vt 0.954737 0.239967
vt 0.742358 0.041187
vt 0.741288 0.034895
vt 0.745618 0.041599
vt 0.320012 0.451468
vt 0.935904 0.145485
vt 0.444245 0.074516
vt 0.442298 0.070587
vt 0.448715 0.079511
vt 0.931349 0.176166
vt 0.872461 0.613665
vt 0.859438 0.613413
vt 0.186829 0.137775
vt 0.678055 0.360761
vt 0.678081 0.375073
vt 0.664863 0.325852
vt 0.945832 0.244655
vt 0.441150 0.048002
vt 0.457963 0.048868
vt 0.913346 0.484601
vt 0.898828 0.492062
vt 0.397707 0.331509
vt 0.423403 0.330593
vt 0.425554 0.343753
vt 0.157373 0.885812
vt 0.698692 0.726740
vt 0.711456 0.745952
vt 0.705078 0.746766
vt 0.972063 0.241270
vt 0.967609 0.260751
vt 0.643687 0.982184
vt 0.637135 0.956191
vt 0.220370 0.083850
vt 0.202396 0.097915
vt 0.428005 0.299207
vt 0.441299 0.077232
vt 0.439523 0.086457
vt 0.435893 0.077454
vt 0.359350 0.839142
vt 0.368182 0.846852
vt 0.226106 0.510200
vt 0.769405 0.779836
vt 0.740728 0.770439
vt 0.776534 0.762999
vt 0.353299 0.304160
vt 0.336242 0.317147
vt 0.780705 0.913473
vt 0.829735 0.931870
vt 0.787561 0.940944
vt 0.364617 0.830831
vt 0.452621 0.279830
vt 0.898347 0.597669
vt 0.473529 0.297614
vt 0.427370 0.910749
vt 0.176102 0.175014
vt 0.177211 0.154295
vt 0.374509 0.311250
vt 0.094866 0.705158
vt 0.419462 0.097217
vt 0.165157 0.097632
vt 0.194295 0.523862
vt 0.929932 0.571930
vt 0.163154 0.163733
vt 0.470016 0.281808
vt 0.714198 0.043390
vt 0.688214 0.066034
vt 0.677240 0.042959
vt 0.152030 0.149792
vt 0.159417 0.148953
vt 0.928301 0.151279
vt 0.968641 0.345588
vt 0.004633 0.393340
vt 0.012065 0.380163
vt 0.013128 0.400906
vt 0.437664 0.115971
vt 0.844681 0.240229
vt 0.865308 0.245338
vt 0.842174 0.257109
vt 0.026108 0.093553
vt 0.015098 0.104925
vt 0.456620 0.082999
vt 0.470899 0.056527
vt 0.614882 0.984683
vt 0.614510 0.989809
vt 0.600974 0.987185
vt 0.023781 0.023306
vt 0.035916 0.033781
vt 0.017687 0.042439
vt 0.421612 0.070420
vt 0.156285 0.164425
vt 0.172212 0.180480
vt 0.402104 0.307436
vt 0.904629 0.497189
vt 0.872334 0.498005
vt 0.887099 0.504085
vt 0.885330 0.522383
vt 0.337717 0.477974
vt 0.427948 0.010592
vt 0.736897 0.186127
vt 0.763094 0.193219
vt 0.345571 0.050043
vt 0.287952 0.504368
vt 0.421437 0.123775
vt 0.862126 0.520266
vt 0.901730 0.606635
vt 0.247310 0.145103
vt 0.256835 0.141170
vt 0.347596 0.836285
vt 0.667299 0.506738
vt 0.139468 0.147631
vt 0.864010 0.545755
vt 0.889135 0.546087
vt 0.890624 0.565531
vt 0.715787 0.755201
vt 0.751650 0.747282
vt 0.992064 0.954912
vt 0.985536 0.953626
vt 0.988800 0.949756
vt 0.978259 0.016767
vt 0.977189 0.031796
vt 0.960718 0.020971
vt 0.905777 0.146918
vt 0.021097 0.387582
vt 0.722928 0.210108
vt 0.155496 0.177860
vt 0.426833 0.031155
vt 0.149158 0.542562
vt 0.140839 0.543004
vt 0.135301 0.526845
vt 0.931128 0.614974
vt 0.889303 0.229203
vt 0.990691 0.947782
vt 0.155989 0.130499
vt 0.737505 0.015577
vt 0.749220 0.010656
vt 0.131273 0.184655
vt 0.155975 0.199924
vt 0.138361 0.202658
vt 0.565145 0.973758
vt 0.581993 0.956389
vt 0.209558 0.994512
vt 0.191327 0.992617
vt 0.201335 0.989465
vt 0.189103 0.980759
vt 0.215815 0.529364
vt 0.012465 0.692425
vt 0.002680 0.678958
vt 0.018099 0.671730
vt 0.403907 0.095588
vt 0.880550 0.626595
vt 0.839723 0.270821
vt 0.840661 0.270191
vt 0.849500 0.278445
vt 0.985658 0.958004
vt 0.980611 0.950904
vt 0.589382 0.038073
vt 0.591245 0.043706
vt 0.589574 0.055994
vt 0.132442 0.164523
vt 0.139961 0.175629
vt 0.126527 0.168611
vt 0.113724 0.307744
vt 0.143271 0.321432
vt 0.125572 0.325552
vt 0.784054 0.738601
vt 0.813737 0.715732
vt 0.817183 0.737827
vt 0.318009 0.474749
vt 0.968540 0.313648
vt 0.969334 0.318863
vt 0.853874 0.269612
vt 0.574567 0.034430
vt 0.583550 0.045765
vt 0.579021 0.051368
vt 0.142703 0.221829
vt 0.152243 0.216478
vt 0.901003 0.173926
vt 0.118665 0.252524
vt 0.125356 0.236545
vt 0.129021 0.242288
vt 0.117425 0.189391
vt 0.172743 0.850854
vt 0.156686 0.868395
vt 0.162813 0.849242
vt 0.219884 0.992033
vt 0.145992 0.253555
vt 0.138396 0.244422
vt 0.196015 0.121602
vt 0.165957 0.113480
vt 0.911602 0.634711
vt 0.813718 0.920623
vt 0.218627 0.148620
vt 0.160708 0.265358
vt 0.163829 0.273505
vt 0.721895 0.743615
vt 0.128954 0.159618
vt 0.132917 0.578522
vt 0.103991 0.559159
vt 0.128827 0.566878
vt 0.585211 0.037980
vt 0.131924 0.254402
vt 0.615260 0.053404
vt 0.437994 0.275611
vt 0.593509 0.053258
vt 0.149123 0.007137
vt 0.147703 0.012881
vt 0.145226 0.009763
vt 0.061668 0.890569
vt 0.037895 0.904318
vt 0.038796 0.881539
vt 0.224998 0.110022
vt 0.151837 0.008600
vt 0.031231 0.852843
vt 0.020412 0.859807
vt 0.014766 0.822574
vt 0.781754 0.708291
vt 0.797259 0.701308
vt 0.777228 0.721131
vt 0.242130 0.134452
vt 0.709400 0.235627
vt 0.137148 0.562034
vt 0.114054 0.554345
vt 0.739115 0.724219
vt 0.036200 0.827392
vt 0.046812 0.860793
vt 0.327575 0.070230
vt 0.359405 0.053894
vt 0.364432 0.086244
vt 0.488038 0.878604
vt 0.505740 0.903950
vt 0.463189 0.279039
vt 0.454868 0.294455
vt 0.932334 0.631497
vt 0.216016 0.117554
vt 0.069562 0.665279
vt 0.058927 0.672927
vt 0.057596 0.665755
vt 0.274007 0.492634
vt 0.835224 0.281497
vt 0.840196 0.280388
vt 0.837025 0.283067
vt 0.751994 0.720546
vt 0.973430 0.051277
vt 0.972579 0.063175
vt 0.954743 0.049097
vt 0.924251 0.642545
vt 0.908646 0.648399
vt 0.135118 0.552374
vt 0.978539 0.946409
vt 0.264870 0.367145
vt 0.034489 0.659039
vt 0.038353 0.656305
vt 0.041555 0.657306
vt 0.622280 0.038518
vt 0.623446 0.048256
vt 0.117282 0.528494
vt 0.595089 0.062591
vt 0.032803 0.652298
vt 0.504436 0.935423
vt 0.111761 0.542465
vt 0.756091 0.944034
vt 0.709854 0.219247
vt 0.351351 0.113811
vt 0.363271 0.103966
vt 0.354601 0.116607
vt 0.856155 0.292671
vt 0.095701 0.566284
vt 0.098078 0.561432
vt 0.038858 0.663697
vt 0.065908 0.672738
vt 0.056588 0.680489
vt 0.027972 0.663958
vt 0.453584 0.271738
vt 0.240251 0.366008
vt 0.599144 0.066264
vt 0.875123 0.284873
vt 0.593382 0.066206
vt 0.044153 0.678194
vt 0.864915 0.289468
vt 0.588317 0.066711
vt 0.337535 0.010893
vt 0.334414 0.011319
vt 0.329504 0.008652
vt 0.374298 0.091789
vt 0.105204 0.144886
vt 0.113495 0.134816
vt 0.110316 0.151381
vt 0.337728 0.017890
vt 0.330131 0.013653
vt 0.522428 0.930190
vt 0.497238 0.270474
vt 0.737016 0.941533
vt 0.472986 0.269373
vt 0.118946 0.150347
vt 0.240144 0.476780
vt 0.329023 0.011749
vt 0.021742 0.669026
vt 0.103927 0.514906
vt 0.713207 0.186941
vt 0.271118 0.381895
vt 0.098089 0.528916
vt 0.022264 0.679133
vt 0.021064 0.676464
vt 0.038703 0.687094
vt 0.042829 0.664014
vt 0.088142 0.263517
vt 0.084101 0.257339
vt 0.085862 0.243255
vt 0.759335 0.028271
vt 0.761462 0.031999
vt 0.759180 0.030808
vt 0.021668 0.674853
vt 0.138829 0.507893
vt 0.131452 0.507963
vt 0.693441 0.229491
vt 0.697501 0.214368
vt 0.018744 0.672723
vt 0.018328 0.661310
vt 0.128415 0.135285
vt 0.021603 0.689175
vt 0.213017 0.144113
vt 0.235392 0.135311
vt 0.765442 0.031701
vt 0.644234 0.018032
vt 0.650005 0.003346
vt 0.651746 0.018199
vt 0.642234 0.016316
vt 0.639701 0.016906
vt 0.640805 0.015187
vt 0.877290 0.303224
vt 0.045973 0.688618
vt 0.702040 0.199840
vt 0.007795 0.128295
vt 0.007323 0.114892
vt 0.012176 0.121474
vt 0.214568 0.133978
vt 0.012400 0.973189
vt 0.009589 0.977067
vt 0.007164 0.972755
vt 0.764504 0.038340
vt 0.761930 0.038629
vt 0.271913 0.477411
vt 0.869488 0.307418
vt 0.218279 0.157670
vt 0.224286 0.154125
vt 0.094149 0.536354
vt 0.656641 0.005656
vt 0.660361 0.013995
vt 0.755084 0.029825
vt 0.751696 0.029375
vt 0.767425 0.050483
vt 0.093528 0.547029
vt 0.765014 0.055856
vt 0.782840 0.037922
vt 0.758192 0.042597
vt 0.566498 0.027747
vt 0.573117 0.027697
vt 0.570078 0.032479
vt 0.763723 0.058291
vt 0.715193 0.909080
vt 0.729665 0.900406
vt 0.116208 0.501026
vt 0.891497 0.264126
vt 0.696987 0.209423
vt 0.567203 0.015259
vt 0.569362 0.013383
vt 0.572598 0.020195
vt 0.803494 0.040152
vt 0.786999 0.049121
vt 0.566400 0.020627
vt 0.884843 0.247096
vt 0.001173 0.120668
vt 0.893494 0.313574
vt 0.882152 0.646206
vt 0.873283 0.632828
vt 0.882358 0.633871
vt 0.573620 0.014515
vt 0.004889 0.962730
vt 0.012795 0.966375
vt 0.573890 0.033256
vt 0.848014 0.945004
vt 0.856076 0.938216
vt 0.865354 0.955224
vt 0.130766 0.129580
vt 0.887265 0.326456
vt 0.704626 0.191204
vt 0.761519 0.057298
vt 0.714989 0.946770
vt 0.880074 0.329237
vt 0.898637 0.328990
vt 0.017967 0.112654
vt 0.011002 0.108284
vt 0.864973 0.311210
vt 0.583645 0.028319
vt 0.581214 0.032491
vt 0.586575 0.026064
vt 0.705542 0.925905
vt 0.686338 0.244452
vt 0.059565 0.239693
vt 0.061830 0.259921
vt 0.051262 0.257467
vt 0.870476 0.325270
vt 0.779946 0.029935
vt 0.858260 0.659245
vt 0.110960 0.114572
vt 0.100039 0.118492
vt 0.081031 0.232454
vt 0.106009 0.099482
vt 0.879138 0.331666
vt 0.088306 0.097405
vt 0.100973 0.097013
vt 0.097080 0.978479
vt 0.097553 0.992802
vt 0.090209 0.990994
vt 0.116338 0.957481
vt 0.125578 0.976604
vt 0.888018 0.665926
vt 0.052620 0.235832
vt 0.847797 0.975106
vt 0.123758 0.110258
vt 0.098809 0.939138
vt 0.095249 0.956879
vt 0.083459 0.221332
vt 0.137413 0.113871
vt 0.148782 0.116310
vt 0.873866 0.714157
vt 0.885348 0.728124
vt 0.883994 0.733654
vt 0.885797 0.704232
vt 0.867967 0.687535
vt 0.145280 0.122317
vt 0.565876 0.333096
vt 0.552368 0.308661
vt 0.059041 0.229209
vt 0.922702 0.964326
vt 0.668545 0.225006
vt 0.640345 0.220857
vt 0.655942 0.210889
vt 0.875814 0.978143
vt 0.125534 0.957322
vt 0.869387 0.728635
vt 0.857297 0.717324
vt 0.686051 0.216779
vt 0.892069 0.964118
vt 0.117861 0.096456
vt 0.144161 0.098015
vt 0.108709 0.100757
vt 0.132135 0.094939
vt 0.153688 0.104242
vt 0.829689 0.704208
vt 0.840782 0.713384
vt 0.134112 0.963691
vt 0.841945 0.691899
vt 0.841198 0.660594
vt 0.845300 0.647637
vt 0.820762 0.684591
vt 0.810890 0.694666
vt 0.831352 0.670795
vt 0.077552 0.214061
vt 0.060676 0.221335
vt 0.848501 0.680393
vt 0.677722 0.198493
vt 0.696239 0.194047
vt 0.648634 0.191764
vt 0.921522 0.970295
vt 0.897776 0.981050
vt 0.067281 0.206916
vt 0.551147 0.286784
vt 0.533948 0.295340
vt 0.680556 0.175504
s 1
usemtl Material
f 709/1/1 418/2/2 420/3/3
f 419/4/4 418/2/2 709/1/1
f 421/5/5 419/4/4 709/1/1
f 418/2/2 1/6/6 420/3/3
f 420/3/3 1/6/6 2/7/7
f 422/8/8 711/9/9 3/10/10
f 418/2/2 4/11/11 1/6/6
f 421/5/5 709/1/1 1056/12/12
f 711/9/9 922/13/13 3/10/10
f 421/14/5 923/15/14 419/16/4
f 419/4/4 4/11/11 418/2/2
f 421/5/5 1056/12/12 923/17/14
f 422/8/8 3/10/10 710/18/15
f 419/4/4 924/19/16 4/11/11
f 923/15/14 712/20/17 419/16/4
f 1056/12/12 3/21/10 922/22/13
f 1056/12/12 710/23/15 3/21/10
f 709/1/1 1057/24/18 1056/12/12
f 711/9/9 422/8/8 425/25/19
f 711/9/9 1174/26/20 922/13/13
f 420/27/3 1057/24/18 709/1/1
f 712/28/17 924/29/16 419/30/4
f 1/6/6 4/11/11 2/7/7
f 710/18/15 1057/31/18 1175/32/21
f 922/22/13 1240/33/22 1056/12/12
f 923/17/14 1056/12/12 5/34/23
f 925/35/24 1240/36/22 922/37/13
f 925/35/24 922/37/13 1174/38/20
f 710/18/15 1056/39/12 1057/31/18
f 5/34/23 1056/12/12 1240/33/22
f 11/40/25 2/7/7 4/11/11
f 712/20/17 923/15/14 423/41/26
f 425/42/19 422/43/8 432/44/27
f 713/45/28 5/34/23 1240/33/22
f 713/46/28 923/47/14 5/48/23
f 422/43/8 710/49/15 432/44/27
f 424/50/29 1175/32/21 1057/31/18
f 424/50/29 420/51/3 2/52/7
f 420/51/3 424/50/29 1057/31/18
f 6/53/30 711/9/9 425/25/19
f 925/35/24 17/54/31 1240/36/22
f 711/9/9 6/53/30 1174/55/20
f 1240/36/22 716/56/32 713/46/28
f 4/11/11 7/57/33 11/40/25
f 2/52/7 11/58/25 424/50/29
f 423/41/26 923/15/14 1176/59/34
f 423/60/26 924/29/16 712/28/17
f 10/61/35 926/62/36 432/44/27
f 17/54/31 716/56/32 1240/36/22
f 713/46/28 716/56/32 923/47/14
f 710/49/15 1175/63/21 10/61/35
f 432/44/27 710/49/15 10/61/35
f 11/64/25 431/65/37 424/66/29
f 925/35/24 1174/38/20 714/67/38
f 717/68/39 6/53/30 425/25/19
f 17/54/31 925/35/24 435/69/40
f 10/61/35 1175/63/21 431/65/37
f 431/65/37 1175/63/21 424/66/29
f 720/70/41 7/57/33 4/11/11
f 429/71/42 428/72/43 715/73/44
f 434/74/45 1174/55/20 6/53/30
f 715/73/44 428/72/43 9/75/46
f 430/76/47 428/72/43 429/71/42
f 430/76/47 429/71/42 12/77/48
f 32/78/49 11/79/25 7/80/33
f 928/81/50 428/82/43 430/83/47
f 719/84/51 426/85/52 427/86/53
f 426/87/52 433/88/54 8/89/55
f 434/90/45 931/91/56 1174/38/20
f 426/92/52 437/93/57 427/94/53
f 436/95/58 428/82/43 928/81/50
f 717/96/39 425/42/19 432/44/27
f 429/71/42 18/97/59 12/77/48
f 9/98/46 428/82/43 436/95/58
f 429/71/42 715/73/44 19/99/60
f 438/100/61 433/88/54 426/87/52
f 928/101/50 6/53/30 717/68/39
f 714/67/38 435/102/40 925/35/24
f 438/103/61 426/104/52 719/84/51
f 430/105/47 12/106/48 6/53/30
f 1132/107/62 423/108/26 1176/109/34
f 9/75/46 14/110/63 715/73/44
f 927/111/64 437/93/57 426/92/52
f 13/112/65 9/98/46 436/95/58
f 430/113/47 6/114/30 928/115/50
f 437/93/57 719/116/51 427/94/53
f 18/97/59 429/71/42 19/99/60
f 15/117/66 14/110/63 9/75/46
f 716/118/32 934/119/67 1176/109/34
f 936/120/68 8/89/55 433/88/54
f 8/89/55 21/121/69 426/87/52
f 12/106/48 434/74/45 6/53/30
f 444/122/70 432/44/27 926/62/36
f 15/123/66 9/98/46 13/112/65
f 927/111/64 23/124/71 437/93/57
f 423/108/26 1132/107/62 924/125/16
f 1176/126/34 923/47/14 716/56/32
f 14/127/63 16/128/72 929/129/73
f 714/130/38 1174/131/20 931/132/56
f 12/77/48 20/133/74 434/134/45
f 446/135/75 19/99/60 715/73/44
f 928/81/50 441/136/76 436/95/58
f 426/87/52 21/121/69 927/137/64
f 14/127/63 15/138/66 16/128/72
f 12/77/48 18/97/59 20/133/74
f 934/119/67 716/118/32 17/139/31
f 23/124/71 930/140/77 437/93/57
f 25/141/78 715/142/44 14/143/63
f 718/144/79 21/121/69 8/89/55
f 16/128/72 21/121/69 929/129/73
f 13/112/65 436/95/58 440/145/80
f 8/146/55 439/147/81 718/148/79
f 441/136/76 440/145/80 436/95/58
f 927/137/64 21/121/69 16/128/72
f 21/121/69 718/144/79 929/129/73
f 723/149/82 431/65/37 11/64/25
f 929/150/73 25/141/78 14/143/63
f 32/151/49 7/152/33 720/153/41
f 23/154/71 927/137/64 16/128/72
f 1131/155/83 926/62/36 10/61/35
f 928/115/50 717/156/39 441/157/76
f 1213/158/84 437/93/57 935/159/85
f 929/150/73 718/148/79 439/147/81
f 22/160/86 717/156/39 432/161/27
f 1213/158/84 719/116/51 437/93/57
f 435/162/40 442/163/87 17/139/31
f 432/161/27 444/164/70 22/160/86
f 1131/155/83 10/61/35 431/65/37
f 1058/165/88 16/166/72 15/123/66
f 930/167/77 23/168/71 16/166/72
f 433/88/54 727/169/89 936/120/68
f 440/145/80 1059/170/90 13/112/65
f 18/171/59 19/172/60 26/173/91
f 25/174/78 446/175/75 715/176/44
f 723/177/82 11/178/25 32/151/49
f 930/167/77 16/166/72 1058/165/88
f 717/179/39 22/180/86 441/136/76
f 15/123/66 721/181/92 1058/165/88
f 437/182/57 930/167/77 932/183/93
f 24/184/94 929/150/73 439/147/81
f 8/185/55 24/184/94 439/147/81
f 929/150/73 449/186/95 25/141/78
f 727/169/89 433/88/54 438/187/61
f 431/188/37 723/177/82 1131/189/83
f 443/190/96 24/184/94 8/185/55
f 1058/165/88 932/183/93 930/167/77
f 714/191/38 445/192/97 435/193/40
f 929/150/73 24/184/94 443/190/96
f 931/132/56 434/194/45 20/195/74
f 929/150/73 443/190/96 449/186/95
f 15/123/66 13/112/65 721/181/92
f 735/196/98 714/130/38 931/132/56
f 32/151/49 720/153/41 933/197/99
f 19/172/60 446/175/75 26/173/91
f 934/119/67 57/198/100 1176/109/34
f 13/199/65 1059/200/90 721/201/92
f 18/171/59 26/173/91 20/195/74
f 1058/165/88 27/202/101 932/183/93
f 435/193/40 445/192/97 442/203/87
f 441/136/76 22/180/86 39/204/102
f 934/119/67 17/139/31 28/205/103
f 1133/206/104 8/89/55 936/120/68
f 726/207/105 935/159/85 437/93/57
f 437/182/57 932/183/93 27/202/101
f 449/208/95 35/209/106 25/174/78
f 942/210/107 727/211/89 438/103/61
f 443/190/96 8/185/55 1133/212/104
f 449/186/95 443/190/96 1133/212/104
f 444/122/70 926/62/36 724/213/108
f 935/159/85 726/214/105 1061/215/109
f 35/209/106 446/175/75 25/174/78
f 34/216/110 931/132/56 20/195/74
f 28/205/103 17/139/31 442/163/87
f 34/216/110 20/195/74 26/173/91
f 719/217/51 722/218/111 438/219/61
f 30/220/112 437/182/57 27/202/101
f 727/221/89 37/222/113 936/223/68
f 449/208/95 1133/224/104 29/225/114
f 445/192/97 714/191/38 735/226/98
f 57/198/100 1132/107/62 1176/109/34
f 30/227/112 726/228/105 437/229/57
f 942/230/107 438/231/61 722/232/111
f 735/196/98 931/132/56 34/216/110
f 441/233/76 39/234/102 440/235/80
f 724/236/108 926/237/36 1131/189/83
f 934/119/67 28/205/103 57/198/100
f 26/173/91 446/175/75 1060/238/115
f 30/220/112 27/202/101 1058/165/88
f 32/151/49 933/197/99 725/239/116
f 29/225/114 1133/224/104 936/223/68
f 33/240/117 1058/241/88 721/201/92
f 719/217/51 447/242/118 722/218/111
f 22/160/86 444/164/70 77/243/119
f 30/227/112 1058/241/88 1135/244/120
f 22/160/86 77/243/119 937/245/121
f 26/173/91 1060/238/115 736/246/122
f 722/218/111 447/247/118 729/248/123
f 35/209/106 1060/249/115 446/175/75
f 1213/250/84 462/251/124 719/217/51
f 36/252/125 449/208/95 29/225/114
f 1135/244/120 726/228/105 30/227/112
f 938/253/126 1134/254/127 31/255/128
f 729/256/123 942/230/107 722/232/111
f 938/253/126 730/257/129 1134/258/127
f 39/234/102 22/259/86 937/260/121
f 32/151/49 725/239/116 723/177/82
f 445/192/97 735/226/98 480/261/130
f 440/235/80 465/262/131 1059/200/90
f 39/234/102 1215/263/132 440/235/80
f 448/264/133 941/265/134 447/266/118
f 31/267/128 1134/268/127 939/269/135
f 938/253/126 31/255/128 940/270/136
f 33/240/117 1135/244/120 1058/241/88
f 33/240/117 43/271/137 1135/244/120
f 723/177/82 953/272/138 47/273/139
f 29/225/114 936/223/68 36/252/125
f 1180/274/140 1131/189/83 723/177/82
f 1134/268/127 731/275/141 939/269/135
f 1180/274/140 723/177/82 47/273/139
f 447/276/118 719/277/51 52/278/142
f 719/277/51 462/279/124 52/278/142
f 447/280/118 941/281/134 729/282/123
f 728/283/143 1136/284/144 447/266/118
f 726/228/105 1135/244/120 43/271/137
f 938/253/126 940/270/136 943/285/145
f 724/236/108 1131/189/83 1069/286/146
f 736/246/122 56/287/147 26/173/91
f 447/288/118 1136/289/144 448/290/133
f 724/236/108 42/291/148 444/292/70
f 26/173/91 56/287/147 34/216/110
f 52/278/142 728/293/143 447/276/118
f 40/294/149 450/295/150 732/296/151
f 450/295/150 451/297/152 38/298/153
f 34/216/110 56/287/147 61/299/154
f 448/300/133 1136/301/144 1251/302/155
f 40/294/149 41/303/156 451/297/152
f 450/295/150 40/294/149 451/297/152
f 570/304/157 720/153/41 4/305/11
f 57/198/100 28/205/103 745/306/158
f 733/307/159 940/270/136 31/255/128
f 71/308/160 35/209/106 449/208/95
f 58/309/161 36/252/125 936/223/68
f 730/310/129 938/311/126 739/312/162
f 449/208/95 36/252/125 44/313/163
f 448/314/133 48/315/164 941/316/134
f 35/317/106 762/318/165 1060/319/115
f 732/320/151 457/321/166 452/322/167
f 725/239/116 953/272/138 723/177/82
f 735/196/98 34/216/110 61/299/154
f 457/323/166 732/296/151 450/295/150
f 939/269/135 731/275/141 456/324/168
f 451/297/152 41/303/156 460/325/169
f 51/326/170 40/327/149 732/328/151
f 448/329/133 1251/330/155 48/331/164
f 38/298/153 457/323/166 450/295/150
f 1061/215/109 1213/158/84 935/159/85
f 36/252/125 58/309/161 44/313/163
f 739/312/162 938/311/126 943/332/145
f 452/322/167 1214/333/171 732/320/151
f 570/304/157 4/305/11 924/334/16
f 38/298/153 1232/335/172 457/323/166
f 944/336/173 31/267/128 939/269/135
f 728/337/143 49/338/174 1136/289/144
f 731/275/141 1134/268/127 1179/339/175
f 1062/340/176 1067/341/177 452/322/167
f 453/342/178 38/343/153 451/344/152
f 1063/345/179 1251/346/155 1136/347/144
f 1183/348/180 1132/107/62 57/198/100
f 458/349/181 1214/333/171 452/322/167
f 1062/340/176 457/321/166 454/350/182
f 460/325/169 734/351/183 451/297/152
f 452/322/167 1067/341/177 458/349/181
f 940/352/136 739/353/162 943/354/145
f 52/278/142 49/355/174 728/293/143
f 457/321/166 1062/340/176 452/322/167
f 1067/341/177 1062/340/176 1241/356/184
f 51/326/170 66/357/185 40/327/149
f 945/358/186 1134/258/127 730/257/129
f 475/359/187 1213/158/84 1061/215/109
f 721/201/92 1059/200/90 455/360/188
f 43/271/137 946/361/189 726/228/105
f 733/362/159 31/267/128 944/336/173
f 45/363/190 1136/289/144 49/338/174
f 1068/364/191 453/365/178 451/366/152
f 37/367/113 727/368/89 463/369/192
f 731/275/141 1179/339/175 60/370/193
f 42/291/148 724/236/108 1069/286/146
f 33/240/117 721/201/92 455/360/188
f 730/257/129 739/371/162 945/358/186
f 734/372/183 460/373/169 53/374/194
f 69/375/195 1062/340/176 454/350/182
f 463/376/192 727/211/89 942/210/107
f 1064/377/196 457/321/166 1232/378/172
f 457/321/166 1064/377/196 459/379/197
f 461/380/198 1136/301/144 45/381/190
f 465/262/131 440/235/80 1215/263/132
f 1136/347/144 947/382/199 1063/383/179
f 946/361/189 43/271/137 33/240/117
f 449/384/95 44/385/163 58/386/161
f 1134/258/127 945/358/186 948/387/200
f 454/350/182 457/321/166 459/379/197
f 462/388/124 1213/389/84 475/390/187
f 65/391/201 739/353/162 940/352/136
f 37/392/113 1177/393/202 936/394/68
f 38/395/153 453/342/178 740/396/203
f 941/397/134 48/398/164 80/399/204
f 462/388/124 475/390/187 1248/400/205
f 69/375/195 1241/356/184 1062/340/176
f 1179/401/175 1134/258/127 948/387/200
f 49/355/174 52/278/142 462/279/124
f 1183/402/180 218/403/206 1132/107/62
f 73/404/207 725/239/116 933/197/99
f 1137/405/208 442/203/87 445/192/97
f 1232/406/172 38/395/153 740/396/203
f 39/234/102 937/260/121 1215/263/132
f 1177/407/202 58/408/161 936/409/68
f 64/410/209 460/411/169 41/412/156
f 733/413/159 65/414/201 940/415/136
f 51/416/170 732/417/151 1214/418/171
f 456/324/168 731/275/141 60/370/193
f 41/412/156 66/419/185 64/410/209
f 1131/189/83 1180/274/140 1069/286/146
f 1074/420/210 33/240/117 455/360/188
f 1178/421/211 451/297/152 734/351/183
f 444/292/70 42/291/148 737/422/212
f 1065/423/213 59/424/214 50/425/215
f 54/426/216 69/375/195 454/350/182
f 1181/427/217 1059/200/90 465/262/131
f 1066/428/218 45/429/190 49/430/174
f 1063/431/179 947/432/199 65/433/201
f 71/434/160 762/435/165 35/436/106
f 63/437/219 740/396/203 743/438/220
f 1071/439/221 1068/364/191 451/366/152
f 1064/377/196 55/440/222 459/379/197
f 59/424/214 54/426/216 50/425/215
f 191/441/223 1180/274/140 47/273/139
f 459/379/197 738/442/224 454/350/182
f 456/324/168 944/336/173 939/269/135
f 738/442/224 459/379/197 55/440/222
f 1071/439/221 451/366/152 1178/443/211
f 738/442/224 54/426/216 454/350/182
f 742/444/225 945/445/186 739/312/162
f 50/425/215 54/426/216 738/442/224
f 1251/446/155 1063/447/179 733/448/159
f 467/449/226 1067/341/177 1241/356/184
f 460/373/169 64/450/209 53/374/194
f 1132/107/62 218/403/206 924/125/16
f 59/424/214 69/375/195 54/426/216
f 41/451/156 40/327/149 66/357/185
f 738/442/224 55/440/222 50/425/215
f 471/452/227 48/453/164 1251/454/155
f 64/410/209 66/419/185 947/455/199
f 480/456/130 735/457/98 61/458/154
f 71/459/160 449/384/95 58/386/161
f 55/440/222 1064/377/196 62/460/228
f 466/461/229 59/424/214 1065/423/213
f 49/355/174 462/462/124 746/463/230
f 729/256/123 492/464/231 942/230/107
f 62/460/228 50/425/215 55/440/222
f 736/465/122 68/466/232 56/467/147
f 50/425/215 62/460/228 1065/423/213
f 464/468/233 51/416/170 1214/418/171
f 1066/469/218 461/470/198 45/471/190
f 1232/406/172 63/437/219 1064/472/196
f 51/416/170 464/468/233 739/312/162
f 749/473/234 740/396/203 453/342/178
f 78/474/235 463/376/192 942/210/107
f 444/164/70 737/475/212 77/243/119
f 461/476/198 947/382/199 1136/347/144
f 1137/477/208 28/205/103 442/478/87
f 726/228/105 946/361/189 1243/479/236
f 1066/480/218 49/355/174 746/463/230
f 751/481/237 1241/356/184 69/375/195
f 941/281/134 83/482/238 729/282/123
f 739/353/162 65/391/201 51/326/170
f 739/312/162 464/468/233 742/444/225
f 63/437/219 1232/406/172 740/396/203
f 740/396/203 749/473/234 743/438/220
f 53/374/194 741/483/239 734/372/183
f 1233/484/240 1214/485/171 458/486/181
f 1067/487/177 1233/484/240 458/486/181
f 736/465/122 1060/488/115 68/466/232
f 60/370/193 1179/339/175 147/489/241
f 1214/418/171 1233/490/240 464/468/233
f 59/424/214 466/461/229 744/491/242
f 1065/423/213 1070/492/243 466/461/229
f 1066/469/218 468/493/244 461/470/198
f 720/153/41 570/304/157 933/197/99
f 953/272/138 191/441/223 47/273/139
f 471/452/227 1251/454/155 490/494/245
f 1071/439/221 476/495/246 1068/364/191
f 70/496/247 948/497/200 945/498/186
f 741/483/239 88/499/248 1178/500/211
f 64/501/209 947/502/199 461/503/198
f 66/504/185 65/505/201 947/506/199
f 453/365/178 1068/364/191 72/507/249
f 461/508/198 468/509/244 64/510/209
f 745/511/158 28/512/103 813/513/250
f 65/391/201 66/357/185 51/326/170
f 1065/423/213 62/460/228 1070/492/243
f 1063/514/179 65/505/201 733/515/159
f 69/375/195 59/424/214 744/491/242
f 77/516/119 1216/517/251 937/260/121
f 68/466/232 982/518/252 56/467/147
f 746/463/230 462/462/124 1248/519/205
f 746/463/230 82/520/253 1066/480/218
f 69/375/195 744/491/242 472/521/254
f 476/495/246 67/522/255 1068/364/191
f 752/523/256 944/336/173 456/324/168
f 71/434/160 58/408/161 1177/407/202
f 742/444/225 464/468/233 474/524/257
f 1242/525/258 62/526/228 1064/472/196
f 734/372/183 741/483/239 1178/527/211
f 1251/528/155 494/529/259 490/530/245
f 924/334/16 921/531/260 570/304/157
f 749/473/234 453/342/178 72/532/249
f 67/522/255 72/507/249 1068/364/191
f 742/533/225 70/534/247 945/498/186
f 473/535/261 1183/536/180 57/537/100
f 946/361/189 33/240/117 1074/420/210
f 733/515/159 944/538/173 752/539/256
f 955/540/262 1241/541/184 751/542/237
f 64/450/209 468/493/244 53/374/194
f 1242/525/258 1064/472/196 63/437/219
f 1070/543/243 62/526/228 1242/525/258
f 474/544/257 70/545/247 742/546/225
f 743/438/220 753/547/263 469/548/264
f 1074/420/210 1243/479/236 946/361/189
f 753/547/263 743/438/220 749/473/234
f 80/399/204 83/549/238 941/397/134
f 42/291/148 1069/286/146 89/550/265
f 751/481/237 69/375/195 472/521/254
f 813/513/250 28/512/103 1137/551/208
f 63/437/219 743/438/220 469/548/264
f 468/493/244 1066/469/218 1138/552/266
f 61/458/154 544/553/267 480/554/130
f 73/404/207 953/272/138 725/239/116
f 1241/541/184 955/540/262 467/555/226
f 741/483/239 53/374/194 468/493/244
f 1138/552/266 741/483/239 468/493/244
f 469/548/264 753/547/263 951/556/268
f 1215/263/132 937/260/121 1216/517/251
f 528/557/269 1067/487/177 467/555/226
f 1182/558/270 456/324/168 60/370/193
f 1066/559/218 82/560/253 1138/561/266
f 79/562/271 76/563/272 93/564/273
f 733/565/159 752/566/256 1251/567/155
f 1071/439/221 1178/443/211 774/568/274
f 70/496/247 754/569/275 948/497/200
f 466/461/229 747/570/276 744/491/242
f 1138/552/266 88/499/248 741/483/239
f 79/571/271 93/572/273 74/573/277
f 57/574/100 745/511/158 473/535/261
f 471/575/227 80/576/204 48/577/164
f 750/578/278 470/579/279 75/580/280
f 63/437/219 469/548/264 949/581/281
f 1233/582/240 1067/583/177 1146/584/282
f 1177/585/202 37/586/113 517/587/283
f 469/588/264 84/589/284 949/590/281
f 76/591/272 1234/592/285 93/593/273
f 1178/443/211 88/594/248 774/568/274
f 750/595/278 1145/596/286 470/597/279
f 464/598/233 1233/599/240 474/600/257
f 455/601/188 1059/602/90 1181/603/217
f 472/521/254 744/491/242 747/570/276
f 465/604/131 1215/605/132 521/606/287
f 470/607/279 1145/608/286 1072/609/288
f 492/610/231 729/282/123 83/482/238
f 129/611/289 1137/405/208 445/192/97
f 46/612/290 1244/613/291 1061/614/109
f 748/615/292 481/616/293 750/578/278
f 472/521/254 747/570/276 85/617/294
f 1077/618/295 63/437/219 949/581/281
f 1179/619/175 948/497/200 754/569/275
f 755/620/296 93/593/273 1234/592/285
f 749/473/234 81/621/297 753/547/263
f 749/473/234 72/622/249 81/621/297
f 750/578/278 75/580/280 755/620/296
f 79/562/271 482/623/298 1073/624/299
f 85/617/294 751/481/237 472/521/254
f 46/625/290 726/228/105 1243/479/236
f 1061/614/109 726/626/105 46/612/290
f 1070/627/243 747/628/276 466/629/229
f 147/489/241 1182/558/270 60/370/193
f 79/562/271 1073/624/299 76/563/272
f 748/615/292 750/578/278 755/620/296
f 1234/592/285 748/615/292 755/620/296
f 754/630/275 147/489/241 1179/339/175
f 67/631/255 81/632/297 72/633/249
f 70/545/247 474/634/257 754/635/275
f 951/636/268 1073/637/299 469/638/264
f 1072/609/288 766/639/300 470/607/279
f 1242/640/258 63/641/219 94/642/301
f 1145/596/286 86/643/302 1072/644/288
f 1233/599/240 1184/645/303 1080/646/304
f 754/647/275 474/648/257 1080/646/304
f 1234/592/285 481/616/293 748/615/292
f 75/649/280 146/650/305 1079/651/306
f 469/638/264 1073/637/299 84/652/284
f 492/653/231 83/654/238 775/655/307
f 1073/656/299 1234/657/285 76/563/272
f 1060/319/115 762/318/165 789/658/308
f 1233/599/240 1080/646/304 474/600/257
f 1177/585/202 762/318/165 71/659/160
f 85/617/294 747/570/276 486/660/309
f 470/661/279 950/662/310 75/663/280
f 950/662/310 146/664/305 75/663/280
f 479/665/311 477/666/312 763/667/313
f 63/641/219 1077/668/295 94/642/301
f 83/669/238 80/670/204 142/671/314
f 956/672/315 774/568/274 88/594/248
f 517/673/283 37/674/113 463/675/192
f 1234/676/285 1073/637/299 951/636/268
f 481/677/293 1234/676/285 951/636/268
f 75/649/280 952/678/316 755/679/296
f 75/649/280 1079/651/306 952/678/316
f 1242/640/258 94/642/301 1070/627/243
f 83/669/238 142/671/314 962/680/317
f 956/672/315 88/594/248 1138/561/266
f 1070/627/243 486/681/309 747/628/276
f 752/682/256 494/683/259 1251/446/155
f 951/636/268 753/684/263 481/677/293
f 483/685/318 477/666/312 479/665/311
f 482/623/298 79/562/271 489/686/319
f 478/687/320 757/688/321 87/689/322
f 753/684/263 81/690/297 481/677/293
f 1215/605/132 1216/691/251 521/606/287
f 531/692/323 67/631/255 476/693/246
f 756/694/324 478/687/320 758/695/325
f 921/696/260 924/29/16 218/697/206
f 470/607/279 766/639/300 950/698/310
f 478/687/320 87/689/322 758/695/325
f 478/687/320 756/694/324 757/688/321
f 98/699/326 477/666/312 483/685/318
f 1137/405/208 129/611/289 150/700/327
f 81/690/297 958/701/328 481/677/293
f 85/702/294 94/642/301 965/703/329
f 84/704/284 1073/705/299 482/706/298
f 477/707/312 98/708/326 485/709/330
f 480/261/130 129/611/289 445/192/97
f 89/550/265 1069/286/146 1180/274/140
f 96/710/331 92/711/332 1075/712/333
f 1146/584/282 1184/713/303 1233/582/240
f 1248/714/205 82/715/253 746/463/230
f 100/716/334 96/717/331 1075/718/333
f 85/702/294 965/703/329 751/719/237
f 96/710/331 112/720/335 92/711/332
f 479/665/311 763/667/313 964/721/336
f 456/722/168 787/723/337 503/724/338
f 961/725/339 752/726/256 503/727/338
f 1061/614/109 980/728/340 475/729/187
f 768/730/341 87/689/322 757/688/321
f 78/731/235 942/230/107 492/464/231
f 1071/732/221 137/733/342 476/693/246
f 1072/609/288 529/734/343 766/639/300
f 94/642/301 85/702/294 486/681/309
f 488/735/344 1072/736/288 86/643/302
f 486/681/309 1070/627/243 94/642/301
f 529/737/343 1072/736/288 488/735/344
f 93/572/273 1237/738/345 74/573/277
f 477/707/312 487/739/346 763/740/313
f 100/716/334 1075/718/333 491/741/347
f 61/458/154 56/467/147 982/518/252
f 752/726/256 456/742/168 503/727/338
f 499/743/348 105/744/349 760/745/350
f 756/694/324 128/746/351 757/688/321
f 95/747/352 113/748/353 497/749/354
f 756/694/324 758/695/325 101/750/355
f 755/751/296 107/752/356 93/753/273
f 483/754/318 119/755/357 98/756/326
f 521/606/287 1181/603/217 465/604/131
f 80/576/204 471/575/227 767/757/358
f 74/573/277 1237/738/345 131/758/359
f 1083/759/360 139/760/361 499/743/348
f 760/745/350 109/761/362 1083/759/360
f 80/670/204 767/762/358 142/671/314
f 221/763/363 68/466/232 1060/488/115
f 498/764/364 1077/618/295 949/581/281
f 91/765/365 491/766/347 493/767/366
f 1146/584/282 95/768/352 1184/713/303
f 121/769/367 750/770/278 481/677/293
f 544/553/267 61/458/154 982/518/252
f 1137/551/208 150/771/327 813/513/250
f 952/772/316 793/773/368 784/774/369
f 1074/775/210 106/776/370 1243/777/236
f 90/778/371 104/779/372 102/780/373
f 87/689/322 127/781/374 758/695/325
f 1146/782/282 113/748/353 95/747/352
f 92/783/332 1078/784/375 1075/718/333
f 91/785/365 100/716/334 491/741/347
f 456/722/168 1182/786/270 787/723/337
f 965/787/329 955/788/262 751/789/237
f 784/790/369 107/752/356 755/751/296
f 94/642/301 1077/668/295 965/703/329
f 775/655/307 83/654/238 138/791/376
f 73/404/207 933/197/99 570/304/157
f 471/575/227 1078/792/375 767/757/358
f 1181/793/217 795/794/377 455/795/188
f 757/796/321 1081/797/378 768/798/341
f 471/575/227 118/799/379 1078/792/375
f 67/631/255 958/800/328 81/632/297
f 105/744/349 1187/801/380 760/745/350
f 119/755/357 483/754/318 963/802/381
f 84/589/284 498/803/364 949/590/281
f 79/804/271 74/573/277 131/758/359
f 90/778/371 1081/805/378 104/779/372
f 498/806/364 84/704/284 974/807/382
f 1216/691/251 77/808/119 737/809/212
f 471/575/227 122/810/383 118/799/379
f 494/811/259 1140/812/384 490/813/245
f 1067/487/177 528/557/269 1146/814/282
f 98/756/326 119/755/357 97/815/385
f 495/816/386 91/785/365 493/817/366
f 121/769/367 481/677/293 958/701/328
f 1060/319/115 789/658/308 221/818/363
f 485/709/330 487/739/346 477/707/312
f 1141/819/387 91/785/365 495/816/386
f 118/799/379 491/766/347 1075/820/333
f 99/821/388 109/761/362 759/822/389
f 127/781/374 769/823/390 758/695/325
f 121/769/367 1145/824/286 750/770/278
f 83/654/238 505/825/391 138/791/376
f 783/826/392 137/827/342 82/828/253
f 1076/829/393 770/830/394 484/831/395
f 759/822/389 496/832/396 99/821/388
f 1083/759/360 499/743/348 760/745/350
f 463/369/192 964/721/336 517/833/283
f 142/671/314 757/796/321 128/834/351
f 91/785/365 1236/835/397 100/716/334
f 1243/777/236 106/776/370 46/612/290
f 1188/836/398 1076/829/393 484/831/395
f 774/568/274 956/672/315 1138/561/266
f 96/717/331 100/716/334 1236/835/397
f 128/746/351 756/694/324 101/837/355
f 768/838/341 1081/805/378 90/778/371
f 483/754/318 479/839/311 963/802/381
f 760/745/350 505/840/391 109/761/362
f 479/839/311 78/841/235 963/802/381
f 116/842/399 496/832/396 759/822/389
f 952/772/316 784/774/369 755/843/296
f 482/623/298 489/686/319 959/844/400
f 479/665/311 155/845/401 78/846/235
f 964/721/336 957/847/402 517/833/283
f 1138/848/266 82/828/253 137/827/342
f 954/849/403 519/850/404 975/851/405
f 161/852/406 78/841/235 492/853/231
f 1078/784/375 118/854/379 1075/718/333
f 968/855/407 954/849/403 502/856/408
f 1248/857/205 814/858/409 82/828/253
f 463/369/192 78/859/235 155/845/401
f 490/860/245 111/861/410 501/862/411
f 473/535/261 218/863/206 1183/536/180
f 107/864/356 1237/738/345 93/572/273
f 489/686/319 79/562/271 131/865/359
f 974/866/382 84/867/284 482/623/298
f 102/868/373 767/869/358 1249/870/412
f 499/743/348 139/760/361 788/871/413
f 1080/646/304 1184/645/303 117/872/414
f 95/873/352 497/874/354 507/875/415
f 98/876/326 97/815/385 114/877/416
f 494/878/259 752/566/256 136/879/417
f 771/880/418 504/881/419 761/882/420
f 1236/835/397 91/785/365 1141/819/387
f 119/755/357 124/883/421 97/815/385
f 142/671/314 1081/797/378 757/796/321
f 1086/884/422 90/885/371 102/886/373
f 479/665/311 964/721/336 463/369/192
f 1140/887/384 502/856/408 954/849/403
f 479/665/311 463/369/192 155/845/401
f 42/291/148 211/888/423 737/422/212
f 505/825/391 83/654/238 962/889/317
f 123/890/424 87/689/322 768/730/341
f 752/891/256 508/892/425 136/893/417
f 780/894/426 1237/738/345 107/864/356
f 502/895/408 1140/896/384 772/897/427
f 754/898/275 969/899/428 147/900/241
f 1139/901/429 102/868/373 1249/870/412
f 765/902/430 120/903/431 764/904/432
f 99/821/388 1083/759/360 109/761/362
f 1085/905/433 959/844/400 489/686/319
f 122/906/383 493/907/366 491/908/347
f 1184/645/303 95/873/352 117/872/414
f 774/909/274 137/733/342 1071/732/221
f 145/910/434 767/757/358 1078/792/375
f 104/779/372 767/911/358 102/780/373
f 138/791/376 505/825/391 125/912/435
f 763/740/313 513/913/436 957/914/402
f 771/880/418 154/915/437 504/881/419
f 970/916/438 490/917/245 1235/918/439
f 761/882/420 1084/919/440 771/880/418
f 109/920/362 962/921/317 759/922/389
f 126/923/441 1236/835/397 1141/819/387
f 501/924/411 1235/925/439 490/926/245
f 519/850/404 954/849/403 537/927/442
f 970/928/438 471/929/227 490/930/245
f 112/720/335 158/931/443 92/711/332
f 90/885/371 1086/884/422 157/932/444
f 488/735/344 86/643/302 201/933/445
f 1076/829/393 1188/836/398 141/934/446
f 496/935/396 116/936/399 779/937/447
f 765/902/430 764/904/432 143/938/448
f 491/766/347 118/799/379 122/810/383
f 134/939/449 112/720/335 96/710/331
f 144/940/450 1082/941/451 511/942/452
f 1145/596/286 792/943/453 86/643/302
f 1248/400/205 980/944/340 103/945/454
f 961/725/339 508/946/425 752/726/256
f 500/947/455 484/948/395 770/949/394
f 480/261/130 829/950/456 129/611/289
f 754/951/275 1080/952/304 969/953/428
f 778/954/457 485/955/330 98/956/326
f 102/957/373 1139/958/429 1086/959/422
f 142/671/314 786/960/458 962/680/317
f 501/862/411 111/861/410 108/961/459
f 108/961/459 111/861/410 1147/962/460
f 959/844/400 172/963/461 482/623/298
f 1082/941/451 108/964/459 511/942/452
f 1082/941/451 500/947/455 770/949/394
f 122/906/383 471/965/227 970/966/438
f 962/921/317 109/920/362 505/967/391
f 136/968/417 771/880/418 494/969/259
f 126/970/441 96/710/331 1236/971/397
f 116/936/399 759/922/389 786/972/458
f 961/725/339 506/973/462 1185/974/463
f 971/975/464 95/873/352 507/875/415
f 1082/941/451 770/949/394 108/964/459
f 959/844/400 1085/905/433 960/976/465
f 1140/812/384 130/977/466 490/813/245
f 770/949/394 970/978/438 1235/925/439
f 142/671/314 767/762/358 1142/979/467
f 134/980/449 96/710/331 126/970/441
f 130/977/466 111/981/410 490/813/245
f 123/890/424 768/730/341 90/885/371
f 115/982/468 780/983/426 107/752/356
f 169/984/469 1187/985/380 105/986/349
f 770/987/394 1076/829/393 970/988/438
f 776/989/470 493/907/366 122/906/383
f 149/990/471 511/942/452 108/964/459
f 1140/896/384 494/969/259 518/991/472
f 759/922/389 962/921/317 786/972/458
f 1248/857/205 509/992/473 814/858/409
f 494/969/259 771/880/418 1084/919/440
f 531/692/323 958/800/328 67/631/255
f 133/993/474 97/815/385 124/883/421
f 971/975/464 1080/646/304 117/872/414
f 517/994/283 513/913/436 785/995/475
f 513/913/436 517/994/283 957/914/402
f 120/996/431 765/997/430 138/998/376
f 496/832/396 1089/999/476 99/821/388
f 798/1000/477 1177/585/202 517/1001/283
f 135/1002/478 495/1003/386 493/1004/366
f 507/875/415 497/874/354 515/1005/479
f 97/815/385 133/993/474 114/877/416
f 127/781/374 123/890/424 973/1006/480
f 99/821/388 139/760/361 1083/759/360
f 965/703/329 1077/668/295 498/1007/364
f 770/949/394 1235/925/439 501/1008/411
f 501/1009/411 108/964/459 770/949/394
f 158/1010/443 112/1011/335 134/1012/449
f 959/844/400 960/976/465 115/1013/468
f 775/1014/307 138/998/376 765/997/430
f 1085/905/433 489/686/319 131/865/359
f 771/880/418 781/1015/481 154/915/437
f 166/1016/482 497/749/354 113/748/353
f 506/973/462 176/1017/483 1185/1018/463
f 125/912/435 505/825/391 760/1019/350
f 1144/1020/484 86/643/302 792/943/453
f 1249/870/412 777/1021/485 1139/901/429
f 957/847/402 964/721/336 763/667/313
f 514/1022/486 134/980/449 126/970/441
f 160/1023/487 761/882/420 504/881/419
f 157/932/444 173/1024/488 90/885/371
f 142/671/314 1142/979/467 1081/797/378
f 772/897/427 1140/896/384 518/991/472
f 1140/812/384 954/849/403 975/851/405
f 125/912/435 760/1019/350 1187/1025/380
f 980/728/340 1061/614/109 1244/613/291
f 1218/1026/489 1237/738/345 780/894/426
f 1186/1027/490 531/692/323 476/693/246
f 484/831/395 500/1028/455 510/1029/491
f 133/993/474 764/1030/432 140/1031/492
f 1081/805/378 1142/1032/467 104/779/372
f 499/1033/348 788/1034/413 105/986/349
f 494/969/259 1084/919/440 518/991/472
f 136/893/417 966/1035/493 1143/1036/494
f 1147/1037/460 111/981/410 130/977/466
f 156/1038/495 529/1039/343 488/1040/344
f 980/944/340 1248/400/205 475/390/187
f 133/993/474 132/1041/496 143/1042/448
f 120/1043/431 140/1031/492 764/1030/432
f 108/1044/459 1147/1045/460 149/1046/471
f 1189/1047/497 1139/901/429 777/1021/485
f 101/1048/355 758/1049/325 769/1050/390
f 218/863/206 473/535/261 251/1051/498
f 92/783/332 773/1052/499 1078/784/375
f 127/781/374 87/689/322 123/890/424
f 115/982/468 107/752/356 967/1053/500
f 104/779/372 1142/1032/467 767/911/358
f 506/973/462 961/725/339 503/727/338
f 95/873/352 971/975/464 117/872/414
f 1082/1054/451 510/1029/491 500/1028/455
f 506/973/462 523/1055/501 176/1017/483
f 169/984/469 120/996/431 138/998/376
f 970/988/438 1076/829/393 776/1056/470
f 173/1024/488 973/1006/480 90/885/371
f 143/1042/448 764/1030/432 133/993/474
f 549/1057/502 487/739/346 485/709/330
f 968/1058/407 502/895/408 772/897/427
f 113/748/353 528/1059/269 166/1016/482
f 1082/1054/451 144/1060/450 510/1029/491
f 498/1061/364 974/1062/382 796/1063/503
f 961/725/339 1185/974/463 512/1064/504
f 965/1065/329 498/803/364 796/1066/503
f 960/1067/465 780/894/426 115/1068/468
f 787/1069/337 1182/1070/270 527/1071/505
f 972/1072/506 504/881/419 154/915/437
f 963/802/381 78/841/235 161/852/406
f 974/866/382 482/623/298 172/963/461
f 133/993/474 124/883/421 132/1041/496
f 128/746/351 101/837/355 110/1073/507
f 970/966/438 776/989/470 122/906/383
f 1249/1074/412 767/757/358 145/910/434
f 977/1075/508 1084/919/440 761/882/420
f 765/902/430 143/938/448 526/1076/509
f 971/975/464 507/875/415 969/1077/428
f 1078/784/375 773/1052/499 145/1078/434
f 966/1035/493 136/893/417 508/892/425
f 512/1064/504 1185/974/463 1087/1079/510
f 784/774/369 793/773/368 1088/1080/511
f 1141/1081/387 495/1082/386 148/1083/512
f 128/1084/351 779/937/447 116/936/399
f 763/740/313 785/995/475 513/913/436
f 487/739/346 785/995/475 763/740/313
f 512/1064/504 508/946/425 961/725/339
f 90/885/371 973/1006/480 123/890/424
f 776/989/470 165/1085/513 493/907/366
f 141/934/446 1188/836/398 196/1086/514
f 158/1087/443 183/1088/515 92/1089/332
f 497/749/354 166/1016/482 515/1090/479
f 82/828/253 814/858/409 783/826/392
f 147/1091/241 516/1092/516 527/1093/505
f 127/1094/374 797/1095/517 769/1050/390
f 1138/1096/266 177/1097/518 774/909/274
f 145/1078/434 773/1052/499 1249/1098/412
f 773/1052/499 92/783/332 777/1099/485
f 176/1100/483 553/1101/519 1185/1102/463
f 98/956/326 114/1103/416 778/954/457
f 524/1104/520 114/877/416 133/993/474
f 162/1105/521 492/1106/231 775/1107/307
f 165/1108/513 135/1002/478 493/1004/366
f 1182/1109/270 147/1110/241 527/1111/505
f 125/912/435 1187/1025/380 138/791/376
f 136/879/417 781/1112/481 771/1113/418
f 772/897/427 198/1114/522 968/1115/407
f 201/933/445 86/643/302 1144/1020/484
f 124/883/421 143/1042/448 132/1041/496
f 1217/1116/523 159/1117/524 782/1118/525
f 135/1002/478 525/1119/526 495/1003/386
f 161/852/406 119/755/357 963/802/381
f 176/1017/483 523/1055/501 794/1120/527
f 136/893/417 1143/1036/494 520/1121/528
f 156/1122/495 488/735/344 201/933/445
f 124/883/421 119/755/357 492/853/231
f 975/851/405 130/977/466 1140/812/384
f 1146/1123/282 528/1124/269 113/1125/353
f 774/909/274 177/1097/518 137/733/342
f 516/1092/516 147/1126/241 969/1127/428
f 169/1128/469 138/791/376 1187/1025/380
f 168/1129/529 140/1130/492 120/903/431
f 1147/1037/460 130/977/466 975/851/405
f 455/1131/188 106/776/370 1074/775/210
f 959/1132/400 115/982/468 172/1133/461
f 165/1134/513 1076/829/393 978/1135/530
f 779/1136/447 1191/1137/531 496/832/396
f 484/831/395 510/1029/491 1188/836/398
f 514/1022/486 1141/1138/387 802/1139/532
f 977/1075/508 518/991/472 1084/919/440
f 514/1022/486 126/970/441 1141/1138/387
f 781/1112/481 136/879/417 520/1140/528
f 128/746/351 786/1141/458 142/1142/314
f 765/902/430 526/1076/509 775/1143/307
f 784/790/369 967/1053/500 107/752/356
f 813/513/250 473/535/261 745/511/158
f 780/894/426 960/1067/465 1218/1026/489
f 153/1144/533 982/518/252 68/466/232
f 1079/1145/306 793/773/368 952/772/316
f 992/1146/534 1079/1145/306 146/1147/305
f 152/1148/535 950/698/310 766/639/300
f 92/1149/332 542/1150/536 1189/1047/497
f 537/1151/442 954/1152/403 545/1153/537
f 124/1154/421 162/1155/521 143/938/448
f 162/1155/521 775/1143/307 526/1076/509
f 173/1024/488 790/1156/538 973/1006/480
f 148/1083/512 495/1082/386 525/1157/526
f 807/1158/539 782/1118/525 159/1117/524
f 522/1159/540 520/1121/528 1143/1036/494
f 1177/585/202 789/658/308 762/318/165
f 165/1134/513 776/1056/470 1076/829/393
f 1080/646/304 971/975/464 969/1077/428
f 777/1160/485 1249/1098/412 773/1052/499
f 154/1161/437 781/1162/481 520/1121/528
f 804/1163/541 519/850/404 537/927/442
f 180/1164/542 510/1029/491 144/1060/450
f 116/1165/399 786/1141/458 128/746/351
f 1145/596/286 812/1166/543 792/943/453
f 516/1092/516 969/1127/428 507/1167/415
f 538/1168/544 966/1035/493 1087/1169/510
f 119/755/357 161/852/406 492/853/231
f 788/1034/413 139/1170/361 179/1171/545
f 1139/958/429 542/1172/536 1086/1173/422
f 973/1006/480 790/1156/538 127/781/374
f 168/1129/529 120/903/431 791/1174/546
f 152/1148/535 766/639/300 529/1175/343
f 120/903/431 169/1176/469 791/1174/546
f 1139/1177/429 1189/1178/497 542/1179/536
f 1143/1036/494 966/1035/493 538/1168/544
f 506/973/462 503/727/338 523/1055/501
f 512/1180/504 1087/1169/510 508/892/425
f 549/1057/502 485/709/330 778/1181/457
f 984/1182/547 545/1183/537 954/849/403
f 772/897/427 518/991/472 977/1075/508
f 779/1184/447 128/746/351 110/1073/507
f 523/1055/501 163/1185/548 794/1120/527
f 530/1186/549 198/1114/522 772/897/427
f 164/1187/550 1089/1188/476 496/1189/396
f 152/1148/535 529/1175/343 809/1190/551
f 154/915/437 520/1191/528 522/1192/540
f 134/1012/449 514/1193/486 802/1194/532
f 133/993/474 140/1031/492 524/1104/520
f 508/892/425 1087/1169/510 966/1035/493
f 1085/1195/433 1218/1026/489 960/1067/465
f 515/1005/479 543/1196/552 507/875/415
f 139/1197/361 99/1198/388 179/1199/545
f 798/1200/477 487/1201/346 549/1202/502
f 162/1203/521 124/1204/421 492/1205/231
f 105/1206/349 791/1174/546 169/1176/469
f 154/915/437 522/1192/540 976/1207/553
f 1141/1081/387 148/1083/512 170/1208/554
f 790/1209/538 799/1210/555 127/1094/374
f 522/1192/540 1143/1211/494 976/1207/553
f 787/1212/337 1217/1213/523 782/1214/525
f 163/1185/548 782/1118/525 794/1120/527
f 984/1182/547 954/849/403 968/855/407
f 812/1166/543 1145/596/286 121/1215/367
f 183/1216/515 205/1217/556 541/1218/557
f 544/1219/267 829/950/456 480/261/130
f 159/1220/524 1217/1213/523 534/1221/558
f 144/940/450 511/942/452 195/1222/559
f 1141/1081/387 170/1208/554 802/1194/532
f 1149/1223/560 467/1224/226 955/788/262
f 110/1225/507 101/1226/355 171/1227/561
f 965/1228/329 796/1229/503 1149/1230/560
f 1189/1047/497 777/1021/485 92/1149/332
f 105/1206/349 988/1231/562 791/1174/546
f 516/1092/516 507/1167/415 543/1232/552
f 542/1233/536 92/1234/332 183/1235/515
f 531/692/323 812/1236/543 958/800/328
f 510/1029/491 180/1164/542 1188/836/398
f 798/1237/477 785/995/475 487/739/346
f 135/1238/478 165/1134/513 978/1135/530
f 978/1135/530 1076/829/393 141/1239/446
f 179/1171/545 99/1240/388 983/1241/563
f 532/1242/564 157/932/444 1086/884/422
f 1195/1243/565 530/1186/549 761/882/420
f 135/1002/478 978/1244/530 525/1245/526
f 526/1076/509 143/938/448 162/1155/521
f 761/882/420 530/1186/549 977/1075/508
f 541/1218/557 542/1179/536 183/1246/515
f 782/1118/525 163/1185/548 523/1055/501
f 195/1222/559 511/942/452 804/1247/541
f 1087/1169/510 1185/1102/463 151/1248/566
f 106/776/370 455/1131/188 795/1249/377
f 114/1103/416 182/1250/567 995/1251/568
f 524/1252/520 182/1250/567 114/1103/416
f 146/650/305 950/1253/310 811/1254/569
f 967/1053/500 784/790/369 1088/1255/511
f 154/915/437 976/1207/553 972/1072/506
f 503/727/338 787/1256/337 523/1055/501
f 1091/1257/570 515/1005/479 166/1258/482
f 200/1259/571 793/773/368 1079/1145/306
f 785/1260/475 798/1200/477 517/1261/283
f 787/1256/337 782/1118/525 523/1055/501
f 1148/1262/572 534/1221/558 1217/1213/523
f 538/1263/544 174/1264/573 1143/1211/494
f 553/1101/519 151/1248/566 1185/1102/463
f 42/291/148 89/550/265 211/888/423
f 114/1265/416 995/1266/568 189/1267/574
f 114/1265/416 189/1267/574 778/1181/457
f 779/937/447 110/1225/507 171/1227/561
f 101/1048/355 769/1050/390 797/1095/517
f 1218/1026/489 1085/1195/433 131/758/359
f 141/1268/446 196/1269/514 197/1270/575
f 167/1271/576 534/1221/558 1148/1262/572
f 804/1247/541 511/942/452 149/990/471
f 137/733/342 177/1097/518 1138/1096/266
f 167/1271/576 801/1272/577 979/1273/578
f 975/851/405 181/1274/579 1147/1037/460
f 171/1227/561 101/1226/355 1092/1275/580
f 967/1053/500 172/1133/461 115/982/468
f 530/1186/549 772/897/427 977/1075/508
f 1219/1276/581 1217/1277/523 787/1069/337
f 807/1158/539 794/1120/527 782/1118/525
f 164/1187/550 496/1189/396 1191/1278/531
f 106/776/370 1250/1279/582 46/612/290
f 1090/1280/583 524/1252/520 140/1281/492
f 532/1242/564 1086/884/422 1193/1282/584
f 1248/400/205 103/945/454 509/1283/473
f 527/1093/505 516/1092/516 543/1232/552
f 979/1273/578 534/1221/558 167/1271/576
f 533/1284/585 1091/1285/570 166/1286/482
f 812/1166/543 121/1215/367 958/1287/328
f 515/1005/479 1091/1257/570 543/1196/552
f 174/1264/573 548/1288/586 1143/1211/494
f 183/1289/515 158/1290/443 547/1291/587
f 193/1292/588 519/1293/404 804/1294/541
f 166/1286/482 178/1295/589 533/1284/585
f 1090/1280/583 140/1281/492 536/1296/590
f 1237/738/345 1218/1026/489 131/758/359
f 976/1207/553 1143/1211/494 548/1288/586
f 160/1023/487 972/1072/506 808/1297/591
f 1092/1275/580 779/937/447 171/1227/561
f 1181/603/217 521/606/287 327/1298/592
f 543/1196/552 1091/1257/570 1190/1299/593
f 1087/1169/510 986/1300/594 538/1168/544
f 181/1274/579 975/851/405 519/850/404
f 540/1301/595 178/1295/589 166/1286/482
f 540/1301/595 166/1286/482 528/1124/269
f 168/1302/529 536/1303/590 140/1304/492
f 504/881/419 972/1072/506 160/1023/487
f 953/272/138 185/1305/596 191/441/223
f 159/1117/524 534/1306/558 175/1307/597
f 1090/1280/583 182/1250/567 524/1252/520
f 1147/1037/460 181/1274/579 193/1308/588
f 993/1309/598 528/557/269 467/555/226
f 548/1288/586 972/1072/506 976/1207/553
f 981/1310/599 540/1301/595 528/1124/269
f 527/1071/505 1219/1276/581 787/1069/337
f 190/1311/600 101/1048/355 1252/1312/601
f 1216/691/251 737/809/212 563/1313/602
f 534/1306/558 979/1314/578 175/1307/597
f 1217/1213/523 1219/1315/581 1148/1262/572
f 148/1316/512 525/1317/526 197/1318/575
f 547/1291/587 158/1290/443 134/1319/449
f 105/1206/349 788/1320/413 188/1321/603
f 761/882/420 160/1023/487 808/1297/591
f 968/1322/407 198/1323/522 984/1324/547
f 811/1325/569 992/1146/534 146/1147/305
f 1193/1326/584 1086/1327/422 542/1328/536
f 176/1017/483 794/1120/527 1192/1329/604
f 1087/1169/510 151/1248/566 986/1300/594
f 1089/1330/476 983/1331/563 99/1332/388
f 549/1057/502 778/1181/457 189/1267/574
f 794/1120/527 807/1158/539 1192/1329/604
f 535/1333/605 187/1334/606 800/1335/607
f 800/1336/607 801/1272/577 167/1271/576
f 806/1337/608 1091/1257/570 533/1338/585
f 1079/1145/306 992/1146/534 200/1259/571
f 529/1039/343 156/1038/495 232/1339/609
f 178/1295/589 806/1340/608 533/1284/585
f 1191/1278/531 803/1341/610 164/1187/550
f 806/1342/608 186/1343/611 1091/1257/570
f 101/1344/355 190/1345/600 1092/1346/580
f 529/1039/343 232/1339/609 809/1347/551
f 761/882/420 808/1297/591 1195/1243/565
f 525/1317/526 199/1348/612 197/1318/575
f 799/1349/555 790/1156/538 173/1024/488
f 535/1333/605 539/1350/613 187/1334/606
f 1188/836/398 180/1164/542 207/1351/614
f 180/1164/542 144/1060/450 195/1352/559
f 1219/1353/581 527/1354/505 1194/1355/615
f 974/1356/382 223/1357/616 796/1063/503
f 543/1358/552 1194/1355/615 527/1354/505
f 193/1308/588 149/1359/471 1147/1037/460
f 531/692/323 1186/1027/490 228/1360/617
f 535/1333/605 546/1361/618 539/1350/613
f 1219/1315/581 167/1271/576 1148/1262/572
f 186/1343/611 987/1362/619 1091/1257/570
f 801/1272/577 800/1336/607 1093/1363/620
f 184/1364/621 1190/1299/593 1091/1257/570
f 819/1365/622 89/550/265 1180/274/140
f 173/1024/488 157/932/444 532/1242/564
f 152/1366/535 809/1347/551 219/1367/623
f 134/1012/449 802/1194/532 192/1368/624
f 799/1210/555 797/1095/517 127/1094/374
f 1089/1330/476 164/1369/550 983/1331/563
f 184/1364/621 1091/1257/570 987/1362/619
f 783/826/392 1186/1370/490 137/827/342
f 546/1371/618 535/1333/605 1194/1355/615
f 184/1364/621 543/1196/552 1190/1299/593
f 1219/1353/581 800/1335/607 167/1372/576
f 779/1373/447 190/1311/600 1191/1374/531
f 152/1366/535 811/1325/569 950/1375/310
f 199/1376/612 978/1135/530 141/1239/446
f 150/771/327 330/1377/625 813/513/250
f 1250/1279/582 106/776/370 795/1249/377
f 194/1378/626 788/1379/413 179/1380/545
f 175/1307/597 209/1381/627 159/1117/524
f 153/1144/533 1111/1382/628 982/518/252
f 525/1383/526 978/1135/530 199/1376/612
f 543/1232/552 184/1384/621 805/1385/629
f 800/1335/607 1219/1353/581 535/1333/605
f 178/1295/589 540/1301/595 981/1310/599
f 151/1248/566 553/1101/519 986/1300/594
f 1219/1353/581 1194/1355/615 535/1333/605
f 979/1314/578 209/1381/627 175/1307/597
f 1195/1386/565 198/1323/522 530/1387/549
f 545/1153/537 556/1388/630 537/1151/442
f 181/1274/579 519/850/404 193/1308/588
f 199/1389/612 141/1268/446 197/1270/575
f 988/1231/562 203/1390/631 791/1174/546
f 153/1144/533 68/466/232 221/763/363
f 223/1391/616 974/1392/382 172/1133/461
f 183/1289/515 994/1393/632 205/1394/556
f 536/1303/590 168/1395/529 985/1396/633
f 1090/1280/583 995/1251/568 182/1250/567
f 990/1397/634 802/1194/532 170/1208/554
f 190/1311/600 779/1373/447 1092/1398/580
f 542/1179/536 541/1218/557 994/1399/632
f 1093/1400/620 800/1401/607 187/1402/606
f 149/1403/471 193/1292/588 804/1294/541
f 955/1404/262 965/1228/329 1149/1230/560
f 801/1272/577 554/1405/635 979/1273/578
f 194/1406/626 188/1321/603 788/1320/413
f 574/1407/636 191/441/223 185/1305/596
f 148/1408/512 197/1270/575 550/1409/637
f 981/1310/599 528/1124/269 993/1410/598
f 801/1272/577 1093/1363/620 554/1405/635
f 799/1210/555 202/1411/638 797/1095/517
f 168/1129/529 791/1174/546 203/1390/631
f 208/1412/639 808/1297/591 972/1072/506
f 810/1413/640 536/1296/590 985/1414/633
f 994/1393/632 1193/1326/584 542/1328/536
f 993/1415/598 467/1416/226 1149/1417/560
f 567/1418/641 176/1017/483 1192/1329/604
f 1090/1280/583 536/1296/590 810/1413/640
f 188/1321/603 988/1231/562 105/1206/349
f 555/1419/642 232/1339/609 156/1038/495
f 537/1151/442 556/1388/630 804/1294/541
f 1252/1420/601 1191/1374/531 190/1311/600
f 1244/613/291 46/612/290 1250/1279/582
f 987/1362/619 805/1421/629 184/1364/621
f 552/1422/643 186/1423/611 806/1340/608
f 802/1194/532 990/1424/634 192/1368/624
f 521/606/287 563/1313/602 327/1298/592
f 980/728/340 1244/613/291 991/1425/644
f 168/1395/529 988/1426/562 985/1396/633
f 101/1427/355 797/1428/517 206/1429/645
f 967/1053/500 551/1430/646 172/1133/461
f 538/1168/544 1094/1431/647 174/1432/573
f 101/1048/355 206/1433/645 1252/1312/601
f 551/1430/646 1088/1255/511 210/1434/648
f 179/1380/545 983/1331/563 194/1378/626
f 203/1390/631 988/1435/562 168/1129/529
f 1191/1436/531 1252/1437/601 803/1438/610
f 476/693/246 137/733/342 1186/1027/490
f 987/1439/619 186/1423/611 552/1422/643
f 543/1232/552 546/1440/618 1194/1441/615
f 538/1168/544 986/1300/594 1095/1442/649
f 207/1443/614 196/1269/514 1188/1444/398
f 1192/1329/604 807/1158/539 557/1445/650
f 805/1385/629 546/1440/618 543/1232/552
f 983/1331/563 164/1369/550 803/1446/610
f 808/1447/591 204/1448/651 1195/1386/565
f 205/1217/556 994/1399/632 541/1218/557
f 796/1063/503 223/1357/616 217/1449/652
f 180/1164/542 195/1352/559 207/1351/614
f 178/1295/589 981/1310/599 993/1410/598
f 330/1377/625 473/535/261 813/513/250
f 798/1000/477 1115/1450/653 1177/585/202
f 1252/1437/601 206/1429/645 803/1438/610
f 552/1422/643 806/1340/608 220/1451/654
f 995/1266/568 1090/1452/583 810/1453/640
f 223/1391/616 172/1133/461 551/1430/646
f 197/1454/575 196/1455/514 550/1456/637
f 174/1264/573 1094/1457/647 1150/1458/655
f 799/1349/555 173/1024/488 532/1242/564
f 236/1459/656 150/700/327 129/611/289
f 544/1219/267 982/1460/252 270/1461/657
f 991/1462/644 586/1463/658 980/1464/340
f 183/1289/515 547/1291/587 994/1393/632
f 192/1465/624 547/1291/587 134/1319/449
f 558/1466/659 1093/1400/620 187/1402/606
f 972/1072/506 548/1288/586 1150/1458/655
f 807/1158/539 159/1117/524 209/1381/627
f 204/1448/651 198/1323/522 1195/1386/565
f 984/1467/547 556/1388/630 545/1153/537
f 196/1455/514 207/1468/614 1197/1469/660
f 803/1446/610 561/1470/661 983/1331/563
f 201/1471/445 555/1419/642 156/1038/495
f 210/1434/648 1088/1255/511 837/1472/662
f 551/1430/646 967/1053/500 1088/1255/511
f 812/1236/543 531/692/323 998/1473/663
f 170/1474/554 823/1475/664 990/1476/634
f 207/1351/614 195/1352/559 269/1477/665
f 1149/1478/560 796/1063/503 217/1449/652
f 327/1298/592 817/1479/666 1181/603/217
f 148/1480/512 550/1456/637 569/1481/667
f 993/1415/598 1149/1417/560 220/1482/654
f 797/1483/517 202/1484/638 206/1485/645
f 220/1451/654 178/1295/589 993/1410/598
f 995/1266/568 602/1486/668 189/1267/574
f 811/1325/569 152/1366/535 219/1367/623
f 1150/1458/655 548/1288/586 174/1264/573
f 1095/1442/649 986/1300/594 553/1101/519
f 220/1451/654 806/1340/608 178/1295/589
f 550/1456/637 196/1455/514 1197/1469/660
f 1111/1487/628 270/1461/657 982/1460/252
f 799/1210/555 562/1488/669 202/1411/638
f 195/1489/559 804/1490/541 580/1491/670
f 987/1362/619 552/1492/643 816/1493/671
f 805/1385/629 1220/1494/672 546/1440/618
f 1150/1458/655 208/1412/639 972/1072/506
f 1151/1495/673 558/1496/659 187/1334/606
f 1216/691/251 563/1313/602 521/606/287
f 561/1470/661 194/1378/626 983/1331/563
f 532/1497/564 562/1498/669 799/1499/555
f 1088/1080/511 793/773/368 837/1500/662
f 532/1501/564 1193/1502/584 1199/1503/674
f 148/1504/512 823/1475/664 170/1474/554
f 1094/1431/647 538/1168/544 1095/1442/649
f 539/1350/613 1151/1495/673 187/1334/606
f 1115/1450/653 559/1505/675 1177/585/202
f 805/1421/629 987/1362/619 816/1493/671
f 985/1414/633 226/1506/676 810/1413/640
f 567/1507/641 1192/1508/604 557/1509/650
f 204/1448/651 808/1447/591 208/1510/639
f 998/1511/663 792/943/453 812/1166/543
f 220/1451/654 212/1512/677 552/1422/643
f 215/1513/678 539/1514/613 546/1440/618
f 1093/1400/620 558/1466/659 554/1515/635
f 546/1440/618 1220/1494/672 215/1513/678
f 559/1505/675 789/658/308 1177/585/202
f 1162/1516/679 1244/613/291 1250/1279/582
f 991/1425/644 1244/613/291 1162/1516/679
f 201/1471/445 1144/1517/484 252/1518/680
f 1199/1503/674 1193/1502/584 994/1519/632
f 547/1291/587 214/1520/681 560/1521/682
f 557/1445/650 807/1158/539 209/1381/627
f 539/1350/613 215/1522/678 1151/1495/673
f 560/1521/682 994/1393/632 547/1291/587
f 1250/1523/582 795/794/377 230/1524/683
f 561/1525/661 803/1526/610 213/1527/684
f 815/1528/685 804/1490/541 556/1529/630
f 816/1493/671 552/1492/643 1196/1530/686
f 1096/1531/687 553/1101/519 176/1100/483
f 226/1506/676 216/1532/688 810/1413/640
f 980/944/340 586/1533/658 103/945/454
f 581/1534/689 793/773/368 200/1259/571
f 556/1535/630 996/1536/690 815/1537/685
f 805/1421/629 816/1493/671 1220/1538/672
f 209/1381/627 979/1314/578 585/1539/691
f 554/1540/635 585/1541/691 979/1542/578
f 552/1422/643 212/1512/677 1196/1543/686
f 989/1544/692 473/535/261 330/1377/625
f 985/1396/633 988/1426/562 226/1545/676
f 561/1470/661 231/1546/693 194/1378/626
f 206/1485/645 213/1527/684 803/1526/610
f 252/1518/680 555/1419/642 201/1471/445
f 269/1547/665 195/1548/559 580/1549/670
f 575/1550/694 1144/1517/484 792/1551/453
f 212/1552/677 220/1553/654 997/1554/695
f 1095/1555/649 851/1556/696 1094/1557/647
f 191/441/223 574/1407/636 1180/274/140
f 89/550/265 819/1365/622 211/888/423
f 792/943/453 998/1511/663 575/1558/694
f 228/1559/617 1186/1560/490 858/1561/697
f 823/1475/664 148/1504/512 569/1562/667
f 553/1563/519 1096/1564/687 1095/1555/649
f 1096/1531/687 176/1100/483 567/1565/641
f 1152/1566/698 816/1567/671 1196/1568/686
f 580/1569/670 804/1570/541 815/1571/685
f 550/1456/637 1197/1469/660 569/1481/667
f 1220/1572/672 816/1573/671 1152/1574/698
f 194/1575/626 231/1576/693 818/1577/699
f 984/1324/547 198/1323/522 204/1448/651
f 817/1578/666 880/1579/700 1181/793/217
f 549/1580/502 189/1581/574 602/1582/668
f 827/1583/701 984/1324/547 204/1448/651
f 1095/1555/649 1096/1564/687 235/1584/702
f 880/1579/700 795/794/377 1181/793/217
f 814/1585/409 509/1586/473 824/1587/703
f 566/1588/704 1186/1560/490 783/1589/392
f 212/1552/677 997/1554/695 1196/1590/686
f 562/1591/669 579/1592/705 202/1593/638
f 574/1407/636 819/1365/622 1180/274/140
f 646/1594/706 789/1595/308 559/1596/675
f 562/1597/669 532/1598/564 595/1599/707
f 815/1537/685 996/1536/690 1002/1600/708
f 206/1485/645 202/1484/638 999/1601/709
f 1000/1602/710 215/1603/678 1220/1604/672
f 995/1266/568 810/1453/640 225/1605/711
f 1150/1458/655 564/1606/712 208/1412/639
f 994/1519/632 560/1607/682 1199/1503/674
f 185/1608/596 953/1609/138 73/1610/207
f 602/1582/668 995/1611/568 225/1612/711
f 227/1613/713 988/1614/562 188/1615/603
f 618/1616/714 1149/1617/560 217/1618/652
f 1151/1619/673 215/1603/678 241/1620/715
f 829/950/456 610/1621/716 129/611/289
f 989/1544/692 251/1051/498 473/535/261
f 216/1622/688 225/1605/711 810/1453/640
f 188/1623/603 194/1575/626 818/1577/699
f 1196/1568/686 838/1624/717 1152/1566/698
f 988/1614/562 227/1613/713 222/1625/718
f 1154/1626/719 192/1627/624 990/1476/634
f 281/1628/720 207/1468/614 257/1629/721
f 1013/1630/722 854/1631/723 557/1632/650
f 999/1601/709 202/1484/638 579/1633/705
f 827/1583/701 592/1634/724 984/1324/547
f 281/1628/720 1197/1469/660 207/1468/614
f 566/1588/704 858/1561/697 1186/1560/490
f 1095/1555/649 235/1584/702 851/1556/696
f 549/1202/502 602/1635/668 244/1636/725
f 241/1620/715 215/1603/678 1000/1602/710
f 223/1637/616 1018/1638/726 262/1639/727
f 1220/1604/672 1152/1574/698 1000/1602/710
f 1013/1630/722 557/1632/650 209/1640/627
f 569/1481/667 1197/1469/660 281/1628/720
f 222/1625/718 226/1641/676 988/1614/562
f 556/1642/630 984/1643/547 594/1644/728
f 554/1540/635 558/1645/659 825/1646/729
f 814/1585/409 1201/1647/730 783/1589/392
f 219/1367/623 809/1347/551 232/1339/609
f 531/1648/323 228/1559/617 998/1649/663
f 573/1650/731 997/1554/695 220/1553/654
f 825/1651/729 1151/1619/673 241/1620/715
f 211/1652/423 336/1653/732 737/809/212
f 824/1654/703 509/1655/473 103/945/454
f 213/1527/684 206/1485/645 587/1656/733
f 837/1500/662 793/773/368 259/1657/734
f 556/1642/630 594/1644/728 996/1536/690
f 188/1623/603 818/1577/699 227/1658/713
f 547/1291/587 192/1465/624 571/1659/735
f 532/1501/564 1199/1503/674 595/1660/707
f 257/1661/721 207/1662/614 269/1547/665
f 1151/1619/673 825/1651/729 558/1663/659
f 837/1472/662 551/1430/646 210/1434/648
f 551/1430/646 837/1472/662 820/1664/736
f 825/1646/729 821/1665/737 554/1540/635
f 216/1532/688 226/1506/676 590/1666/738
f 129/1667/289 610/1668/716 236/1669/656
f 838/1670/717 1196/1590/686 997/1554/695
f 1152/1566/698 838/1624/717 1221/1671/739
f 1001/1672/740 585/1541/691 554/1540/635
f 573/1650/731 220/1553/654 828/1673/741
f 214/1520/681 547/1291/587 571/1659/735
f 560/1521/682 237/1674/742 572/1675/743
f 225/1612/711 830/1676/744 602/1582/668
f 566/1588/704 783/1589/392 1201/1647/730
f 208/1510/639 827/1583/701 204/1448/651
f 211/1652/423 565/1677/745 336/1653/732
f 270/1678/657 829/1679/456 544/1680/267
f 646/1594/706 221/1681/363 789/1595/308
f 222/1625/718 568/1682/746 226/1641/676
f 999/1601/709 1198/1683/747 582/1684/748
f 1222/1685/749 1198/1683/747 999/1601/709
f 1150/1686/655 1094/1687/647 851/1688/696
f 589/1689/750 561/1525/661 213/1527/684
f 811/1325/569 843/1690/751 992/1146/534
f 237/1674/742 560/1521/682 214/1520/681
f 587/1656/733 206/1485/645 999/1601/709
f 243/1691/752 231/1576/693 561/1692/661
f 192/1627/624 1154/1626/719 224/1693/753
f 582/1694/748 1198/1695/747 1222/1696/749
f 822/1697/754 1000/1602/710 1152/1574/698
f 1001/1672/740 554/1540/635 821/1665/737
f 185/1608/596 73/1610/207 242/1698/755
f 150/1699/327 662/1700/756 330/1701/625
f 798/1200/477 1015/1702/757 1115/1703/653
f 1222/1685/749 999/1601/709 878/1704/758
f 569/1481/667 271/1705/759 823/1706/664
f 992/1146/534 318/1707/760 200/1259/571
f 220/1708/654 1149/1709/560 828/1710/741
f 585/1711/691 233/1712/761 209/1640/627
f 815/1571/685 1002/1713/708 580/1569/670
f 1000/1602/710 822/1714/754 241/1620/715
f 646/1594/706 652/1715/762 221/1681/363
f 271/1705/759 569/1481/667 826/1716/763
f 573/1650/731 838/1670/717 997/1554/695
f 878/1704/758 999/1601/709 579/1633/705
f 249/1717/764 563/1313/602 737/809/212
f 577/1718/765 226/1719/676 568/1720/746
f 1096/1564/687 567/1721/641 239/1722/766
f 811/1325/569 219/1367/623 601/1723/767
f 1004/1724/768 818/1577/699 231/1576/693
f 236/1669/656 662/1700/756 150/1699/327
f 824/1587/703 1201/1647/730 814/1585/409
f 223/1637/616 262/1639/727 217/1725/652
f 242/1698/755 73/1610/207 570/1726/157
f 237/1674/742 214/1520/681 571/1659/735
f 826/1727/763 569/1728/667 839/1729/769
f 208/1730/639 564/1731/712 229/1732/770
f 587/1656/733 999/1601/709 582/1684/748
f 1201/1647/730 834/1733/771 566/1588/704
f 562/1597/669 595/1599/707 253/1734/772
f 1152/1735/698 234/1736/773 822/1737/754
f 251/1051/498 835/1738/774 218/863/206
f 252/1518/680 1144/1517/484 575/1739/694
f 219/1367/623 232/1339/609 630/1740/775
f 223/1637/616 240/1741/776 1018/1638/726
f 990/1476/634 823/1475/664 1238/1742/777
f 851/1688/696 591/1743/778 1150/1686/655
f 569/1728/667 281/1744/720 839/1729/769
f 229/1745/770 827/1746/701 208/1747/639
f 561/1692/661 589/1748/750 243/1691/752
f 222/1749/718 577/1718/765 568/1720/746
f 1199/1503/674 560/1607/682 1153/1750/779
f 557/1751/650 239/1752/766 567/1753/641
f 209/1640/627 233/1712/761 1013/1630/722
f 103/945/454 586/1533/658 824/1654/703
f 826/1727/763 576/1754/780 593/1755/781
f 836/1756/782 822/1737/754 234/1736/773
f 243/1691/752 1004/1724/768 231/1576/693
f 549/1202/502 244/1636/725 1015/1702/757
f 1221/1757/739 234/1736/773 1152/1735/698
f 549/1202/502 1015/1702/757 798/1200/477
f 259/1657/734 793/773/368 581/1534/689
f 277/1758/783 1002/1713/708 578/1759/784
f 573/1650/731 828/1673/741 833/1760/785
f 584/1761/786 1150/1686/655 591/1743/778
f 1222/1696/749 832/1762/787 582/1694/748
f 572/1675/743 1153/1763/779 560/1764/682
f 571/1765/735 192/1627/624 224/1693/753
f 1149/1766/560 833/1760/785 828/1673/741
f 564/1731/712 1150/1686/655 584/1761/786
f 833/1760/785 1200/1767/788 573/1650/731
f 241/1620/715 831/1768/789 825/1651/729
f 821/1665/737 598/1769/790 1001/1672/740
f 821/1770/737 825/1651/729 831/1768/789
f 238/1771/791 572/1675/743 237/1674/742
f 588/1772/792 836/1756/782 247/1773/793
f 583/1774/794 593/1775/781 576/1776/780
f 318/1707/760 992/1146/534 843/1690/751
f 223/1777/616 551/1778/646 240/1741/776
f 593/1755/781 271/1779/759 826/1727/763
f 1221/1671/739 1003/1780/795 234/1781/773
f 1221/1671/739 838/1624/717 597/1782/796
f 839/1729/769 576/1754/780 826/1727/763
f 1115/1783/653 646/1594/706 559/1596/675
f 318/1707/760 581/1534/689 200/1259/571
f 820/1784/736 240/1741/776 551/1778/646
f 580/1569/670 1002/1713/708 277/1758/783
f 572/1785/743 238/1786/791 1153/1787/779
f 596/1788/797 609/1789/798 827/1746/701
f 235/1584/702 1096/1564/687 245/1790/799
f 265/1791/800 234/1792/773 1003/1780/795
f 257/1661/721 294/1793/801 281/1794/720
f 291/1795/802 1098/1796/803 578/1797/784
f 588/1798/792 821/1665/737 836/1799/782
f 609/1800/798 592/1801/724 827/1802/701
f 836/1803/782 831/1768/789 822/1714/754
f 1221/1671/739 597/1782/796 1003/1780/795
f 213/1804/684 587/1805/733 589/1806/750
f 260/1807/804 833/1760/785 1149/1766/560
f 1154/1626/719 990/1476/634 1238/1742/777
f 590/1808/738 258/1809/805 216/1810/688
f 241/1620/715 822/1714/754 831/1768/789
f 821/1665/737 588/1798/792 598/1769/790
f 592/1801/724 594/1811/728 984/1812/547
f 1003/1780/795 597/1782/796 265/1791/800
f 1099/1813/806 588/1798/792 247/1814/793
f 600/1815/807 269/1816/665 580/1569/670
f 265/1817/800 836/1756/782 234/1736/773
f 246/1818/808 838/1670/717 573/1650/731
f 858/1561/697 566/1588/704 834/1733/771
f 573/1650/731 1200/1767/788 246/1818/808
f 603/1819/809 577/1718/765 222/1749/718
f 240/1741/776 1105/1820/810 1018/1638/726
f 217/1821/652 262/1822/727 618/1823/714
f 577/1718/765 1202/1824/811 226/1719/676
f 838/1624/717 246/1825/808 597/1782/796
f 1098/1796/803 255/1826/812 1101/1827/813
f 1002/1828/708 291/1795/802 578/1797/784
f 557/1751/650 854/1829/723 604/1830/814
f 853/1831/815 587/1805/733 582/1832/748
f 831/1768/789 836/1803/782 821/1770/737
f 1202/1824/811 577/1718/765 254/1833/816
f 598/1769/790 585/1834/691 1001/1672/740
f 225/1835/711 216/1810/688 1155/1836/817
f 233/1712/761 585/1711/691 1007/1837/818
f 588/1798/792 1099/1813/806 267/1838/819
f 588/1798/792 611/1839/820 1007/1840/818
f 853/1831/815 582/1832/748 832/1841/787
f 230/1842/683 1162/1516/679 1250/1279/582
f 227/1658/713 603/1819/809 222/1749/718
f 577/1718/765 603/1819/809 254/1833/816
f 590/1843/738 226/1641/676 1202/1844/811
f 277/1845/783 578/1797/784 1101/1827/813
f 853/1831/815 832/1841/787 1005/1846/821
f 562/1498/669 248/1847/822 579/1848/705
f 243/1691/752 589/1748/750 1008/1849/823
f 833/1760/785 250/1850/824 1200/1767/788
f 216/1810/688 258/1809/805 1155/1836/817
f 818/1577/699 608/1851/825 227/1658/713
f 598/1769/790 1007/1840/818 585/1834/691
f 578/1797/784 1098/1796/803 1101/1827/813
f 294/1793/801 257/1661/721 1014/1852/826
f 832/1853/787 878/1854/758 1005/1855/821
f 244/1856/725 602/1857/668 310/1858/827
f 737/809/212 336/1653/732 249/1717/764
f 555/1419/642 634/1859/828 232/1339/609
f 630/1740/775 232/1339/609 634/1859/828
f 850/1860/829 593/1861/781 583/1862/794
f 586/1533/658 893/1863/830 824/1654/703
f 830/1864/744 225/1835/711 1155/1836/817
f 833/1760/785 260/1807/804 250/1850/824
f 1200/1767/788 250/1850/824 246/1818/808
f 258/1865/805 590/1843/738 1202/1844/811
f 306/1866/831 245/1790/799 1096/1564/687
f 588/1798/792 1007/1840/818 598/1769/790
f 224/1693/753 1154/1626/719 848/1867/832
f 267/1838/819 1099/1813/806 247/1814/793
f 583/1774/794 1006/1868/833 850/1869/829
f 628/1870/834 609/1789/798 596/1788/797
f 564/1731/712 584/1761/786 631/1871/835
f 257/1661/721 269/1547/665 1156/1872/836
f 288/1873/837 1149/1617/560 618/1616/714
f 595/1599/707 275/1874/838 253/1734/772
f 1004/1724/768 243/1691/752 1008/1849/823
f 588/1798/792 267/1838/819 611/1839/820
f 239/1752/766 557/1751/650 604/1830/814
f 245/1790/799 851/1556/696 235/1584/702
f 846/1875/839 575/1876/694 998/1877/663
f 845/1878/840 1153/1879/779 238/1880/791
f 1007/1837/818 1013/1630/722 233/1712/761
f 998/1877/663 632/1881/841 1030/1882/842
f 229/1745/770 596/1788/797 827/1746/701
f 599/1883/843 615/1884/844 267/1885/819
f 1199/1503/674 1153/1750/779 616/1886/845
f 795/794/377 308/1887/846 230/1524/683
f 839/1888/769 583/1774/794 576/1776/780
f 631/1871/835 584/1761/786 1100/1889/847
f 596/1788/797 842/1890/848 628/1870/834
f 1008/1849/823 623/1891/849 1004/1724/768
f 587/1805/733 853/1831/815 624/1892/850
f 306/1866/831 1010/1893/851 245/1790/799
f 591/1743/778 1100/1889/847 584/1761/786
f 274/1894/852 599/1883/843 267/1885/819
f 609/1800/798 594/1811/728 592/1801/724
f 1007/1840/818 611/1839/820 1013/1895/722
f 258/1809/805 263/1896/853 1155/1836/817
f 247/1897/793 836/1898/782 266/1899/854
f 300/1900/855 579/1901/705 248/1902/822
f 836/1898/782 265/1903/800 266/1899/854
f 832/1853/787 1222/1904/749 878/1854/758
f 597/1905/796 246/1818/808 250/1850/824
f 153/1906/533 840/1907/856 1111/1908/628
f 261/1909/857 852/1910/858 1009/1911/859
f 1154/1626/719 284/1912/860 848/1867/832
f 238/1913/791 237/1914/742 841/1915/861
f 608/1851/825 603/1819/809 227/1658/713
f 862/1916/862 599/1883/843 274/1894/852
f 600/1815/807 580/1569/670 277/1758/783
f 998/1877/663 1030/1882/842 331/1917/863
f 623/1891/849 818/1577/699 1004/1724/768
f 840/1907/856 153/1906/533 221/1918/363
f 632/1919/841 228/1559/617 876/1920/864
f 291/1795/802 255/1826/812 1098/1796/803
f 632/1919/841 998/1649/663 228/1559/617
f 604/1830/814 615/1884/844 599/1883/843
f 616/1886/845 595/1660/707 1199/1503/674
f 248/1921/822 253/1734/772 275/1874/838
f 250/1850/824 857/1922/865 597/1905/796
f 1005/1846/821 1205/1923/866 853/1831/815
f 1005/1924/821 844/1925/867 1205/1926/866
f 837/1927/662 619/1928/868 820/1784/736
f 575/1876/694 1114/1929/869 252/1930/680
f 845/1878/840 841/1931/861 847/1932/870
f 845/1878/840 238/1880/791 841/1931/861
f 271/1933/759 1238/1742/777 823/1475/664
f 842/1890/848 596/1788/797 311/1934/871
f 583/1774/794 866/1935/872 1006/1868/833
f 263/1936/853 314/1937/873 272/1938/874
f 263/1936/853 258/1865/805 314/1937/873
f 593/1755/781 296/1939/875 271/1779/759
f 267/1838/819 615/1940/844 611/1839/820
f 1101/1827/813 255/1826/812 286/1941/876
f 256/1942/877 285/1943/878 264/1944/879
f 1107/1945/880 1015/1946/757 244/1856/725
f 263/1896/853 830/1864/744 1155/1836/817
f 893/1863/830 347/1947/881 824/1654/703
f 285/1948/878 256/1949/877 1245/1950/882
f 606/1951/883 842/1890/848 612/1952/884
f 1021/1953/885 851/1556/696 245/1790/799
f 878/1854/758 579/1901/705 300/1900/855
f 254/1833/816 603/1819/809 1102/1954/886
f 623/1891/849 622/1955/887 818/1577/699
f 256/1942/877 633/1956/888 1223/1957/889
f 630/1958/775 601/1959/767 219/1960/623
f 1100/1889/847 268/1961/890 631/1871/835
f 253/1734/772 248/1921/822 562/1962/669
f 1015/1946/757 1107/1945/880 276/1963/891
f 839/1888/769 866/1935/872 583/1774/794
f 633/1956/888 256/1942/877 264/1944/879
f 615/1884/844 604/1830/814 854/1829/723
f 247/1964/793 872/1965/892 1012/1966/893
f 273/1967/894 1159/1968/895 289/1969/896
f 268/1970/890 1204/1971/897 607/1972/898
f 1245/1950/882 617/1973/899 285/1948/878
f 247/1897/793 266/1899/854 872/1965/892
f 1005/1924/821 645/1974/900 844/1925/867
f 260/1975/804 1149/1709/560 1097/1976/901
f 1021/1953/885 245/1790/799 1010/1893/851
f 602/1977/668 830/1978/744 871/1979/902
f 604/1830/814 862/1916/862 239/1752/766
f 605/1980/903 313/1981/904 1205/1982/866
f 277/1758/783 1101/1983/813 297/1984/905
f 1153/1879/779 845/1878/840 847/1932/870
f 1012/1985/893 873/1986/906 267/1838/819
f 1012/1985/893 267/1838/819 247/1814/793
f 594/1811/728 627/1987/907 299/1988/908
f 871/1989/902 310/1858/827 602/1857/668
f 1009/1911/859 864/1990/909 290/1991/910
f 221/1918/363 652/1992/762 840/1907/856
f 1159/1993/895 266/1899/854 289/1994/896
f 849/1995/911 1205/1982/866 645/1996/900
f 260/1807/804 322/1997/912 250/1850/824
f 1100/1889/847 1204/1998/897 268/1961/890
f 614/1999/913 1205/1982/866 849/1995/911
f 1009/1911/859 852/1910/858 870/2000/914
f 1100/1889/847 591/1743/778 1204/2001/897
f 265/1791/800 597/1782/796 639/2002/915
f 262/1822/727 1018/2003/726 867/2004/916
f 262/1822/727 867/2004/916 618/2005/714
f 856/2006/917 638/2007/918 1011/2008/919
f 1009/1911/859 290/1991/910 261/1909/857
f 1023/2009/920 224/1693/753 848/1867/832
f 274/1894/852 267/1885/819 865/2010/921
f 291/2011/802 1002/2012/708 996/2013/690
f 347/2014/881 1201/2015/730 824/2016/703
f 1008/2017/823 589/1806/750 1104/2018/922
f 1096/1564/687 239/1722/766 306/1866/831
f 263/2019/853 1017/2020/923 830/2021/744
f 599/1883/843 862/1916/862 604/1830/814
f 594/1811/728 609/1800/798 627/1987/907
f 878/2022/758 645/1974/900 1005/1924/821
f 591/2023/778 851/1556/696 1204/1971/897
f 597/1782/796 857/2024/865 639/2002/915
f 271/1779/759 296/1939/875 1238/2025/777
f 855/2026/924 847/2027/870 279/2028/925
f 633/1956/888 264/1944/879 280/2029/926
f 595/2030/707 321/2031/927 275/2032/838
f 571/1659/735 625/2033/928 237/1674/742
f 229/1745/770 311/1934/871 596/1788/797
f 254/2034/816 1102/2035/886 1202/2036/811
f 1154/1626/719 1238/1742/777 284/1912/860
f 893/2037/830 991/2038/644 340/2039/929
f 252/1518/680 1113/2040/930 555/1419/642
f 279/2041/925 860/2042/931 855/2043/924
f 280/2044/926 1017/2045/923 278/2046/932
f 1017/2045/923 263/1936/853 272/1938/874
f 844/2047/867 645/1996/900 1205/1982/866
f 605/1980/903 1205/1982/866 614/1999/913
f 268/1970/890 607/1972/898 631/2048/835
f 1013/1630/722 611/2049/820 854/1631/723
f 850/2050/829 1006/2051/833 282/2052/933
f 1153/1879/779 847/1932/870 302/2053/934
f 278/2046/932 272/1938/874 280/2044/926
f 294/1793/801 1014/1852/826 637/2054/935
f 594/1811/728 299/1988/908 291/2055/802
f 281/2056/720 294/1793/801 839/2057/769
f 659/2058/936 276/1963/891 1019/2059/937
f 830/1978/744 644/2060/938 871/1979/902
f 1112/2061/939 606/1951/883 612/1952/884
f 1202/2036/811 1102/2035/886 1016/2062/940
f 265/2063/800 289/1969/896 266/2064/854
f 589/1806/750 587/1805/733 624/1892/850
f 280/2044/926 264/2065/879 285/1948/878
f 615/2066/844 854/1631/723 611/2049/820
f 819/1365/622 874/2067/941 211/888/423
f 1104/2018/922 589/1806/750 624/1892/850
f 261/1909/857 290/1991/910 626/2068/942
f 224/1693/753 1023/2009/920 625/2069/928
f 1101/1827/813 286/1941/876 297/2070/905
f 274/1894/852 865/2010/921 862/1916/862
f 1245/1950/882 1207/2071/943 617/1973/899
f 333/2072/944 275/2032/838 621/2073/945
f 848/1867/832 284/1912/860 1023/2009/920
f 849/1995/911 645/1996/900 641/2074/946
f 1113/2040/930 634/1859/828 555/1419/642
f 870/2000/914 864/1990/909 1009/1911/859
f 302/2075/934 616/2076/845 1153/2077/779
f 1014/2078/826 257/2079/721 868/2080/947
f 321/2031/927 621/2073/945 275/2032/838
f 841/2081/861 237/1674/742 625/2033/928
f 1022/2082/948 322/1997/912 260/1807/804
f 851/1556/696 1021/1953/885 1204/1971/897
f 255/1826/812 1109/2083/949 286/1941/876
f 1204/1971/897 1157/2084/950 607/1972/898
f 861/2085/951 287/2086/952 620/2087/953
f 289/1969/896 643/2088/954 273/1967/894
f 1015/1946/757 276/1963/891 659/2058/936
f 1021/1953/885 1112/2089/939 1157/2084/950
f 1207/2071/943 1245/1950/882 856/2006/917
f 319/2090/955 601/2091/767 630/2092/775
f 1120/2093/956 811/2094/569 601/2091/767
f 607/1972/898 1157/2084/950 1112/2089/939
f 1112/2095/939 283/2096/957 607/2097/898
f 1245/1950/882 256/1949/877 638/2007/918
f 820/1784/736 301/2098/958 240/1741/776
f 614/2099/913 309/2100/959 859/2101/960
f 818/1577/699 622/1955/887 608/1851/825
f 282/2052/933 307/2102/961 850/2050/829
f 278/2046/932 1017/2045/923 272/1938/874
f 862/2103/862 306/1866/831 239/1722/766
f 1025/2104/962 307/2105/961 282/2106/933
f 600/1815/807 277/1758/783 297/2107/905
f 265/2108/800 639/2109/915 289/1969/896
f 269/1816/665 600/1815/807 1108/2110/963
f 1016/2111/940 323/2112/964 1026/2113/965
f 309/2114/959 860/2115/931 859/2116/960
f 1112/2061/939 1103/2117/966 606/1951/883
f 256/2118/877 1223/2119/889 638/2120/918
f 224/1693/753 625/2069/928 571/2121/735
f 306/1866/831 865/2122/921 1010/1893/851
f 279/2028/925 847/2027/870 875/2123/967
f 1156/2124/836 868/2080/947 257/2079/721
f 323/2112/964 1016/2111/940 1102/2125/886
f 613/2126/968 335/2127/969 1011/2128/919
f 612/1952/884 283/2129/957 1112/2061/939
f 850/2130/829 296/1939/875 593/1755/781
f 633/1956/888 1026/2131/965 1223/1957/889
f 250/1850/824 322/1997/912 857/1922/865
f 342/2132/970 1022/2133/948 260/1975/804
f 280/2044/926 272/1938/874 314/1937/873
f 269/1816/665 1108/2110/963 1156/2134/836
f 251/1051/498 989/1544/692 835/1738/774
f 291/2055/802 996/2135/690 594/1811/728
f 301/2098/958 1105/1820/810 240/1741/776
f 853/1831/815 1205/2136/866 313/2137/904
f 1157/2084/950 1204/1971/897 1021/1953/885
f 1019/2059/937 276/1963/891 620/2087/953
f 606/1951/883 628/1870/834 842/1890/848
f 259/1657/734 651/2138/971 837/2139/662
f 1107/1945/880 620/2087/953 276/1963/891
f 311/1934/871 612/1952/884 842/1890/848
f 293/2140/972 1023/2009/920 284/1912/860
f 1024/2141/973 329/2142/974 1025/2104/962
f 861/2085/951 863/2143/975 287/2086/952
f 311/1934/871 283/2129/957 612/1952/884
f 297/2070/905 286/1941/876 1206/2144/976
f 1159/1993/895 872/1965/892 266/1899/854
f 1202/1844/811 314/1937/873 258/1865/805
f 282/2145/933 866/1935/872 1024/2146/973
f 607/2147/898 311/2148/871 631/1871/835
f 331/1917/863 846/1875/839 998/1877/663
f 853/1831/815 313/2137/904 624/1892/850
f 1008/2149/823 629/2150/977 623/2151/849
f 820/1784/736 290/1991/910 864/1990/909
f 323/2112/964 1020/2152/978 1026/2113/965
f 1120/2093/956 601/2091/767 319/2090/955
f 834/1733/771 1203/2153/979 858/1561/697
f 875/2123/967 860/2154/931 279/2028/925
f 1023/2009/920 293/2140/972 303/2155/980
f 1024/2141/973 1025/2104/962 282/2106/933
f 868/2080/947 637/2156/935 1014/2078/826
f 1021/1953/885 1010/1893/851 865/2122/921
f 643/2088/954 289/1969/896 640/2157/981
f 311/1934/871 607/2158/898 283/2129/957
f 288/1873/837 618/1616/714 867/2159/916
f 866/1935/872 282/2145/933 1006/1868/833
f 869/2160/982 284/1912/860 1238/1742/777
f 600/1815/807 297/2107/905 1108/2110/963
f 229/1732/770 564/1731/712 631/1871/835
f 335/2127/969 856/2161/917 1011/2128/919
f 1108/2162/963 1206/2163/976 292/2164/983
f 312/2165/984 1008/2017/823 1104/2018/922
f 863/2166/975 335/2127/969 613/2126/968
f 856/2006/917 1245/1950/882 638/2007/918
f 608/1851/825 622/2167/887 603/1819/809
f 301/2098/958 820/1784/736 864/1990/909
f 623/2151/849 629/2150/977 622/2168/887
f 313/2137/904 605/2169/903 295/2170/985
f 1206/2144/976 286/1941/876 1029/2171/986
f 642/2172/987 872/1965/892 1159/1993/895
f 229/1732/770 631/1871/835 311/2173/871
f 820/1784/736 626/2068/942 290/1991/910
f 595/1660/707 616/1886/845 321/2174/927
f 302/2053/934 847/1932/870 855/2175/924
f 866/2176/872 839/2057/769 294/1793/801
f 1103/2117/966 628/1870/834 606/1951/883
f 296/1939/875 869/2177/982 1238/2025/777
f 293/2140/972 284/1912/860 869/2160/982
f 1108/2178/963 292/2179/983 1158/2180/988
f 1024/2181/973 298/2182/989 292/2183/983
f 301/2098/958 656/2184/990 1105/1820/810
f 333/2185/944 248/1921/822 275/1874/838
f 308/2186/846 1162/2187/679 230/2188/683
f 292/2164/983 1029/2189/986 329/2190/974
f 292/2164/983 1206/2163/976 1029/2189/986
f 244/1856/725 310/1858/827 1033/2191/991
f 1020/2152/978 323/2112/964 1028/2192/992
f 1024/2146/973 866/1935/872 298/2193/989
f 1108/2194/963 1158/2180/988 868/2195/947
f 625/2069/928 1023/2009/920 328/2196/993
f 1103/2117/966 1109/2197/949 628/1870/834
f 864/1990/909 870/2000/914 301/2098/958
f 603/2198/809 323/2199/964 1102/2200/886
f 1021/1953/885 865/2122/921 877/2201/994
f 1206/2163/976 1108/2162/963 297/2202/905
f 1029/2171/986 286/1941/876 1109/2083/949
f 859/2203/960 860/2204/931 614/2205/913
f 329/2206/974 1039/2207/995 1025/2208/962
f 1020/2152/978 636/2209/996 295/2210/985
f 280/2029/926 314/2211/873 633/1956/888
f 820/1784/736 619/1928/868 626/2068/942
f 868/2212/947 1156/1872/836 1108/2213/963
f 312/2214/984 629/2150/977 1008/2149/823
f 285/1948/878 1017/2045/923 280/2044/926
f 1016/2215/940 633/1956/888 1202/2216/811
f 1110/2217/997 841/1931/861 625/2218/928
f 586/1463/658 991/2219/644 893/2220/830
f 255/2221/812 291/2055/802 1109/2222/949
f 1019/2059/937 287/2086/952 659/2058/936
f 303/2223/980 293/2224/972 304/2225/998
f 1114/1929/869 575/1876/694 846/1875/839
f 1202/2216/811 633/1956/888 314/2211/873
f 636/2226/996 317/2227/999 295/2170/985
f 1016/2215/940 1026/2131/965 633/1956/888
f 855/2228/924 860/2229/931 1161/2230/1000
f 325/2231/1001 288/1873/837 867/2159/916
f 656/2184/990 870/2000/914 852/1910/858
f 321/2031/927 305/2232/1002 621/2073/945
f 315/2233/1003 581/1534/689 318/1707/760
f 252/1518/680 1114/2234/869 1113/2040/930
f 641/2074/946 614/1999/913 849/1995/911
f 1106/2235/1004 616/2076/845 302/2075/934
f 326/2236/1005 878/1854/758 300/1900/855
f 324/2237/1006 1025/2238/962 1027/2239/1007
f 1017/2045/923 285/1948/878 617/1973/899
f 865/2010/921 306/2240/831 862/1916/862
f 317/2227/999 313/2137/904 295/2170/985
f 628/2241/834 627/1987/907 609/1800/798
f 628/2241/834 1109/2222/949 627/1987/907
f 1161/2242/1000 302/2053/934 855/2175/924
f 273/1967/894 642/2243/987 1159/1968/895
f 614/2244/913 860/2245/931 1224/2246/1008
f 1024/2181/973 292/2183/983 329/2247/974
f 259/1657/734 581/1534/689 651/2138/971
f 649/2248/1009 324/2237/1006 1027/2239/1007
f 856/2006/917 335/2249/969 1207/2071/943
f 641/2074/946 309/2250/959 614/1999/913
f 649/2248/1009 1027/2239/1007 1225/2251/1010
f 1018/2252/726 320/2253/1011 653/2254/1012
f 1022/2082/948 635/2255/1013 322/1997/912
f 298/2256/989 1158/2180/988 292/2257/983
f 624/1892/850 313/2137/904 1104/2018/922
f 1112/2089/939 1021/1953/885 877/2201/994
f 651/2258/971 619/1928/868 837/1927/662
f 1019/2059/937 620/2087/953 287/2086/952
f 614/1999/913 295/2259/985 605/1980/903
f 620/2260/953 863/2166/975 861/2261/951
f 302/2075/934 1161/2262/1000 1106/2235/1004
f 299/1988/908 627/1987/907 1109/2222/949
f 869/2177/982 304/2263/998 293/2264/972
f 313/2137/904 312/2165/984 1104/2018/922
f 625/2218/928 328/2265/993 1110/2217/997
f 1018/2252/726 653/2254/1012 867/2266/916
f 636/2267/996 622/2168/887 629/2150/977
f 305/2232/1002 333/2072/944 621/2073/945
f 1115/1783/653 1015/2268/757 659/2269/936
f 1149/1709/560 288/2270/837 1097/1976/901
f 639/2109/915 640/2157/981 289/1969/896
f 850/2271/829 307/2272/961 296/1939/875
f 299/1988/908 1109/2222/949 291/2055/802
f 1107/1945/880 244/1856/725 1033/2191/991
f 315/2233/1003 651/2138/971 581/1534/689
f 880/1579/700 817/1578/666 327/2273/592
f 1120/2274/956 843/2275/751 811/2276/569
f 1224/2277/1008 860/2154/931 875/2123/967
f 1109/2197/949 1103/2117/966 1112/2061/939
f 270/2278/657 1111/1908/628 879/2279/1014
f 1160/2280/1015 1026/2113/965 1020/2152/978
f 876/1920/864 334/2281/1016 632/1919/841
f 1106/2282/1004 321/2283/927 616/1886/845
f 629/2284/977 312/2165/984 636/2226/996
f 273/1967/894 643/2088/954 316/2285/1017
f 841/1931/861 875/2286/967 847/1932/870
f 1161/2287/1000 860/2115/931 321/2288/927
f 301/2098/958 870/2000/914 656/2184/990
f 1023/2009/920 303/2155/980 328/2196/993
f 1028/2192/992 636/2289/996 1020/2152/978
f 236/1669/656 1125/2290/1018 662/1700/756
f 1160/2280/1015 1020/2152/978 295/2291/985
f 248/1902/822 326/2236/1005 300/1900/855
f 1225/2251/1010 1027/2239/1007 1039/2292/995
f 834/1733/771 1201/1647/730 886/2293/1019
f 313/2137/904 317/2227/999 312/2165/984
f 1025/2294/962 324/2295/1006 307/2296/961
f 1158/2297/988 637/2156/935 868/2080/947
f 305/2298/1002 309/2100/959 333/2299/944
f 211/888/423 874/2067/941 565/2300/745
f 1027/2239/1007 1025/2301/962 1039/2292/995
f 309/2114/959 321/2288/927 860/2115/931
f 866/1935/872 294/2302/801 637/2156/935
f 644/2303/938 830/2304/744 1017/2045/923
f 1017/2045/923 617/1973/899 644/2303/938
f 1107/1945/880 1033/2191/991 620/2087/953
f 636/2226/996 312/2165/984 317/2227/999
f 344/2305/1020 1203/2153/979 834/1733/771
f 260/1975/804 1097/1976/901 342/2132/970
f 642/2243/987 273/1967/894 316/2285/1017
f 1207/2071/943 644/2303/938 617/1973/899
f 863/2143/975 659/2058/936 287/2086/952
f 866/1935/872 637/2156/935 298/2193/989
f 1158/2297/988 298/2193/989 637/2156/935
f 852/1910/858 261/1909/857 339/2306/1021
f 1160/2280/1015 638/2307/918 1223/2308/889
f 1109/2083/949 1112/2309/939 1029/2171/986
f 632/2310/841 334/2311/1016 654/2312/1022
f 305/2298/1002 321/2313/927 309/2100/959
f 1105/1820/810 320/2314/1011 1018/1638/726
f 307/2272/961 869/2177/982 296/1939/875
f 304/2315/998 869/2316/982 324/2295/1006
f 620/2260/953 335/2127/969 863/2166/975
f 643/2088/954 640/2157/981 635/2317/1013
f 1039/2292/995 875/2318/967 1225/2251/1010
f 310/2319/827 871/2320/902 1207/2321/943
f 295/2322/985 614/2205/913 1224/2323/1008
f 342/2324/970 352/2325/1023 1022/2082/948
f 879/2326/1014 829/1679/456 270/1678/657
f 639/2327/915 857/1922/865 322/1997/912
f 898/2328/1024 1097/2329/901 288/2330/837
f 1022/2082/948 352/2325/1023 635/2255/1013
f 304/2315/998 324/2295/1006 303/2331/980
f 325/2231/1001 867/2159/916 882/2332/1025
f 649/2333/1009 875/2123/967 841/2334/861
f 873/1986/906 865/2335/921 267/1838/819
f 1225/2336/1010 875/2123/967 649/2333/1009
f 322/1997/912 635/2255/1013 640/2337/981
f 327/2338/592 563/2339/602 343/2340/1026
f 834/1733/771 886/2293/1019 344/2305/1020
f 878/2341/758 326/2342/1005 333/2072/944
f 819/2343/622 574/2344/636 681/2345/1027
f 626/2068/942 339/2306/1021 261/1909/857
f 658/2346/1028 632/2347/841 654/2348/1022
f 841/1931/861 1110/2217/997 328/2349/993
f 656/2184/990 852/1910/858 339/2306/1021
f 1163/2350/1029 1203/2153/979 344/2305/1020
f 308/2186/846 795/2351/377 892/2352/1030
f 871/2320/902 644/2353/938 1207/2321/943
f 1031/2354/1031 288/1873/837 325/2231/1001
f 321/2355/927 1106/2235/1004 1161/2356/1000
f 1162/2187/679 308/2186/846 648/2357/1032
f 1160/2280/1015 1223/2308/889 1026/2113/965
f 603/2358/809 622/2168/887 323/2359/964
f 1033/2191/991 335/2360/969 620/2087/953
f 309/2361/959 641/2074/946 333/2362/944
f 324/2295/1006 869/2316/982 307/2296/961
f 322/1997/912 640/2337/981 639/2327/915
f 325/2231/1001 882/2332/1025 1116/2363/1033
f 324/2295/1006 649/2364/1009 303/2331/980
f 320/2314/1011 1105/1820/810 1164/2365/1034
f 619/1928/868 650/2366/1035 626/2068/942
f 1115/1783/653 881/2367/1036 646/1594/706
f 636/2267/996 1028/2368/992 622/2168/887
f 1028/2368/992 323/2359/964 622/2168/887
f 310/2319/827 335/2127/969 1033/2369/991
f 1113/2370/930 1114/1929/869 655/2371/1037
f 328/2372/993 303/2331/980 649/2364/1009
f 340/2039/929 991/2038/644 1162/2187/679
f 333/2072/944 645/2373/900 878/2374/758
f 655/2371/1037 634/2375/828 1113/2370/930
f 630/2376/775 634/2377/828 655/2378/1037
f 333/2072/944 326/2342/1005 248/2379/822
f 328/2349/993 649/2380/1009 841/1931/861
f 320/2314/1011 332/2381/1038 1032/2382/1039
f 651/2258/971 650/2366/1035 619/1928/868
f 658/2346/1028 331/2383/863 1030/2384/842
f 1031/2354/1031 325/2231/1001 1116/2363/1033
f 867/2159/916 1037/2385/1040 882/2332/1025
f 310/2319/827 1207/2321/943 335/2127/969
f 921/2386/260 218/2387/206 697/2388/1041
f 656/2184/990 1164/2365/1034 1105/1820/810
f 331/1917/863 1114/1929/869 846/1875/839
f 658/2346/1028 1030/2384/842 632/2347/841
f 295/2322/985 1224/2323/1008 1160/2389/1015
f 655/2371/1037 1114/1929/869 331/1917/863
f 645/2373/900 333/2072/944 641/2390/946
f 892/2352/1030 1036/2391/1042 308/2186/846
f 288/1873/837 1031/2354/1031 338/2392/1043
f 332/2381/1038 320/2314/1011 1164/2365/1034
f 875/2123/967 1039/2393/995 1224/2277/1008
f 1036/2391/1042 648/2357/1032 308/2186/846
f 867/2394/916 653/2395/1012 1037/2396/1040
f 635/2317/1013 352/2397/1023 643/2088/954
f 1031/2398/1031 1116/2399/1033 647/2400/1044
f 1032/2401/1039 337/2402/1045 1035/2403/1046
f 653/2254/1012 320/2253/1011 1032/2401/1039
f 887/2404/1047 865/2405/921 873/1986/906
f 877/2406/994 664/2407/1048 1112/2408/939
f 236/1669/656 610/1668/716 1125/2290/1018
f 337/2402/1045 654/2312/1022 334/2311/1016
f 654/2312/1022 337/2402/1045 1032/2401/1039
f 843/2409/751 315/2410/1003 318/2411/760
f 630/2376/775 1239/2412/1049 319/2413/955
f 858/1561/697 1203/2153/979 351/2414/1050
f 843/2415/751 1120/2093/956 1208/2416/1051
f 896/2417/1052 879/2279/1014 1111/1908/628
f 873/2418/906 1012/2419/893 356/2420/1053
f 858/1561/697 876/1920/864 228/1559/617
f 630/2376/775 655/2378/1037 1239/2412/1049
f 316/2285/1017 341/2421/1054 642/2243/987
f 1012/2419/893 872/2422/892 885/2423/1055
f 653/2254/1012 1032/2401/1039 1035/2403/1046
f 654/2348/1022 1032/2424/1039 332/2425/1038
f 563/2339/602 249/2426/764 1041/2427/1056
f 876/1920/864 1038/2428/1057 334/2281/1016
f 661/2429/1058 885/2430/1055 642/2431/987
f 332/2425/1038 1034/2432/1059 654/2348/1022
f 651/2433/971 1034/2432/1059 332/2425/1038
f 675/2434/1060 329/2435/974 1029/2436/986
f 656/2184/990 339/2306/1021 1164/2365/1034
f 887/2437/1047 877/2438/994 865/2439/921
f 872/2440/892 642/2431/987 885/2430/1055
f 352/2397/1023 316/2285/1017 643/2088/954
f 651/2441/971 1208/2442/1051 1034/2443/1059
f 1208/2444/1051 315/2410/1003 843/2409/751
f 626/2068/942 650/2366/1035 339/2306/1021
f 1031/2398/1031 647/2400/1044 338/2445/1043
f 1246/2446/1061 647/2447/1044 1116/2363/1033
f 660/2448/1062 337/2449/1045 334/2450/1016
f 651/2441/971 315/2451/1003 1208/2442/1051
f 1116/2363/1033 882/2332/1025 1119/2452/1063
f 670/2453/1064 218/2454/206 835/2455/774
f 338/2445/1043 647/2400/1044 1118/2456/1065
f 1239/2457/1049 1120/2093/956 319/2090/955
f 1034/2432/1059 658/2346/1028 654/2348/1022
f 1121/2458/1066 1163/2459/1029 663/2460/1067
f 1162/2187/679 648/2357/1032 891/2461/1068
f 904/2462/1069 613/2463/968 1011/2464/919
f 610/1668/716 879/2326/1014 683/2465/1070
f 642/2466/987 341/2467/1054 345/2468/1071
f 338/2445/1043 898/2328/1024 288/2330/837
f 1163/2459/1029 344/2469/1020 663/2460/1067
f 346/2470/1072 342/2132/970 1097/1976/901
f 876/1920/864 858/1561/697 901/2471/1073
f 651/2258/971 332/2381/1038 650/2366/1035
f 819/2343/622 387/2472/1074 874/2473/941
f 653/2254/1012 1035/2403/1046 883/2474/1075
f 338/2445/1043 349/2475/1076 898/2328/1024
f 655/2476/1037 331/2477/863 1239/2412/1049
f 1239/2478/1049 331/1917/863 658/2479/1028
f 337/2402/1045 348/2480/1077 1035/2403/1046
f 657/2481/1078 185/1608/596 242/1698/755
f 660/2448/1062 334/2450/1016 1038/2482/1057
f 1208/2483/1051 658/2346/1028 1034/2432/1059
f 574/2484/636 185/2485/596 657/2486/1078
f 1203/2153/979 1163/2350/1029 1226/2487/1079
f 1165/2488/1080 1037/2396/1040 883/2489/1075
f 1119/2452/1063 1246/2446/1061 1116/2363/1033
f 332/2381/1038 1164/2365/1034 650/2366/1035
f 387/2472/1074 819/2343/622 681/2345/1027
f 891/2461/1068 648/2357/1032 1036/2391/1042
f 650/2366/1035 1164/2365/1034 339/2306/1021
f 663/2460/1067 344/2469/1020 665/2490/1081
f 883/2489/1075 1037/2396/1040 653/2395/1012
f 1117/2491/1082 904/2462/1069 638/2492/918
f 1224/2493/1008 1039/2292/995 675/2494/1060
f 347/2495/881 886/2496/1019 1201/2497/730
f 1226/2487/1079 351/2414/1050 1203/2153/979
f 658/2346/1028 1120/2498/956 1239/2499/1049
f 1208/2483/1051 1120/2498/956 658/2346/1028
f 1118/2500/1065 647/2501/1044 668/2502/1083
f 886/2293/1019 665/2503/1081 344/2305/1020
f 901/2471/1073 858/1561/697 351/2414/1050
f 1035/2504/1046 348/2505/1077 883/2506/1075
f 903/2507/1084 1112/2508/939 664/2509/1048
f 896/2417/1052 1111/1908/628 905/2510/1085
f 908/2511/1086 1117/2512/1082 1160/2280/1015
f 675/2513/1060 1039/2514/995 329/2515/974
f 1037/2385/1040 900/2516/1087 882/2332/1025
f 876/1920/864 901/2471/1073 1038/2428/1057
f 242/1698/755 570/1726/157 890/2517/1088
f 343/2518/1026 880/2519/700 327/2520/592
f 665/2490/1081 888/2521/1089 663/2460/1067
f 880/2522/700 892/2352/1030 795/2351/377
f 316/2523/1017 894/2524/1090 341/2525/1054
f 330/2526/625 363/2527/1091 989/2528/692
f 1163/2529/1029 1121/2530/1066 1226/2531/1079
f 903/2507/1084 1029/2532/986 1112/2508/939
f 345/2533/1071 661/2534/1058 642/2535/987
f 1246/2536/1061 668/2502/1083 647/2501/1044
f 337/2449/1045 660/2448/1062 348/2505/1077
f 900/2516/1087 1119/2452/1063 882/2332/1025
f 316/2523/1017 352/2537/1023 894/2524/1090
f 1097/1976/901 898/2538/1024 346/2470/1072
f 1119/2452/1063 1123/2539/1092 1246/2446/1061
f 359/2540/1093 889/2541/1094 1115/2542/653
f 890/2517/1088 657/2481/1078 242/1698/755
f 1162/2543/679 679/2544/1095 340/2545/929
f 338/2546/1043 1118/2500/1065 349/2547/1076
f 877/2438/994 887/2437/1047 664/2548/1048
f 881/2367/1036 377/2549/1096 646/1594/706
f 336/2550/732 1041/2551/1056 249/2552/764
f 1038/2428/1057 901/2471/1073 362/2553/1097
f 883/2506/1075 348/2505/1077 1165/2554/1080
f 663/2555/1067 888/2556/1089 1121/2557/1066
f 348/2505/1077 660/2448/1062 362/2558/1097
f 886/2496/1019 1227/2559/1098 665/2560/1081
f 349/2547/1076 1118/2500/1065 355/2561/1099
f 670/2562/1064 697/2563/1041 218/2564/206
f 879/2326/1014 610/1668/716 829/1679/456
f 1115/1783/653 889/2565/1094 881/2367/1036
f 350/2566/1100 1122/2567/1101 888/2556/1089
f 1165/2568/1080 365/2569/1102 1037/2385/1040
f 885/2423/1055 356/2420/1053 1012/2419/893
f 343/2340/1026 563/2339/602 1041/2427/1056
f 897/2570/1103 353/2571/1104 1040/2572/1105
f 1029/2436/986 903/2573/1084 675/2434/1060
f 661/2574/1058 368/2575/1106 885/2576/1055
f 380/2577/1107 840/2578/856 652/1715/762
f 1040/2579/1105 354/2580/1108 664/2407/1048
f 888/2556/1089 1122/2567/1101 1121/2557/1066
f 1119/2452/1063 900/2516/1087 1123/2539/1092
f 668/2502/1083 355/2561/1099 1118/2500/1065
f 345/2533/1071 341/2581/1054 666/2582/1109
f 363/2527/1091 330/2526/625 662/2583/756
f 353/2584/1104 1122/2585/1101 1040/2586/1105
f 881/2367/1036 889/2565/1094 377/2549/1096
f 667/2587/1110 352/2588/1023 342/2132/970
f 879/2326/1014 912/2589/1111 683/2465/1070
f 873/2590/906 356/2591/1053 887/2592/1047
f 895/2593/1112 894/2524/1090 352/2594/1023
f 884/2595/1113 613/2596/968 904/2597/1069
f 346/2470/1072 667/2587/1110 342/2132/970
f 667/2587/1110 895/2598/1112 352/2588/1023
f 900/2516/1087 1037/2385/1040 365/2569/1102
f 840/1907/856 905/2510/1085 1111/1908/628
f 989/2528/692 363/2527/1091 674/2599/1114
f 886/2496/1019 347/2495/881 899/2600/1115
f 670/2453/1064 835/2455/774 989/2601/692
f 904/2462/1069 1011/2464/919 638/2602/918
f 660/2448/1062 1038/2482/1057 362/2558/1097
f 1246/2536/1061 1123/2603/1092 358/2604/1116
f 895/2593/1112 1126/2605/1117 894/2524/1090
f 903/2507/1084 664/2509/1048 354/2606/1108
f 1040/2586/1105 1122/2585/1101 354/2607/1108
f 345/2533/1071 666/2582/1109 368/2608/1106
f 893/1863/830 373/2609/1118 347/1947/881
f 347/2495/881 367/2610/1119 899/2600/1115
f 368/2608/1106 661/2534/1058 345/2533/1071
f 1117/2512/1082 638/2307/918 1160/2280/1015
f 1123/2603/1092 1124/2611/1120 358/2604/1116
f 989/2601/692 1047/2612/1121 670/2453/1064
f 668/2502/1083 1246/2536/1061 358/2604/1116
f 908/2613/1086 1224/2614/1008 675/2615/1060
f 1042/2616/1122 357/2617/1123 1124/2611/1120
f 1165/2554/1080 348/2505/1077 669/2618/1124
f 891/2461/1068 679/2619/1095 1162/2187/679
f 358/2604/1116 355/2561/1099 668/2502/1083
f 346/2620/1072 898/2621/1024 1210/2622/1125
f 354/2607/1108 1122/2585/1101 350/2623/1100
f 565/2624/745 684/2625/1126 336/2626/732
f 1045/2627/1127 679/2544/1095 891/2628/1068
f 897/2570/1103 894/2524/1090 1126/2605/1117
f 1226/2629/1079 1121/2557/1066 1043/2630/1128
f 1124/2611/1120 357/2617/1123 358/2604/1116
f 355/2561/1099 358/2604/1116 357/2617/1123
f 1043/2630/1128 1121/2557/1066 1122/2567/1101
f 1125/2290/1018 610/1668/716 683/2465/1070
f 357/2617/1123 349/2547/1076 355/2561/1099
f 888/2631/1089 665/2632/1081 1227/2633/1098
f 372/2634/1129 1040/2635/1105 664/2636/1048
f 1227/2559/1098 886/2496/1019 899/2600/1115
f 897/2570/1103 1126/2605/1117 353/2571/1104
f 1227/2637/1098 350/2566/1100 888/2556/1089
f 1228/2638/1130 1123/2603/1092 900/2639/1087
f 1126/2605/1117 361/2640/1131 353/2571/1104
f 1228/2638/1130 1124/2611/1120 1123/2603/1092
f 1042/2616/1122 1124/2611/1120 1228/2638/1130
f 1211/2641/1132 365/2569/1102 1165/2568/1080
f 666/2642/1109 341/2643/1054 894/2644/1090
f 351/2414/1050 1226/2487/1079 366/2645/1133
f 359/2540/1093 1115/2542/653 391/2646/1134
f 874/2473/941 684/2647/1126 565/2648/745
f 664/2548/1048 887/2437/1047 676/2649/1135
f 366/2645/1133 901/2471/1073 351/2414/1050
f 1125/2290/1018 1229/2650/1136 662/1700/756
f 354/2607/1108 350/2623/1100 370/2651/1137
f 666/2642/1109 894/2644/1090 1209/2652/1138
f 367/2610/1119 360/2653/1139 899/2600/1115
f 362/2558/1097 669/2618/1124 348/2505/1077
f 679/2654/1095 893/2220/830 340/2655/929
f 346/2470/1072 671/2656/1140 667/2587/1110
f 659/2058/936 863/2143/975 884/2657/1113
f 1042/2616/1122 1228/2638/1130 902/2658/1141
f 372/2659/1129 897/2660/1103 1040/2661/1105
f 681/2345/1027 574/2484/636 657/2486/1078
f 887/2592/1047 356/2662/1053 1044/2663/1142
f 349/2547/1076 357/2617/1123 1042/2616/1122
f 891/2664/1068 1036/2665/1042 364/2666/1143
f 360/2653/1139 1227/2559/1098 899/2600/1115
f 1043/2667/1128 1122/2668/1101 353/2669/1104
f 1211/2670/1132 1165/2554/1080 669/2618/1124
f 349/2671/1076 1210/2622/1125 898/2621/1024
f 1046/2672/1144 387/2472/1074 681/2345/1027
f 900/2639/1087 365/2673/1102 1228/2638/1130
f 1209/2652/1138 894/2644/1090 897/2660/1103
f 889/2541/1094 359/2540/1093 914/2674/1145
f 879/2675/1014 896/2676/1052 912/2677/1111
f 902/2658/1141 1228/2638/1130 365/2673/1102
f 367/2610/1119 913/2678/1146 360/2653/1139
f 391/2679/1134 1115/1783/653 659/2269/936
f 364/2666/1143 1045/2680/1127 891/2664/1068
f 902/2658/1141 672/2681/1147 1042/2616/1122
f 880/2519/700 1247/2682/1148 892/2683/1030
f 671/2684/1140 346/2685/1072 672/2686/1147
f 377/2549/1096 652/1715/762 646/1594/706
f 885/2576/1055 368/2575/1106 356/2662/1053
f 370/2687/1137 350/2688/1100 1227/2633/1098
f 1043/2689/1128 353/2690/1104 369/2691/1149
f 361/2692/1131 369/2691/1149 353/2690/1104
f 672/2681/1147 349/2547/1076 1042/2616/1122
f 367/2693/1119 347/1947/881 373/2609/1118
f 908/2694/1086 1160/2695/1015 1224/2696/1008
f 354/2607/1108 370/2651/1137 903/2697/1084
f 360/2653/1139 370/2698/1137 1227/2559/1098
f 1041/2699/1056 336/2700/732 673/2701/1150
f 1036/2665/1042 892/2702/1030 909/2703/1151
f 359/2704/1093 371/2705/1152 914/2706/1145
f 895/2707/1112 667/2708/1110 375/2709/1153
f 1043/2710/1128 366/2711/1133 1226/2712/1079
f 676/2713/1135 372/2714/1129 664/2715/1048
f 362/2553/1097 901/2471/1073 366/2716/1133
f 892/2352/1030 1247/2717/1148 909/2718/1151
f 673/2701/1150 336/2626/732 685/2719/1154
f 652/2720/762 377/2721/1096 398/2722/1155
f 349/2723/1076 672/2686/1147 1210/2724/1125
f 372/2659/1129 1209/2652/1138 897/2660/1103
f 1211/2670/1132 669/2618/1124 362/2558/1097
f 667/2708/1110 671/2684/1140 375/2709/1153
f 366/2725/1133 1211/2670/1132 362/2558/1097
f 361/2726/1131 1126/2727/1117 375/2728/1153
f 672/2686/1147 346/2685/1072 1210/2724/1125
f 671/2684/1140 672/2686/1147 902/2729/1141
f 675/2730/1060 903/2731/1084 370/2732/1137
f 361/2692/1131 1043/2733/1128 369/2691/1149
f 676/2713/1135 887/2592/1047 1044/2663/1142
f 902/2734/1141 375/2728/1153 671/2735/1140
f 666/2582/1109 911/2736/1156 368/2737/1106
f 684/2647/1126 874/2473/941 387/2472/1074
f 677/2738/1157 370/2698/1137 360/2653/1139
f 863/2739/975 613/2596/968 884/2595/1113
f 1127/2740/1158 893/2220/830 679/2654/1095
f 365/2741/1102 1211/2742/1132 902/2734/1141
f 356/2662/1053 368/2575/1106 906/2743/1159
f 1043/2710/1128 361/2726/1131 366/2711/1133
f 375/2709/1153 1126/2744/1117 895/2707/1112
f 652/2745/762 398/2746/1155 380/2747/1107
f 377/2721/1096 889/2748/1094 914/2706/1145
f 902/2734/1141 1211/2742/1132 374/2749/1160
f 906/2743/1159 1044/2663/1142 356/2662/1053
f 902/2734/1141 374/2749/1160 375/2728/1153
f 343/2518/1026 1247/2682/1148 880/2519/700
f 391/2750/1134 371/2705/1152 359/2704/1093
f 1229/2751/1136 363/2527/1091 662/2583/756
f 391/2750/1134 376/2752/1161 371/2705/1152
f 364/2753/1143 682/2754/1162 1045/2755/1127
f 374/2749/1160 366/2711/1133 361/2726/1131
f 1211/2742/1132 366/2711/1133 374/2749/1160
f 675/2756/1060 370/2757/1137 907/2758/1163
f 1209/2759/1138 911/2736/1156 666/2582/1109
f 682/2754/1162 364/2753/1143 1036/2760/1042
f 907/2761/1163 370/2762/1137 677/2763/1157
f 375/2728/1153 374/2749/1160 361/2726/1131
f 372/2714/1129 1166/2764/1164 1209/2765/1138
f 676/2713/1135 678/2766/1165 372/2714/1129
f 1127/2740/1158 373/2767/1118 893/2220/830
f 681/2345/1027 657/2486/1078 381/2768/1166
f 840/2769/856 380/2747/1107 378/2770/1167
f 368/2575/1106 911/2771/1156 906/2743/1159
f 678/2766/1165 1166/2764/1164 372/2714/1129
f 1229/2751/1136 674/2599/1114 363/2527/1091
f 914/2706/1145 371/2705/1152 376/2752/1161
f 907/2761/1163 908/2772/1086 675/2773/1060
f 367/2774/1119 373/2775/1118 913/2776/1146
f 904/2462/1069 1117/2777/1082 910/2778/1168
f 395/2779/1169 989/2780/692 674/2599/1114
f 910/2781/1168 677/2738/1157 360/2653/1139
f 913/2678/1146 910/2781/1168 360/2653/1139
f 1166/2782/1164 911/2736/1156 1209/2759/1138
f 343/2783/1026 385/2784/1170 1247/2785/1148
f 685/2719/1154 336/2626/732 684/2625/1126
f 1125/2290/1018 382/2786/1171 1229/2650/1136
f 343/2787/1026 1041/2788/1056 385/2789/1170
f 1044/2663/1142 911/2790/1156 678/2766/1165
f 907/2791/1163 677/2792/1157 908/2793/1086
f 906/2743/1159 911/2790/1156 1044/2663/1142
f 1117/2794/1082 908/2795/1086 677/2738/1157
f 678/2766/1165 676/2713/1135 1044/2663/1142
f 378/2770/1167 905/2796/1085 840/2769/856
f 1036/2665/1042 909/2703/1151 680/2797/1172
f 890/2517/1088 570/1726/157 687/2798/1173
f 1166/2764/1164 678/2766/1165 911/2790/1156
f 383/2799/1174 682/2800/1162 1036/2801/1042
f 659/2802/936 884/2803/1113 391/2750/1134
f 912/2677/1111 896/2676/1052 384/2804/1175
f 914/2706/1145 376/2752/1161 1167/2805/1176
f 1045/2806/1127 682/2800/1162 383/2799/1174
f 379/2807/1177 904/2462/1069 910/2778/1168
f 896/2676/1052 905/2796/1085 688/2808/1178
f 884/2595/1113 904/2597/1069 379/2809/1177
f 681/2345/1027 394/2810/1179 1046/2672/1144
f 677/2811/1157 910/2812/1168 1117/2813/1082
f 896/2676/1052 688/2808/1178 384/2804/1175
f 681/2345/1027 381/2768/1166 394/2810/1179
f 386/2814/1180 1041/2788/1056 673/2701/1150
f 395/2779/1169 1047/2612/1121 989/2601/692
f 1125/2290/1018 683/2465/1070 382/2786/1171
f 1048/2815/1181 694/2816/1182 398/2746/1155
f 1036/2801/1042 680/2817/1172 383/2799/1174
f 376/2752/1161 391/2750/1134 1167/2805/1176
f 1041/2818/1056 386/2819/1180 385/2784/1170
f 1045/2806/1127 383/2799/1174 388/2820/1183
f 686/2821/1184 395/2779/1169 674/2599/1114
f 890/2517/1088 687/2798/1173 381/2822/1166
f 1167/2805/1176 391/2750/1134 393/2823/1185
f 1168/2824/1186 673/2701/1150 685/2719/1154
f 381/2822/1166 657/2481/1078 890/2517/1088
f 914/2706/1145 1167/2805/1176 1048/2825/1181
f 1247/2785/1148 385/2784/1170 1049/2826/1187
f 673/2701/1150 1168/2824/1186 389/2827/1188
f 383/2799/1174 680/2817/1172 388/2820/1183
f 377/2721/1096 914/2706/1145 1048/2828/1181
f 1167/2829/1176 393/2830/1185 1048/2831/1181
f 390/2832/1189 910/2812/1168 913/2776/1146
f 382/2833/1171 1230/2834/1190 1229/2835/1136
f 378/2770/1167 688/2808/1178 905/2796/1085
f 393/2830/1185 391/2836/1134 689/2837/1191
f 379/2807/1177 910/2778/1168 390/2838/1189
f 389/2827/1188 386/2814/1180 673/2701/1150
f 670/2453/1064 1047/2612/1121 409/2839/1192
f 398/2722/1155 377/2721/1096 1048/2828/1181
f 685/2719/1154 684/2625/1126 1168/2824/1186
f 379/2809/1177 390/2840/1189 884/2595/1113
f 409/2839/1192 1047/2612/1121 395/2841/1169
f 674/2842/1114 1229/2835/1136 1230/2834/1190
f 382/2786/1171 683/2465/1070 692/2843/1193
f 380/2747/1107 398/2746/1155 378/2770/1167
f 393/2830/1185 1128/2844/1194 1048/2831/1181
f 1128/2844/1194 393/2830/1185 689/2837/1191
f 680/2817/1172 392/2845/1195 388/2820/1183
f 912/2677/1111 384/2804/1175 918/2846/1196
f 684/2647/1126 387/2472/1074 401/2847/1197
f 570/1726/157 400/2848/1198 687/2798/1173
f 688/2808/1178 915/2849/1199 384/2804/1175
f 680/2817/1172 397/2850/1200 404/2851/1201
f 1049/2826/1187 385/2784/1170 693/2852/1202
f 397/2850/1200 680/2817/1172 909/2853/1151
f 387/2472/1074 1046/2672/1144 401/2847/1197
f 670/2854/1064 409/2855/1192 697/2856/1041
f 1128/2857/1194 399/2858/1203 1048/2859/1181
f 392/2845/1195 680/2817/1172 404/2860/1201
f 683/2861/1070 912/2677/1111 692/2862/1193
f 385/2784/1170 386/2819/1180 693/2852/1202
f 403/2863/1204 406/2864/1205 381/2768/1166
f 404/2860/1201 396/2865/1206 392/2845/1195
f 1045/2806/1127 388/2820/1183 698/2866/1207
f 674/2842/1114 1230/2834/1190 686/2867/1184
f 691/2868/1208 397/2850/1200 909/2853/1151
f 698/2869/1207 373/2870/1118 1127/2740/1158
f 406/2864/1205 394/2810/1179 381/2768/1166
f 1128/2857/1194 689/2871/1191 399/2858/1203
f 392/2872/1195 698/2873/1207 388/2874/1183
f 396/2875/1206 404/2876/1201 402/2877/1209
f 1168/2824/1186 690/2878/1210 389/2827/1188
f 386/2814/1180 389/2827/1188 690/2878/1210
f 386/2819/1180 1231/2879/1211 693/2852/1202
f 394/2810/1179 699/2880/1212 1046/2672/1144
f 884/2881/1113 1169/2882/1213 391/2883/1134
f 698/2869/1207 913/2884/1146 373/2870/1118
f 691/2868/1208 909/2853/1151 1247/2785/1148
f 698/2885/1207 396/2886/1206 402/2887/1209
f 1048/2859/1181 399/2858/1203 916/2888/1214
f 918/2846/1196 384/2804/1175 915/2849/1199
f 917/2889/1215 1048/2859/1181 916/2888/1214
f 382/2786/1171 692/2843/1193 1230/2890/1190
f 386/2814/1180 690/2878/1210 1231/2891/1211
f 1045/2892/1127 1127/2740/1158 679/2893/1095
f 916/2888/1214 399/2858/1203 689/2871/1191
f 1129/2894/1216 915/2849/1199 688/2808/1178
f 1127/2895/1158 1045/2896/1127 698/2873/1207
f 687/2798/1173 400/2848/1198 381/2822/1166
f 1048/2897/1181 917/2889/1215 694/2898/1182
f 916/2888/1214 402/2899/1209 917/2889/1215
f 405/2900/1217 688/2808/1178 378/2770/1167
f 698/2873/1207 392/2872/1195 396/2875/1206
f 404/2901/1201 917/2889/1215 402/2899/1209
f 691/2868/1208 1247/2785/1148 1049/2826/1187
f 402/2899/1209 916/2888/1214 1172/2902/1218
f 694/2898/1182 917/2889/1215 695/2903/1219
f 915/2904/1199 1129/2905/1216 408/2906/1220
f 404/2901/1201 397/2907/1200 917/2889/1215
f 410/2908/1221 1169/2909/1213 390/2840/1189
f 692/2910/1193 912/2677/1111 918/2846/1196
f 1170/2911/1222 1168/2824/1186 684/2625/1126
f 699/2880/1212 394/2810/1179 406/2912/1205
f 378/2913/1167 398/2914/1155 405/2915/1217
f 1172/2902/1218 913/2916/1146 698/2917/1207
f 1129/2905/1216 688/2918/1178 405/2915/1217
f 1170/2911/1222 684/2625/1126 401/2919/1197
f 390/2920/1189 1169/2882/1213 884/2881/1113
f 1168/2824/1186 1171/2921/1223 690/2878/1210
f 408/2922/1220 918/2923/1196 915/2924/1199
f 694/2925/1182 405/2915/1217 398/2914/1155
f 1172/2926/1218 698/2927/1207 402/2887/1209
f 408/2906/1220 1129/2905/1216 696/2928/1224
f 400/2929/1198 570/2930/157 412/2931/1225
f 1230/2834/1190 407/2932/1226 686/2867/1184
f 696/2933/1224 1231/2891/1211 690/2878/1210
f 1046/2672/1144 699/2934/1212 401/2847/1197
f 691/2935/1208 917/2889/1215 397/2907/1200
f 390/2840/1189 913/2936/1146 410/2908/1221
f 1171/2921/1223 696/2933/1224 690/2878/1210
f 1231/2891/1211 696/2933/1224 919/2937/1227
f 1049/2826/1187 693/2852/1202 691/2868/1208
f 408/2938/1220 696/2933/1224 1171/2921/1223
f 1172/2902/1218 916/2888/1214 689/2871/1191
f 695/2903/1219 917/2889/1215 691/2935/1208
f 689/2939/1191 391/2883/1134 410/2940/1221
f 1231/2891/1211 919/2937/1227 693/2941/1202
f 391/2883/1134 1169/2882/1213 410/2940/1221
f 1129/2905/1216 919/2942/1227 696/2943/1224
f 405/2915/1217 919/2942/1227 1129/2905/1216
f 695/2944/1219 405/2915/1217 694/2925/1182
f 1172/2945/1218 410/2908/1221 913/2936/1146
f 403/2863/1204 381/2768/1166 400/2946/1198
f 411/2947/1228 395/2948/1169 686/2949/1184
f 693/2941/1202 919/2937/1227 691/2950/1208
f 1172/2902/1218 689/2871/1191 410/2951/1221
f 918/2923/1196 408/2922/1220 703/2952/1229
f 702/2953/1230 1230/2834/1190 692/2954/1193
f 919/2942/1227 405/2915/1217 695/2944/1219
f 701/2955/1231 409/2855/1192 395/2948/1169
f 692/2954/1193 704/2956/1232 702/2953/1230
f 695/2957/1219 691/2950/1208 919/2937/1227
f 692/2954/1193 918/2958/1196 703/2959/1229
f 395/2948/1169 411/2947/1228 701/2955/1231
f 699/2960/1212 1170/2961/1222 401/2962/1197
f 1170/2911/1222 1171/2921/1223 1168/2824/1186
f 701/2955/1231 697/2856/1041 409/2855/1192
f 1050/2963/1233 1212/2964/1234 699/2960/1212
f 1171/2965/1223 703/2952/1229 408/2922/1220
f 407/2966/1226 411/2947/1228 686/2949/1184
f 403/2967/1204 400/2929/1198 412/2931/1225
f 1130/2968/1235 407/2932/1226 1230/2834/1190
f 403/2969/1204 1050/2963/1233 406/2970/1205
f 1050/2963/1233 699/2960/1212 406/2970/1205
f 701/2955/1231 920/2971/1236 697/2856/1041
f 692/2954/1193 703/2959/1229 704/2956/1232
f 700/2972/1237 413/2973/1238 407/2932/1226
f 702/2953/1230 1130/2968/1235 1230/2834/1190
f 1053/2974/1239 1170/2975/1222 699/2976/1212
f 1170/2977/1222 415/2978/1240 1171/2965/1223
f 700/2972/1237 407/2932/1226 1130/2968/1235
f 413/2973/1238 411/2979/1228 407/2932/1226
f 921/2386/260 697/2980/1041 920/2981/1236
f 411/2947/1228 413/2982/1238 701/2955/1231
f 1171/2965/1223 415/2978/1240 703/2952/1229
f 570/2930/157 921/2983/260 412/2931/1225
f 1051/2984/1241 403/2985/1204 1052/2986/1242
f 412/2931/1225 1052/2987/1242 403/2967/1204
f 403/2969/1204 1051/2988/1241 1050/2963/1233
f 1053/2974/1239 699/2989/1212 1212/2990/1234
f 1051/2984/1241 1052/2986/1242 705/2991/1243
f 415/2978/1240 1170/2977/1222 1053/2974/1239
f 412/2931/1225 921/2983/260 414/2992/1244
f 1130/2968/1235 702/2953/1230 706/2993/1245
f 1054/2994/1246 413/2973/1238 700/2972/1237
f 704/2995/1232 706/2993/1245 702/2953/1230
f 1130/2968/1235 1173/2996/1247 700/2972/1237
f 700/2972/1237 1173/2996/1247 1054/2994/1246
f 416/2997/1248 413/2973/1238 1054/2994/1246
f 705/2998/1243 1212/2990/1234 1051/2999/1241
f 1212/2964/1234 1050/2963/1233 1051/3000/1241
f 1052/2987/1242 412/2931/1225 414/2992/1244
f 705/2998/1243 707/3001/1249 1212/2990/1234
f 703/2952/1229 706/3002/1245 704/3003/1232
f 1054/3004/1246 707/3001/1249 705/2998/1243
f 1130/2968/1235 706/2993/1245 1173/2996/1247
f 705/2998/1243 416/3005/1248 1054/3004/1246
f 1054/3004/1246 1173/3006/1247 707/3001/1249
f 920/3007/1236 701/2955/1231 413/3008/1238
f 706/3002/1245 703/2952/1229 1055/3009/1250
f 707/3001/1249 1053/2974/1239 1212/2990/1234
f 1053/2974/1239 1055/3009/1250 415/2978/1240
f 1055/3009/1250 703/2952/1229 415/2978/1240
f 706/3002/1245 1055/3009/1250 1173/3006/1247
f 1053/2974/1239 707/3001/1249 1055/3009/1250
f 707/3001/1249 1173/3006/1247 1055/3009/1250
f 1052/2986/1242 708/3010/1251 416/3011/1248
f 414/3012/1244 708/3010/1251 1052/2986/1242
f 414/2992/1244 417/3013/1252 708/3014/1251
f 417/3013/1252 414/2992/1244 921/2983/260
f 416/3011/1248 705/2991/1243 1052/2986/1242
f 920/3007/1236 413/3008/1238 416/3015/1248
f 417/3016/1252 921/2386/260 920/2981/1236
f 920/2981/1236 416/3017/1248 417/3016/1252
f 416/3011/1248 708/3010/1251 417/3018/1252
