# Blender 5.2.2 LTS
# www.blender.org
mtllib torre.mtl
o Meshy_AI_staunton_chess_rook_3_0926012017_image-to-3d-texture
v -0.022249 0.000723 0.002196
v -0.021991 0.005281 0.004034
v -0.021353 0.005841 -0.005698
v -0.021304 0.013932 -0.002104
v -0.020858 0.014879 0.001671
v -0.020800 0.009837 0.005951
v -0.021051 0.005337 -0.007534
v -0.020256 0.012844 0.007900
v -0.020019 0.007153 0.002259
v -0.018713 0.007172 0.007434
v -0.019775 0.007031 0.004113
v -0.019165 0.009932 0.010107
v -0.019053 0.000346 0.011169
v -0.018818 0.011148 -0.011196
v -0.019317 0.009074 -0.009038
v -0.018308 0.015299 -0.009588
v -0.018188 0.007105 0.008605
v -0.018158 0.007135 -0.008659
v -0.017497 0.005797 0.013467
v -0.017144 0.007162 -0.010575
v -0.016395 0.007115 0.011630
v -0.015060 0.020189 0.003569
v -0.015450 0.074276 -0.003034
v -0.014918 0.007122 0.013479
v -0.015357 0.063163 -0.001568
v -0.015223 0.074704 -0.002991
v -0.015507 0.074146 0.002568
v -0.015404 0.009878 0.015235
v -0.015811 0.013034 0.014819
v -0.015416 0.014783 -0.014300
v -0.014082 0.061933 0.001256
v -0.014656 0.025635 0.003375
v -0.014759 0.074302 0.004980
v -0.014944 0.021705 0.000992
v -0.014738 0.074516 -0.004961
v -0.014521 0.069762 -0.005423
v -0.015101 0.024844 -0.003940
v -0.014571 0.022628 0.003868
v -0.014480 0.069865 0.005419
v -0.016168 0.000272 -0.014931
v -0.014334 0.074776 0.004963
v -0.014261 0.007183 0.014197
v -0.014967 0.005411 -0.016567
v -0.012250 0.005281 0.018664
v -0.013599 0.026416 -0.000174
v -0.013830 0.022451 -0.005815
v -0.013731 0.020638 0.006591
v -0.013451 0.023234 -0.007716
v -0.013835 0.000480 0.017396
v -0.013179 0.007122 -0.015222
v -0.014013 0.025019 0.006590
v -0.014135 0.070017 0.005484
v -0.013241 0.069931 0.007686
v -0.012982 0.026323 -0.004407
v -0.013523 0.026332 -0.002070
v -0.012740 0.024709 0.009045
v -0.012112 0.069907 -0.009504
v -0.013149 0.058812 0.001046
v -0.013406 0.026587 0.001791
v -0.012871 0.059585 0.003005
v -0.013144 0.025856 0.006488
v -0.011366 0.070150 0.008954
v -0.012463 0.010849 -0.017969
v -0.011696 0.007172 0.016361
v -0.012449 0.024761 -0.009442
v -0.011880 0.073475 -0.004671
v -0.011263 0.034474 -0.000687
v -0.012400 0.026248 0.005981
v -0.012417 0.060966 -0.001186
v -0.012409 0.057998 0.002731
v -0.018675 0.000038 -0.009688
v -0.010873 0.022601 -0.010459
v -0.012506 0.028057 0.003368
v -0.011938 0.062936 0.009655
v -0.012026 0.030536 -0.002060
v -0.012693 0.057989 -0.000939
v -0.012215 0.069817 0.009378
v -0.012029 0.060954 0.003212
v -0.011275 0.074795 -0.003831
v -0.011116 0.000725 -0.019402
v -0.011975 0.070077 0.009842
v -0.011799 0.074661 -0.000263
v -0.011627 0.057923 0.004892
v -0.011596 0.074749 0.002581
v -0.011471 0.074820 -0.009686
v -0.011534 0.013181 -0.018367
v -0.011499 0.032256 0.002493
v -0.011527 0.019110 0.011492
v -0.011496 0.060939 0.004754
v -0.011382 0.074193 -0.001998
v -0.011392 0.027308 0.006714
v -0.010645 0.016462 0.016456
v -0.010510 0.070269 0.003816
v -0.010742 0.074401 -0.008474
v -0.010743 0.070225 0.008452
v -0.011471 0.057311 -0.000520
v -0.011132 0.024076 -0.011109
v -0.011188 0.058349 0.006575
v -0.010950 0.070539 0.003288
v -0.010719 0.070326 -0.003913
v -0.010216 0.074887 -0.008393
v -0.010172 0.070260 -0.008050
v -0.009581 0.000336 -0.019886
v -0.010392 0.060951 -0.006895
v -0.010257 0.039781 0.001888
v -0.007258 0.010348 0.020545
v -0.010797 0.059144 0.007704
v -0.010720 0.021439 0.010492
v -0.010323 0.025114 -0.011523
v -0.010130 0.043734 -0.000185
v -0.009688 0.060343 0.008658
v -0.009917 0.060958 0.007547
v -0.010027 0.051321 -0.001541
v -0.008955 0.063166 0.012505
v -0.009149 0.053345 -0.004828
v -0.009261 0.005342 0.020301
v -0.010360 0.062214 -0.010323
v -0.009205 0.034766 0.006393
v -0.009394 0.007215 0.017801
v -0.009339 0.074319 0.007532
v -0.008598 0.074405 0.012934
v -0.009195 0.060962 -0.008421
v -0.009282 0.026370 -0.010030
v -0.009350 0.055787 0.005295
v -0.008894 0.015014 -0.018881
v -0.009585 0.074506 -0.012276
v -0.008998 0.045444 0.004531
v -0.007674 0.007124 0.018566
v -0.008268 0.050450 0.005738
v -0.007954 0.021527 -0.012708
v -0.008240 0.074848 -0.012815
v -0.007373 0.060455 0.010582
v -0.007087 0.025027 0.013790
v -0.009001 0.074697 -0.007517
v -0.008842 0.074413 0.007446
v -0.007991 0.047607 -0.005997
v -0.008685 0.019449 -0.013358
v -0.008112 0.022483 0.012600
v -0.008719 0.060944 -0.008926
v -0.009218 0.017086 -0.016527
v -0.007537 0.074719 -0.009163
v -0.008390 0.059916 -0.010207
v -0.007882 0.012866 -0.020258
v -0.008462 0.009168 -0.019678
v -0.006609 0.015275 -0.019593
v -0.007430 0.035596 -0.008257
v -0.006636 0.024166 0.014182
v -0.006985 0.060965 -0.010340
v -0.007630 0.074375 0.008673
v -0.005843 0.074370 0.009983
v -0.005797 0.063278 -0.014325
v -0.003464 0.074777 -0.011456
v -0.005755 0.057806 0.011049
v -0.006201 0.058571 0.011487
v -0.006647 0.060961 0.010511
v -0.005652 0.022538 0.013901
v -0.006098 0.026266 0.012378
v -0.005458 0.058444 -0.011857
v -0.005513 0.060374 -0.011795
v -0.005206 0.074021 0.014734
v -0.003203 0.010685 0.021615
v -0.004212 0.021741 -0.014382
v -0.004005 0.052946 0.009464
v -0.004390 0.048435 0.009002
v -0.003789 0.058592 0.012556
v -0.005312 0.074794 -0.014373
v -0.004959 0.074641 0.014638
v -0.003828 0.062593 0.014560
v -0.005325 0.060967 0.011228
v -0.004084 0.070596 -0.010695
v -0.004514 0.024545 -0.015014
v -0.003626 0.014362 0.020884
v -0.003488 0.007112 0.019783
v -0.005671 0.020187 -0.014399
v -0.005047 0.022524 -0.014182
v -0.004769 0.074519 -0.014823
v -0.003625 0.060962 0.011894
v -0.002939 0.008140 0.020583
v -0.001426 0.040900 0.010249
v -0.002397 0.060585 -0.012611
v -0.004119 0.062620 -0.014561
v -0.003411 0.057317 -0.010972
v -0.002270 0.011315 -0.021800
v -0.003503 0.000127 0.021227
v -0.001932 0.033559 -0.011265
v -0.003823 0.000512 0.021923
v -0.003771 0.055958 -0.010166
v -0.001697 0.025292 -0.015240
v -0.003033 0.052146 -0.009779
v -0.002630 0.074412 -0.015243
v -0.001793 0.074487 0.011501
v -0.002252 0.074084 0.015046
v -0.001321 0.055948 -0.010751
v -0.000272 0.062911 -0.015382
v -0.000865 0.007115 0.020085
v -0.001969 0.070314 0.010973
v -0.001638 0.071024 0.013397
v -0.003497 0.016690 -0.019098
v -0.000181 0.056826 -0.011313
v -0.002509 0.022550 -0.014838
v -0.001366 0.047216 0.009865
v -0.001669 0.070333 0.012633
v -0.000825 0.021195 -0.015030
v -0.001332 0.060962 0.012358
v -0.001498 0.005232 0.022301
v 0.000557 0.013447 -0.021634
v -0.000296 0.056132 0.010862
v 0.000924 0.023447 0.015508
v 0.000952 0.060513 -0.012870
v -0.000305 0.009557 -0.021528
v 0.001369 0.015592 -0.020395
v 0.001248 0.026953 -0.013282
v 0.000217 0.019272 -0.016133
v 0.001305 0.058562 -0.013059
v 0.002649 0.045859 0.009625
v 0.001110 0.007131 -0.020100
v 0.001137 0.031022 0.011974
v 0.001358 0.070262 0.012293
v 0.001435 0.070276 -0.011990
v 0.001527 0.070352 -0.012994
v 0.002927 0.024619 0.015341
v 0.002233 0.070092 -0.015181
v 0.001958 0.074527 0.014464
v 0.001775 0.015821 0.020176
v 0.002040 0.061947 0.014088
v 0.001814 0.074508 0.011431
v 0.002401 0.074017 -0.015256
v 0.002327 0.074253 0.015100
v 0.002560 0.012571 0.021612
v 0.001956 0.060955 0.012256
v 0.003266 0.023485 0.015214
v 0.002801 0.022065 -0.014703
v 0.002954 0.020374 -0.015057
v 0.002475 0.074811 -0.014907
v 0.004468 0.025747 -0.014149
v 0.005426 0.010343 -0.021086
v 0.004758 0.024917 -0.014834
v 0.002516 0.063009 0.015115
v 0.005937 0.016112 0.019042
v 0.004383 0.052576 0.009192
v 0.005439 0.057344 0.010092
v 0.005860 0.057309 -0.009863
v 0.003795 0.026225 0.013296
v 0.003076 0.059183 0.012897
v 0.004923 0.059006 -0.012333
v 0.004765 0.074361 -0.010528
v 0.005889 0.014233 -0.020487
v 0.005249 0.022533 -0.014076
v 0.004127 0.074813 0.011218
v 0.005879 0.007035 0.019260
v 0.004327 0.007126 0.019624
v 0.004481 0.074603 0.010792
v 0.004982 0.000526 0.021681
v 0.006089 0.056070 -0.009012
v 0.005002 0.037524 0.009485
v 0.006236 0.026262 -0.012266
v 0.005855 0.045812 -0.008149
v 0.005319 0.007039 -0.019442
v 0.006020 0.034779 -0.009465
v 0.006271 0.060951 0.010712
v 0.006970 0.074180 0.009119
v 0.004831 0.060417 0.011984
v 0.005515 0.070500 0.009904
v 0.006708 0.012004 -0.020792
v 0.007021 0.007218 -0.018875
v 0.007634 0.074018 0.013562
v 0.005082 0.000507 -0.021677
v 0.007249 0.074317 -0.013764
v 0.008423 0.022513 -0.012450
v 0.006191 0.057937 -0.011049
v 0.007696 0.057312 -0.008463
v 0.007380 0.027200 -0.010964
v 0.007607 0.060965 -0.009877
v 0.007775 0.022632 0.012882
v 0.007203 0.007123 0.018748
v 0.006765 0.074697 0.009597
v 0.006982 0.023237 -0.013791
v 0.007974 0.038500 -0.007101
v 0.006999 0.025776 0.013040
v 0.007811 0.058651 -0.010533
v 0.007100 0.070498 -0.008932
v 0.008329 0.036165 0.007065
v 0.007673 0.021333 -0.012888
v 0.008653 0.070343 -0.007323
v 0.007194 0.074283 -0.009037
v 0.009168 0.074770 -0.012341
v 0.009028 0.005378 -0.020390
v 0.008821 0.070727 0.007414
v 0.008440 0.060958 -0.009148
v 0.008644 0.026442 0.010441
v 0.009341 0.023566 0.012458
v 0.008165 0.048594 0.005725
v 0.008936 0.054545 -0.005541
v 0.008229 0.060952 0.009283
v 0.010928 0.012519 0.018845
v 0.008145 0.060573 0.009870
v 0.010143 0.010533 0.019240
v 0.009054 0.007140 -0.017944
v 0.008904 0.070404 -0.007444
v 0.008552 0.053948 0.005818
v 0.008852 0.074434 -0.007433
v 0.009730 0.060442 -0.008544
v 0.009683 0.016280 0.017199
v 0.009659 0.005599 0.020013
v 0.008625 0.070413 0.007332
v 0.010159 0.058667 -0.008353
v 0.010411 0.074994 -0.009121
v 0.009740 0.042786 -0.002973
v 0.009067 0.060964 -0.008508
v 0.010599 0.024034 -0.011541
v 0.009300 0.051664 -0.004089
v 0.010323 0.036678 -0.003479
v 0.010439 0.070254 -0.003908
v 0.009806 0.024675 0.012137
v 0.010233 0.041704 -0.000126
v 0.009935 0.057307 -0.005737
v 0.009736 0.060962 -0.007736
v 0.010238 0.053530 0.001335
v 0.010668 0.026264 0.008692
v 0.010415 0.074002 -0.011731
v 0.011272 0.074139 -0.008909
v 0.010577 0.005794 -0.019380
v 0.010910 0.021159 0.010314
v 0.011512 0.070135 0.009147
v 0.011633 0.023196 -0.010143
v 0.010429 0.060954 -0.006777
v 0.012232 0.024318 0.009810
v 0.011169 0.057318 -0.002435
v 0.012534 0.061800 0.006008
v 0.010717 0.026931 0.007894
v 0.010713 0.060950 0.006246
v 0.010885 0.058766 0.007346
v 0.013231 0.005762 -0.017721
v 0.010634 0.074386 0.008359
v 0.010330 0.007093 -0.017253
v 0.013126 0.016772 0.014027
v 0.011019 0.070517 -0.004039
v 0.011667 0.030368 -0.003662
v 0.011720 0.062852 -0.009779
v 0.011447 0.019572 -0.010901
v 0.011704 0.020874 -0.009641
v 0.011257 0.074218 -0.004281
v 0.012419 0.063438 -0.009155
v 0.011415 0.057312 -0.000117
v 0.011156 0.074755 -0.003964
v 0.012021 0.057930 -0.003817
v 0.011569 0.074597 -0.001365
v 0.010871 0.057931 0.006365
v 0.011906 0.070283 -0.004619
v 0.011554 0.060946 0.004505
v 0.011750 0.007028 -0.016370
v 0.011724 0.074475 0.010089
v 0.012108 0.057930 0.003436
v 0.011959 0.069894 0.009565
v 0.011941 0.058579 0.005239
v 0.011874 0.058846 -0.005789
v 0.011855 0.060947 0.003641
v 0.011874 0.026314 -0.006811
v 0.012746 0.000571 -0.018239
v 0.012169 0.060558 -0.003952
v 0.012753 0.019241 0.009818
v 0.012345 0.060954 -0.001324
v 0.012173 0.022028 0.008615
v 0.013451 0.005930 0.017390
v 0.012692 0.070213 -0.004963
v 0.012851 0.059287 -0.003310
v 0.012409 0.060942 -0.000061
v 0.011599 0.032470 -0.000986
v 0.013876 0.007102 0.014515
v 0.012358 0.026389 0.005683
v 0.012746 0.060549 0.001081
v 0.012928 0.073844 0.005175
v 0.013912 0.023135 0.006654
v 0.012768 0.058201 0.001130
v 0.013308 0.020786 -0.007296
v 0.013471 0.070154 0.005243
v 0.012811 0.060376 -0.001552
v 0.013089 0.026354 -0.003917
v 0.014901 0.010665 0.015892
v 0.013879 0.062978 -0.006502
v 0.014265 0.062420 -0.004210
v 0.014294 0.022604 0.004618
v 0.015414 0.011142 -0.015510
v 0.013854 0.025009 0.006951
v 0.013850 0.021687 0.005536
v 0.014761 0.062979 0.004132
v 0.014286 0.069963 0.005424
v 0.015430 0.007182 0.012883
v 0.013618 0.063167 0.007186
v 0.014001 0.019718 0.006997
v 0.015259 0.000526 -0.016205
v 0.014558 0.074169 -0.005218
v 0.014577 0.069799 0.005208
v 0.013661 0.014820 0.015890
v 0.014601 0.074381 0.005064
v 0.014326 0.022472 -0.004360
v 0.014945 0.021574 -0.001114
v 0.015035 0.074451 0.003949
v 0.014674 0.021357 0.002929
v 0.015103 0.074793 -0.002754
v 0.015705 0.007017 0.012581
v 0.015005 0.022578 0.001059
v 0.015471 0.074392 -0.001295
v 0.015326 0.023059 -0.000910
v 0.015517 0.024714 0.001584
v 0.016425 0.012253 0.014322
v 0.018692 0.011272 0.011319
v 0.018049 0.014135 -0.011349
v 0.016596 0.000535 0.014767
v 0.016972 0.000197 0.013661
v 0.018165 0.010721 -0.012055
v 0.017864 0.007124 -0.009191
v 0.016114 0.000189 -0.014642
v 0.018637 0.009198 -0.010409
v 0.018390 0.000717 0.012600
v 0.018714 0.015378 0.008450
v 0.018682 0.013262 0.010817
v 0.019436 0.007112 0.005015
v 0.019186 0.000258 -0.010578
v 0.019915 0.013653 0.007967
v 0.020087 0.007133 0.000856
v 0.020834 0.014837 0.001853
v 0.020571 0.008120 0.002726
v 0.021186 0.014128 -0.002348
v 0.021130 0.005850 0.006256
v 0.021693 0.011401 0.002696
v 0.022157 0.000383 0.000017
v 0.021467 0.011173 -0.004235
v 0.021512 0.000274 -0.004364
v 0.022215 0.005411 0.002041
v -0.021953 0.005668 -0.003743
v -0.021550 0.000126 0.003968
v -0.021618 0.005962 0.003901
v -0.021610 0.011839 -0.003659
v -0.021587 0.010025 -0.002329
v -0.021794 0.011058 0.002179
v -0.021509 0.000577 -0.005943
v -0.020572 0.014187 -0.005545
v -0.020781 0.009862 -0.006087
v -0.020688 0.012515 -0.006912
v -0.021206 0.005553 0.006912
v -0.019526 0.000448 -0.010649
v -0.020524 0.005358 0.008798
v -0.019263 0.013317 -0.009914
v -0.020089 0.015536 -0.004085
v -0.018454 0.005215 0.012675
v -0.017942 0.005328 -0.013348
v -0.016698 0.011080 0.014128
v -0.015138 0.019336 -0.005440
v -0.013945 0.019491 0.007692
v -0.017402 0.007113 0.010103
v -0.016557 0.000653 -0.014974
v -0.015018 0.005381 0.016488
v -0.015771 0.019603 0.000312
v -0.015289 0.010337 -0.015530
v -0.015047 0.007019 -0.013449
v -0.013409 0.015179 0.015734
v -0.014787 0.022473 -0.002807
v -0.015404 0.062922 -0.000544
v -0.013616 0.016498 -0.014100
v -0.015084 0.022528 0.000102
v -0.015094 0.063294 0.003431
v -0.015253 0.025349 -0.000944
v -0.016397 0.005904 -0.014809
v -0.013870 0.074915 -0.004822
v -0.014331 0.025835 -0.003609
v -0.013970 0.019984 -0.006816
v -0.014707 0.005801 0.016513
v -0.013297 0.074663 0.005089
v -0.013324 0.070186 0.005165
v -0.013196 0.020750 -0.007516
v -0.013445 0.024357 -0.008151
v -0.013448 0.074365 -0.005239
v -0.012397 0.022419 -0.008427
v -0.012166 0.022509 0.008813
v -0.012950 0.060301 -0.001597
v -0.013074 0.062625 0.007685
v -0.012545 0.059564 -0.004313
v -0.010937 0.007126 -0.016905
v -0.011886 0.070278 0.004565
v -0.011806 0.026971 -0.006238
v -0.012178 0.025686 -0.008699
v -0.010723 0.074182 0.011418
v -0.011816 0.074484 0.010013
v -0.011724 0.060956 0.004172
v -0.011711 0.000427 0.018852
v -0.011375 0.070572 -0.001285
v -0.011177 0.074854 0.010208
v -0.011092 0.074528 -0.010999
v -0.011489 0.074209 0.001324
v -0.009503 0.063628 -0.012207
v -0.011325 0.070376 0.000788
v -0.010592 0.074941 0.008824
v -0.011103 0.074775 0.003766
v -0.010929 0.060943 -0.006031
v -0.010312 0.055842 -0.003207
v -0.010734 0.055719 -0.000536
v -0.009973 0.027004 -0.008857
v -0.010034 0.074847 0.011561
v -0.011297 0.057965 -0.005955
v -0.010546 0.055492 0.001436
v -0.008716 0.025793 -0.011990
v -0.009982 0.049646 0.001077
v -0.009540 0.026310 0.009864
v -0.011130 0.008567 -0.017919
v -0.009114 0.040594 -0.005011
v -0.009167 0.070382 0.007441
v -0.008586 0.059212 0.010089
v -0.008914 0.032236 -0.007734
v -0.009521 0.026875 0.009358
v -0.008683 0.070360 0.007316
v -0.008356 0.055885 -0.006852
v -0.008647 0.024264 -0.013133
v -0.008767 0.058330 0.009538
v -0.009297 0.023182 -0.012337
v -0.006686 0.027329 0.011341
v -0.006698 0.010599 -0.020781
v -0.006218 0.000019 -0.019686
v -0.006907 0.041944 0.007603
v -0.008689 0.070344 -0.007325
v -0.006706 0.054710 0.008047
v -0.007153 0.070530 0.008909
v -0.007541 0.060939 -0.009950
v -0.007212 0.060959 0.010136
v -0.006970 0.062931 0.013675
v -0.006922 0.052528 -0.007589
v -0.005894 0.057327 0.009842
v -0.007667 0.062699 -0.013115
v -0.004905 0.011934 -0.021316
v -0.006339 0.060960 -0.010760
v -0.006649 0.044376 -0.007574
v -0.006542 0.000477 0.021243
v -0.006059 0.012813 0.020888
v -0.004364 0.074794 0.011173
v -0.005108 0.074429 -0.010420
v -0.004262 0.040464 0.009445
v -0.003238 0.063173 -0.015100
v -0.005344 0.056909 -0.010006
v -0.003441 0.008892 -0.020989
v -0.004577 0.060478 0.012055
v -0.004279 0.060940 -0.011718
v -0.005604 0.000316 -0.021329
v -0.002799 0.033150 0.011152
v -0.003041 0.057323 0.011053
v -0.003404 0.074251 -0.011045
v -0.002915 0.056197 0.010535
v -0.003282 0.060957 -0.012035
v -0.002147 0.023364 0.015348
v -0.002705 0.074712 0.015002
v -0.001929 0.070614 0.011336
v -0.001451 0.049143 -0.009928
v -0.002603 0.016465 0.019442
v -0.002390 0.060970 0.012211
v -0.000966 0.057886 0.012526
v 0.002419 0.069670 0.015233
v -0.000608 0.000513 0.022251
v -0.000804 0.005513 -0.022307
v -0.002157 0.074943 0.013675
v -0.001761 0.060962 -0.012355
v -0.001686 0.074716 0.011816
v 0.002426 0.070297 0.010738
v -0.000740 0.059443 -0.013261
v -0.000326 0.057304 0.011436
v -0.001033 0.024545 -0.015682
v 0.000962 0.023290 -0.015495
v -0.000042 0.024233 0.015660
v 0.000181 0.051259 0.010089
v 0.002192 0.000683 -0.022237
v 0.000759 0.020234 0.015361
v 0.003282 0.005818 -0.021849
v 0.001602 0.074518 0.011833
v 0.000771 0.025155 0.015385
v 0.001689 0.070472 0.012572
v 0.001561 0.074674 -0.013071
v 0.001888 0.034086 -0.011214
v 0.002187 0.074902 0.012074
v 0.003064 0.054871 -0.010076
v 0.003870 0.074184 0.010849
v 0.002849 0.057309 -0.011119
v 0.004248 0.063020 -0.014779
v 0.002685 0.062214 -0.014316
v 0.003220 0.074547 -0.011198
v 0.003318 0.026317 -0.013280
v 0.003456 0.031281 0.011421
v 0.004787 0.074149 -0.014882
v 0.005029 0.053109 -0.008971
v 0.003841 0.073890 0.015135
v 0.005919 0.063344 0.014152
v 0.006015 0.027254 0.011735
v 0.004494 0.060985 -0.011646
v 0.005543 0.023566 -0.014605
v 0.006114 0.020485 0.013992
v 0.006959 0.074785 0.013673
v 0.004055 0.056123 -0.010124
v 0.004432 0.008951 -0.020788
v 0.004826 0.060955 0.011428
v 0.005338 0.023344 0.014527
v 0.007075 0.000288 -0.020834
v 0.006910 0.053568 0.007679
v 0.005939 0.060976 -0.010976
v 0.006951 0.055867 0.008248
v 0.006056 0.031408 0.010310
v 0.007471 0.019562 0.013927
v 0.007147 0.012439 0.020608
v 0.006691 0.005335 0.021265
v 0.006589 0.062674 -0.013636
v 0.006789 0.046363 0.007256
v 0.008262 0.059460 -0.010408
v 0.006706 0.060957 -0.010523
v 0.006484 0.026286 0.012069
v 0.006644 0.057992 0.010795
v 0.007210 0.023994 0.013892
v 0.008408 0.043953 -0.005625
v 0.008232 0.056852 -0.007730
v 0.007967 0.008792 0.019611
v 0.008831 0.007157 0.018045
v 0.009044 0.074849 0.007908
v 0.008945 0.010897 -0.019937
v 0.007612 0.025353 -0.013227
v 0.007278 0.022009 0.013013
v 0.009267 0.056181 -0.005789
v 0.009179 0.014541 0.019000
v 0.011456 0.062179 -0.008947
v 0.008792 0.074551 0.007443
v 0.010619 0.025159 0.011159
v 0.009316 0.062935 0.012095
v 0.008405 0.026244 -0.010909
v 0.008723 0.015032 -0.018938
v 0.009171 0.027283 -0.009462
v 0.008820 0.021503 0.012042
v 0.009426 0.060950 0.008045
v 0.009276 0.025904 -0.011311
v 0.008786 0.070249 0.006911
v 0.008595 0.008557 -0.019239
v 0.009715 0.021360 -0.011422
v 0.009700 0.060466 0.008467
v 0.009991 0.049322 0.000194
v 0.009834 0.057321 0.005818
v 0.011838 0.005095 -0.018955
v 0.010309 0.055862 -0.003098
v 0.010068 0.070268 0.007979
v 0.010534 0.070296 0.003571
v 0.011496 0.023254 0.010312
v 0.010874 0.060963 -0.006038
v 0.010880 0.070542 0.003711
v 0.010803 0.055891 -0.000158
v 0.010845 0.062582 0.010370
v 0.011515 0.007231 0.016476
v 0.010952 0.059814 0.007260
v 0.011071 0.074925 0.009882
v 0.010888 0.070589 -0.003700
v 0.010912 0.074483 -0.003828
v 0.011192 0.074456 -0.002836
v 0.011166 0.060952 0.005361
v 0.011236 0.074807 -0.009335
v 0.011603 0.074716 -0.009743
v 0.010765 0.016671 -0.016201
v 0.011377 0.074183 0.001720
v 0.011361 0.033307 0.001657
v 0.011538 0.060948 -0.004609
v 0.011859 0.070204 0.009899
v 0.011686 0.074906 0.003947
v 0.012319 0.007162 -0.015881
v 0.011689 0.074725 0.002021
v 0.012420 0.070228 0.004834
v 0.011960 0.000354 0.018578
v 0.011408 0.060488 0.005922
v 0.010853 0.012480 -0.018926
v 0.012273 0.007021 0.015965
v 0.013364 0.026331 0.002899
v 0.013533 0.023956 0.007864
v 0.013003 0.058943 0.002373
v 0.012994 0.025079 -0.008376
v 0.013236 0.022580 0.007062
v 0.014457 0.074760 -0.004876
v 0.014127 0.074904 0.004565
v 0.014208 0.024523 -0.006572
v 0.015653 0.014179 -0.014414
v 0.017445 0.016885 0.007839
v 0.014398 0.007094 -0.014012
v 0.014773 0.025764 0.000203
v 0.014592 0.069501 -0.005265
v 0.014996 0.024317 0.004573
v 0.015299 0.020379 -0.000736
v 0.015189 0.019702 -0.003994
v 0.015180 0.023263 0.002968
v 0.015104 0.063061 -0.002717
v 0.015645 0.007157 -0.012599
v 0.016029 0.009373 -0.014223
v 0.015873 0.019428 -0.001208
v 0.019247 0.016167 -0.005130
v 0.017826 0.009725 0.012178
v 0.016577 0.007102 -0.011348
v 0.018494 0.000429 0.012218
v 0.017906 0.005720 0.012950
v 0.017212 0.007021 0.010422
v 0.019042 0.005357 -0.011626
v 0.018812 0.007107 -0.007027
v 0.019927 0.010848 0.009026
v 0.019732 0.007014 -0.004114
v 0.021138 0.000856 -0.007206
v 0.020803 0.008703 -0.003577
v 0.021119 0.012941 0.004978
v 0.021546 0.009665 -0.000781
v 0.021066 0.000494 0.007071
v 0.021641 0.010258 0.001930
v 0.022123 0.000737 0.003121
v 0.021788 0.000551 -0.004598
v -0.022349 0.005390 -0.000476
v -0.021767 0.000372 0.004138
v -0.020831 0.008309 -0.002034
v -0.021460 0.000509 0.006041
v -0.020669 0.013955 0.005628
v -0.020124 0.007130 -0.000681
v -0.019555 0.016137 0.004259
v -0.019777 0.007908 -0.006013
v -0.018657 0.014187 0.010267
v -0.018843 0.007151 -0.007085
v -0.015601 0.019607 -0.002605
v -0.016311 0.007096 -0.011800
v -0.015534 0.023629 0.001958
v -0.015518 0.024688 0.002013
v -0.015675 0.024234 -0.001288
v -0.014765 0.012620 -0.016006
v -0.014910 0.020401 -0.003637
v -0.014460 0.021608 -0.003958
v -0.013782 0.025148 -0.006934
v -0.013892 0.061982 -0.002989
v -0.014809 0.024522 0.005138
v -0.014268 0.070021 -0.005487
v -0.012863 0.074959 0.004437
v -0.013612 0.063247 -0.007409
v -0.013554 0.022371 0.006297
v -0.013625 0.000200 -0.017006
v -0.013241 0.070204 -0.005179
v -0.012236 0.060967 0.002349
v -0.013173 0.026282 0.003853
v -0.013154 0.059488 -0.001913
v -0.012627 0.058573 -0.003516
v -0.012466 0.058971 0.004347
v -0.012669 0.021585 0.007993
v -0.011612 0.060374 -0.005888
v -0.012497 0.074793 -0.004683
v -0.012007 0.019699 -0.010113
v -0.011977 0.060959 -0.003468
v -0.010629 0.032748 -0.004725
v -0.011761 0.060933 -0.004140
v -0.011340 0.059062 -0.006884
v -0.011566 0.060221 0.006044
v -0.011523 0.060955 -0.004765
v -0.011228 0.057312 0.002364
v -0.010969 0.074565 -0.003875
v -0.010953 0.070499 0.003873
v -0.010904 0.074407 0.003742
v -0.010063 0.022503 0.011117
v -0.009158 0.060677 -0.008977
v -0.009525 0.020280 0.012064
v -0.011394 0.005166 -0.019257
v -0.009572 0.053047 0.003684
v -0.009867 0.011148 -0.019522
v -0.010640 0.063013 0.011103
v -0.009272 0.055756 -0.005473
v -0.010131 0.062878 -0.011462
v -0.010303 0.074602 0.008174
v -0.009327 0.048038 -0.003685
v -0.008432 0.022515 -0.012451
v -0.008279 0.055647 0.006783
v -0.007969 0.057958 -0.009860
v -0.008799 0.074543 -0.007544
v -0.007905 0.060969 0.009613
v -0.006854 0.015726 0.019134
v -0.009774 0.019763 -0.012279
v -0.007529 0.019679 0.013814
v -0.007978 0.057309 0.008212
v -0.007144 0.070537 -0.008921
v -0.006967 0.059232 -0.011324
v -0.008091 0.021489 0.012625
v -0.005107 0.057788 -0.011383
v -0.005942 0.059461 0.011851
v -0.004614 0.027439 -0.012360
v -0.005803 0.055319 -0.008927
v -0.005280 0.023300 0.014568
v -0.005705 0.070393 0.009736
v -0.002646 0.020796 0.014950
v -0.003104 0.024540 0.015362
v -0.004969 0.060964 -0.011440
v -0.003588 0.058902 -0.012730
v -0.003222 0.021680 0.014574
v -0.003076 0.014964 -0.020630
v -0.004047 0.070533 0.010666
v -0.001321 0.070237 -0.011062
v -0.003271 0.000318 -0.021871
v -0.001644 0.041517 -0.010223
v -0.000827 0.012039 0.021833
v -0.000004 0.058890 0.013225
v -0.001418 0.057944 -0.012620
v -0.002015 0.070180 -0.014768
v -0.001821 0.070228 0.013691
v -0.001995 0.026389 0.013473
v -0.001968 0.074493 0.014472
v -0.001203 0.063103 0.015366
v -0.001968 0.069994 -0.015142
v -0.000713 0.057294 -0.011429
v 0.000924 0.009917 0.021629
v 0.000476 0.022396 0.014935
v 0.002204 0.069983 0.015114
v 0.000643 0.054231 -0.010447
v -0.000114 0.026221 -0.013862
v 0.000357 0.026411 0.013571
v 0.001641 0.070176 -0.014025
v 0.001805 0.072145 0.011393
v 0.001813 0.074655 -0.011485
v 0.002494 0.020713 0.014979
v 0.001405 0.063033 -0.015331
v 0.002574 0.074859 0.014704
v 0.002688 0.005325 0.022157
v 0.002560 0.022336 0.014696
v 0.002012 0.055830 0.010558
v 0.001976 0.025736 0.014758
v 0.002912 0.074373 0.015236
v 0.005022 0.005860 0.021436
v 0.004261 0.019476 0.015290
v 0.005258 0.024801 0.014676
v 0.003980 0.060960 0.011741
v 0.006041 0.062796 0.013924
v 0.002968 0.057895 -0.012254
v 0.005126 0.060947 -0.011384
v 0.005059 0.074633 0.014610
v 0.005101 0.046356 0.008590
v 0.007330 0.060510 -0.010604
v 0.007437 0.055886 -0.007815
v 0.007580 0.025015 0.013467
v 0.007938 0.058831 0.010466
v 0.016160 0.000058 -0.013159
v 0.008226 0.057341 0.007955
v 0.009211 0.055995 0.005691
v 0.009313 0.038573 0.004998
v 0.008900 0.060948 0.008634
v 0.008402 0.024505 -0.013251
v 0.009358 0.062933 -0.012152
v 0.008836 0.019611 -0.013081
v 0.009720 0.048855 -0.002372
v 0.009978 0.033782 -0.005448
v 0.009182 0.023172 -0.012399
v 0.010725 0.057859 -0.006489
v 0.010399 0.070239 -0.008262
v 0.010469 0.007026 0.017190
v 0.010851 0.027151 -0.007621
v 0.010748 0.057324 -0.003876
v 0.010383 0.054414 -0.001149
v 0.010889 0.022320 -0.010199
v 0.010273 0.000518 -0.019751
v 0.011069 0.030335 0.005195
v 0.010788 0.025032 -0.011116
v 0.011254 0.070330 0.004233
v 0.011826 0.074293 -0.010051
v 0.012353 0.020442 0.008977
v 0.012080 0.069777 -0.009563
v 0.013017 0.062779 0.007824
v 0.012553 0.057919 -0.000991
v 0.013376 0.069777 0.007444
v 0.012559 0.022601 -0.008275
v 0.013689 0.019575 -0.007946
v 0.013158 0.070069 0.007110
v 0.015701 0.005842 -0.015459
v 0.013280 0.069938 -0.007574
v 0.013815 0.013156 0.016651
v 0.015005 0.062568 0.000859
v 0.015266 0.025201 -0.001551
v 0.015098 0.074052 -0.003920
v 0.015685 0.024058 -0.000370
v 0.015620 0.019516 0.002573
v 0.017420 0.005523 -0.013886
v 0.017164 0.014591 0.012229
v 0.018222 0.012474 -0.011963
v 0.019733 0.016347 0.001029
v 0.020439 0.000451 -0.008647
v 0.019756 0.007123 0.003591
v 0.019990 0.014585 -0.006700
v 0.021022 0.010628 0.005729
v 0.021488 0.005217 -0.006142
v 0.022192 0.005299 -0.002352
v 0.021907 0.000380 0.003087
v -0.020985 0.008704 0.002797
v -0.020922 0.011174 0.006521
v -0.019835 0.005581 -0.010171
v -0.019843 0.007112 -0.003427
v -0.019364 0.007112 -0.005498
v -0.019321 0.007118 0.005679
v -0.017409 0.013407 -0.012796
v -0.018083 0.015958 0.008827
v -0.018220 0.000534 -0.012834
v -0.016805 0.011033 -0.014013
v -0.015802 0.019198 0.003616
v -0.014835 0.062986 -0.004213
v -0.013259 0.000016 0.015613
v -0.015042 0.074728 0.003427
v -0.014318 0.074363 0.005326
v -0.010215 0.015046 0.018102
v -0.010325 0.005896 0.019393
v -0.012521 0.060632 0.002730
v -0.012602 0.070220 0.004890
v -0.012406 0.060966 0.001308
v -0.012231 0.060947 -0.002457
v -0.011615 0.057859 -0.004732
v -0.011294 0.074634 0.004150
v -0.012057 0.070261 -0.004699
v -0.011324 0.026286 0.007799
v -0.010935 0.070627 -0.003863
v -0.010640 0.060955 0.006481
v -0.008004 0.000552 -0.020797
v -0.010733 0.057314 0.003952
v -0.011797 0.025615 0.009325
v -0.009879 0.021406 -0.011293
v -0.009009 0.000493 0.020324
v -0.010189 0.009315 0.018858
v -0.009338 0.060954 0.008239
v -0.008983 0.074734 0.007632
v -0.009379 0.025571 0.011771
v -0.008604 0.060966 0.008995
v -0.008040 0.060960 -0.009541
v -0.006631 0.026298 -0.012048
v -0.008414 0.061997 0.011498
v -0.008005 0.005681 -0.020716
v -0.006734 0.074727 0.013835
v -0.006871 0.056130 -0.008482
v -0.005700 0.070382 -0.009792
v -0.007210 0.074807 0.009586
v -0.005799 0.021442 0.013794
v -0.005874 0.007099 -0.019265
v -0.004610 0.037745 -0.009684
v -0.006729 0.005379 0.021291
v -0.004066 0.032213 -0.011038
v -0.003908 0.026232 -0.013254
v -0.003794 0.005670 -0.021906
v -0.004670 0.060962 0.011523
v -0.002508 0.019587 -0.015609
v -0.001687 0.074727 -0.011743
v -0.004985 0.025766 0.014018
v -0.002926 0.022482 0.014717
v -0.004095 0.025621 -0.014474
v -0.003176 0.025403 0.014922
v -0.002481 0.069742 0.015236
v -0.001414 0.060581 0.012724
v -0.002122 0.074945 -0.013494
v -0.001945 0.070747 -0.011409
v -0.002566 0.074815 -0.014832
v -0.002366 0.059768 0.012967
v 0.001043 0.025710 -0.014878
v 0.001538 0.043463 -0.010004
v 0.000991 0.060220 0.013006
v 0.002359 0.037794 0.010422
v 0.001646 0.070495 -0.011806
v 0.001966 0.070515 0.011625
v 0.001324 0.050142 -0.009996
v 0.004131 0.008730 0.020741
v 0.001954 0.070556 -0.011281
v 0.002277 0.074947 -0.012266
v 0.003735 0.016696 -0.019035
v 0.003748 0.048090 -0.009273
v 0.003375 0.026937 0.012894
v 0.004243 0.070331 -0.010347
v 0.003637 0.060959 -0.011940
v 0.004105 0.074760 -0.014793
v 0.003806 0.007124 -0.019761
v 0.004912 0.059023 0.012289
v 0.004812 0.021486 0.014156
v 0.004957 0.022549 0.014134
v 0.005213 0.060295 -0.011981
v 0.006234 0.074786 -0.014027
v 0.007094 0.063238 -0.013664
v 0.011416 0.000017 0.017003
v 0.006889 0.074799 -0.009829
v 0.007195 0.060951 0.010107
v 0.007323 0.070443 0.008647
v 0.008018 0.000340 0.020540
v 0.009054 0.063164 0.012445
v 0.008128 0.062258 0.012114
v 0.008883 0.074752 -0.007636
v 0.009759 0.041301 0.003269
v 0.010191 0.074760 -0.008286
v 0.009682 0.054344 0.003769
v 0.010267 0.026253 -0.009158
v 0.009689 0.070289 -0.007782
v 0.010051 0.060945 0.007265
v 0.011029 0.070173 -0.008744
v 0.011349 0.074722 0.009303
v 0.010727 0.059376 -0.007741
v 0.010852 0.074094 0.003743
v 0.011173 0.057272 0.002216
v 0.010830 0.074662 -0.011029
v 0.011183 0.060957 -0.005418
v 0.012266 0.060452 0.003923
v 0.011717 0.022592 0.009396
v 0.012485 0.009978 -0.017751
v 0.011853 0.060950 -0.003730
v 0.011581 0.009831 0.018263
v 0.013381 0.025651 -0.006706
v 0.012154 0.059337 0.005222
v 0.012480 0.074793 0.004685
v 0.012320 0.060958 0.001480
v 0.012750 0.021900 -0.007812
v 0.011689 0.025693 0.009324
v 0.013118 0.059771 0.001065
v 0.014283 0.009115 0.015763
v 0.012847 0.024353 -0.009050
v 0.014847 0.013116 -0.015796
v 0.014590 0.020242 0.004808
v 0.014023 0.074489 -0.005346
v 0.014634 0.025493 -0.003854
v 0.017607 0.000515 -0.013568
v 0.018825 0.007107 0.007004
v 0.019516 0.007180 -0.004825
v 0.021782 0.012630 0.000185
v 0.021669 0.005032 0.005443
v -0.021709 0.013059 0.001090
v -0.019230 0.016740 -0.002088
v -0.018945 0.000597 0.011761
v -0.017476 0.008100 0.011261
v -0.018586 0.012353 0.011491
v -0.017519 0.008842 -0.012030
v -0.015990 0.000339 0.015234
v -0.015002 0.021391 -0.000467
v -0.014883 0.062867 0.003667
v -0.014295 0.007167 -0.014209
v -0.011953 0.070183 -0.009928
v -0.013662 0.063320 0.007267
v -0.013232 0.059416 0.000837
v -0.012122 0.023382 0.009736
v -0.010764 0.024872 0.011218
v -0.011791 0.074456 -0.010127
v -0.011566 0.026263 -0.007509
v -0.011213 0.060950 0.005395
v -0.010425 0.059616 -0.008175
v -0.009758 0.058631 -0.008821
v -0.010161 0.070254 0.008024
v -0.010329 0.038358 -0.002510
v -0.009754 0.060962 -0.007773
v -0.008974 0.070458 -0.007414
v -0.009396 0.007101 -0.017809
v -0.005435 0.019352 0.015064
v -0.006307 0.019272 -0.014828
v -0.006359 0.023429 -0.014235
v -0.008108 0.057334 -0.008155
v -0.006460 0.048015 0.007598
v -0.005123 0.032758 0.010421
v -0.006004 0.057334 -0.009787
v -0.005979 0.060970 0.010901
v -0.004309 0.047106 -0.009024
v -0.005906 0.056047 0.009110
v -0.003947 0.074543 0.011001
v -0.006318 0.070074 0.005039
v -0.004363 0.013604 -0.021112
v -0.002437 0.070405 -0.015274
v -0.002012 0.074474 -0.014667
v -0.001993 0.070407 -0.011126
v -0.002733 0.023500 -0.015335
v -0.001795 0.074540 -0.011487
v -0.001677 0.070455 -0.011626
v 0.001148 0.030948 -0.012036
v -0.000449 0.033815 0.011340
v 0.000962 0.055963 -0.010818
v 0.003529 0.005252 -0.022092
v 0.001803 0.007090 0.020023
v 0.001406 0.060966 -0.012411
v 0.001612 0.074600 -0.011795
v 0.001717 0.074170 -0.014271
v 0.003086 0.074278 -0.015268
v 0.004871 0.027105 -0.012347
v 0.005358 0.010880 0.021192
v 0.004550 0.070422 0.010377
v 0.004410 0.070540 -0.010529
v 0.002891 0.057314 0.011087
v 0.004691 0.014321 0.020662
v 0.006437 0.057339 0.009446
v 0.004743 0.019483 -0.015209
v 0.006850 0.051651 -0.007392
v 0.006513 0.005671 -0.021220
v 0.009120 0.058036 -0.008907
v 0.011550 0.007932 -0.017128
v 0.009667 0.059206 0.009029
v 0.011294 0.070473 0.001229
v 0.010586 0.074197 0.011474
v 0.012314 0.014274 -0.017368
v 0.011855 0.070308 -0.009861
v 0.013347 0.026908 -0.000092
v 0.013547 0.022576 -0.006539
v 0.015276 0.024477 -0.003452
v 0.015369 0.074693 0.001493
v 0.016180 0.005288 0.015369
v 0.019180 0.000663 -0.011381
v 0.019910 0.008448 0.006662
v 0.020860 0.005500 -0.007778
v 0.019702 0.005749 -0.010027
v 0.020248 0.011532 -0.008253
v 0.020675 0.012978 -0.006620
v 0.021608 0.005786 -0.004463
v 0.020216 0.014884 0.005287
v 0.020564 0.000203 0.007105
v -0.022327 0.000615 -0.001294
v -0.021920 0.000371 -0.003322
v -0.020088 0.010999 -0.008659
v -0.016899 0.000573 0.014515
v -0.015377 0.016300 0.012460
v -0.013625 0.023978 0.007759
v -0.013462 0.069837 -0.007476
v -0.014304 0.023202 0.005940
v -0.014354 0.000655 -0.017088
v -0.012624 0.011153 0.017892
v -0.011468 0.005773 -0.018918
v -0.012329 0.000408 -0.018434
v -0.010122 0.024099 0.012009
v -0.011658 0.021576 -0.009449
v -0.011703 0.074438 0.009440
v -0.009741 0.040013 0.003797
v -0.009623 0.057332 0.006251
v -0.009866 0.013134 0.019304
v -0.007336 0.074176 -0.008935
v -0.006135 0.005219 -0.021503
v -0.004699 0.000731 -0.021887
v -0.004959 0.005800 0.021511
v -0.003859 0.007116 -0.019757
v -0.004626 0.026883 0.012521
v -0.003160 0.073912 -0.015291
v -0.002215 0.069109 -0.015326
v -0.001424 0.027075 -0.013224
v -0.001936 0.070130 0.014422
v -0.002185 0.070008 0.015095
v -0.001657 0.070416 0.011683
v -0.000929 0.019530 0.015858
v 0.001949 0.070321 -0.011019
v 0.001848 0.010631 -0.021753
v 0.002381 0.070710 0.011259
v 0.000650 0.014026 0.021341
v 0.002554 0.060976 -0.012215
v 0.003161 0.060937 0.011998
v 0.004515 0.032935 -0.010652
v 0.003992 0.042332 -0.009455
v 0.007575 0.000716 -0.021011
v 0.004808 0.021084 -0.014289
v 0.007973 0.033139 0.008292
v 0.010289 0.019610 0.011951
v 0.007765 0.074476 0.008565
v 0.008774 0.033274 -0.007439
v 0.009833 0.074854 0.008109
v 0.009556 0.048963 0.002894
v 0.010512 0.056046 0.002589
v 0.011844 0.074161 0.009739
v 0.012136 0.060954 -0.002624
v 0.012384 0.005409 0.018511
v 0.013184 0.059033 -0.001096
v 0.014212 0.074541 0.005295
v 0.014264 0.070026 -0.005435
v 0.015340 0.063374 0.001113
v 0.015841 0.015952 0.012322
v 0.016929 0.007160 0.010804
v 0.017134 0.016292 -0.009891
v 0.020448 0.005165 0.008989
v 0.020016 0.007100 -0.001764
v 0.021940 0.005945 -0.000403
v 0.022283 0.000766 -0.001357
v -0.020617 0.000568 0.008474
v -0.015385 0.074781 0.000405
v -0.014954 0.024107 -0.004936
v -0.014555 0.021809 0.003420
v -0.014397 0.074372 -0.005343
v -0.012347 0.013678 0.017603
v -0.012182 0.062985 -0.009421
v -0.011866 0.074165 -0.009652
v -0.009866 0.057321 -0.005876
v -0.007097 0.024991 -0.013839
v -0.003079 0.059749 -0.012863
v -0.001620 0.070396 -0.012363
v -0.000384 0.005858 0.022036
v 0.002916 0.057993 0.012328
v 0.002525 0.059596 -0.013032
v 0.003066 0.000190 -0.021629
v 0.005509 0.060952 0.011119
v 0.007367 0.059529 0.010968
v 0.007462 0.007041 -0.018724
v 0.009255 0.058003 0.008640
v 0.009692 0.022539 0.011414
v 0.010841 0.057324 0.003612
v 0.011216 0.070511 -0.001830
v 0.011006 0.074602 0.003923
v 0.011669 0.060015 -0.005990
v 0.012380 0.074919 -0.004519
v 0.012106 0.060939 0.002705
v 0.014806 0.000529 0.016593
v 0.013778 0.025872 0.004921
v 0.018198 0.007013 0.008624
v 0.019266 0.005568 0.011084
v 0.020400 0.000039 -0.000010
v -0.017303 0.016746 -0.008677
v -0.013393 0.062540 -0.006778
v -0.011471 0.070150 -0.009063
v -0.011231 0.060937 -0.005438
v -0.010960 0.057327 -0.003456
v -0.010253 0.033061 0.005417
v -0.010390 0.056051 0.003278
v -0.010054 0.007039 0.017486
v -0.008966 0.057732 0.008458
v -0.008720 0.070766 0.007540
v -0.007179 0.034065 0.008759
v -0.004452 0.063104 0.014758
v -0.005985 0.029506 -0.010919
v -0.002444 0.054008 0.010108
v -0.000293 0.000519 -0.022289
v 0.001501 0.022506 -0.014985
v 0.002902 0.024400 -0.015452
v 0.002212 0.000607 0.022193
v 0.004520 0.056016 0.009837
v 0.009983 0.074781 0.011664
v 0.011388 0.063208 0.010320
v 0.013431 0.070153 -0.005259
v 0.014867 0.015825 -0.013665
v 0.014992 0.023336 -0.003928
v -0.019476 0.005820 0.010362
v -0.015955 0.014644 0.013717
v -0.012871 0.007110 0.015419
v -0.011932 0.020038 0.009929
v -0.011767 0.014889 -0.017325
v -0.006015 0.007121 0.019188
v -0.005684 0.060963 -0.011121
v 0.001404 0.072073 0.012161
v 0.001900 0.070166 0.014397
v 0.002043 0.069901 -0.015176
v 0.003677 0.012742 -0.021463
v 0.014829 0.022519 -0.002111
v 0.020058 0.000505 0.009566
v -0.008781 0.023255 0.012745
v -0.007787 0.007117 -0.018565
v -0.002793 0.074266 0.015246
v -0.000772 0.007141 -0.020126
v 0.000510 0.060955 0.012376
v 0.010403 0.037885 0.002420
v 0.014310 0.005042 -0.017165
v 0.013719 0.026305 -0.000323
v 0.014343 0.021270 -0.004381
v 0.015091 0.025203 0.002938
v 0.020170 0.009825 -0.007773
v 0.003996 0.000206 0.021464
v 0.008329 0.050332 -0.005620
v 0.012062 0.000711 0.018775
v -0.020764 0.000417 -0.007927
v -0.007020 0.074472 -0.013877
v 0.001972 0.050574 0.009824
v 0.011627 0.070101 -0.009296
v 0.012678 0.027795 0.002819
v 0.011780 0.000297 -0.018587
v 0.014291 0.023759 -0.006311
v 0.008523 0.000587 0.020588
vn -0.9227 -0.3781 0.0753
vn -0.8939 0.4481 -0.0117
vn -0.8809 -0.4704 -0.0527
vn -0.9567 0.2390 0.1662
vn -0.8639 0.4794 -0.1545
vn -0.4057 -0.9104 0.0808
vn -0.8798 -0.4067 -0.2461
vn -0.7023 0.6992 0.1339
vn -0.8259 -0.5029 0.2551
vn -0.8380 -0.5269 0.1420
vn -0.6814 -0.7203 -0.1299
vn -0.8480 0.4406 0.2944
vn -0.9900 -0.0921 0.1069
vn -0.9713 0.2322 0.0523
vn -0.9840 0.0510 -0.1706
vn -0.9653 -0.2437 -0.0935
vn -0.8985 0.2951 -0.3250
vn -0.9754 0.2203 0.0047
vn -0.7452 0.6395 -0.1889
vn -0.9163 0.3923 -0.0807
vn -0.8918 -0.4356 0.1222
vn -0.8757 -0.4751 -0.0862
vn -0.9538 -0.0422 0.2976
vn -0.9233 -0.2717 -0.2715
vn -0.8983 0.3668 0.2419
vn -0.8367 0.5441 0.0616
vn -0.7254 -0.6178 -0.3036
vn -0.9011 -0.3479 0.2588
vn -0.8732 0.4195 -0.2480
vn -0.8718 0.2762 0.4046
vn -0.7876 -0.5100 0.3458
vn -0.9057 0.2009 0.3734
vn -0.9383 0.1440 -0.3143
vn -0.7657 0.6214 -0.1661
vn -0.8982 0.3080 0.3136
vn -0.9153 -0.0885 -0.3928
vn -0.5502 0.8275 0.1120
vn -0.7844 0.4561 -0.4204
vn -0.6899 0.7217 -0.0567
vn -0.1528 -0.9850 -0.0806
vn -0.8285 -0.4994 -0.2531
vn -0.8514 0.2887 -0.4379
vn -0.7258 -0.6790 0.1105
vn -0.4243 -0.8725 0.2423
vn -0.6703 0.6443 0.3683
vn -0.8495 -0.2740 0.4508
vn -0.7170 0.6772 0.1653
vn -0.9553 0.2300 -0.1855
vn -0.8260 -0.3999 -0.3974
vn -0.8501 -0.0759 -0.5211
vn -0.9369 0.2196 -0.2718
vn -0.7359 -0.6082 0.2976
vn -0.7836 -0.3675 0.5009
vn -0.8790 0.2265 -0.4195
vn -0.8369 0.1193 0.5343
vn -0.7190 0.5789 -0.3846
vn -0.7062 -0.5842 -0.3999
vn -0.8004 0.2355 0.5513
vn -0.7871 0.4273 0.4449
vn -0.7145 -0.4865 -0.5028
vn -0.7690 0.3184 -0.5543
vn -0.5876 -0.7606 -0.2760
vn -0.6759 0.6584 0.3313
vn -0.7485 -0.4046 -0.5254
vn -0.6737 0.7100 -0.2047
vn -0.6167 0.7196 -0.3193
vn -0.7329 -0.4705 0.4914
vn -0.8647 0.3265 0.3817
vn -0.7717 0.2345 0.5912
vn -0.5959 0.6058 0.5271
vn -0.6921 0.7044 0.1574
vn -0.5690 0.6242 -0.5353
vn -0.8370 0.2122 0.5043
vn -0.7687 -0.0811 -0.6345
vn -0.7666 0.3010 -0.5672
vn -0.7950 0.2385 -0.5577
vn -0.7638 -0.0853 0.6398
vn -0.3765 -0.8576 -0.3503
vn -0.6878 -0.4448 0.5736
vn -0.6643 -0.3062 0.6818
vn -0.6883 -0.3264 -0.6478
vn -0.6404 -0.6943 -0.3283
vn -0.4079 -0.8132 0.4151
vn -0.6942 0.2299 0.6821
vn -0.5049 0.7462 -0.4338
vn -0.5575 0.6988 0.4481
vn -0.6320 0.5038 -0.5889
vn -0.6686 0.4756 0.5717
vn -0.6366 0.6780 0.3674
vn -0.6059 0.3765 -0.7008
vn -0.8019 0.5961 0.0406
vn -0.6690 0.2030 0.7150
vn -0.6643 -0.2395 -0.7081
vn -0.5090 0.6200 0.5971
vn -0.9827 -0.1427 -0.1180
vn -0.6397 -0.3755 -0.6707
vn -0.6836 0.2970 0.6668
vn -0.6558 0.1866 -0.7315
vn -0.4473 0.6792 0.5819
vn -0.0714 -0.9924 0.1000
vn -0.5538 -0.5987 0.5787
vn -0.8611 0.4575 0.2217
vn -0.4958 0.7032 -0.5096
vn -0.5764 -0.4053 -0.7096
vn -0.9538 -0.2701 0.1314
vn -0.9386 0.3190 0.1310
vn -0.9960 0.0073 -0.0896
vn -0.9626 0.2262 0.1492
vn -0.9592 0.2233 -0.1734
vn -0.8842 -0.4668 -0.0178
vn -0.9655 -0.2194 -0.1405
vn -0.4823 -0.5963 0.6418
vn -0.7481 0.6631 -0.0263
vn -0.6447 0.7643 0.0136
vn -0.7243 0.5940 -0.3501
vn -0.6114 0.5925 -0.5245
vn -0.5778 0.8072 -0.1205
vn -0.9597 -0.1884 0.2085
vn -0.9829 0.1806 -0.0349
vn -0.9528 -0.2404 -0.1857
vn -0.9699 -0.2433 0.0062
vn -0.8939 0.3952 -0.2115
vn -0.9378 -0.0966 -0.3335
vn -0.9358 0.1672 0.3105
vn -0.6163 0.7674 0.1765
vn -0.8634 -0.4356 -0.2547
vn -0.6634 0.7315 0.1575
vn -0.7995 0.2730 0.5351
vn -0.7126 0.5079 -0.4839
vn -0.8809 0.4264 -0.2054
vn -0.5372 0.5692 0.6225
vn -0.9948 0.0483 0.0898
vn -0.7743 -0.5907 0.2270
vn -0.8580 -0.3705 0.3557
vn -0.9049 -0.3296 0.2693
vn -0.5834 0.8008 -0.1354
vn -0.8914 0.1041 -0.4410
vn -0.8486 -0.2859 -0.4452
vn -0.9663 0.0984 0.2380
vn -0.9516 0.1445 -0.2714
vn -0.3087 0.8379 0.4501
vn -0.5737 -0.8174 0.0509
vn -0.0527 0.9144 -0.4013
vn -0.5681 -0.8128 -0.1287
vn -0.7560 0.5509 -0.3535
vn -0.3165 0.3690 -0.8739
vn -0.5758 -0.0830 0.8133
vn -0.8651 -0.2258 0.4480
vn -0.7855 0.2274 0.5755
vn 0.1108 0.9554 0.2739
vn -0.2027 0.3080 0.9295
vn -0.8583 0.3299 0.3930
vn -0.6161 0.2979 -0.7292
vn -0.8021 -0.3754 -0.4645
vn -0.7985 0.6012 0.0321
vn -0.7956 0.4674 0.3854
vn -0.8610 -0.1091 0.4968
vn -0.6253 -0.7152 -0.3123
vn -0.9229 -0.1591 -0.3507
vn -0.2319 -0.9312 -0.2813
vn -0.5545 0.3267 0.7654
vn -0.7429 0.5040 -0.4406
vn 0.3115 0.0545 0.9487
vn 0.3453 -0.2854 -0.8940
vn -0.3211 0.4820 -0.8152
vn -0.8495 0.0868 -0.5204
vn -0.5675 -0.1327 -0.8126
vn -0.8768 -0.2181 0.4284
vn -0.9045 -0.2364 0.3550
vn -0.6502 -0.6500 0.3933
vn 0.2408 0.5108 0.8253
vn -0.7042 0.6997 -0.1204
vn -0.7956 0.5780 -0.1814
vn -0.4958 0.5345 -0.6844
vn -0.5164 0.2477 -0.8198
vn -0.8332 0.2588 -0.4887
vn -0.4103 -0.6709 -0.6176
vn -0.4965 0.8261 0.2665
vn -0.6834 0.6984 0.2126
vn -0.7845 0.5347 0.3141
vn -0.3142 0.9485 -0.0413
vn 0.2204 0.3190 -0.9218
vn -0.7754 0.2725 0.5696
vn -0.5101 -0.5102 0.6925
vn -0.7720 0.4408 0.4580
vn -0.4854 -0.4335 -0.7592
vn -0.5356 0.8172 -0.2129
vn 0.3110 0.7133 -0.6281
vn -0.9678 0.2283 0.1058
vn -0.5236 0.7303 0.4388
vn -0.5112 0.7745 -0.3725
vn -0.8368 0.1399 0.5293
vn -0.4893 0.7111 0.5048
vn -0.3925 0.6281 -0.6719
vn -0.7430 0.3188 -0.5885
vn -0.4972 0.1723 -0.8504
vn -0.9771 -0.1912 -0.0931
vn -0.9625 -0.2643 0.0607
vn -0.7891 -0.1906 -0.5839
vn -0.5152 0.2929 0.8054
vn 0.0392 0.9685 0.2458
vn 0.2977 0.7241 -0.6221
vn -0.4587 -0.3002 -0.8363
vn -0.9702 -0.1203 0.2103
vn -0.9888 0.1340 0.0659
vn -0.8756 0.4718 -0.1031
vn -0.9879 0.0153 -0.1544
vn -0.9367 -0.3388 0.0877
vn -0.6758 -0.4614 0.5748
vn -0.9656 0.1154 0.2329
vn -0.6906 0.4636 0.5551
vn -0.5734 0.7591 0.3084
vn -0.7361 -0.6738 -0.0649
vn -0.7791 -0.2829 0.5595
vn -0.8769 -0.4159 -0.2409
vn -0.7246 -0.3006 0.6202
vn -0.3792 0.7163 0.5858
vn -0.8129 0.5511 0.1884
vn -0.3769 -0.6172 0.6907
vn -0.6034 0.6931 -0.3944
vn -0.9341 0.2670 -0.2371
vn -0.7006 -0.4242 -0.5738
vn -0.3961 0.5461 0.7382
vn -0.9077 0.3385 0.2481
vn -0.9445 0.1512 -0.2917
vn -0.4418 -0.3642 0.8198
vn -0.9222 -0.1754 0.3447
vn -0.9398 0.1758 0.2931
vn -0.7645 0.1583 -0.6249
vn -0.7172 -0.6812 0.1469
vn -0.9315 0.1838 -0.3140
vn 0.4606 -0.3199 0.8279
vn -0.5378 0.7639 -0.3568
vn -0.9611 -0.1064 0.2548
vn -0.0259 -0.9678 0.2502
vn 0.5076 0.0631 -0.8593
vn -0.9787 0.2052 -0.0102
vn -0.7934 0.4503 -0.4096
vn -0.7119 -0.0791 -0.6978
vn -0.9508 -0.2043 -0.2331
vn 0.6136 0.7796 0.1250
vn 0.4412 0.8857 -0.1448
vn -0.5760 -0.7893 -0.2126
vn 0.4337 0.8837 -0.1758
vn -0.8258 0.3700 0.4257
vn 0.7864 0.6119 0.0845
vn -0.6258 -0.7309 0.2724
vn 0.5390 0.4548 0.7090
vn -0.8495 -0.1306 -0.5112
vn -0.3355 0.6759 0.6562
vn -0.8826 -0.2095 0.4208
vn -0.5592 0.2143 -0.8009
vn -0.8282 0.3940 -0.3985
vn -0.6955 0.1786 0.6960
vn -0.5658 0.7157 0.4094
vn -0.9188 -0.2417 -0.3120
vn 0.1818 0.9817 0.0575
vn -0.6373 -0.6865 -0.3501
vn -0.8156 -0.1888 -0.5470
vn -0.4295 -0.7883 -0.4406
vn -0.4200 0.2295 0.8780
vn -0.7331 -0.5295 0.4268
vn -0.6660 -0.3190 -0.6743
vn -0.9215 -0.1868 -0.3404
vn -0.8008 -0.0952 0.5913
vn -0.6677 -0.7122 -0.2168
vn -0.5935 -0.1379 -0.7929
vn -0.6258 0.6782 0.3853
vn -0.7252 0.6421 -0.2486
vn -0.9142 0.2120 0.3455
vn -0.8516 0.4428 -0.2805
vn 0.8517 0.4485 -0.2709
vn -0.8626 0.4637 0.2022
vn -0.7869 0.4313 -0.4413
vn -0.6702 0.2128 0.7110
vn -0.3199 0.7437 -0.5871
vn -0.6509 0.3651 0.6656
vn -0.7384 0.5783 0.3469
vn -0.5188 0.8376 0.1712
vn -0.7015 -0.7020 0.1230
vn -0.8338 0.3213 0.4488
vn -0.5708 0.5052 -0.6473
vn -0.9497 0.2355 0.2066
vn -0.8863 0.2314 0.4012
vn -0.3852 0.6733 0.6311
vn -0.5272 0.4324 -0.7315
vn -0.5518 -0.3157 -0.7719
vn -0.6178 0.5276 -0.5831
vn -0.7058 -0.7066 -0.0513
vn 0.9677 0.2358 -0.0888
vn -0.5261 0.8060 -0.2712
vn -0.3770 0.3058 0.8743
vn -0.6332 -0.0287 0.7734
vn 0.9733 0.1753 0.1479
vn -0.6168 0.2632 0.7418
vn -0.3017 0.8992 -0.3169
vn 0.8901 0.4524 0.0547
vn 0.7396 0.6719 -0.0389
vn -0.3929 0.9022 0.1780
vn -0.6174 -0.4399 0.6522
vn 0.8733 0.2973 -0.3861
vn -0.7699 0.1726 -0.6144
vn -0.8872 0.2202 -0.4054
vn -0.4271 0.2605 -0.8659
vn 0.9438 0.2641 0.1986
vn 0.2826 0.9527 -0.1121
vn -0.4050 0.7195 0.5642
vn -0.3441 0.8307 0.4376
vn 0.8952 0.4361 -0.0921
vn -0.5331 0.4296 -0.7288
vn -0.3714 0.8930 -0.2543
vn -0.9564 0.1453 -0.2532
vn -0.9104 -0.3031 -0.2817
vn -0.9519 -0.3012 -0.0557
vn -0.9521 -0.2814 0.1198
vn -0.6499 0.2714 -0.7099
vn -0.8322 -0.1770 0.5255
vn -0.4523 -0.0750 -0.8887
vn -0.2820 0.8482 0.4483
vn 0.7198 0.4392 0.5375
vn -0.6396 -0.2645 0.7217
vn -0.5786 -0.4738 -0.6639
vn -0.3594 -0.3838 -0.8506
vn -0.7751 -0.1915 0.6022
vn -0.6481 -0.7136 0.2661
vn -0.5529 0.4271 0.7155
vn -0.7370 0.3420 -0.5829
vn -0.5166 -0.3540 0.7796
vn -0.6695 -0.3876 -0.6337
vn -0.9741 0.1178 0.1932
vn -0.6313 0.2353 -0.7390
vn -0.7275 0.2339 -0.6450
vn -0.3594 0.7462 -0.5604
vn -0.8921 -0.3367 0.3012
vn -0.2431 -0.8174 -0.5222
vn -0.2187 0.8981 -0.3816
vn -0.4093 -0.3180 0.8552
vn -0.4931 0.6720 -0.5524
vn -0.3362 0.7940 -0.5065
vn -0.7621 -0.1878 -0.6196
vn -0.9969 0.0594 -0.0524
vn -0.6657 0.4266 0.6122
vn -0.5933 -0.7214 -0.3572
vn -0.3631 -0.6697 0.6478
vn -0.0298 -0.9941 -0.1048
vn 0.0715 0.9798 0.1866
vn 0.0270 0.9995 -0.0178
vn -0.5500 -0.3973 -0.7346
vn -0.9305 -0.1316 0.3419
vn -0.1652 0.9551 -0.2460
vn -0.5772 0.5873 -0.5673
vn -0.3507 -0.8004 0.4863
vn -0.3218 -0.2109 0.9230
vn -0.5431 -0.3638 0.7568
vn -0.8174 -0.3037 -0.4895
vn -0.4292 -0.8071 0.4054
vn -0.7200 -0.0784 -0.6896
vn -0.4486 0.7347 0.5089
vn -0.6410 0.4203 0.6422
vn -0.9837 -0.0772 -0.1627
vn -0.3516 0.5413 -0.7638
vn -0.5995 -0.7029 0.3829
vn -0.3112 -0.6365 0.7057
vn 0.0171 0.6222 0.7827
vn -0.9921 -0.0326 0.1214
vn -0.9461 0.1132 0.3035
vn -0.5588 -0.5454 0.6247
vn -0.5174 -0.2790 -0.8090
vn -0.9309 -0.0015 -0.3653
vn -0.5053 0.3087 0.8058
vn -0.7791 0.2002 0.5941
vn -0.8340 -0.2841 0.4730
vn -0.5442 0.0459 -0.8377
vn -0.6647 -0.1750 0.7264
vn -0.3289 0.8790 0.3451
vn -0.3637 0.2244 -0.9041
vn -0.7250 -0.3152 -0.6125
vn 0.1473 0.8756 0.4600
vn 0.4609 0.8827 -0.0920
vn -0.8943 0.0340 0.4461
vn -0.8728 -0.1273 -0.4711
vn -0.6350 -0.0386 0.7716
vn -0.2413 -0.4028 -0.8829
vn -0.6050 0.2551 -0.7543
vn -0.5355 0.1892 0.8231
vn -0.3741 0.5908 0.7148
vn 0.1052 0.7782 -0.6192
vn -0.4143 -0.5553 -0.7211
vn -0.2822 0.7481 0.6006
vn -0.3172 0.4833 -0.8160
vn -0.8769 0.0909 -0.4720
vn -0.4472 -0.6902 -0.5689
vn -0.4987 -0.6964 -0.5161
vn 0.0170 0.8348 -0.5502
vn -0.3184 -0.4406 -0.8393
vn -0.0692 -0.0026 0.9976
vn -0.4189 0.4472 0.7903
vn -0.5028 -0.2740 0.8198
vn -0.2915 -0.1636 -0.9425
vn -0.6381 0.1812 -0.7483
vn -0.4916 0.1526 -0.8573
vn -0.4862 -0.6851 0.5424
vn 0.3133 0.2702 -0.9104
vn -0.3897 -0.4572 0.7994
vn -0.3546 0.2075 -0.9117
vn -0.2778 0.3559 0.8923
vn 0.2419 0.9186 -0.3126
vn -0.2663 0.6121 0.7446
vn -0.3523 0.2204 -0.9096
vn 0.3635 0.8051 0.4687
vn -0.3428 0.8624 -0.3726
vn 0.4105 0.2096 -0.8875
vn -0.2420 -0.5801 0.7778
vn -0.4241 0.3741 -0.8247
vn -0.8041 -0.0559 0.5918
vn -0.2756 0.2108 0.9379
vn -0.7371 -0.2926 0.6091
vn -0.8169 -0.0038 -0.5768
vn 0.5452 0.4617 0.6998
vn 0.5104 0.3102 0.8020
vn -0.3856 0.4409 -0.8105
vn -0.2333 0.7109 0.6634
vn -0.4983 0.4675 0.7302
vn -0.5519 -0.2112 -0.8068
vn -0.2984 0.2370 0.9245
vn -0.5214 -0.0856 -0.8490
vn -0.3113 0.6936 0.6496
vn -0.2054 0.7684 0.6061
vn -0.6176 -0.1914 0.7628
vn -0.4150 -0.0161 0.9097
vn -0.2483 0.8891 -0.3845
vn -0.3881 -0.2911 -0.8744
vn -0.1718 0.7855 0.5946
vn 0.6430 0.3549 -0.6787
vn 0.5252 0.4722 -0.7079
vn -0.6165 0.2089 0.7592
vn -0.6143 -0.2148 0.7592
vn -0.0842 0.9390 -0.3334
vn 0.6204 0.2497 0.7435
vn -0.3324 -0.7327 0.5939
vn -0.4917 0.3625 0.7917
vn -0.3399 0.6920 -0.6368
vn -0.6599 -0.1066 -0.7437
vn -0.2783 -0.7753 0.5670
vn -0.5847 -0.1717 0.7929
vn -0.4448 -0.2620 0.8565
vn -0.2640 0.5679 -0.7796
vn -0.6600 0.0774 0.7472
vn -0.5927 -0.4073 -0.6949
vn -0.4204 0.6547 -0.6282
vn -0.3145 0.4525 -0.8344
vn 0.4267 0.6166 0.6616
vn -0.2705 0.6900 -0.6713
vn 0.0856 0.9950 0.0512
vn -0.4894 0.3027 -0.8178
vn -0.6223 0.0010 0.7828
vn 0.4224 0.8972 0.1287
vn -0.6054 0.0781 -0.7921
vn -0.4429 0.0742 0.8935
vn -0.4840 -0.3501 0.8020
vn 0.4551 0.3818 -0.8044
vn -0.3854 -0.7180 -0.5796
vn -0.3765 -0.2573 -0.8900
vn -0.4417 -0.4202 0.7926
vn -0.1860 -0.3018 -0.9351
vn -0.2595 0.2256 -0.9390
vn -0.1845 0.3323 -0.9249
vn -0.1407 -0.8334 -0.5345
vn -0.3320 0.1109 0.9367
vn -0.3716 0.4144 -0.8308
vn -0.3192 -0.3086 -0.8960
vn -0.1445 0.6013 0.7859
vn -0.2280 -0.7936 -0.5640
vn -0.3080 -0.3307 0.8921
vn -0.3834 -0.2886 0.8773
vn -0.4308 -0.3089 -0.8479
vn -0.3649 -0.4329 -0.8243
vn -0.2912 0.8569 0.4254
vn -0.5346 -0.2660 -0.8022
vn -0.1561 -0.7172 0.6792
vn -0.4986 -0.1979 -0.8439
vn -0.1152 0.7227 -0.6815
vn -0.2528 0.0659 -0.9653
vn -0.2973 0.4881 0.8206
vn -0.3051 0.3677 -0.8785
vn -0.3537 0.1473 0.9237
vn -0.1439 -0.1534 0.9776
vn -0.1564 0.6495 -0.7441
vn -0.2214 0.0552 -0.9736
vn 0.3982 0.6453 -0.6519
vn 0.3594 0.5060 -0.7841
vn -0.1611 0.8590 -0.4860
vn 0.1566 0.9219 -0.3543
vn 0.3523 0.4729 0.8076
vn 0.4729 0.1968 0.8589
vn -0.4310 -0.1333 -0.8924
vn -0.1759 0.7302 -0.6601
vn -0.4186 0.2387 0.8762
vn -0.1389 0.4372 0.8885
vn -0.2787 0.1864 -0.9421
vn -0.4017 0.1118 0.9089
vn -0.3933 -0.0876 0.9152
vn -0.1795 0.2112 -0.9608
vn -0.2642 0.4146 -0.8708
vn -0.1217 0.1066 -0.9868
vn -0.3952 -0.1317 0.9091
vn -0.4505 0.1578 -0.8787
vn -0.1735 0.3025 0.9372
vn -0.2045 -0.6624 -0.7207
vn -0.1222 0.5125 -0.8499
vn -0.3075 0.3513 0.8843
vn -0.1923 0.1570 0.9687
vn -0.4276 0.0195 -0.9038
vn -0.0901 0.6926 0.7157
vn -0.4212 -0.0243 0.9066
vn -0.1474 -0.4124 -0.8990
vn -0.2681 -0.3275 0.9060
vn -0.3139 -0.0926 -0.9449
vn -0.2443 -0.4065 0.8804
vn -0.2704 -0.2630 -0.9261
vn 0.1593 0.9512 -0.2642
vn -0.1414 0.9545 -0.2628
vn -0.3839 -0.1409 0.9126
vn -0.1914 0.6879 0.7001
vn -0.3610 -0.1078 -0.9263
vn -0.1901 -0.2434 0.9511
vn -0.1887 0.7201 -0.6678
vn -0.1250 -0.4751 0.8710
vn 0.1635 0.8489 -0.5027
vn 0.2811 0.3022 0.9109
vn -0.1266 0.6762 0.7258
vn -0.3223 -0.3115 -0.8939
vn -0.1335 -0.5141 0.8473
vn -0.1762 -0.6846 -0.7073
vn -0.0644 -0.7902 -0.6095
vn -0.1012 0.5405 -0.8352
vn -0.2315 0.2138 -0.9491
vn -0.0857 0.5678 0.8187
vn 0.3070 0.7798 0.5455
vn -0.1794 -0.2797 -0.9432
vn 0.6151 0.3671 -0.6978
vn -0.3137 0.2359 -0.9197
vn -0.2019 0.7528 -0.6265
vn -0.2038 0.1660 0.9648
vn -0.0968 -0.0399 -0.9945
vn -0.3700 0.0477 0.9278
vn -0.2430 -0.3470 0.9058
vn -0.0262 0.6785 0.7341
vn -0.2729 -0.1634 0.9481
vn -0.1522 0.1011 -0.9832
vn -0.1799 -0.7018 0.6893
vn -0.1387 0.5516 -0.8225
vn -0.1645 -0.2758 -0.9470
vn 0.2295 0.8625 -0.4510
vn 0.7118 0.6387 0.2922
vn -0.2193 0.2261 0.9491
vn -0.2738 -0.2091 -0.9388
vn 0.0976 0.2278 0.9688
vn 0.1710 0.7453 0.6444
vn -0.0740 -0.6780 -0.7313
vn -0.2641 -0.1427 0.9539
vn -0.0575 -0.7398 0.6703
vn -0.1477 -0.3032 -0.9414
vn -0.0492 0.0418 0.9979
vn -0.1749 0.1756 0.9688
vn -0.0712 0.2372 0.9688
vn -0.0355 0.0862 0.9956
vn 0.0122 0.7614 -0.6482
vn -0.0301 0.1636 -0.9861
vn -0.1463 -0.0184 -0.9891
vn -0.1061 -0.3502 0.9307
vn 0.2714 0.4221 -0.8649
vn -0.0543 0.2631 -0.9632
vn -0.0587 -0.4163 0.9073
vn -0.0372 -0.6804 -0.7319
vn -0.1249 0.0930 0.9878
vn -0.1096 0.3877 -0.9152
vn -0.1112 0.2018 -0.9731
vn -0.1467 0.0088 0.9891
vn -0.0818 0.6374 -0.7662
vn -0.0701 0.5505 0.8319
vn 0.5541 0.1848 0.8117
vn -0.0295 0.4451 -0.8950
vn -0.0072 -0.3518 -0.9360
vn 0.0116 0.6455 0.7637
vn 0.7224 0.6539 -0.2249
vn 0.5611 0.3513 0.7495
vn -0.0123 -0.4694 -0.8829
vn -0.1942 -0.2715 0.9426
vn -0.0768 -0.1640 -0.9835
vn 0.6295 0.3092 -0.7129
vn -0.1178 -0.3176 -0.9409
vn -0.0294 0.0317 -0.9991
vn 0.7180 0.1917 -0.6692
vn 0.0213 0.2196 -0.9754
vn 0.6818 0.1552 0.7149
vn -0.0068 -0.7189 0.6950
vn 0.3341 0.5522 -0.7639
vn -0.0622 -0.1096 0.9920
vn 0.0363 0.5129 0.8577
vn 0.8312 0.3692 -0.4156
vn 0.0316 0.6327 0.7738
vn 0.3577 0.4147 0.8367
vn 0.8353 0.4192 0.3558
vn 0.0222 0.0320 0.9992
vn 0.0604 -0.9187 -0.3904
vn 0.0012 -0.5142 -0.8577
vn -0.0011 0.2431 0.9700
vn 0.6695 0.6796 0.2998
vn 0.7000 0.6106 -0.3703
vn -0.0498 0.2006 0.9784
vn 0.0262 -0.3591 -0.9329
vn -0.0546 0.0326 -0.9980
vn -0.0179 -0.5657 0.8244
vn 0.0101 -0.2340 0.9722
vn 0.0176 0.3979 0.9173
vn 0.0652 0.6394 0.7661
vn 0.7609 0.6248 0.1747
vn 0.9923 -0.0372 0.1183
vn 0.0359 -0.8604 -0.5084
vn 0.8339 0.5173 0.1924
vn 0.0740 0.7450 -0.6629
vn 0.8832 -0.4162 -0.2161
vn 0.7165 -0.6960 0.0468
vn 0.0556 -0.2802 0.9583
vn 0.0262 0.2990 -0.9539
vn 0.8015 -0.5978 -0.0112
vn 0.1135 0.7656 0.6332
vn -0.3985 0.3974 0.8266
vn 0.0923 -0.8010 0.5915
vn -0.0416 -0.7096 0.7034
vn -0.0177 0.0563 0.9983
vn 0.0523 -0.3215 -0.9455
vn 0.1354 -0.3115 -0.9405
vn 0.0525 0.6227 -0.7807
vn 0.0370 0.6664 -0.7447
vn 0.0601 -0.1580 -0.9856
vn 0.1140 -0.3279 -0.9378
vn 0.0691 -0.4725 0.8786
vn 0.0109 -0.2066 0.9784
vn 0.0611 -0.3055 0.9502
vn -0.3727 0.9275 0.0288
vn -0.2357 0.9713 0.0319
vn 0.0508 0.5091 -0.8592
vn 0.0762 0.4227 0.9031
vn 0.0680 0.5024 0.8619
vn 0.1646 0.2685 0.9491
vn 0.0826 -0.4094 -0.9086
vn 0.0311 -0.1012 0.9944
vn 0.0956 -0.1512 -0.9839
vn 0.0762 -0.1018 -0.9919
vn 0.1543 -0.4010 0.9030
vn -0.1815 0.9495 0.2560
vn 0.1385 0.1941 -0.9712
vn 0.1439 0.0742 -0.9868
vn 0.0801 -0.9205 0.3825
vn 0.1897 -0.0515 0.9805
vn 0.1206 -0.0555 -0.9911
vn 0.0780 0.2774 -0.9576
vn 0.0855 0.3787 -0.9216
vn 0.0469 -0.2905 0.9557
vn 0.2002 0.1039 -0.9742
vn 0.3546 0.1092 -0.9286
vn 0.1640 -0.3048 0.9382
vn -0.1955 0.4358 -0.8786
vn 0.1579 0.2950 0.9424
vn 0.1543 0.7106 -0.6865
vn 0.2017 0.1459 0.9685
vn 0.1730 -0.6936 0.6993
vn 0.1274 0.3188 0.9392
vn 0.1100 0.2800 0.9537
vn 0.1219 -0.7876 -0.6040
vn -0.6589 0.6934 -0.2916
vn 0.1668 -0.7301 -0.6627
vn 0.1006 -0.3709 -0.9232
vn 0.1724 0.2251 -0.9590
vn 0.1222 0.1503 0.9811
vn 0.1878 -0.2360 0.9534
vn 0.1270 0.6600 -0.7404
vn 0.4794 0.0390 0.8767
vn 0.2011 -0.1923 0.9605
vn -0.9250 -0.2739 0.2635
vn 0.1877 -0.7268 -0.6607
vn 0.1649 0.3860 -0.9076
vn 0.2171 0.7641 0.6075
vn 0.2501 -0.2748 -0.9284
vn 0.2057 0.1366 -0.9690
vn 0.1789 0.1262 -0.9757
vn 0.1105 -0.3844 -0.9165
vn 0.1623 -0.6997 0.6957
vn -0.9989 0.0045 -0.0463
vn 0.1907 0.2568 0.9474
vn 0.1877 -0.4361 -0.8801
vn 0.0612 0.9281 -0.3672
vn -0.8005 0.5942 -0.0782
vn -0.9865 -0.0588 -0.1526
vn -0.8138 0.4741 0.3362
vn -0.8521 0.4878 -0.1895
vn -0.9008 0.2769 0.3346
vn -0.8299 0.4990 0.2495
vn -0.8909 0.2436 -0.3834
vn 0.2101 0.6588 0.7224
vn -0.5293 0.4800 -0.6995
vn -0.8083 0.2478 -0.5340
vn -0.9326 0.3599 0.0254
vn 0.1786 0.6656 -0.7246
vn 0.2206 -0.2791 0.9346
vn -0.6529 -0.0445 -0.7562
vn -0.5884 0.1795 -0.7884
vn 0.2284 0.4263 0.8753
vn -0.6370 0.3218 0.7005
vn -0.5074 0.5660 0.6498
vn -0.1715 0.9770 0.1264
vn 0.1816 -0.4366 0.8811
vn -0.5378 0.2560 -0.8032
vn -0.3341 0.7835 -0.5240
vn 0.2347 -0.0624 0.9701
vn -0.4748 0.1695 -0.8636
vn 0.2639 0.4332 -0.8618
vn 0.3673 -0.0182 -0.9299
vn -0.2743 0.9537 -0.1232
vn -0.3397 0.3119 -0.8873
vn -0.2263 0.8774 0.4231
vn 0.4842 0.1337 0.8647
vn -0.5592 0.2210 0.7990
vn 0.0634 -0.9944 0.0851
vn 0.2951 0.3845 -0.8747
vn 0.2449 0.6459 -0.7230
vn 0.2588 -0.1775 -0.9495
vn 0.3721 0.2229 -0.9010
vn -0.3641 0.3999 0.8412
vn -0.2565 0.4821 0.8377
vn 0.1880 0.7932 -0.5792
vn 0.1881 0.7194 -0.6687
vn 0.2121 0.4281 0.8785
vn -0.3323 0.6255 -0.7059
vn 0.2425 -0.1275 0.9617
vn 0.2096 0.2134 -0.9542
vn -0.0057 0.4068 0.9135
vn 0.1671 0.1878 -0.9679
vn 0.1829 0.7702 0.6110
vn -0.1678 0.8613 -0.4796
vn 0.4356 -0.0882 0.8958
vn 0.1936 0.6462 0.7382
vn 0.0720 0.3019 -0.9506
vn 0.2565 -0.4064 -0.8769
vn 0.3512 -0.3315 -0.8757
vn 0.2218 -0.4666 0.8562
vn 0.3232 0.2694 -0.9072
vn 0.3770 0.4011 -0.8348
vn -0.1644 0.9834 -0.0767
vn 0.2588 0.0730 0.9632
vn 0.3378 0.4688 0.8161
vn 0.3696 -0.2090 -0.9054
vn 0.2870 0.2396 0.9275
vn -0.1304 0.9177 0.3754
vn 0.3297 -0.1120 0.9374
vn 0.4021 -0.3272 0.8551
vn 0.2503 -0.1911 -0.9491
vn 0.3520 0.3715 -0.8591
vn -0.4060 0.1910 0.8937
vn 0.5252 -0.0812 -0.8471
vn 0.3045 0.7926 0.5282
vn 0.1655 0.7889 -0.5918
vn 0.5129 0.0092 0.8584
vn 0.3702 -0.1879 0.9098
vn -0.4072 0.5933 -0.6944
vn 0.3142 0.1263 0.9409
vn 0.3404 0.1519 0.9279
vn 0.3404 -0.2401 -0.9091
vn 0.3391 -0.6928 -0.6364
vn 0.3664 -0.7220 -0.5869
vn 0.4232 -0.0646 0.9037
vn 0.3132 0.3518 0.8821
vn 0.3517 -0.2641 -0.8981
vn 0.3520 -0.1771 -0.9191
vn 0.2858 0.5786 0.7639
vn 0.2085 -0.4767 -0.8540
vn 0.5686 0.1731 -0.8042
vn 0.3792 -0.6952 0.6107
vn 0.3350 -0.5777 0.7443
vn 0.3327 -0.3117 0.8900
vn 0.3176 0.2034 -0.9262
vn -0.2440 0.8651 0.4384
vn 0.2439 0.1999 0.9490
vn 0.3406 -0.3214 0.8836
vn 0.6007 0.0220 -0.7992
vn 0.3421 -0.6451 -0.6833
vn 0.4767 0.2546 0.8414
vn 0.3741 0.3811 0.8455
vn 0.1732 -0.8758 -0.4504
vn 0.2301 0.6751 0.7009
vn 0.3475 -0.7138 0.6080
vn 0.3260 0.7193 -0.6134
vn 0.2432 0.5101 -0.8250
vn 0.3225 0.7452 0.5836
vn 0.3195 0.9458 0.0577
vn 0.3745 -0.1457 0.9157
vn 0.2943 0.2815 0.9133
vn 0.3238 0.6824 -0.6554
vn 0.2419 0.8073 -0.5384
vn 0.3548 0.7371 0.5751
vn 0.4168 0.3757 0.8277
vn 0.2081 0.7272 -0.6541
vn 0.3285 -0.2850 -0.9005
vn -0.4381 0.4626 -0.7708
vn 0.3231 0.0992 -0.9412
vn 0.4853 -0.2137 0.8478
vn 0.4490 -0.0814 0.8898
vn 0.1963 0.8177 0.5412
vn -0.4466 0.5634 0.6951
vn 0.4363 -0.3818 -0.8148
vn 0.4998 0.1354 0.8555
vn 0.1543 0.9801 0.1247
vn 0.4650 -0.2153 -0.8588
vn -0.5358 -0.0891 -0.8396
vn 0.6178 -0.3110 0.7222
vn 0.3754 0.6856 0.6237
vn -0.0677 0.9374 -0.3417
vn 0.4931 -0.0197 0.8698
vn 0.6873 0.0132 0.7263
vn 0.5216 -0.3269 -0.7881
vn -0.5913 0.2436 -0.7688
vn -0.4746 0.5894 -0.6537
vn 0.4823 -0.1861 -0.8560
vn 0.4653 -0.1173 0.8774
vn 0.6703 -0.0979 -0.7356
vn 0.3519 0.5422 -0.7630
vn 0.4712 0.2485 -0.8463
vn 0.3823 0.2085 0.9002
vn 0.3702 0.6578 -0.6559
vn 0.6681 -0.1210 0.7342
vn 0.5463 0.1307 0.8273
vn 0.4713 0.2302 -0.8514
vn 0.1790 -0.8685 0.4622
vn 0.3689 -0.4403 -0.8186
vn 0.1279 -0.9772 0.1693
vn 0.3482 -0.4196 0.8383
vn -0.6115 0.2969 0.7335
vn 0.5124 0.3976 -0.7612
vn 0.2424 -0.8929 -0.3794
vn 0.3905 0.4604 0.7972
vn 0.3672 -0.3944 0.8424
vn 0.4953 -0.3575 0.7917
vn 0.7334 0.1226 -0.6687
vn 0.6358 0.0728 -0.7685
vn -0.0137 0.9909 0.1337
vn 0.3399 -0.7781 0.5282
vn 0.5897 -0.1617 0.7913
vn 0.3155 0.6001 -0.7351
vn 0.3903 0.7168 -0.5779
vn 0.4966 0.5041 -0.7066
vn 0.6713 -0.2987 -0.6784
vn 0.5277 -0.0842 -0.8452
vn 0.3723 0.8245 -0.4262
vn 0.6813 0.2278 0.6957
vn 0.7282 0.1699 0.6640
vn 0.4584 0.4302 0.7777
vn 0.5470 0.5219 0.6546
vn 0.3361 -0.3147 -0.8877
vn 0.5443 -0.2891 -0.7875
vn 0.5885 -0.3022 0.7499
vn 0.3859 0.7591 0.5242
vn 0.5332 0.1534 -0.8319
vn 0.4477 0.6219 -0.6425
vn 0.5358 -0.3175 0.7824
vn 0.4118 -0.1169 -0.9038
vn 0.3998 0.4515 0.7977
vn 0.4599 -0.7199 -0.5198
vn -0.1163 0.7624 0.6365
vn -0.5416 0.6326 -0.5536
vn 0.5415 -0.3903 -0.7446
vn 0.8140 -0.0348 -0.5798
vn 0.5214 0.5486 0.6536
vn 0.4954 -0.7233 0.4811
vn 0.4006 0.7654 -0.5037
vn 0.8326 0.0629 -0.5503
vn 0.7179 -0.3065 -0.6250
vn 0.6350 -0.1421 -0.7593
vn 0.5138 0.6194 0.5936
vn 0.3707 -0.5748 0.7295
vn 0.6524 0.1540 -0.7421
vn 0.5643 -0.4536 -0.6898
vn 0.6877 -0.1459 0.7112
vn 0.5795 -0.2734 0.7678
vn 0.5090 -0.7033 -0.4963
vn 0.3980 0.3107 -0.8632
vn 0.3659 0.6862 0.6287
vn 0.8442 -0.1500 -0.5146
vn 0.3932 0.7584 -0.5199
vn 0.5611 0.1819 0.8075
vn 0.8803 0.1259 0.4574
vn 0.8407 -0.0214 0.5411
vn 0.8201 -0.1384 0.5552
vn 0.3804 0.6628 0.6450
vn 0.5019 0.1483 -0.8521
vn 0.7982 -0.3519 -0.4889
vn 0.5702 -0.3885 -0.7238
vn 0.1531 0.0935 0.9838
vn 0.5348 -0.6843 0.4957
vn 0.6640 0.4757 -0.5769
vn 0.8019 -0.3402 0.4910
vn 0.7442 0.2098 -0.6341
vn -0.2352 0.7557 -0.6112
vn 0.6509 -0.1522 -0.7437
vn -0.1231 0.2496 0.9605
vn -0.1436 0.4433 -0.8848
vn -0.0178 0.1394 -0.9901
vn 0.5410 0.7359 0.4072
vn 0.9595 0.0820 0.2694
vn 0.6451 0.5053 0.5731
vn 0.7224 -0.0661 0.6883
vn 0.5066 0.1532 0.8485
vn 0.6082 0.2444 0.7552
vn 0.5733 0.5561 0.6017
vn 0.6429 0.3951 -0.6562
vn 0.4196 -0.4921 -0.7627
vn 0.6364 -0.7017 -0.3205
vn 0.4085 -0.4895 -0.7704
vn 0.4410 -0.1589 0.8833
vn 0.3681 0.6371 -0.6772
vn 0.3284 0.9278 0.1770
vn 0.9207 -0.0758 -0.3829
vn 0.5291 -0.5541 0.6427
vn 0.7126 -0.0901 0.6957
vn 0.2900 -0.9197 -0.2645
vn 0.9560 -0.0325 0.2916
vn 0.9166 -0.1545 0.3687
vn 0.4924 -0.7897 -0.3658
vn 0.6268 -0.2725 0.7300
vn 0.7301 -0.3379 -0.5940
vn 0.6285 0.4867 -0.6067
vn 0.8552 0.1910 -0.4819
vn 0.9350 0.1452 -0.3236
vn 0.5985 -0.7136 0.3642
vn 0.5914 -0.7344 0.3330
vn 0.7730 -0.1286 0.6213
vn 0.5346 -0.6830 0.4977
vn 0.5008 -0.5019 -0.7052
vn 0.5292 -0.2922 0.7966
vn 0.2467 -0.7946 0.5548
vn 0.5031 0.2454 -0.8287
vn 0.2991 0.7948 -0.5281
vn 0.5739 -0.7462 -0.3375
vn 0.8644 0.2737 0.4217
vn 0.5981 0.2728 -0.7536
vn 0.4183 0.7015 -0.5769
vn 0.6740 0.1959 0.7122
vn 0.7137 -0.1164 -0.6907
vn 0.6806 -0.0759 -0.7287
vn 0.6591 0.2031 -0.7241
vn 0.8107 -0.1216 -0.5726
vn 0.5772 0.6750 -0.4595
vn 0.5734 -0.2500 -0.7802
vn 0.4209 -0.6119 0.6696
vn -0.2445 0.9662 0.0810
vn 0.9761 -0.0258 -0.2156
vn 0.9547 0.0753 -0.2879
vn 0.0753 -0.9959 -0.0510
vn 0.9167 -0.2915 -0.2734
vn 0.5651 0.5132 0.6460
vn 0.4430 0.5965 0.6693
vn 0.5325 0.4265 -0.7311
vn 0.8182 -0.1565 0.5533
vn 0.5067 0.7737 0.3804
vn 0.8140 0.0592 -0.5779
vn 0.5248 0.1876 -0.8303
vn 0.7535 0.2846 -0.5927
vn 0.7534 0.3811 -0.5358
vn 0.7455 0.3977 0.5348
vn 0.7356 0.1589 0.6585
vn 0.9986 -0.0476 0.0218
vn 0.9825 -0.1218 0.1407
vn 0.9816 -0.1517 -0.1161
vn 0.0608 0.9954 -0.0745
vn 0.5915 0.5983 -0.5406
vn 0.9565 0.1584 0.2450
vn 0.5315 0.7119 -0.4591
vn 0.9958 0.0911 0.0130
vn 0.7184 0.2024 0.6655
vn 0.0569 0.9911 -0.1204
vn -0.4451 -0.1505 -0.8827
vn 0.7925 -0.3013 0.5303
vn 0.6904 -0.3697 0.6218
vn 0.7307 -0.2610 0.6308
vn 0.6317 -0.7368 0.2410
vn 0.7069 -0.1798 -0.6841
vn 0.8063 0.2433 0.5391
vn 0.5114 -0.2701 0.8158
vn 0.7234 -0.0045 -0.6904
vn 0.9191 0.2797 -0.2775
vn 0.9133 -0.3347 0.2322
vn 0.5149 -0.8252 0.2322
vn 0.5540 -0.2479 0.7947
vn 0.3200 -0.8119 0.4882
vn 0.8255 -0.1744 0.5368
vn 0.8340 -0.2439 -0.4950
vn 0.7193 -0.3701 -0.5879
vn 0.6976 0.7074 0.1138
vn 0.5225 0.7779 0.3491
vn 0.7693 0.5077 0.3879
vn 0.5016 0.6397 0.5824
vn 0.8068 -0.1644 -0.5674
vn 0.9518 -0.3059 -0.0236
vn 0.6861 0.6414 0.3432
vn -0.7957 0.6053 -0.0223
vn 0.2360 -0.9675 -0.0914
vn -0.8207 0.5621 0.1027
vn 0.6706 -0.4612 -0.5810
vn 0.9714 0.2233 -0.0802
vn 0.7720 -0.2912 0.5649
vn 0.9712 0.1971 0.1339
vn 0.7811 0.1124 0.6143
vn 0.7036 -0.6920 -0.1616
vn -0.8603 0.5017 -0.0901
vn 0.8395 0.3424 -0.4219
vn 0.6504 0.6453 -0.4007
vn 0.8573 -0.2170 -0.4669
vn -0.5041 0.6025 0.6188
vn -0.8639 0.3751 0.3360
vn 0.8835 -0.2303 -0.4079
vn 0.6986 -0.7019 0.1388
vn 0.6257 0.6830 -0.3767
vn 0.8402 0.0317 0.5413
vn 0.6591 0.6415 -0.3926
vn 0.8369 0.4681 0.2838
vn -0.6130 0.3491 -0.7088
vn -0.9139 0.3591 -0.1893
vn -0.9612 0.1909 0.1993
vn 0.6898 -0.6921 -0.2127
vn -0.7428 0.5564 0.3724
vn -0.9458 0.3052 -0.1114
vn -0.5695 0.1569 -0.8069
vn 0.6687 -0.7225 0.1755
vn 0.4587 0.7350 0.4994
vn 0.8720 -0.2709 -0.4078
vn 0.9016 -0.1644 0.4001
vn 0.8240 0.0092 -0.5665
vn 0.9613 0.2232 -0.1616
vn 0.6909 0.6577 0.3000
vn -0.4413 0.8920 -0.0981
vn 0.4837 0.6078 -0.6297
vn 0.7101 -0.7038 -0.0214
vn 0.6945 0.5588 -0.4531
vn -0.9308 0.3129 0.1892
vn 0.9241 0.0375 0.3803
vn 0.5188 0.3214 0.7921
vn -0.5234 0.7852 -0.3310
vn 0.6350 -0.3235 -0.7015
vn 0.6199 0.2339 0.7490
vn 0.4077 0.7324 -0.5454
vn 0.9703 0.1532 -0.1874
vn 0.9701 0.0941 0.2236
vn 0.6803 -0.5937 0.4297
vn 0.0993 -0.9951 -0.0008
vn -0.2286 0.7079 0.6683
vn 0.8443 0.4754 0.2471
vn -0.2311 0.9604 0.1558
vn -0.4049 0.9104 0.0853
vn 0.9250 -0.1699 0.3399
vn 0.7504 0.3979 0.5278
vn 0.8151 0.5201 -0.2550
vn -0.2632 0.6981 0.6658
vn 0.7036 -0.7090 -0.0485
vn 0.8309 -0.4305 0.3525
vn 0.9049 -0.1529 -0.3973
vn 0.4682 0.6884 0.5540
vn 0.6671 0.6473 -0.3689
vn 0.8634 0.4998 0.0684
vn 0.8089 -0.2326 -0.5400
vn 0.1380 0.2054 0.9689
vn 0.6794 -0.7084 -0.1911
vn 0.9653 -0.1271 0.2283
vn 0.8514 0.3109 -0.4225
vn 0.5616 0.6933 0.4516
vn 0.8513 0.0266 -0.5240
vn 0.8463 -0.3092 0.4337
vn 0.5990 0.7477 -0.2866
vn 0.5519 -0.3932 -0.7354
vn 0.5676 0.8000 0.1945
vn 0.6832 -0.1376 0.7171
vn -0.3166 0.1183 0.9411
vn -0.2287 0.8249 -0.5169
vn 0.9535 -0.1459 -0.2636
vn 0.7270 0.6775 0.1121
vn 0.9666 -0.1829 -0.1796
vn 0.6170 -0.4197 0.6657
vn 0.5566 0.8275 0.0734
vn 0.7857 0.4212 0.4531
vn 0.8282 -0.4158 -0.3759
vn 0.9206 0.3586 0.1547
vn 0.9709 -0.0477 -0.2346
vn 0.8288 0.3380 -0.4458
vn 0.9117 0.4107 -0.0106
vn -0.1310 0.7008 -0.7012
vn 0.7745 -0.6303 0.0540
vn 0.2370 0.9377 0.2542
vn 0.8293 -0.4149 0.3743
vn 0.9650 -0.1766 0.1938
vn 0.9801 -0.1489 -0.1316
vn 0.8805 0.4640 -0.0971
vn 0.8256 0.5610 0.0612
vn 0.9830 -0.1057 0.1500
vn 0.9830 -0.1829 -0.0181
vn -0.0954 0.6891 0.7183
vn 0.6924 0.2335 0.6827
vn 0.7409 0.6475 -0.1782
vn 0.7627 -0.6455 0.0398
vn 0.6514 0.1725 -0.7389
vn 0.8426 -0.3799 -0.3817
vn 0.8543 -0.1164 0.5066
vn 0.7945 -0.3927 0.4633
vn 0.0056 0.4681 -0.8837
vn 0.9754 0.2066 0.0770
vn 0.9850 -0.1459 -0.0923
vn 0.7063 -0.0709 -0.7043
vn 0.7953 0.4620 0.3924
vn 0.8908 -0.2331 -0.3899
vn 0.9208 0.1142 0.3730
vn 0.5499 0.6712 -0.4971
vn 0.6865 0.2578 -0.6799
vn 0.6653 0.2227 -0.7126
vn 0.7101 0.5972 0.3730
vn 0.6095 -0.5087 -0.6080
vn 0.5570 -0.5449 0.6267
vn 0.6979 0.6934 -0.1793
vn 0.2476 0.5246 0.8146
vn 0.6926 0.3351 0.6387
vn 0.6706 0.7387 -0.0685
vn 0.8909 0.2355 -0.3885
vn 0.3008 -0.9278 0.2206
vn 0.4920 0.5201 0.6981
vn 0.5604 0.6258 -0.5426
vn 0.6826 0.4161 -0.6008
vn 0.4842 0.7903 -0.3754
vn 0.9058 -0.3113 0.2874
vn 0.9308 -0.2449 -0.2715
vn 0.4915 0.3621 -0.7920
vn 0.8950 0.0646 0.4414
vn 0.9086 0.0497 -0.4147
vn 0.6346 0.7728 0.0084
vn 0.5880 0.6706 0.4523
vn 0.8663 -0.4416 0.2336
vn 0.9420 0.2012 -0.2685
vn 0.9119 -0.3457 -0.2213
vn 0.9526 0.0723 0.2955
vn 0.6230 0.7771 -0.0895
vn 0.6325 0.6882 -0.3554
vn 0.9022 0.3161 0.2935
vn 0.6940 -0.3633 -0.6216
vn 0.9635 0.1932 0.1852
vn 0.7672 0.6130 -0.1890
vn 0.9205 -0.3628 -0.1452
vn 0.6658 0.2156 -0.7143
vn 0.7366 0.3574 0.5742
vn 0.9589 -0.2369 -0.1560
vn 0.8002 0.5789 0.1565
vn 0.9900 0.1220 -0.0702
vn 0.9537 -0.2970 0.0470
vn 0.9102 -0.3779 0.1697
vn 0.8690 0.4389 0.2287
vn 0.7137 0.6752 -0.1863
vn 0.9670 0.1479 -0.2073
vn 0.9103 0.4133 -0.0235
vn 0.9516 0.1669 -0.2581
vn 0.6418 0.5923 0.4872
vn 0.7297 -0.2663 0.6298
vn 0.8896 -0.4526 -0.0615
vn 0.7682 0.6347 0.0838
vn 0.8325 0.5492 -0.0732
vn 0.7972 0.2274 -0.5593
vn 0.9627 0.2555 0.0884
vn 0.7706 0.6231 0.1342
vn 0.9787 -0.1963 0.0604
vn 0.6878 0.4471 -0.5719
vn 0.9563 0.2899 -0.0372
vn 0.7518 0.1184 0.6487
vn 0.9995 -0.0249 -0.0169
vn 0.7446 0.6667 -0.0327
vn 0.6286 0.7322 0.2623
vn 0.7789 -0.3210 0.5388
vn 0.6039 -0.6395 -0.4757
vn 0.7162 0.4662 0.5193
vn 0.6411 -0.4772 0.6011
vn 0.7744 0.4249 -0.4688
vn 0.6961 -0.4825 -0.5316
vn 0.7088 0.4951 0.5026
vn 0.8392 -0.1932 0.5083
vn 0.7216 0.6911 0.0403
vn 0.6670 0.6537 0.3575
vn 0.6038 -0.7216 0.3386
vn 0.8072 -0.3874 -0.4454
vn 0.8294 0.1501 -0.5381
vn 0.8494 -0.0102 0.5277
vn 0.7773 0.4495 0.4401
vn 0.7429 0.5777 0.3381
vn 0.8377 0.2732 0.4728
vn 0.8228 -0.1492 -0.5483
vn 0.8046 -0.3622 -0.4705
vn 0.8120 -0.2150 0.5426
vn 0.8460 -0.4508 0.2848
vn 0.5084 0.8091 0.2948
vn 0.9039 0.2313 0.3597
vn 0.8638 0.2222 -0.4523
vn 0.7195 0.5988 -0.3517
vn 0.8083 0.5481 0.2152
vn 0.3943 -0.8970 -0.1999
vn 0.8242 0.4884 -0.2866
vn 0.2830 -0.9543 0.0956
vn 0.9153 0.2337 -0.3279
vn 0.8186 0.2976 -0.4913
vn 0.8897 -0.3050 -0.3397
vn 0.9201 0.0082 -0.3917
vn 0.8801 0.3190 0.3516
vn 0.9086 -0.1229 0.3992
vn 0.9553 0.1946 0.2226
vn 0.7591 -0.5499 0.3483
vn 0.9253 0.2338 -0.2987
vn 0.7448 -0.5934 -0.3051
vn 0.4078 -0.9081 -0.0951
vn 0.9132 -0.2908 -0.2856
vn 0.6917 0.7136 -0.1113
vn 0.8859 0.2601 0.3841
vn 0.7655 0.5909 0.2546
vn 0.8669 0.4909 0.0859
vn 0.8403 0.4386 -0.3187
vn 0.8869 -0.4323 -0.1629
vn 0.9595 0.2790 -0.0382
vn 0.7812 0.6085 -0.1395
vn 0.8703 -0.4787 0.1157
vn 0.9609 0.1816 0.2092
vn 0.9026 0.4188 -0.0997
vn 0.9241 -0.2116 -0.3182
vn 0.9793 0.1981 0.0424
vn 0.9490 0.2257 0.2201
vn 0.8450 -0.4738 0.2480
vn 0.7630 0.6456 -0.0323
vn 0.9349 0.2417 -0.2599
vn 0.9536 -0.2982 -0.0412
vn 0.9818 -0.0531 -0.1823
vn 0.9503 -0.1718 0.2598
vn 0.9661 -0.2475 0.0739
vn 0.9572 0.1732 0.2318
vn 0.9925 0.0091 0.1222
vn 0.7214 -0.6921 0.0223
vn 0.8870 -0.4281 -0.1733
vn 0.9872 0.1597 0.0015
vn 0.5726 -0.8171 0.0664
vn 0.9526 -0.2762 0.1274
vn 0.9139 0.3993 0.0731
vn 0.9566 0.2777 -0.0887
vn 0.9629 -0.2601 -0.0712
vt 0.706158 0.681248
vt 0.719816 0.689480
vt 0.696455 0.689797
vt 0.636320 0.561250
vt 0.631054 0.543472
vt 0.643221 0.543700
vt 0.717690 0.704746
vt 0.626204 0.568114
vt 0.644501 0.565059
vt 0.691254 0.712028
vt 0.632834 0.538131
vt 0.617904 0.559191
vt 0.626427 0.563272
vt 0.688896 0.688650
vt 0.692374 0.700521
vt 0.619194 0.537935
vt 0.761406 0.683147
vt 0.770741 0.690342
vt 0.760401 0.712844
vt 0.751119 0.705016
vt 0.726152 0.681647
vt 0.713727 0.716640
vt 0.736040 0.692704
vt 0.720649 0.712770
vt 0.772831 0.707655
vt 0.749326 0.681230
vt 0.742224 0.701201
vt 0.703549 0.272289
vt 0.696022 0.242463
vt 0.713722 0.243609
vt 0.747937 0.723345
vt 0.781227 0.676141
vt 0.782353 0.689532
vt 0.687459 0.713546
vt 0.678911 0.260622
vt 0.671786 0.674091
vt 0.695544 0.671621
vt 0.693491 0.677733
vt 0.719536 0.268250
vt 0.772161 0.725349
vt 0.733179 0.253022
vt 0.609794 0.536902
vt 0.606851 0.557050
vt 0.688097 0.284568
vt 0.761292 0.727273
vt 0.780719 0.720138
vt 0.625718 0.526004
vt 0.635232 0.669041
vt 0.640445 0.677758
vt 0.632239 0.676336
vt 0.632764 0.528466
vt 0.670639 0.659357
vt 0.666447 0.678283
vt 0.790433 0.711921
vt 0.680591 0.708493
vt 0.738236 0.679576
vt 0.736982 0.717359
vt 0.446316 0.817842
vt 0.442569 0.831309
vt 0.432458 0.811144
vt 0.739911 0.681174
vt 0.596231 0.557682
vt 0.429182 0.835288
vt 0.603517 0.531257
vt 0.712075 0.305708
vt 0.795569 0.682126
vt 0.733831 0.708270
vt 0.644389 0.664939
vt 0.442962 0.797230
vt 0.731725 0.718681
vt 0.648897 0.676665
vt 0.637474 0.524195
vt 0.640046 0.529691
vt 0.617746 0.522582
vt 0.629520 0.517878
vt 0.597024 0.555088
vt 0.654593 0.663595
vt 0.688746 0.310559
vt 0.424247 0.829155
vt 0.694552 0.656675
vt 0.700527 0.661209
vt 0.599350 0.535920
vt 0.670856 0.300062
vt 0.693685 0.645113
vt 0.543938 0.348359
vt 0.521374 0.352036
vt 0.520005 0.344457
vt 0.670527 0.643331
vt 0.651613 0.675911
vt 0.655523 0.672361
vt 0.654951 0.677064
vt 0.636040 0.657338
vt 0.646367 0.260288
vt 0.658881 0.300672
vt 0.736577 0.286820
vt 0.645378 0.646869
vt 0.534334 0.305653
vt 0.543408 0.334031
vt 0.519595 0.327455
vt 0.729879 0.316586
vt 0.612351 0.521024
vt 0.931406 0.786865
vt 0.927558 0.764586
vt 0.946688 0.775689
vt 0.810666 0.694985
vt 0.665089 0.641917
vt 0.788142 0.732032
vt 0.941551 0.767712
vt 0.607622 0.519063
vt 0.612438 0.517727
vt 0.636596 0.648716
vt 0.424577 0.787931
vt 0.655259 0.644358
vt 0.235432 0.959316
vt 0.242381 0.979481
vt 0.229068 0.984079
vt 0.696507 0.640131
vt 0.842662 0.025393
vt 0.861936 0.003700
vt 0.860631 0.032687
vt 0.938831 0.818675
vt 0.912737 0.796778
vt 0.921041 0.791282
vt 0.419090 0.810637
vt 0.691591 0.639403
vt 0.654988 0.652010
vt 0.383899 0.325888
vt 0.381666 0.330637
vt 0.384817 0.306087
vt 0.921908 0.780273
vt 0.228160 0.956024
vt 0.383467 0.303202
vt 0.369584 0.327493
vt 0.243052 0.961468
vt 0.654832 0.637785
vt 0.448524 0.252419
vt 0.469484 0.249549
vt 0.470175 0.263225
vt 0.415547 0.787715
vt 0.447609 0.264464
vt 0.463068 0.269509
vt 0.437766 0.775059
vt 0.454396 0.222877
vt 0.582383 0.351610
vt 0.602216 0.680199
vt 0.584788 0.679438
vt 0.597680 0.650441
vt 0.808869 0.707696
vt 0.809694 0.730951
vt 0.967745 0.787384
vt 0.594717 0.646721
vt 0.605346 0.648189
vt 0.438348 0.757058
vt 0.447255 0.775621
vt 0.965379 0.790018
vt 0.808952 0.719243
vt 0.597005 0.713506
vt 0.593600 0.699102
vt 0.601456 0.709860
vt 0.663810 0.150584
vt 0.670543 0.161758
vt 0.657096 0.157351
vt 0.593800 0.684609
vt 0.945652 0.796661
vt 0.420575 0.759399
vt 0.568386 0.909103
vt 0.544369 0.913698
vt 0.544439 0.880901
vt 0.960294 0.807802
vt 0.380452 0.298403
vt 0.950713 0.802001
vt 0.461774 0.443757
vt 0.458330 0.456011
vt 0.439235 0.450490
vt 0.650111 0.637388
vt 0.413985 0.765575
vt 0.977088 0.759330
vt 0.587862 0.333661
vt 0.578515 0.651767
vt 0.452229 0.500923
vt 0.453194 0.512176
vt 0.421395 0.504616
vt 0.085848 0.283251
vt 0.085424 0.264081
vt 0.139328 0.283649
vt 0.148545 0.268613
vt 0.742264 0.569561
vt 0.739854 0.567702
vt 0.744076 0.555361
vt 0.764151 0.563142
vt 0.424004 0.518188
vt 0.078493 0.280429
vt 0.550366 0.305536
vt 0.565229 0.303976
vt 0.579194 0.883998
vt 0.080028 0.258398
vt 0.521974 0.675338
vt 0.501016 0.669178
vt 0.516667 0.635750
vt 0.409530 0.448634
vt 0.430159 0.469647
vt 0.403344 0.481137
vt 0.438009 0.488139
vt 0.396537 0.512879
vt 0.397483 0.499007
vt 0.601371 0.700189
vt 0.598060 0.698126
vt 0.638948 0.583522
vt 0.606523 0.593457
vt 0.587393 0.822887
vt 0.586767 0.833850
vt 0.563340 0.826192
vt 0.499012 0.514634
vt 0.510658 0.537338
vt 0.489178 0.548602
vt 0.145099 0.243354
vt 0.154350 0.245002
vt 0.577270 0.813400
vt 0.553779 0.612337
vt 0.485081 0.574736
vt 0.101387 0.426597
vt 0.092296 0.433614
vt 0.089729 0.425042
vt 0.431234 0.915948
vt 0.427935 0.905992
vt 0.436640 0.882031
vt 0.202194 0.989371
vt 0.195619 0.987691
vt 0.196744 0.985380
vt 0.430535 0.260555
vt 0.446526 0.474803
vt 0.497343 0.676862
vt 0.454998 0.526739
vt 0.554660 0.839815
vt 0.404071 0.462616
vt 0.589696 0.846503
vt 0.573524 0.846851
vt 0.400754 0.524439
vt 0.106129 0.457351
vt 0.101734 0.475768
vt 0.458484 0.481071
vt 0.401037 0.472092
vt 0.473207 0.572834
vt 0.515438 0.689459
vt 0.577217 0.872000
vt 0.102671 0.420006
vt 0.449448 0.895927
vt 0.439732 0.926450
vt 0.198684 0.963882
vt 0.194005 0.959340
vt 0.208879 0.956591
vt 0.070543 0.390137
vt 0.081879 0.361735
vt 0.083674 0.385752
vt 0.105455 0.426497
vt 0.575552 0.855561
vt 0.627082 0.158338
vt 0.653872 0.165868
vt 0.422171 0.090154
vt 0.407264 0.105778
vt 0.419394 0.072142
vt 0.521625 0.624594
vt 0.067250 0.277143
vt 0.587494 0.862811
vt 0.474895 0.584092
vt 0.209747 0.984336
vt 0.196524 0.976912
vt 0.640843 0.169996
vt 0.474881 0.670048
vt 0.734364 0.548441
vt 0.546301 0.867085
vt 0.582430 0.699243
vt 0.193350 0.973610
vt 0.213754 0.966157
vt 0.431063 0.546035
vt 0.547268 0.820669
vt 0.541207 0.830480
vt 0.452396 0.569216
vt 0.454541 0.876967
vt 0.204915 0.971759
vt 0.575221 0.647854
vt 0.632949 0.143408
vt 0.648403 0.137197
vt 0.051687 0.379611
vt 0.055409 0.362906
vt 0.195910 0.952506
vt 0.492927 0.625252
vt 0.128355 0.423769
vt 0.135227 0.423098
vt 0.215180 0.960943
vt 0.426649 0.735629
vt 0.548697 0.848816
vt 0.486781 0.709486
vt 0.473603 0.679462
vt 0.461746 0.581206
vt 0.406477 0.538894
vt 0.151688 0.728572
vt 0.186914 0.716044
vt 0.178820 0.731051
vt 0.034532 0.275928
vt 0.036182 0.310027
vt 0.036244 0.294242
vt 0.613913 0.345299
vt 0.620438 0.353126
vt 0.214263 0.979843
vt 0.411208 0.735769
vt 0.563427 0.649754
vt 0.546736 0.808212
vt 0.570628 0.798812
vt 0.371987 0.760535
vt 0.357030 0.727979
vt 0.381121 0.711261
vt 0.417756 0.069481
vt 0.416930 0.068266
vt 0.414601 0.061000
vt 0.109985 0.422773
vt 0.032929 0.275858
vt 0.076054 0.395985
vt 0.001191 0.309881
vt 0.001191 0.283918
vt 0.002427 0.284034
vt 0.538065 0.823272
vt 0.588345 0.799051
vt 0.960482 0.818740
vt 0.361294 0.704298
vt 0.448393 0.753381
vt 0.442502 0.726987
vt 0.379577 0.700936
vt 0.191709 0.949049
vt 0.197828 0.946331
vt 0.108235 0.414076
vt 0.583131 0.795045
vt 0.879286 0.376619
vt 0.871770 0.380711
vt 0.877091 0.364321
vt 0.218757 0.951400
vt 0.538333 0.856890
vt 0.430431 0.226013
vt 0.559344 0.684723
vt 0.221434 0.958876
vt 0.558540 0.680704
vt 0.464048 0.915838
vt 0.460239 0.929725
vt 0.218608 0.970894
vt 0.770381 0.547378
vt 0.772439 0.555925
vt 0.379422 0.682501
vt 0.045391 0.274721
vt 0.042369 0.273886
vt 0.538375 0.814389
vt 0.027004 0.302261
vt 0.556334 0.652747
vt 0.515576 0.708076
vt 0.505863 0.708081
vt 0.475450 0.932691
vt 0.471213 0.915051
vt 0.482289 0.913637
vt 0.484687 0.934380
vt 0.075177 0.606206
vt 0.073405 0.613336
vt 0.068815 0.598087
vt 0.519594 0.723463
vt 0.517058 0.732700
vt 0.501837 0.723262
vt 0.916418 0.373877
vt 0.909907 0.388202
vt 0.909282 0.369305
vt 0.598261 0.633518
vt 0.547433 0.797269
vt 0.493050 0.925068
vt 0.901273 0.374072
vt 0.574737 0.708308
vt 0.895127 0.379631
vt 0.899573 0.367800
vt 0.493953 0.903333
vt 0.894876 0.368364
vt 0.887302 0.383171
vt 0.407156 0.252756
vt 0.502811 0.714447
vt 0.522946 0.717445
vt 0.746311 0.541522
vt 0.337096 0.693542
vt 0.176749 0.571646
vt 0.160619 0.576820
vt 0.164112 0.547108
vt 0.885149 0.369110
vt 0.891545 0.368879
vt 0.221686 0.718398
vt 0.631412 0.133367
vt 0.264981 0.590509
vt 0.264007 0.596282
vt 0.253670 0.594593
vt 0.412431 0.055447
vt 0.566042 0.788193
vt 0.027910 0.317267
vt 0.616686 0.177050
vt 0.607032 0.164019
vt 0.489085 0.731221
vt 0.343597 0.745042
vt 0.360173 0.760256
vt 0.218496 0.977376
vt 0.504380 0.739766
vt 0.521500 0.742411
vt 0.486299 0.894670
vt 0.216115 0.675859
vt 0.827998 0.585867
vt 0.793861 0.535950
vt 0.813130 0.523676
vt 0.135407 0.583458
vt 0.122203 0.578982
vt 0.465240 0.933014
vt 0.415511 0.050535
vt 0.916186 0.396255
vt 0.215836 0.944790
vt 0.496689 0.708689
vt 0.739265 0.510189
vt 0.117490 0.412301
vt 0.128595 0.420595
vt 0.257189 0.603522
vt 0.138713 0.519823
vt 0.870163 0.365772
vt 0.865578 0.367022
vt 0.477935 0.889875
vt 0.047743 0.614120
vt 0.071417 0.622984
vt 0.262046 0.616303
vt 0.251472 0.618545
vt 0.262088 0.612541
vt 0.467490 0.903818
vt 0.862890 0.567265
vt 0.884160 0.574175
vt 0.843258 0.588343
vt 0.552648 0.789648
vt 0.503898 0.898450
vt 0.107724 0.404113
vt 0.479303 0.721209
vt 0.418766 0.049369
vt 0.411580 0.026394
vt 0.414730 0.025259
vt 0.485572 0.743459
vt 0.852977 0.564656
vt 0.922327 0.362183
vt 0.920773 0.323617
vt 0.935251 0.363833
vt 0.774707 0.538321
vt 0.047082 0.942805
vt 0.047928 0.935199
vt 0.057876 0.938844
vt 0.111556 0.036682
vt 0.100911 0.045264
vt 0.086162 0.043239
vt 0.563926 0.699718
vt 0.208837 0.940979
vt 0.899881 0.394372
vt 0.862197 0.373857
vt 0.470499 0.894230
vt 0.192052 0.942172
vt 0.189703 0.918836
vt 0.382178 0.664665
vt 0.260174 0.622419
vt 0.933768 0.353361
vt 0.186718 0.775120
vt 0.239188 0.743019
vt 0.337510 0.699418
vt 0.612772 0.140254
vt 0.480720 0.736385
vt 0.500159 0.894336
vt 0.251864 0.610548
vt 0.261851 0.607492
vt 0.168071 0.775718
vt 0.477790 0.731031
vt 0.409950 0.015426
vt 0.515759 0.908695
vt 0.083191 0.313289
vt 0.053688 0.312671
vt 0.066043 0.314352
vt 0.040649 0.018605
vt 0.048381 0.016033
vt 0.043196 0.023283
vt 0.472830 0.888216
vt 0.101977 0.595927
vt 0.108136 0.596084
vt 0.780385 0.150066
vt 0.751469 0.133542
vt 0.752833 0.127816
vt 0.109502 0.405843
vt 0.392892 0.124898
vt 0.397481 0.129080
vt 0.384652 0.158163
vt 0.044034 0.369650
vt 0.024707 0.380490
vt 0.027855 0.373693
vt 0.010822 0.710938
vt 0.014677 0.724700
vt 0.009579 0.732661
vt 0.564461 0.705006
vt 0.387014 0.111334
vt 0.361120 0.143548
vt 0.901254 0.332206
vt 0.616841 0.324563
vt 0.875816 0.394851
vt 0.333063 0.697821
vt 0.058599 0.040630
vt 0.480918 0.710347
vt 0.746338 0.128502
vt 0.505673 0.755600
vt 0.306090 0.011674
vt 0.293147 0.015897
vt 0.301643 0.011837
vt 0.472559 0.885225
vt 0.101322 0.585019
vt 0.470194 0.882949
vt 0.258471 0.627147
vt 0.247336 0.625369
vt 0.118741 0.541948
vt 0.097052 0.549103
vt 0.785141 0.543224
vt 0.785502 0.551881
vt 0.784294 0.556546
vt 0.150274 0.760199
vt 0.461527 0.126822
vt 0.441732 0.113499
vt 0.488945 0.104328
vt 0.757749 0.122089
vt 0.521898 0.755247
vt 0.903116 0.566797
vt 0.912545 0.579794
vt 0.476877 0.710251
vt 0.031979 0.361009
vt 0.771051 0.529845
vt 0.881077 0.400479
vt 0.422242 0.034974
vt 0.419724 0.018671
vt 0.507595 0.932570
vt 0.751482 0.144406
vt 0.739149 0.139014
vt 0.409116 0.123427
vt 0.940892 0.512224
vt 0.921805 0.503372
vt 0.642082 0.129999
vt 0.447691 0.028993
vt 0.399524 0.117845
vt 0.073018 0.643548
vt 0.042434 0.635303
vt 0.491969 0.112452
vt 0.420812 0.051061
vt 0.448966 0.048096
vt 0.425856 0.057176
vt 0.906888 0.297658
vt 0.400156 0.173026
vt 0.202874 0.910654
vt 0.554707 0.701168
vt 0.865210 0.557616
vt 0.345488 0.120287
vt 0.050312 0.303083
vt 0.038373 0.935102
vt 0.035787 0.933156
vt 0.869495 0.399184
vt 0.476613 0.713007
vt 0.395316 0.107696
vt 0.887418 0.502426
vt 0.752279 0.121274
vt 0.679530 0.792836
vt 0.667149 0.794236
vt 0.665183 0.734787
vt 0.035868 0.349586
vt 0.191456 0.894553
vt 0.522483 0.912980
vt 0.516625 0.929541
vt 0.513446 0.938907
vt 0.510058 0.941689
vt 0.244118 0.604189
vt 0.076339 0.037285
vt 0.086262 0.031589
vt 0.421437 0.720722
vt 0.733547 0.133236
vt 0.293932 0.012832
vt 0.892355 0.399930
vt 0.038937 0.337774
vt 0.422991 0.352994
vt 0.400208 0.359295
vt 0.430721 0.333481
vt 0.432167 0.719047
vt 0.820337 0.513583
vt 0.822566 0.522508
vt 0.879604 0.057449
vt 0.861970 0.065546
vt 0.861015 0.059650
vt 0.490776 0.758640
vt 0.905992 0.407571
vt 0.223207 0.937903
vt 0.884888 0.407482
vt 0.156501 0.509762
vt 0.014340 0.210625
vt 0.017448 0.219425
vt 0.015793 0.234412
vt 0.929379 0.313588
vt 0.930179 0.324532
vt 0.449887 0.054092
vt 0.847804 0.502767
vt 0.113119 0.507689
vt 0.451030 0.047797
vt 0.239134 0.597259
vt 0.217984 0.910744
vt 0.239022 0.725896
vt 0.244675 0.719474
vt 0.601721 0.301082
vt 0.870434 0.501666
vt 0.172268 0.782262
vt 0.173119 0.789982
vt 0.163280 0.785494
vt 0.934759 0.039331
vt 0.934186 0.043603
vt 0.931389 0.042146
vt 0.164443 0.782319
vt 0.445898 0.125111
vt 0.437630 0.119937
vt 0.933713 0.025214
vt 0.550337 0.649300
vt 0.548943 0.643129
vt 0.657591 0.798369
vt 0.681612 0.798865
vt 0.267365 0.141552
vt 0.281627 0.153580
vt 0.247018 0.178331
vt 0.599973 0.178490
vt 0.258394 0.635862
vt 0.248010 0.636487
vt 0.240424 0.631666
vt 0.211678 0.775314
vt 0.175578 0.845473
vt 0.176471 0.872632
vt 0.166640 0.863311
vt 0.082958 0.024379
vt 0.233495 0.145642
vt 0.794449 0.033062
vt 0.794764 0.040708
vt 0.763917 0.037014
vt 0.842147 0.059961
vt 0.852349 0.051729
vt 0.847986 0.067511
vt 0.555355 0.629914
vt 0.072220 0.296878
vt 0.649512 0.905217
vt 0.671388 0.922172
vt 0.656770 0.936292
vt 0.239788 0.615734
vt 0.149135 0.228502
vt 0.121876 0.226382
vt 0.143531 0.215894
vt 0.160361 0.801142
vt 0.786989 0.544961
vt 0.014213 0.189719
vt 0.016357 0.192064
vt 0.014586 0.200590
vt 0.883017 0.319180
vt 0.875568 0.315720
vt 0.884172 0.295599
vt 0.880033 0.041408
vt 0.893968 0.053859
vt 0.591451 0.149363
vt 0.251776 0.119225
vt 0.243665 0.108474
vt 0.295616 0.134192
vt 0.311342 0.808034
vt 0.351650 0.791321
vt 0.327300 0.821598
vt 0.265855 0.125258
vt 0.251855 0.127992
vt 0.023095 0.714908
vt 0.023365 0.745147
vt 0.235514 0.777040
vt 0.860634 0.391186
vt 0.855712 0.387447
vt 0.799883 0.033584
vt 0.794394 0.055702
vt 0.066114 0.222633
vt 0.087943 0.217925
vt 0.080070 0.226369
vt 0.684791 0.760167
vt 0.626931 0.336322
vt 0.037940 0.715962
vt 0.042835 0.718672
vt 0.034116 0.729232
vt 0.854261 0.371539
vt 0.065309 0.210702
vt 0.346360 0.667053
vt 0.200456 0.203767
vt 0.196446 0.192378
vt 0.215135 0.196187
vt 0.254341 0.640403
vt 0.748111 0.526238
vt 0.757349 0.051347
vt 0.091994 0.227923
vt 0.095768 0.499945
vt 0.875172 0.298587
vt 0.015947 0.750790
vt 0.235571 0.611360
vt 0.103319 0.206190
vt 0.560247 0.010734
vt 0.560701 0.006091
vt 0.563136 0.009342
vt 0.309624 0.142953
vt 0.299605 0.133133
vt 0.312947 0.136331
vt 0.584847 0.302764
vt 0.753289 0.041485
vt 0.041510 0.905376
vt 0.301023 0.123127
vt 0.529164 0.367618
vt 0.515329 0.369878
vt 0.522998 0.361866
vt 0.834596 0.379055
vt 0.151175 0.787381
vt 0.041649 0.728230
vt 0.234948 0.621314
vt 0.171505 0.817276
vt 0.086587 0.510389
vt 0.861178 0.043059
vt 0.860771 0.051238
vt 0.439884 0.103117
vt 0.211629 0.127606
vt 0.681060 0.816081
vt 0.642195 0.828143
vt 0.634194 0.815696
vt 0.152557 0.838837
vt 0.158098 0.862914
vt 0.078820 0.201555
vt 0.841635 0.043248
vt 0.473769 0.086683
vt 0.895823 0.273279
vt 0.897419 0.412205
vt 0.907950 0.418777
vt 0.393366 0.268398
vt 0.383348 0.269818
vt 0.396575 0.262820
vt 0.432831 0.101815
vt 0.422483 0.370507
vt 0.468249 0.340747
vt 0.861376 0.400169
vt 0.467275 0.403559
vt 0.475325 0.415628
vt 0.461349 0.407374
vt 0.872693 0.283156
vt 0.203717 0.883618
vt 0.484783 0.095659
vt 0.066682 0.198397
vt 0.139137 0.202759
vt 0.186591 0.170562
vt 0.199409 0.145281
vt 0.261772 0.262480
vt 0.274954 0.252789
vt 0.264282 0.267334
vt 0.917640 0.640372
vt 0.925749 0.642543
vt 0.905498 0.637908
vt 0.927338 0.652429
vt 0.352535 0.640683
vt 0.457524 0.426096
vt 0.443749 0.419693
vt 0.153920 0.209489
vt 0.791891 0.052505
vt 0.326738 0.079573
vt 0.286000 0.089928
vt 0.325139 0.064078
vt 0.842338 0.408762
vt 0.838969 0.395927
vt 0.843894 0.395385
vt 0.823483 0.367637
vt 0.646187 0.385195
vt 0.613076 0.396102
vt 0.637301 0.371330
vt 0.891586 0.411236
vt 0.514165 0.397647
vt 0.500816 0.393270
vt 0.505369 0.379717
vt 0.263711 0.254332
vt 0.260069 0.263199
vt 0.846911 0.397857
vt 0.159138 0.198149
vt 0.152044 0.184741
vt 0.145086 0.875486
vt 0.011695 0.752829
vt 0.232299 0.607167
vt 0.032221 0.747358
vt 0.436840 0.097114
vt 0.392830 0.818170
vt 0.487899 0.391997
vt 0.487434 0.403831
vt 0.481551 0.395157
vt 0.775006 0.529655
vt 0.420495 0.099793
vt 0.376990 0.254930
vt 0.520937 0.382811
vt 0.682048 0.823952
vt 0.670319 0.825746
vt 0.633380 0.423253
vt 0.629930 0.413235
vt 0.640836 0.425422
vt 0.921036 0.621805
vt 0.924703 0.637258
vt 0.413604 0.223379
vt 0.749075 0.513257
vt 0.645665 0.795593
vt 0.147306 0.813413
vt 0.593900 0.130751
vt 0.042016 0.740016
vt 0.106444 0.194213
vt 0.682985 0.853827
vt 0.672429 0.854426
vt 0.681664 0.826813
vt 0.758304 0.054577
vt 0.353900 0.821675
vt 0.229490 0.626407
vt 0.385333 0.222129
vt 0.092273 0.948966
vt 0.106873 0.981238
vt 0.097967 0.986726
vt 0.455845 0.392977
vt 0.431713 0.404889
vt 0.580223 0.171086
vt 0.253569 0.654745
vt 0.575440 0.379386
vt 0.307939 0.111652
vt 0.836429 0.416926
vt 0.830373 0.409759
vt 0.106119 0.967403
vt 0.852825 0.401082
vt 0.846908 0.411767
vt 0.450076 0.397631
vt 0.614223 0.421762
vt 0.228218 0.617985
vt 0.588013 0.174472
vt 0.601604 0.180266
vt 0.427613 0.090009
vt 0.444390 0.059578
vt 0.939188 0.630077
vt 0.821568 0.389312
vt 0.786771 0.394252
vt 0.782428 0.379707
vt 0.142685 0.787804
vt 0.133769 0.792612
vt 0.132602 0.875680
vt 0.229866 0.385053
vt 0.215971 0.403047
vt 0.214518 0.381767
vt 0.494688 0.414634
vt 0.670051 0.830058
vt 0.030947 0.754112
vt 0.823216 0.403454
vt 0.829349 0.392429
vt 0.234315 0.639935
vt 0.081924 0.183377
vt 0.682821 0.859597
vt 0.066151 0.189934
vt 0.329170 0.759022
vt 0.339882 0.759876
vt 0.206363 0.418819
vt 0.217569 0.439521
vt 0.159953 0.426307
vt 0.352400 0.760757
vt 0.377492 0.764166
vt 0.809241 0.072615
vt 0.819620 0.068447
vt 0.825294 0.075017
vt 0.132986 0.854974
vt 0.259352 0.070749
vt 0.255899 0.063189
vt 0.262421 0.067154
vt 0.597245 0.359219
vt 0.208131 0.211867
vt 0.239235 0.210403
vt 0.233884 0.231674
vt 0.600719 0.420670
vt 0.938181 0.621722
vt 0.230823 0.594609
vt 0.225345 0.599487
vt 0.871425 0.409431
vt 0.862124 0.405191
vt 0.866033 0.403555
vt 0.661655 0.858397
vt 0.270280 0.094418
vt 0.223044 0.593764
vt 0.656998 0.864932
vt 0.237509 0.656334
vt 0.457931 0.394230
vt 0.133364 0.825496
vt 0.139066 0.783576
vt 0.105412 0.950779
vt 0.932567 0.013075
vt 0.943203 0.004854
vt 0.940834 0.022866
vt 0.325301 0.099200
vt 0.122459 0.182115
vt 0.073573 0.915081
vt 0.078934 0.956318
vt 0.766561 0.514294
vt 0.125997 0.785528
vt 0.258733 0.053382
vt 0.214152 0.259149
vt 0.184925 0.231606
vt 0.483107 0.317880
vt 0.162497 0.407940
vt 0.270375 0.239661
vt 0.250974 0.236997
vt 0.531858 0.380436
vt 0.529524 0.388083
vt 0.368425 0.268901
vt 0.269996 0.245452
vt 0.477460 0.427599
vt 0.310175 0.098976
vt 0.548612 0.405357
vt 0.586378 0.421024
vt 0.225933 0.609262
vt 0.244907 0.679680
vt 0.523527 0.779914
vt 0.509852 0.788318
vt 0.526025 0.759846
vt 0.226361 0.613411
vt 0.956312 0.018803
vt 0.958045 0.010302
vt 0.218321 0.570757
vt 0.203063 0.493201
vt 0.225258 0.489520
vt 0.165474 0.246425
vt 0.857453 0.402823
vt 0.851068 0.418348
vt 0.856155 0.416318
vt 0.174100 0.218640
vt 0.156396 0.394384
vt 0.558095 0.360901
vt 0.363895 0.761359
vt 0.065147 0.178851
vt 0.069976 0.173209
vt 0.411115 0.789775
vt 0.476526 0.387043
vt 0.517804 0.850988
vt 0.511938 0.833737
vt 0.522724 0.842530
vt 0.804240 0.089375
vt 0.105454 0.937920
vt 0.521456 0.814631
vt 0.493086 0.814141
vt 0.505217 0.800508
vt 0.091014 0.903252
vt 0.232720 0.644151
vt 0.862410 0.416377
vt 0.168790 0.472729
vt 0.169090 0.453167
vt 0.211211 0.462568
vt 0.982100 0.127469
vt 0.967281 0.124081
vt 0.980826 0.114358
vt 0.478572 0.792868
vt 0.493239 0.766722
vt 0.504128 0.824508
vt 0.569766 0.420586
vt 0.155841 0.260388
vt 0.526240 0.400966
vt 0.285011 0.047353
vt 0.297462 0.061773
vt 0.285240 0.058321
vt 0.280286 0.037509
vt 0.037560 0.463918
vt 0.034942 0.491597
vt 0.017273 0.481456
vt 0.638169 0.800012
vt 0.250818 0.042865
vt 0.251027 0.072460
vt 0.651861 0.857730
vt 0.651507 0.830346
vt 0.495224 0.381537
vt 0.520305 0.863256
vt 0.514341 0.873953
vt 0.492275 0.858009
vt 0.105838 0.923313
vt 0.793931 0.411682
vt 0.367338 0.262721
vt 0.494451 0.845454
vt 0.769680 0.412061
vt 0.767233 0.401019
vt 0.118068 0.801159
vt 0.502479 0.424540
vt 0.208881 0.575407
vt 0.197733 0.575395
vt 0.025583 0.878932
vt 0.017975 0.891767
vt 0.014679 0.886900
vt 0.553961 0.420867
vt 0.404614 0.764570
vt 0.150529 0.168240
vt 0.874681 0.416779
vt 0.868043 0.423492
vt 0.926161 0.394515
vt 0.930153 0.387724
vt 0.945760 0.392539
vt 0.489347 0.429662
vt 0.825741 0.417398
vt 0.064043 0.169804
vt 0.106683 0.909308
vt 0.846098 0.422778
vt 0.108859 0.168952
vt 0.983618 0.069267
vt 0.985081 0.084285
vt 0.968916 0.089031
vt 0.241235 0.033603
vt 0.115359 0.858264
vt 0.120287 0.822176
vt 0.517625 0.420426
vt 0.057286 0.507223
vt 0.044063 0.501611
vt 0.063624 0.499327
vt 0.085435 0.159560
vt 0.051399 0.535703
vt 0.045337 0.509461
vt 0.137245 0.400891
vt 0.532915 0.373299
vt 0.585696 0.107410
vt 0.590726 0.088218
vt 0.617254 0.098141
vt 0.044953 0.472628
vt 0.046751 0.470123
vt 0.313667 0.100278
vt 0.539985 0.421666
vt 0.858965 0.422593
vt 0.505904 0.882350
vt 0.494132 0.872420
vt 0.505353 0.367488
vt 0.431696 0.988249
vt 0.455180 0.971219
vt 0.462088 0.989535
vt 0.981600 0.136732
vt 0.964763 0.136332
vt 0.253065 0.040479
vt 0.344205 0.101528
vt 0.340261 0.105140
vt 0.333434 0.080888
vt 0.677425 0.892788
vt 0.239902 0.696932
vt 0.642310 0.832498
vt 0.842084 0.422091
vt 0.303311 0.060565
vt 0.107340 0.898655
vt 0.065861 0.161744
vt 0.995119 0.979015
vt 0.987496 0.984516
vt 0.983268 0.978823
vt 0.827194 0.087546
vt 0.034097 0.853343
vt 0.020646 0.873923
vt 0.021934 0.853844
vt 0.160937 0.227480
vt 0.275236 0.235470
vt 0.793244 0.082599
vt 0.359286 0.082869
vt 0.363267 0.103914
vt 0.352172 0.101171
vt 0.216612 0.579206
vt 0.831522 0.423074
vt 0.847979 0.179037
vt 0.847841 0.173478
vt 0.860606 0.148080
vt 0.953092 0.383162
vt 0.578675 0.100456
vt 0.249595 0.031318
vt 0.110437 0.966858
vt 0.127974 0.943832
vt 0.122260 0.986037
vt 0.345192 0.096313
vt 0.030658 0.899076
vt 0.029097 0.892601
vt 0.120709 0.909705
vt 0.525673 0.415195
vt 0.861834 0.424024
vt 0.141902 0.471810
vt 0.792608 0.071885
vt 0.960252 0.066587
vt 0.109202 0.794741
vt 0.367377 0.088041
vt 0.137484 0.894182
vt 0.110776 0.785323
vt 0.134937 0.451309
vt 0.856187 0.424468
vt 0.350740 0.077122
vt 0.478623 0.834975
vt 0.198294 0.584614
vt 0.087239 0.077343
vt 0.089801 0.089929
vt 0.067005 0.079103
vt 0.793158 0.421158
vt 0.345629 0.086377
vt 0.427460 0.942197
vt 0.431528 0.931349
vt 0.443427 0.933203
vt 0.317600 0.096209
vt 0.850342 0.159795
vt 0.972088 0.104332
vt 0.981599 0.097048
vt 0.372384 0.102591
vt 0.379563 0.070758
vt 0.381492 0.096285
vt 0.192700 0.491349
vt 0.401134 0.189989
vt 0.362289 0.157989
vt 0.399201 0.176600
vt 0.056449 0.469951
vt 0.051072 0.462862
vt 0.907416 0.030679
vt 0.895442 0.037214
vt 0.902341 0.008796
vt 0.477895 0.823522
vt 0.876614 0.020589
vt 0.885953 0.023642
vt 0.882064 0.034823
vt 0.774871 0.070246
vt 0.787723 0.064577
vt 0.423146 0.940904
vt 0.429594 0.932391
vt 0.453187 0.967936
vt 0.828917 0.422613
vt 0.069220 0.456269
vt 0.046440 0.455480
vt 0.056726 0.450379
vt 0.277070 0.643017
vt 0.308385 0.646754
vt 0.292349 0.658408
vt 0.043895 0.877052
vt 0.955797 0.116289
vt 0.477810 0.874727
vt 0.476408 0.844769
vt 0.102179 0.150557
vt 0.135001 0.153144
vt 0.274007 0.684282
vt 0.293920 0.685356
vt 0.284791 0.696447
vt 0.196105 0.581193
vt 0.474411 0.806224
vt 0.391523 0.091645
vt 0.400251 0.097666
vt 0.395961 0.099218
vt 0.776144 0.418568
vt 0.254565 0.224331
vt 0.493363 0.982541
vt 0.477873 0.984552
vt 0.079881 0.106959
vt 0.093558 0.101206
vt 0.285766 0.676834
vt 0.394213 0.066463
vt 0.106034 0.864418
vt 0.107350 0.878798
vt 0.154671 0.985967
vt 0.147870 0.932117
vt 0.105467 0.820420
vt 0.476375 0.853124
vt 0.077159 0.463955
vt 0.081465 0.008302
vt 0.107848 0.005096
vt 0.112104 0.017588
vt 0.264927 0.213395
vt 0.768927 0.061120
vt 0.760845 0.070720
vt 0.047659 0.883237
vt 0.246905 0.030502
vt 0.077238 0.012073
vt 0.083951 0.021782
vt 0.980275 0.389009
vt 0.068746 0.469578
vt 0.346042 0.071583
vt 0.588926 0.085257
vt 0.576531 0.093808
vt 0.400347 0.079115
vt 0.942044 0.545433
vt 0.927084 0.546105
vt 0.943010 0.534625
vt 0.844262 0.172253
vt 0.182328 0.555739
vt 0.482324 0.883054
vt 0.254011 0.206520
vt 0.246215 0.217055
vt 0.246981 0.205964
vt 0.078607 0.503983
vt 0.568115 0.080912
vt 0.104799 0.853752
vt 0.106473 0.839900
vt 0.424983 0.947219
vt 0.887098 0.008791
vt 0.947871 0.539819
vt 0.243515 0.030511
vt 0.078771 0.468628
vt 0.283890 0.704104
vt 0.319347 0.706224
vt 0.099301 0.097068
vt 0.102922 0.102047
vt 0.277746 0.710533
vt 0.311700 0.726621
vt 0.287506 0.723931
vt 0.447318 0.971603
vt 0.418747 0.949376
vt 0.137745 0.106334
vt 0.489995 0.006640
vt 0.515335 0.022593
vt 0.499129 0.030688
vt 0.398987 0.960874
vt 0.392392 0.956534
vt 0.400690 0.957216
vt 0.295628 0.218930
vt 0.283203 0.225090
vt 0.411934 0.946192
vt 0.042825 0.896948
vt 0.166040 0.518368
vt 0.157858 0.504963
vt 0.081645 0.021896
vt 0.393969 0.200745
vt 0.442111 0.975236
vt 0.135952 0.100460
vt 0.178117 0.879570
vt 0.183487 0.870907
vt 0.199762 0.876401
vt 0.399170 0.063756
vt 0.948096 0.536344
vt 0.363658 0.062028
vt 0.203562 0.112580
vt 0.209641 0.112565
vt 0.204052 0.120757
vt 0.066848 0.150710
vt 0.913653 0.005653
vt 0.916948 0.015941
vt 0.859245 0.498557
vt 0.850763 0.497530
vt 0.869605 0.485149
vt 0.949260 0.104513
vt 0.946005 0.091353
vt 0.795247 0.474083
vt 0.789130 0.497379
vt 0.784278 0.488130
vt 0.437377 0.978913
vt 0.430812 0.976741
vt 0.746627 0.066944
vt 0.842125 0.175675
vt 0.972938 0.358534
vt 0.810571 0.462607
vt 0.802533 0.501678
vt 0.591799 0.083686
vt 0.102820 0.021591
vt 0.574749 0.066281
vt 0.806268 0.172507
vt 0.828219 0.178216
vt 0.812371 0.185172
vt 0.944636 0.126073
vt 0.773353 0.088073
vt 0.281736 0.668599
vt 0.087830 0.074727
vt 0.101420 0.061517
vt 0.824463 0.163046
vt 0.428258 0.984403
vt 0.319257 0.717969
vt 0.422433 0.987686
vt 0.049053 0.864715
vt 0.251106 0.204051
vt 0.476048 0.024519
vt 0.483304 0.009029
vt 0.114000 0.073497
vt 0.092078 0.485689
vt 0.879060 0.004388
vt 0.313559 0.696264
vt 0.817108 0.492026
vt 0.841092 0.464575
vt 0.852132 0.458187
vt 0.780155 0.102074
vt 0.348092 0.171964
vt 0.841641 0.497937
vt 0.828892 0.485475
vt 0.799621 0.119268
vt 0.814766 0.103170
vt 0.598931 0.010058
vt 0.603211 0.011562
vt 0.606001 0.018370
vt 0.081092 0.143060
vt 0.401532 0.065454
vt 0.218948 0.118107
vt 0.216215 0.101948
vt 0.318113 0.678226
vt 0.332815 0.055736
vt 0.322750 0.690788
vt 0.054246 0.388578
vt 0.064125 0.406027
vt 0.050098 0.386709
vt 0.577925 0.003246
vt 0.585648 0.031196
vt 0.353428 0.054907
vt 0.080134 0.452313
vt 0.084917 0.456503
vt 0.598038 0.040682
vt 0.610374 0.031745
vt 0.322467 0.655141
vt 0.357927 0.198399
vt 0.607746 0.026161
vt 0.831607 0.192731
vt 0.373942 0.054520
vt 0.251926 0.872636
vt 0.229662 0.874626
vt 0.248143 0.864185
vt 0.881105 0.491451
vt 0.892661 0.474053
vt 0.268065 0.869268
vt 0.261471 0.871602
vt 0.757163 0.083996
vt 0.344598 0.053404
vt 0.324567 0.507861
vt 0.279691 0.525361
vt 0.308261 0.474659
vt 0.337251 0.046004
vt 0.321737 0.058354
vt 0.330585 0.022069
vt 0.154553 0.138948
vt 0.152911 0.150657
vt 0.126185 0.139741
vt 0.215174 0.091739
vt 0.244298 0.857313
vt 0.096712 0.141814
vt 0.014666 0.793120
vt 0.012598 0.791029
vt 0.018853 0.788347
vt 0.946854 0.137057
vt 0.175204 0.954817
vt 0.180020 0.986820
vt 0.611154 0.033557
vt 0.804465 0.170490
vt 0.797742 0.172669
vt 0.788772 0.161201
vt 0.858158 0.444953
vt 0.153860 0.132988
vt 0.270226 0.855479
vt 0.979527 0.582917
vt 0.976002 0.590067
vt 0.970214 0.576169
vt 0.271594 0.866126
vt 0.327524 0.664716
vt 0.289054 0.580173
vt 0.280266 0.548546
vt 0.313980 0.582289
vt 0.777293 0.117337
vt 0.314584 0.184768
vt 0.188889 0.861772
vt 0.778931 0.198502
vt 0.777910 0.218704
vt 0.734348 0.196738
vt 0.764488 0.238990
vt 0.767744 0.253380
vt 0.744463 0.242365
vt 0.784180 0.007907
vt 0.777592 0.017338
vt 0.778300 0.009741
vt 0.052910 0.898807
vt 0.849119 0.135741
vt 0.823290 0.130698
vt 0.849323 0.108347
vt 0.046918 0.405604
vt 0.042884 0.389364
vt 0.786735 0.459736
vt 0.065919 0.142768
vt 0.791979 0.022401
vt 0.382080 0.053007
vt 0.290933 0.217111
vt 0.278730 0.204584
vt 0.938264 0.110335
vt 0.767726 0.153516
vt 0.822098 0.984733
vt 0.809873 0.966072
vt 0.827846 0.977078
vt 0.222906 0.852889
vt 0.329323 0.672633
vt 0.178775 0.922939
vt 0.776941 0.173914
vt 0.985515 0.014146
vt 0.979584 0.018163
vt 0.970772 0.015225
vt 0.196849 0.027610
vt 0.200745 0.021552
vt 0.201466 0.045914
vt 0.879800 0.445371
vt 0.327837 0.726387
vt 0.825423 0.142464
vt 0.814865 0.128229
vt 0.810012 0.138906
vt 0.804674 0.124350
vt 0.830724 0.444758
vt 0.941197 0.572012
vt 0.212411 0.023304
vt 0.217231 0.043683
vt 0.235208 0.039596
vt 0.226123 0.028392
vt 0.233651 0.018597
vt 0.330496 0.680532
vt 0.723783 0.219686
vt 0.957163 0.558174
vt 0.055795 0.406666
vt 0.330884 0.699185
vt 0.740623 0.086246
vt 0.590771 0.800054
vt 0.594849 0.749832
vt 0.618697 0.761948
vt 0.055764 0.437342
vt 0.789304 0.782047
vt 0.732314 0.819168
vt 0.736807 0.773851
vt 0.066209 0.407742
vt 0.065464 0.437390
vt 0.047485 0.434915
vt 0.750240 0.458656
vt 0.757305 0.456494
vt 0.755382 0.478689
vt 0.737898 0.763047
vt 0.811295 0.779233
vt 0.813278 0.800072
vt 0.793041 0.439992
vt 0.037974 0.409333
vt 0.036729 0.418736
vt 0.034829 0.410652
vt 0.041527 0.397621
vt 0.331403 0.686668
vt 0.956179 0.334285
vt 0.951600 0.338202
vt 0.932951 0.335439
vt 0.790963 0.764216
vt 0.809963 0.837072
vt 0.924135 0.063330
vt 0.320547 0.975221
vt 0.325275 0.980337
vt 0.318517 0.976178
vt 0.809865 0.961522
vt 0.822102 0.967356
vt 0.860998 0.122408
vt 0.314026 0.748432
vt 0.323905 0.745421
vt 0.070658 0.409013
vt 0.067516 0.437658
vt 0.681448 0.032329
vt 0.680763 0.010725
vt 0.694917 0.033007
vt 0.070584 0.406323
vt 0.060165 0.441653
vt 0.765571 0.006981
vt 0.756834 0.005649
vt 0.764385 0.001749
vt 0.672312 0.477258
vt 0.668816 0.460777
vt 0.680902 0.479985
vt 0.811898 0.762303
vt 0.043987 0.442801
vt 0.938228 0.135695
vt 0.742345 0.177996
vt 0.034737 0.428090
vt 0.686831 0.010519
vt 0.690145 0.469272
vt 0.699688 0.459267
vt 0.705720 0.467640
vt 0.274424 0.580631
vt 0.683610 0.006261
vt 0.759414 0.111707
vt 0.632104 0.191586
vt 0.606818 0.184770
vt 0.639056 0.177951
vt 0.721699 0.774918
vt 0.191761 0.033902
vt 0.803239 0.854964
vt 0.742507 0.740084
vt 0.718829 0.825354
vt 0.193291 0.843019
vt 0.732881 0.833628
vt 0.184612 0.110504
vt 0.212400 0.064764
vt 0.822847 0.435766
vt 0.889319 0.438702
vt 0.711168 0.457633
vt 0.715157 0.470531
vt 0.661320 0.170450
vt 0.664241 0.180119
vt 0.111733 0.349018
vt 0.094238 0.343603
vt 0.086587 0.309466
vt 0.956100 0.337666
vt 0.966122 0.335278
vt 0.984255 0.352863
vt 0.808069 0.436567
vt 0.826033 0.154156
vt 0.803050 0.866507
vt 0.929382 0.098421
vt 0.624273 0.787137
vt 0.622109 0.802736
vt 0.931121 0.114786
vt 0.038537 0.424234
vt 0.667448 0.169270
vt 0.815358 0.981529
vt 0.802296 0.978617
vt 0.964530 0.600191
vt 0.723976 0.842439
vt 0.758442 0.098826
vt 0.755072 0.148767
vt 0.710387 0.762597
vt 0.251913 0.843405
vt 0.768185 0.023829
vt 0.689696 0.006209
vt 0.703046 0.037086
vt 0.190101 0.987286
vt 0.927955 0.583801
vt 0.965331 0.614881
vt 0.192095 0.050353
vt 0.741523 0.466067
vt 0.671259 0.183465
vt 0.782574 0.026120
vt 0.871677 0.434061
vt 0.818393 0.162699
vt 0.632234 0.001280
vt 0.646114 0.007152
vt 0.628544 0.034589
vt 0.913593 0.055511
vt 0.913822 0.027526
vt 0.923826 0.052119
vt 0.716866 0.866645
vt 0.724723 0.152299
vt 0.231111 0.055545
vt 0.791636 0.131195
vt 0.343668 0.216030
vt 0.913352 0.059658
vt 0.966944 0.331785
vt 0.372178 0.231647
vt 0.244140 0.581715
vt 0.256097 0.581458
vt 0.039381 0.439130
vt 0.269709 0.842451
vt 0.858226 0.141372
vt 0.743496 0.094892
vt 0.974713 0.054483
vt 0.943672 0.047883
vt 0.954300 0.028629
vt 0.736993 0.078336
vt 0.327928 0.535788
vt 0.325291 0.519995
vt 0.344509 0.527786
vt 0.027917 0.123754
vt 0.036185 0.102435
vt 0.041960 0.127128
vt 0.656298 0.191581
vt 0.874929 0.149925
vt 0.883709 0.142586
vt 0.893254 0.151531
vt 0.219754 0.088621
vt 0.686104 0.501828
vt 0.688209 0.001582
vt 0.223931 0.840486
vt 0.716543 0.168897
vt 0.599370 0.200840
vt 0.627628 0.830478
vt 0.630334 0.827086
vt 0.631743 0.833829
vt 0.735541 0.486921
vt 0.727397 0.466173
vt 0.888085 0.166291
vt 0.910306 0.162510
vt 0.842460 0.431030
vt 0.443596 0.192305
vt 0.439266 0.215708
vt 0.407138 0.219079
vt 0.813857 0.733066
vt 0.230246 0.582844
vt 0.703400 0.490461
vt 0.851130 0.432547
vt 0.826371 0.161224
vt 0.692555 0.856340
vt 0.297999 0.195837
vt 0.301365 0.210274
vt 0.583503 0.208433
vt 0.578380 0.197973
vt 0.694283 0.195409
vt 0.127402 0.392309
vt 0.098243 0.381098
vt 0.238025 0.532351
vt 0.724919 0.488580
vt 0.958990 0.628303
vt 0.050276 0.072090
vt 0.046161 0.077765
vt 0.045279 0.074668
vt 0.234590 0.587947
vt 0.938717 0.058033
vt 0.323345 0.597565
vt 0.320171 0.593265
vt 0.337743 0.593067
vt 0.806604 0.937310
vt 0.815523 0.948992
vt 0.759872 0.015702
vt 0.813510 0.160279
vt 0.209680 0.061383
vt 0.221729 0.058939
vt 0.716509 0.490538
vt 0.623454 0.208989
vt 0.970805 0.963209
vt 0.947728 0.970510
vt 0.956547 0.956119
vt 0.331799 0.226098
vt 0.081829 0.134247
vt 0.067299 0.116951
vt 0.104838 0.116849
vt 0.745757 0.497361
vt 0.305616 0.212529
vt 0.925093 0.083750
vt 0.692088 0.225678
vt 0.693434 0.214546
vt 0.356897 0.539802
vt 0.796150 0.961951
vt 0.716601 0.231293
vt 0.687240 0.846391
vt 0.626032 0.859080
vt 0.594093 0.855015
vt 0.644428 0.847343
vt 0.641456 0.837206
vt 0.331844 0.551506
vt 0.230521 0.518310
vt 0.924933 0.104558
vt 0.984316 0.026551
vt 0.769084 0.025006
vt 0.519891 0.050458
vt 0.523363 0.044536
vt 0.524604 0.052246
vt 0.331150 0.627844
vt 0.321400 0.620873
vt 0.333299 0.609380
vt 0.972136 0.946106
vt 0.038293 0.078889
vt 0.048560 0.060423
vt 0.933107 0.050792
vt 0.675171 0.502012
vt 0.668684 0.500110
vt 0.794707 0.976227
vt 0.320831 0.576238
vt 0.331802 0.565161
vt 0.337757 0.578575
vt 0.729369 0.085851
vt 0.615203 0.805267
vt 0.746876 0.105466
vt 0.239382 0.095309
vt 0.242432 0.087264
vt 0.053556 0.170089
vt 0.022478 0.149550
vt 0.049215 0.156588
vt 0.756048 0.021624
vt 0.055461 0.101510
vt 0.356611 0.584667
vt 0.773477 0.927550
vt 0.713340 0.897772
vt 0.699569 0.183429
vt 0.035626 0.099824
vt 0.035193 0.032149
vt 0.058263 0.161116
vt 0.049998 0.145213
vt 0.923983 0.613569
vt 0.611418 0.833870
vt 0.659710 0.487450
vt 0.523834 0.175164
vt 0.509101 0.179920
vt 0.510300 0.134143
vt 0.763083 0.505029
vt 0.595588 0.838232
vt 0.792207 0.977113
vt 0.731784 0.504735
vt 0.222216 0.826908
vt 0.125070 0.132574
vt 0.607669 0.829044
vt 0.600434 0.806825
vt 0.356066 0.249349
vt 0.412900 0.424855
vt 0.406789 0.406609
vt 0.410446 0.417589
vt 0.710034 0.505260
vt 0.652948 0.206585
vt 0.673243 0.193650
vt 0.622292 0.865773
vt 0.637467 0.858773
vt 0.637633 0.863705
vt 0.762131 0.119172
vt 0.052302 0.053851
vt 0.219347 0.580644
vt 0.755335 0.021877
vt 0.366197 0.559386
vt 0.254868 0.827033
vt 0.425955 0.129757
vt 0.440192 0.129877
vt 0.422007 0.145274
vt 0.367479 0.452910
vt 0.349579 0.433425
vt 0.363203 0.435239
vt 0.276788 0.873622
vt 0.276922 0.913955
vt 0.254489 0.895657
vt 0.369462 0.610082
vt 0.222009 0.074418
vt 0.075497 0.581281
vt 0.087541 0.579928
vt 0.083710 0.590788
vt 0.030253 0.058223
vt 0.025490 0.078461
vt 0.555080 0.184094
vt 0.533377 0.155630
vt 0.692883 0.047353
vt 0.683223 0.034663
vt 0.697547 0.037015
vt 0.057750 0.125828
vt 0.053313 0.131170
vt 0.373617 0.528216
vt 0.086218 0.638597
vt 0.113854 0.638904
vt 0.091791 0.645618
vt 0.920134 0.091325
vt 0.224196 0.072743
vt 0.148202 0.385797
vt 0.724777 0.507123
vt 0.590582 0.225673
vt 0.413707 0.178015
vt 0.478502 0.162734
vt 0.062863 0.093700
vt 0.850421 0.356322
vt 0.826586 0.354553
vt 0.807940 0.334637
vt 0.059679 0.187172
vt 0.041409 0.187455
vt 0.077395 0.592763
vt 0.086473 0.591509
vt 0.123877 0.326870
vt 0.721278 0.361156
vt 0.762803 0.386156
vt 0.727086 0.419243
vt 0.466400 0.141079
vt 0.674145 0.204027
vt 0.456337 0.130552
vt 0.383336 0.549516
vt 0.844628 0.324338
vt 0.856194 0.339648
vt 0.276643 0.801306
vt 0.278043 0.794619
vt 0.279039 0.803452
vt 0.402449 0.392621
vt 0.177842 0.835098
vt 0.186537 0.825683
vt 0.695015 0.506729
vt 0.269060 0.829598
vt 0.075871 0.573565
vt 0.061458 0.179071
vt 0.669824 0.041347
vt 0.678924 0.049625
vt 0.080055 0.606422
vt 0.088198 0.634370
vt 0.074213 0.616270
vt 0.375167 0.595583
vt 0.301952 0.896488
vt 0.294589 0.925381
vt 0.534831 0.098341
vt 0.510674 0.082784
vt 0.533112 0.053088
vt 0.602461 0.860462
vt 0.372957 0.571146
vt 0.284126 0.828723
vt 0.296749 0.835755
vt 0.288288 0.857428
vt 0.373780 0.628266
vt 0.808246 0.306437
vt 0.851933 0.314689
vt 0.086130 0.571696
vt 0.800779 0.936856
vt 0.661324 0.056658
vt 0.655164 0.048456
vt 0.703713 0.508134
vt 0.485385 0.216863
vt 0.060555 0.136705
vt 0.063944 0.133120
vt 0.601256 0.832326
vt 0.473977 0.177698
vt 0.648159 0.219628
vt 0.279917 0.808707
vt 0.290131 0.802542
vt 0.657599 0.362444
vt 0.672617 0.364916
vt 0.659917 0.388919
vt 0.534404 0.113074
vt 0.080693 0.637508
vt 0.246630 0.074964
vt 0.244510 0.090685
vt 0.929294 0.177484
vt 0.907200 0.181175
vt 0.382468 0.539052
vt 0.035814 0.081329
vt 0.618813 0.231363
vt 0.146672 0.121254
vt 0.261543 0.945216
vt 0.960719 0.201903
vt 0.969370 0.154457
vt 0.978141 0.193161
vt 0.397878 0.376013
vt 0.476318 0.130411
vt 0.272838 0.756751
vt 0.289456 0.758030
vt 0.272456 0.765694
vt 0.661343 0.031132
vt 0.704102 0.388317
vt 0.945683 0.202347
vt 0.950080 0.145417
vt 0.763980 0.409149
vt 0.780781 0.369646
vt 0.804994 0.366931
vt 0.142576 0.112236
vt 0.276933 0.775546
vt 0.285057 0.780724
vt 0.273594 0.783760
vt 0.342255 0.392192
vt 0.491927 0.194543
vt 0.093013 0.607507
vt 0.911775 0.067569
vt 0.630836 0.911062
vt 0.619060 0.915412
vt 0.754860 0.025031
vt 0.670386 0.218527
vt 0.049211 0.039950
vt 0.274026 0.771377
vt 0.283806 0.768325
vt 0.188535 0.811090
vt 0.230378 0.817373
vt 0.258803 0.815745
vt 0.732235 0.005825
vt 0.746477 0.010599
vt 0.726171 0.010312
vt 0.046360 0.533226
vt 0.040545 0.527665
vt 0.048440 0.532080
vt 0.253490 0.955708
vt 0.250251 0.935276
vt 0.676977 0.409021
vt 0.693579 0.363459
vt 0.678859 0.216553
vt 0.383733 0.585663
vt 0.363752 0.905914
vt 0.317224 0.914854
vt 0.356782 0.890214
vt 0.569028 0.110924
vt 0.495591 0.145778
vt 0.122998 0.681923
vt 0.139801 0.674549
vt 0.143256 0.716054
vt 0.144965 0.298854
vt 0.158549 0.332747
vt 0.592520 0.804743
vt 0.491783 0.128695
vt 0.326046 0.920997
vt 0.594768 0.828395
vt 0.593361 0.808283
vt 0.583597 0.132543
vt 0.559807 0.163539
vt 0.303271 0.790780
vt 0.202063 0.806071
vt 0.275956 0.969404
vt 0.298074 0.960948
vt 0.322048 0.924005
vt 0.314157 0.922378
vt 0.933432 0.157033
vt 0.288731 0.785780
vt 0.276088 0.789773
vt 0.295501 0.788528
vt 0.268750 0.812823
vt 0.611834 0.928997
vt 0.618668 0.926059
vt 0.624613 0.938713
vt 0.094138 0.588540
vt 0.037155 0.532615
vt 0.033395 0.506954
vt 0.104581 0.633717
vt 0.915758 0.130895
vt 0.930339 0.141662
vt 0.921737 0.193782
vt 0.938776 0.201379
vt 0.363965 0.901699
vt 0.595388 0.835183
vt 0.097399 0.603470
vt 0.444730 0.704916
vt 0.469963 0.694170
vt 0.471619 0.706132
vt 0.962717 0.944714
vt 0.951951 0.952724
vt 0.953694 0.908914
vt 0.658628 0.228441
vt 0.052786 0.042444
vt 0.794226 0.314612
vt 0.257586 0.972775
vt 0.164980 0.378283
vt 0.121033 0.644720
vt 0.039635 0.505986
vt 0.232960 0.799091
vt 0.260061 0.803117
vt 0.584063 0.116613
vt 0.954008 0.449845
vt 0.935648 0.458010
vt 0.951372 0.435806
vt 0.174473 0.024082
vt 0.171848 0.069681
vt 0.157974 0.043953
vt 0.289369 0.773524
vt 0.501358 0.183128
vt 0.388765 0.560216
vt 0.499907 0.174429
vt 0.588222 0.241025
vt 0.593784 0.248826
vt 0.124353 0.723069
vt 0.100078 0.724762
vt 0.787396 0.934558
vt 0.776063 0.934130
vt 0.799398 0.918357
vt 0.093952 0.582165
vt 0.929657 0.119782
vt 0.931105 0.128541
vt 0.366457 0.909846
vt 0.801410 0.019481
vt 0.808225 0.018334
vt 0.797498 0.021934
vt 0.175994 0.323520
vt 0.774433 0.951463
vt 0.788950 0.942965
vt 0.942069 0.854941
vt 0.948077 0.852234
vt 0.942535 0.861362
vt 0.025096 0.515730
vt 0.025515 0.534713
vt 0.656518 0.316203
vt 0.674359 0.336893
vt 0.644939 0.323611
vt 0.962940 0.880616
vt 0.956773 0.851150
vt 0.969436 0.876335
vt 0.656633 0.027393
vt 0.599926 0.866100
vt 0.948127 0.903042
vt 0.957325 0.892492
vt 0.949109 0.906941
vt 0.944985 0.436681
vt 0.939965 0.430012
vt 0.349999 0.361502
vt 0.390060 0.572688
vt 0.387360 0.609461
vt 0.935924 0.437645
vt 0.612154 0.949912
vt 0.094086 0.569380
vt 0.017940 0.074868
vt 0.011688 0.065880
vt 0.015558 0.069456
vt 0.928050 0.746293
vt 0.898009 0.704523
vt 0.936046 0.713650
vt 0.768649 0.325817
vt 0.766343 0.369934
vt 0.646267 0.241824
vt 0.616968 0.246503
vt 0.119441 0.650938
vt 0.089992 0.655348
vt 0.680254 0.230005
vt 0.427773 0.709128
vt 0.427092 0.682226
vt 0.328732 0.937088
vt 0.092311 0.682112
vt 0.698318 0.427883
vt 0.697777 0.618733
vt 0.712453 0.618351
vt 0.701519 0.619258
vt 0.600738 0.932975
vt 0.490824 0.295592
vt 0.488827 0.286215
vt 0.532593 0.296128
vt 0.303941 0.797564
vt 0.948789 0.420730
vt 0.934194 0.423629
vt 0.103050 0.609300
vt 0.588326 0.923345
vt 0.589416 0.938803
vt 0.578942 0.934098
vt 0.548256 0.928020
vt 0.543213 0.955157
vt 0.530428 0.925762
vt 0.956777 0.836093
vt 0.183427 0.375859
vt 0.693414 0.322453
vt 0.755828 0.932154
vt 0.683254 0.316871
vt 0.644855 0.335782
vt 0.339691 0.947270
vt 0.235213 0.787258
vt 0.256192 0.791726
vt 0.675275 0.241144
vt 0.675461 0.619238
vt 0.722975 0.618388
vt 0.529238 0.943292
vt 0.180043 0.802575
vt 0.948171 0.206912
vt 0.942623 0.206907
vt 0.302505 0.799393
vt 0.303620 0.803632
vt 0.539309 0.923626
vt 0.322328 0.943220
vt 0.200663 0.785019
vt 0.149975 0.025977
vt 0.164993 0.022369
vt 0.147021 0.033731
vt 0.295865 0.764515
vt 0.365208 0.013331
vt 0.378660 0.014390
vt 0.371563 0.014683
vt 0.224819 0.782038
vt 0.084451 0.708550
vt 0.078294 0.677423
vt 0.300778 0.776384
vt 0.658955 0.246970
vt 0.624933 0.964385
vt 0.613651 0.258457
vt 0.763391 0.314829
vt 0.135199 0.757108
vt 0.558069 0.945491
vt 0.558726 0.927012
vt 0.781781 0.975402
vt 0.742190 0.959229
vt 0.237758 0.063455
vt 0.988396 0.850805
vt 0.192914 0.357398
vt 0.024637 0.282200
vt 0.029445 0.275777
vt 0.027625 0.286690
vt 0.268066 0.796514
vt 0.368450 0.923519
vt 0.500981 0.237613
vt 0.498475 0.975667
vt 0.498885 0.973423
vt 0.499311 0.976522
vt 0.222903 0.063089
vt 0.483396 0.264932
vt 0.258384 0.782214
vt 0.924753 0.437888
vt 0.569140 0.924046
vt 0.569084 0.951017
vt 0.335753 0.957939
vt 0.320921 0.971477
vt 0.332794 0.952081
vt 0.183298 0.796325
vt 0.949941 0.208422
vt 0.992903 0.212226
vt 0.985207 0.213164
vt 0.716635 0.940039
vt 0.732194 0.018293
vt 0.956438 0.472105
vt 0.958425 0.502632
vt 0.934976 0.477526
vt 0.676555 0.004558
vt 0.679448 0.026689
vt 0.674565 0.024692
vt 0.941453 0.210656
vt 0.949301 0.211575
vt 0.946250 0.218597
vt 0.328763 0.969620
vt 0.731261 0.928955
vt 0.735473 0.983148
vt 0.267609 0.785161
vt 0.131263 0.024395
vt 0.149453 0.019159
vt 0.813830 0.012553
vt 0.697657 0.337660
vt 0.920458 0.692174
vt 0.801849 0.026652
vt 0.684211 0.239451
vt 0.115766 0.018338
vt 0.125274 0.017645
vt 0.835719 0.084409
vt 0.841453 0.073516
vt 0.843931 0.096083
vt 0.541170 0.761509
vt 0.541721 0.764012
vt 0.532023 0.763019
vt 0.957408 0.467075
vt 0.941155 0.470053
vt 0.594579 0.263754
vt 0.303391 0.772252
vt 0.177823 0.788653
vt 0.304247 0.782652
vt 0.028144 0.263413
vt 0.838697 0.074574
vt 0.646104 0.349809
vt 0.916384 0.428091
vt 0.959974 0.840293
vt 0.917002 0.437629
vt 0.891180 0.701814
vt 0.896539 0.701803
vt 0.910564 0.436980
vt 0.957700 0.219981
vt 0.022104 0.276715
vt 0.614320 0.976554
vt 0.205859 0.610259
vt 0.155230 0.617078
vt 0.183530 0.596498
vt 0.303448 0.767800
vt 0.414262 0.710336
vt 0.404297 0.715904
vt 0.398698 0.700997
vt 0.224964 0.624762
vt 0.174429 0.637406
vt 0.829413 0.981166
vt 0.823248 0.954743
vt 0.860818 0.976936
vt 0.594482 0.863002
vt 0.837601 0.072108
vt 0.686148 0.233931
vt 0.992981 0.216345
vt 0.842910 0.752392
vt 0.878527 0.729414
vt 0.884691 0.794464
vt 0.966686 0.212850
vt 0.831104 0.761146
vt 0.282676 0.013547
vt 0.275946 0.019257
vt 0.280692 0.010557
vt 0.025473 0.569799
vt 0.012413 0.567009
vt 0.026400 0.560919
vt 0.897440 0.677132
vt 0.122661 0.767349
vt 0.011401 0.284122
vt 0.009855 0.267967
vt 0.895588 0.673408
vt 0.908240 0.666995
vt 0.873078 0.797265
vt 0.937004 0.225709
vt 0.947157 0.232824
vt 0.443002 0.677219
vt 0.597992 0.922478
vt 0.468960 0.669440
vt 0.129191 0.039477
vt 0.832569 0.067243
vt 0.711133 0.925752
vt 0.579625 0.967434
vt 0.332415 0.974732
vt 0.340665 0.960863
vt 0.376696 0.946266
vt 0.375445 0.937376
vt 0.663849 0.353167
vt 0.904009 0.663617
vt 0.818520 0.026780
vt 0.687802 0.240189
vt 0.687271 0.237834
vt 0.221347 0.636649
vt 0.181351 0.655785
vt 0.590746 0.974178
vt 0.904954 0.796148
vt 0.976500 0.219490
vt 0.474107 0.243499
vt 0.697519 0.961614
vt 0.512477 0.972602
vt 0.511772 0.981062
vt 0.509402 0.982854
vt 0.885766 0.803016
vt 0.820599 0.017963
vt 0.818535 0.005194
vt 0.804793 0.006327
vt 0.956684 0.828584
vt 0.963113 0.833350
vt 0.414282 0.687177
vt 0.817335 0.018530
vt 0.966760 0.837719
vt 0.993371 0.832765
vt 0.918666 0.758989
vt 0.527122 0.249323
vt 0.993349 0.732032
vt 0.980366 0.741265
vt 0.995148 0.682396
vt 0.085237 0.746181
vt 0.061500 0.752825
vt 0.051944 0.747203
vt 0.691126 0.935245
vt 0.656345 0.427543
vt 0.893357 0.668315
vt 0.136818 0.045333
vt 0.918134 0.770566
vt 0.894097 0.711590
vt 0.766493 0.436164
vt 0.693867 0.922115
vt 0.697667 0.322608
vt 0.306702 0.759412
vt 0.086581 0.803411
vt 0.099619 0.805153
vt 0.098778 0.809350
vt 0.826226 0.782465
vt 0.884988 0.670409
vt 0.018074 0.249539
vt 0.708159 0.989106
vt 0.694010 0.977321
vt 0.092704 0.808814
vt 0.499173 0.985535
vt 0.914612 0.811357
vt 0.026939 0.574106
vt 0.026590 0.565081
vt 0.677963 0.583086
vt 0.699101 0.577463
vt 0.738345 0.597339
vt 0.033518 0.251754
vt 0.664480 0.018127
vt 0.660996 0.014339
vt 0.917904 0.657052
vt 0.973314 0.964939
vt 0.975951 0.974576
vt 0.950379 0.975909
vt 0.561377 0.972484
vt 0.935535 0.269132
vt 0.938404 0.264358
vt 0.940020 0.276471
vt 0.376865 0.951831
vt 0.656585 0.017435
vt 0.127334 0.602749
vt 0.128888 0.591164
vt 0.987947 0.845389
vt 0.083926 0.833754
vt 0.943538 0.264549
vt 0.943457 0.258597
vt 0.686755 0.991042
vt 0.376853 0.957394
vt 0.002160 0.279787
vt 0.096010 0.798152
vt 0.306376 0.754625
vt 0.552890 0.974138
vt 0.133188 0.095315
vt 0.146638 0.047071
vt 0.184749 0.067280
vt 0.733776 0.619284
vt 0.741334 0.617940
vt 0.739494 0.624823
vt 0.601781 0.979262
vt 0.252341 0.014184
vt 0.250799 0.024107
vt 0.249615 0.023140
vt 0.981765 0.232564
vt 0.995946 0.968992
vt 0.705899 0.321259
vt 0.704838 0.343767
vt 0.397960 0.679221
vt 0.152064 0.109230
vt 0.048470 0.769930
vt 0.875647 0.823454
vt 0.875297 0.677382
vt 0.545632 0.288293
vt 0.084490 0.808366
vt 0.697824 0.348736
vt 0.078558 0.808255
vt 0.014994 0.583506
vt 0.952200 0.264870
vt 0.164031 0.109354
vt 0.787118 0.592159
vt 0.754390 0.630191
vt 0.910195 0.473855
vt 0.689107 0.350646
vt 0.098039 0.787364
vt 0.084178 0.790974
vt 0.537866 0.783414
vt 0.548258 0.785658
vt 0.281123 0.028190
vt 0.994690 0.613470
vt 0.992726 0.669710
vt 0.955466 0.650014
vt 0.539553 0.976539
vt 0.128713 0.646625
vt 0.823189 0.801794
vt 0.968584 0.237278
vt 0.940947 0.832567
vt 0.724413 0.320638
vt 0.721817 0.335341
vt 0.721374 0.319444
vt 0.935762 0.240602
vt 0.956719 0.244588
vt 0.003863 0.260816
vt 0.917774 0.230467
vt 0.920842 0.223468
vt 0.929010 0.231081
vt 0.967116 0.260496
vt 0.525426 0.972942
vt 0.710687 0.318896
vt 0.713080 0.320710
vt 0.933009 0.226112
vt 0.912270 0.648045
vt 0.878089 0.661383
vt 0.963275 0.265689
vt 0.976834 0.266043
vt 0.937692 0.247452
vt 0.911856 0.226973
vt 0.072825 0.762486
vt 0.135933 0.669576
vt 0.532211 0.231360
vt 0.026260 0.580031
vt 0.126501 0.619222
vt 0.953652 0.275188
vt 0.983307 0.259595
vt 0.275693 0.031724
vt 0.565989 0.978454
vt 0.717071 0.328788
vt 0.717737 0.318782
vt 0.930134 0.218641
vt 0.724948 0.331655
vt 0.849253 0.842317
vt 0.968510 0.253412
vt 0.010045 0.246046
vt 0.040559 0.841183
vt 0.060806 0.826540
vt 0.066781 0.842490
vt 0.359120 0.012439
vt 0.371057 0.001105
vt 0.730446 0.323264
vt 0.973163 0.273568
vt 0.981051 0.267269
vt 0.727373 0.129089
vt 0.717254 0.137376
vt 0.699018 0.131713
vt 0.669801 0.448072
vt 0.103844 0.824915
vt 0.160668 0.114307
vt 0.711369 0.334543
vt 0.981395 0.246368
vt 0.919676 0.211776
vt 0.572594 0.983794
vt 0.125895 0.629889
vt 0.930287 0.250482
vt 0.730417 0.339394
vt 0.986222 0.254289
vt 0.721021 0.451747
vt 0.907535 0.462876
vt 0.026673 0.950121
vt 0.024871 0.940706
vt 0.028781 0.938161
vt 0.686851 0.449286
vt 0.126099 0.672379
vt 0.736876 0.323435
vt 0.740888 0.334182
vt 0.255656 0.028858
vt 0.023824 0.939375
vt 0.742159 0.323911
vt 0.558370 0.759255
vt 0.037985 0.821824
vt 0.872738 0.668651
vt 0.574408 0.776157
vt 0.642578 0.044034
vt 0.646941 0.045499
vt 0.641956 0.059792
vt 0.545212 0.490923
vt 0.536355 0.465459
vt 0.546885 0.455261
vt 0.581589 0.983114
vt 0.569430 0.751177
vt 0.545571 0.751725
vt 0.009578 0.588944
vt 0.078424 0.804928
vt 0.064017 0.811927
vt 0.062141 0.803467
vt 0.854141 0.682230
vt 0.539837 0.514919
vt 0.537165 0.489643
vt 0.018019 0.955413
vt 0.705589 0.453466
vt 0.859122 0.852771
vt 0.073381 0.821585
vt 0.726250 0.345684
vt 0.081011 0.767834
vt 0.949782 0.665503
vt 0.953343 0.675998
vt 0.951810 0.676693
vt 0.467452 0.656605
vt 0.633823 0.071997
vt 0.630306 0.043660
vt 0.016190 0.939498
vt 0.952645 0.301412
vt 0.975233 0.286989
vt 0.980727 0.311233
vt 0.024501 0.837744
vt 0.097464 0.759680
vt 0.129033 0.780092
vt 0.084147 0.771576
vt 0.975654 0.467565
vt 0.959088 0.451843
vt 0.986521 0.424446
vt 0.092851 0.753136
vt 0.556985 0.455483
vt 0.559667 0.485352
vt 0.434397 0.656146
vt 0.470693 0.633912
vt 0.949863 0.988743
vt 0.952721 0.978694
vt 0.957363 0.991268
vt 0.504026 0.208303
vt 0.682844 0.107187
vt 0.698626 0.097193
vt 0.552983 0.514795
vt 0.353039 0.003793
vt 0.351827 0.012182
vt 0.038752 0.938509
vt 0.859387 0.686577
vt 0.622859 0.067626
vt 0.066616 0.794499
vt 0.039360 0.798469
vt 0.716455 0.347202
vt 0.349714 0.006252
vt 0.885442 0.627582
vt 0.894092 0.638821
vt 0.951932 0.656828
vt 0.611949 0.040320
vt 0.872246 0.964437
vt 0.857886 0.930804
vt 0.739410 0.344600
vt 0.900490 0.498633
vt 0.557868 0.785507
vt 0.040681 0.951275
vt 0.733995 0.349963
vt 0.605836 0.065633
vt 0.075477 0.846726
vt 0.094633 0.844942
vt 0.844532 0.852554
vt 0.807581 0.884978
vt 0.802205 0.872527
vt 0.870424 0.665474
vt 0.628574 0.089486
vt 0.637605 0.077086
vt 0.823385 0.843872
vt 0.709491 0.350611
vt 0.621000 0.083633
vt 0.603095 0.449237
vt 0.617082 0.460244
vt 0.603392 0.476155
vt 0.047907 0.189962
vt 0.051603 0.202027
vt 0.043068 0.192767
vt 0.722806 0.349806
vt 0.843291 0.674495
vt 0.568016 0.458002
vt 0.652712 0.089891
vt 0.672038 0.096351
vt 0.870443 0.654087
vt 0.580974 0.050535
vt 0.096524 0.872305
vt 0.033204 0.809946
vt 0.613458 0.084146
vt 0.593611 0.457425
vt 0.857609 0.874231
vt 0.907773 0.260160
vt 0.924458 0.272685
vt 0.029124 0.596506
vt 0.026731 0.594898
vt 0.027815 0.589301
vt 0.632823 0.090212
vt 0.924143 0.961857
vt 0.934901 0.947227
vt 0.936573 0.976375
vt 0.877252 0.636649
vt 0.886180 0.877765
vt 0.022020 0.824394
vt 0.022921 0.821629
vt 0.028352 0.968161
vt 0.613900 0.500073
vt 0.603050 0.510544
vt 0.627528 0.495686
vt 0.714634 0.352715
vt 0.633825 0.448758
vt 0.639160 0.461443
vt 0.686356 0.133503
vt 0.568497 0.505019
vt 0.034615 0.592972
vt 0.025371 0.205133
vt 0.050715 0.213012
vt 0.822631 0.663622
vt 0.023990 0.815609
vt 0.595074 0.498493
vt 0.894543 0.896571
vt 0.406757 0.662998
vt 0.709578 0.029578
vt 0.745369 0.051483
vt 0.714870 0.050487
vt 0.697169 0.160524
vt 0.809181 0.644213
vt 0.917980 0.895891
vt 0.587646 0.515015
vt 0.583329 0.492163
vt 0.662451 0.069469
vt 0.712847 0.085163
vt 0.666674 0.092806
vt 0.744682 0.348422
vt 0.576452 0.470614
vt 0.582330 0.451280
vt 0.724844 0.019347
vt 0.741467 0.020529
vt 0.573784 0.513165
vt 0.581185 0.514635
vt 0.643868 0.501281
vt 0.636336 0.515837
vt 0.879317 0.624718
vt 0.447859 0.626885
vt 0.011407 0.598411
vt 0.027592 0.959876
vt 0.422806 0.649187
vt 0.570312 0.754606
vt 0.891220 0.960896
vt 0.880096 0.926084
vt 0.070588 0.239036
vt 0.065066 0.276676
vt 0.043572 0.251479
vt 0.948791 0.653865
vt 0.034459 0.600405
vt 0.827459 0.231788
vt 0.804347 0.233154
vt 0.804408 0.229777
vt 0.946902 0.515265
vt 0.975594 0.526257
vt 0.956644 0.542478
vt 0.832805 0.230094
vt 0.813030 0.199277
vt 0.591203 0.075129
vt 0.963997 0.977346
vt 0.973179 0.980486
vt 0.395518 0.646888
vt 0.573221 0.752115
vt 0.040374 0.972584
vt 0.907755 0.969710
vt 0.897939 0.921564
vt 0.980257 0.557161
vt 0.017134 0.970055
vt 0.402905 0.638096
vt 0.471200 0.618614
vt 0.839559 0.197134
vt 0.433988 0.623694
vt 0.415543 0.635152
vt 0.915392 0.918228
vt 0.819648 0.264587
vt 0.924935 0.906593
vt 0.026724 0.220992
vt 0.031774 0.233043
vt 0.579104 0.763503
vt 0.211329 0.298454
vt 0.221119 0.297886
vt 0.210542 0.300920
vt 0.878900 0.255579
vt 0.857148 0.230675
vt 0.876993 0.233744
vt 0.029209 0.977626
vt 0.019140 0.980253
vt 0.964911 0.506044
vt 0.199204 0.280397
vt 0.214637 0.277893
vt 0.980051 0.503028
vt 0.295839 0.277540
vt 0.304396 0.282328
vt 0.294837 0.297007
vt 0.027366 0.235317
vt 0.024437 0.223302
vt 0.275963 0.359521
vt 0.249101 0.334034
vt 0.278570 0.339971
vt 0.454691 0.047682
vt 0.455503 0.037994
vt 0.460495 0.036001
vt 0.215337 0.304063
vt 0.217941 0.316929
vt 0.190264 0.311297
vt 0.208686 0.276562
vt 0.036543 0.672837
vt 0.047594 0.676499
vt 0.031945 0.685907
vt 0.015912 0.974658
vt 0.269541 0.293429
vt 0.280959 0.277776
vt 0.041431 0.668248
vt 0.434470 0.606286
vt 0.296578 0.312494
vt 0.288150 0.324515
vt 0.268215 0.312121
vt 0.051831 0.226832
vt 0.422998 0.614634
vt 0.404963 0.614363
vt 0.239762 0.354663
vt 0.866744 0.271475
vt 0.187673 0.327338
vt 0.891941 0.235676
vt 0.195982 0.304442
vt 0.250312 0.319229
vt 0.459386 0.032885
vt 0.469636 0.036722
vt 0.489747 0.047180
vt 0.497437 0.062689
vt 0.059809 0.679637
vt 0.063112 0.681324
vt 0.186457 0.285251
vt 0.892591 0.231763
vt 0.889561 0.202785
vt 0.985387 0.519727
vt 0.043171 0.692297
vt 0.024841 0.702782
vt 0.027747 0.689931
vt 0.069971 0.673422
vt 0.072320 0.682200
vt 0.060812 0.694484
vt 0.243135 0.454218
vt 0.231542 0.446162
vt 0.239971 0.447138
vt 0.233021 0.433126
vt 0.992353 0.541473
vt 0.035899 0.711807
vt 0.253632 0.450294
vt 0.419334 0.600651
vt 0.055545 0.669506
vt 0.185273 0.309609
vt 0.261605 0.439746
vt 0.477961 0.037545
vt 0.873827 0.196411
vt 0.993108 0.553560
vt 0.053556 0.699087
vt 0.267312 0.454630
vt 0.268193 0.465039
vt 0.227366 0.454746
vt 0.987345 0.494703
vt 0.992197 0.502487
vt 0.259870 0.466548
vt 0.233789 0.296311
vt 0.411058 0.598787
vt 0.234973 0.277995
vt 0.245372 0.467235
vt 0.000019 0.390167
vt 0.000019 0.382960
vt 0.002565 0.384409
vt 0.998509 0.550818
vt 0.227077 0.465917
vt 0.172368 0.290042
vt 0.997643 0.496335
vt 0.997305 0.502429
vt 0.508652 0.055559
vt 0.490026 0.044523
vt 0.993150 0.522514
vt 0.898704 0.194797
vt 0.224401 0.281152
vt 0.239348 0.472487
vt 0.235994 0.404875
vt 0.237236 0.402182
vt 0.251235 0.407104
vt 0.073374 0.695116
vt 0.260249 0.488107
vt 0.269759 0.477274
vt 0.272342 0.489793
vt 0.262773 0.398665
vt 0.235212 0.428459
vt 0.251108 0.409838
vt 0.264813 0.409754
vt 0.996447 0.513621
vt 0.251858 0.481302
vt 0.251970 0.433424
vt 0.492087 0.031575
vt 0.070736 0.700448
vt 0.510383 0.034873
vt 0.506033 0.050741
vt 0.268533 0.437477
vt 0.267020 0.414053
s 1
usemtl Material
f 1/1/1 709/2/2 1100/3/3
f 1/4/1 2/5/4 709/6/2
f 709/2/2 431/7/5 1100/3/3
f 432/8/6 1/4/1 1100/9/3
f 1100/3/3 431/7/5 437/10/7
f 709/6/2 2/5/4 433/11/8
f 2/5/4 1/4/1 712/12/9
f 432/8/6 710/13/10 1/4/1
f 432/14/6 1100/3/3 1101/15/11
f 1101/15/11 1100/3/3 437/10/7
f 712/12/9 1/4/1 710/13/10
f 433/11/8 2/5/4 441/16/12
f 436/17/13 1016/18/14 434/19/15
f 436/17/13 434/19/15 435/20/16
f 709/2/2 433/21/8 431/7/5
f 7/22/17 437/10/7 431/7/5
f 431/7/5 433/21/8 714/23/18
f 3/24/19 7/22/17 431/7/5
f 434/19/15 1016/18/14 4/25/20
f 435/20/16 884/26/21 436/17/13
f 884/26/21 435/20/16 711/27/22
f 885/28/23 1016/29/14 436/30/13
f 712/12/9 441/16/12 2/5/4
f 435/20/16 434/19/15 439/31/24
f 714/23/18 3/24/19 431/7/5
f 713/32/25 5/33/26 1016/18/14
f 1245/34/27 1101/15/11 437/10/7
f 1016/29/14 885/28/23 713/35/25
f 7/36/17 1245/37/27 437/38/7
f 885/28/23 436/30/13 6/39/28
f 4/25/20 438/40/29 434/19/15
f 884/41/21 6/39/28 436/30/13
f 5/33/26 4/25/20 1016/18/14
f 443/42/30 441/16/12 1162/43/31
f 1162/43/31 441/16/12 712/12/9
f 885/28/23 8/44/32 713/35/25
f 434/19/15 440/45/33 439/31/24
f 434/19/15 438/40/29 440/45/33
f 711/27/22 435/20/16 439/31/24
f 5/33/26 445/46/34 4/25/20
f 438/40/29 4/25/20 445/46/34
f 433/11/8 441/16/12 889/47/35
f 1102/48/36 439/49/24 440/50/33
f 432/8/6 712/12/9 710/13/10
f 714/23/18 884/26/21 711/27/22
f 433/11/8 889/47/35 11/51/37
f 7/36/17 886/52/38 1245/37/27
f 3/53/19 886/52/38 7/36/17
f 5/33/26 1017/54/39 445/46/34
f 71/55/40 1101/15/11 1245/34/27
f 433/21/8 11/56/37 714/23/18
f 716/57/41 711/27/22 439/31/24
f 1102/58/36 440/59/33 444/60/42
f 11/56/37 9/61/43 714/23/18
f 432/14/6 1101/15/11 71/55/40
f 432/8/6 13/62/44 1162/43/31
f 432/8/6 1162/43/31 712/12/9
f 438/63/29 444/60/42 440/59/33
f 443/42/30 1218/64/45 441/16/12
f 6/39/28 12/65/46 885/28/23
f 714/23/18 9/61/43 884/26/21
f 715/66/47 5/33/26 713/32/25
f 1017/54/39 5/33/26 715/66/47
f 714/23/18 711/27/22 887/67/48
f 711/27/22 716/57/41 887/67/48
f 714/23/18 887/67/48 3/24/19
f 439/49/24 1102/48/36 15/68/49
f 444/60/42 14/69/50 1102/58/36
f 888/70/51 3/24/19 887/67/48
f 439/49/24 15/68/49 716/71/41
f 884/72/21 9/73/43 889/47/35
f 10/74/52 6/75/28 884/72/21
f 1162/43/31 13/62/44 1018/76/53
f 3/53/19 18/77/54 886/52/38
f 1020/78/55 8/44/32 885/28/23
f 438/63/29 16/79/56 444/60/42
f 442/80/57 1245/37/27 886/52/38
f 9/73/43 11/51/37 889/47/35
f 1245/37/27 442/80/57 71/81/40
f 446/82/58 1218/64/45 443/42/30
f 716/57/41 888/70/51 887/67/48
f 12/65/46 1020/78/55 885/28/23
f 8/44/32 717/83/59 713/35/25
f 886/52/38 892/84/60 442/80/57
f 16/85/56 438/86/29 445/87/34
f 884/72/21 889/47/35 10/74/52
f 1018/76/53 443/42/30 1162/43/31
f 1218/64/45 889/47/35 441/16/12
f 443/42/30 1018/76/53 446/82/58
f 447/88/61 892/84/60 886/52/38
f 716/89/41 718/90/62 888/91/51
f 1102/48/36 14/92/50 15/68/49
f 715/93/47 713/35/25 891/94/63
f 717/83/59 8/44/32 1020/78/55
f 717/83/59 891/94/63 713/35/25
f 12/65/46 6/39/28 10/95/52
f 14/92/50 1021/96/64 15/68/49
f 18/77/54 888/91/51 718/90/62
f 449/97/65 1194/98/66 1017/99/39
f 12/65/46 10/95/52 1019/100/67
f 17/101/68 10/74/52 889/47/35
f 18/77/54 3/53/19 888/91/51
f 21/102/69 1218/103/45 19/104/70
f 16/85/56 445/87/34 1194/98/66
f 715/66/47 894/105/71 1017/54/39
f 18/77/54 718/90/62 716/71/41
f 17/101/68 889/47/35 1218/64/45
f 886/52/38 464/106/72 447/88/61
f 716/71/41 15/68/49 18/77/54
f 1017/54/39 1194/107/66 445/46/34
f 1218/103/45 446/108/58 19/104/70
f 17/101/68 1218/64/45 451/109/73
f 1019/110/67 10/74/52 17/101/68
f 893/111/74 1021/96/64 14/92/50
f 890/112/75 14/69/50 444/60/42
f 464/106/72 886/52/38 720/113/76
f 18/77/54 720/113/76 886/52/38
f 448/114/77 1020/115/55 12/116/46
f 1019/110/67 17/101/68 451/109/73
f 892/84/60 40/117/78 442/80/57
f 1103/118/79 446/119/58 1018/120/53
f 28/121/80 12/122/46 1019/123/67
f 16/124/56 890/112/75 444/60/42
f 452/125/81 892/84/60 447/88/61
f 20/126/82 720/113/76 18/77/54
f 1021/96/64 18/77/54 15/68/49
f 1018/127/53 13/128/44 1103/129/79
f 20/126/82 18/77/54 1021/96/64
f 21/102/69 451/130/73 1218/103/45
f 28/131/80 448/114/77 12/116/46
f 1022/132/83 1103/129/79 13/128/44
f 432/133/6 1022/132/83 13/128/44
f 29/134/84 1020/115/55 448/114/77
f 456/135/85 464/106/72 720/113/76
f 1104/136/86 891/137/63 717/138/59
f 890/112/75 16/124/56 30/139/87
f 451/130/73 21/102/69 1019/123/67
f 1219/140/88 717/138/59 1020/141/55
f 14/69/50 890/112/75 893/142/74
f 891/137/63 1104/136/86 450/143/89
f 16/85/56 1194/98/66 30/144/87
f 1104/136/86 717/138/59 1219/140/88
f 447/145/61 43/146/90 452/147/81
f 454/148/91 449/149/65 1017/54/39
f 453/150/92 19/104/70 446/108/58
f 40/117/78 71/81/40 442/80/57
f 1021/96/64 720/113/76 20/126/82
f 452/147/81 40/151/78 892/152/60
f 454/148/91 1017/54/39 894/105/71
f 893/142/74 455/153/93 1021/154/64
f 19/104/70 453/150/92 468/155/94
f 454/148/91 719/156/95 449/149/65
f 455/157/93 1025/158/96 1021/159/64
f 1219/160/88 1020/161/55 29/162/84
f 447/145/61 464/163/72 43/146/90
f 21/102/69 19/104/70 24/164/97
f 890/112/75 724/165/98 893/142/74
f 715/166/47 891/167/63 450/168/89
f 1019/123/67 21/102/69 24/164/97
f 1220/169/99 24/164/97 468/155/94
f 896/170/100 1022/132/83 432/133/6
f 42/171/101 1019/123/67 24/164/97
f 894/172/71 22/173/102 454/174/91
f 1025/175/96 720/113/76 1021/96/64
f 724/165/98 890/112/75 30/176/87
f 453/150/92 446/108/58 1103/177/79
f 1194/98/66 460/178/103 30/144/87
f 1019/123/67 42/171/101 28/121/80
f 1108/179/104 452/147/81 43/146/90
f 721/180/105 722/181/106 723/182/107
f 27/183/108 23/184/109 459/185/110
f 23/184/109 25/186/111 459/185/110
f 455/153/93 893/142/74 724/165/98
f 1103/187/79 1022/188/83 49/189/112
f 1103/187/79 49/189/112 453/190/92
f 723/182/107 722/181/106 463/191/113
f 1163/192/114 23/184/109 27/183/108
f 467/193/115 744/194/116 1194/98/66
f 450/168/89 894/195/71 715/166/47
f 23/184/109 1163/192/114 26/196/117
f 468/155/94 24/164/97 19/104/70
f 459/197/110 462/198/118 27/199/108
f 719/200/95 454/174/91 1023/201/119
f 458/202/120 461/203/121 723/182/107
f 721/180/105 723/182/107 461/203/121
f 723/182/107 37/204/122 1164/205/123
f 723/182/107 463/191/113 37/204/122
f 720/206/76 1025/158/96 456/207/85
f 432/8/6 71/208/40 896/209/100
f 458/202/120 723/182/107 1164/205/123
f 722/210/106 721/211/105 729/212/124
f 1163/213/114 27/214/108 897/215/125
f 454/174/91 22/173/102 1023/201/119
f 895/216/126 25/217/111 23/184/109
f 722/210/106 729/212/124 32/218/127
f 27/214/108 462/219/118 33/220/128
f 35/221/129 23/222/109 26/223/117
f 459/224/110 25/225/111 895/226/126
f 449/227/65 719/228/95 725/229/130
f 457/230/131 1104/136/86 1219/140/88
f 1023/201/119 22/173/102 34/231/132
f 459/197/110 1024/232/133 462/198/118
f 40/151/78 452/147/81 1108/179/104
f 897/215/125 27/214/108 33/220/128
f 463/191/113 722/181/106 32/233/127
f 729/212/124 721/211/105 1107/234/134
f 725/235/130 719/200/95 1023/201/119
f 34/231/132 461/203/121 1023/201/119
f 458/202/120 1023/201/119 461/203/121
f 461/236/121 38/237/135 721/211/105
f 37/204/122 463/191/113 466/238/136
f 23/222/109 36/239/137 732/240/138
f 1165/241/139 461/203/121 34/231/132
f 38/237/135 1107/234/134 721/211/105
f 725/235/130 1023/201/119 726/242/140
f 41/243/141 897/215/125 33/220/128
f 1023/201/119 458/202/120 726/242/140
f 459/197/110 31/244/142 1024/232/133
f 450/168/89 22/245/102 894/195/71
f 23/222/109 35/221/129 36/239/137
f 26/223/117 465/246/143 35/221/129
f 459/224/110 728/247/144 31/248/142
f 1164/249/123 37/250/122 727/251/145
f 23/252/109 732/253/138 895/254/126
f 1166/255/146 36/239/137 35/221/129
f 1165/256/139 38/237/135 461/236/121
f 1109/257/147 29/162/84 448/258/77
f 462/259/118 1027/260/148 39/261/149
f 39/262/149 33/220/128 462/219/118
f 731/263/150 26/196/117 1163/192/114
f 1165/256/139 34/264/132 22/245/102
f 39/262/149 898/265/151 33/220/128
f 467/266/115 725/229/130 726/267/140
f 449/227/65 725/229/130 467/266/115
f 466/238/136 463/191/113 32/233/127
f 1163/213/114 897/215/125 41/243/141
f 448/258/77 28/268/80 1109/257/147
f 728/247/144 459/224/110 895/226/126
f 462/198/118 1024/232/133 1027/269/148
f 49/189/112 1022/188/83 896/270/100
f 33/220/128 898/265/151 41/243/141
f 22/245/102 47/271/152 1165/256/139
f 47/271/152 22/245/102 450/168/89
f 456/207/85 1025/158/96 50/272/153
f 458/273/120 1164/249/123 48/274/154
f 32/233/127 45/275/155 466/238/136
f 32/218/127 729/212/124 51/276/156
f 35/221/129 465/246/143 1166/255/146
f 729/212/124 1105/277/157 51/276/156
f 1105/277/157 729/212/124 1107/234/134
f 731/278/150 1163/213/114 41/243/141
f 895/226/126 1195/279/158 728/247/144
f 726/267/140 458/273/120 46/280/159
f 40/151/78 1108/179/104 734/281/160
f 1167/282/161 1219/160/88 29/162/84
f 449/97/65 467/193/115 1194/98/66
f 1167/282/161 457/283/131 1219/160/88
f 36/284/137 1106/285/162 732/253/138
f 727/251/145 37/250/122 466/286/136
f 39/262/149 470/287/163 898/265/151
f 1166/255/146 735/288/164 730/289/165
f 1164/249/123 472/290/166 48/274/154
f 724/165/98 63/291/167 455/153/93
f 458/273/120 48/274/154 46/280/159
f 733/292/168 1107/234/134 38/237/135
f 1164/249/123 727/251/145 472/290/166
f 29/162/84 1109/257/147 1167/282/161
f 485/293/169 477/294/170 1024/232/133
f 41/243/141 898/265/151 469/295/171
f 1165/256/139 733/292/168 38/237/135
f 24/164/97 1220/169/99 42/171/101
f 45/275/155 55/296/172 466/238/136
f 477/294/170 1027/269/148 1024/232/133
f 895/297/126 732/298/138 1195/299/158
f 31/244/142 485/293/169 1024/232/133
f 730/300/165 57/301/173 1106/302/162
f 30/144/87 1222/303/174 86/304/175
f 733/292/168 1165/256/139 47/271/152
f 471/305/176 467/266/115 726/267/140
f 86/306/175 724/165/98 30/176/87
f 734/281/160 1108/179/104 1111/307/177
f 726/267/140 46/280/159 471/305/176
f 32/218/127 61/308/178 737/309/179
f 1027/310/148 77/311/180 39/312/149
f 39/313/149 52/314/181 470/315/163
f 898/265/151 470/287/163 469/295/171
f 1166/255/146 465/246/143 473/316/182
f 730/300/165 1106/302/162 36/317/137
f 465/246/143 26/223/117 731/318/150
f 1166/319/146 730/320/165 36/321/137
f 1105/277/157 56/322/183 51/276/156
f 45/323/155 32/218/127 737/309/179
f 32/218/127 51/276/156 61/308/178
f 64/324/184 28/121/80 42/171/101
f 77/311/180 53/325/185 39/312/149
f 1025/326/96 455/153/93 505/327/186
f 39/312/149 53/325/185 52/328/181
f 466/286/136 55/329/172 54/330/187
f 473/316/182 465/246/143 743/331/188
f 744/194/116 460/178/103 1194/98/66
f 45/323/155 737/309/179 59/332/189
f 56/333/183 913/334/190 51/335/156
f 482/336/191 727/251/145 466/286/136
f 733/292/168 47/271/152 741/337/192
f 88/338/193 450/143/89 1104/136/86
f 469/295/171 731/278/150 41/243/141
f 1222/303/174 30/144/87 460/178/103
f 1110/339/194 43/146/90 464/163/72
f 65/340/195 472/290/166 727/251/145
f 758/341/196 43/146/90 1110/339/194
f 31/248/142 69/342/197 903/343/198
f 474/344/199 46/280/159 48/274/154
f 44/345/200 468/346/94 453/190/92
f 43/146/90 758/341/196 1108/179/104
f 53/325/185 902/347/201 52/328/181
f 907/348/202 730/300/165 735/349/164
f 51/276/156 913/350/190 61/308/178
f 1106/302/162 57/301/173 732/351/138
f 49/189/112 44/345/200 453/190/92
f 474/344/199 471/305/176 46/280/159
f 735/288/164 1166/255/146 473/316/182
f 50/272/153 464/163/72 456/207/85
f 1108/179/104 80/352/203 1111/307/177
f 31/244/142 903/353/198 736/354/204
f 1028/355/205 476/356/206 738/357/207
f 738/357/207 58/358/208 1028/355/205
f 64/324/184 42/171/101 1220/169/99
f 477/359/170 74/360/209 1027/361/148
f 1028/362/205 58/363/208 60/364/210
f 450/365/89 1221/366/211 47/367/152
f 71/368/40 40/151/78 734/281/160
f 737/309/179 61/308/178 68/369/212
f 76/370/213 58/358/208 738/357/207
f 741/371/192 47/367/152 1221/366/211
f 505/372/186 50/272/153 1025/158/96
f 741/371/192 475/373/214 733/374/168
f 76/370/213 738/357/207 739/375/215
f 733/376/168 475/373/214 1029/377/216
f 63/291/167 505/327/186 455/153/93
f 92/378/217 88/338/193 1104/136/86
f 1028/362/205 901/379/218 476/380/206
f 486/381/219 49/189/112 896/270/100
f 902/347/201 53/325/185 62/382/220
f 1028/362/205 60/364/210 901/379/218
f 55/383/172 45/384/155 75/385/221
f 1029/377/216 1105/386/157 1107/387/134
f 1168/388/222 1195/299/158 732/298/138
f 1167/282/161 899/389/223 457/283/131
f 1105/386/157 1029/377/216 56/333/183
f 467/390/115 471/391/176 744/392/116
f 69/342/197 31/248/142 728/247/144
f 902/393/201 470/315/163 52/314/181
f 59/332/189 737/309/179 73/394/224
f 732/351/138 57/301/173 1026/395/225
f 64/396/184 916/397/226 28/268/80
f 733/376/168 1029/377/216 1107/387/134
f 1109/257/147 28/268/80 916/397/226
f 60/364/210 58/363/208 740/398/227
f 81/399/228 77/311/180 1027/400/148
f 1113/401/229 471/305/176 474/344/199
f 70/402/230 740/398/227 58/363/208
f 76/403/213 70/402/230 58/363/208
f 478/404/231 739/375/215 738/357/207
f 1104/136/86 457/230/131 92/378/217
f 732/298/138 1026/405/225 1168/388/222
f 469/406/171 470/407/163 480/408/232
f 59/409/189 73/410/224 45/384/155
f 63/291/167 724/165/98 86/306/175
f 903/343/198 476/356/206 901/411/218
f 907/348/202 57/301/173 730/300/165
f 470/315/163 902/393/201 480/412/232
f 450/365/89 88/413/193 1221/366/211
f 482/336/191 54/330/187 1032/414/233
f 31/244/142 78/415/234 485/293/169
f 486/381/219 896/270/100 184/416/235
f 903/343/198 69/342/197 476/356/206
f 66/417/236 735/418/164 473/316/182
f 744/392/116 471/391/176 1113/419/229
f 45/384/155 73/410/224 67/420/237
f 901/379/218 736/354/204 903/353/198
f 61/421/178 913/334/190 68/422/212
f 742/423/238 738/357/207 476/356/206
f 81/424/228 1027/361/148 74/425/209
f 472/426/166 97/427/239 48/428/154
f 728/247/144 904/429/240 69/342/197
f 494/430/241 84/431/242 731/432/150
f 73/433/224 737/309/179 68/369/212
f 76/370/213 739/375/215 905/434/243
f 478/404/231 738/357/207 742/423/238
f 79/435/244 465/246/143 731/318/150
f 749/436/245 60/364/210 740/398/227
f 65/340/195 727/251/145 482/336/191
f 79/437/244 731/438/150 82/439/246
f 476/356/206 69/342/197 904/429/240
f 70/402/230 83/440/247 740/398/227
f 469/406/171 906/441/248 731/432/150
f 478/442/231 748/443/249 739/444/215
f 900/445/250 468/346/94 44/345/200
f 66/446/236 907/447/202 735/448/164
f 477/449/170 485/450/169 1033/451/251
f 31/244/142 736/354/204 78/415/234
f 479/452/252 1110/339/194 464/163/72
f 1032/414/233 54/330/187 481/453/253
f 1221/366/211 108/454/254 741/371/192
f 482/336/191 466/286/136 54/330/187
f 68/422/212 913/334/190 908/455/255
f 904/429/240 745/456/256 476/356/206
f 479/452/252 464/163/72 50/272/153
f 55/457/172 75/458/221 481/453/253
f 749/436/245 901/379/218 60/364/210
f 93/459/257 902/347/201 62/382/220
f 745/456/256 742/423/238 476/356/206
f 901/379/218 78/415/234 736/354/204
f 472/426/166 65/460/195 97/427/239
f 728/247/144 745/456/256 904/429/240
f 49/189/112 486/381/219 44/345/200
f 500/461/258 739/444/215 748/443/249
f 465/246/143 79/435/244 743/331/188
f 1108/179/104 758/341/196 80/352/203
f 104/462/259 1195/299/158 117/463/260
f 77/464/180 62/382/220 53/325/185
f 1109/257/147 1117/465/261 1167/282/161
f 1168/388/222 117/463/260 1195/299/158
f 66/417/236 473/316/182 743/331/188
f 740/398/227 83/440/247 98/466/262
f 905/434/243 739/375/215 500/467/258
f 72/468/263 474/469/199 48/428/154
f 1195/299/158 104/462/259 750/470/264
f 481/453/253 54/330/187 55/457/172
f 97/427/239 72/468/263 48/428/154
f 107/471/265 749/436/245 740/398/227
f 84/472/242 82/439/246 731/438/150
f 76/370/213 905/434/243 1198/473/266
f 1168/474/222 1026/475/225 491/476/267
f 901/379/218 485/293/169 78/415/234
f 57/477/173 1196/478/268 1026/479/225
f 747/480/269 742/423/238 745/456/256
f 908/481/255 73/410/224 68/482/212
f 1026/483/225 1169/484/270 1031/485/271
f 743/331/188 752/486/272 66/417/236
f 75/385/221 45/384/155 67/420/237
f 731/432/150 906/441/248 494/430/241
f 484/487/273 1114/488/274 81/489/228
f 742/490/238 747/491/269 750/492/264
f 469/406/171 480/408/232 906/441/248
f 740/493/227 98/494/262 107/495/265
f 50/272/153 505/496/186 479/452/252
f 483/497/275 484/487/273 81/498/228
f 748/443/249 478/442/231 742/499/238
f 460/178/103 140/500/276 1222/303/174
f 1030/501/277 913/334/190 56/333/183
f 62/382/220 77/464/180 81/502/228
f 1169/503/270 1026/479/225 1196/478/268
f 485/293/169 901/379/218 89/504/278
f 1169/484/270 85/505/279 1031/485/271
f 70/402/230 76/403/213 751/506/280
f 902/507/201 93/508/257 480/509/232
f 750/510/264 747/480/269 745/456/256
f 908/481/255 91/511/281 73/410/224
f 750/512/264 745/456/256 728/247/144
f 482/513/191 109/514/282 65/460/195
f 87/515/283 67/420/237 73/410/224
f 87/515/283 73/410/224 1199/516/284
f 1201/517/285 64/518/184 1220/519/99
f 741/371/192 108/454/254 475/373/214
f 750/470/264 728/520/144 1195/299/158
f 1114/521/274 764/522/286 95/523/287
f 91/511/281 1199/516/284 73/410/224
f 1031/485/271 489/524/288 1026/483/225
f 1201/517/285 1220/519/99 468/346/94
f 751/506/280 76/403/213 96/525/289
f 743/331/188 79/435/244 752/486/272
f 490/526/290 82/527/246 84/431/242
f 1033/528/251 89/504/278 901/379/218
f 1197/529/291 742/490/238 750/492/264
f 486/381/219 116/530/292 44/345/200
f 56/333/183 1029/377/216 1112/531/293
f 82/439/246 90/532/294 79/437/244
f 90/532/294 82/439/246 490/533/290
f 1198/473/266 96/534/289 76/370/213
f 1169/484/270 1196/535/268 94/536/295
f 484/487/273 493/537/296 1114/488/274
f 487/538/297 490/526/290 492/539/298
f 92/540/217 457/283/131 899/389/223
f 1112/531/293 1030/501/277 56/333/183
f 90/532/294 490/533/290 487/541/297
f 485/293/169 89/504/278 1033/528/251
f 484/487/273 488/542/299 493/537/296
f 761/543/300 81/544/228 74/425/209
f 1114/521/274 95/523/287 62/545/220
f 94/536/295 85/505/279 1169/484/270
f 752/546/272 909/547/301 66/548/236
f 1034/549/302 748/443/249 742/499/238
f 62/550/220 81/489/228 1114/488/274
f 97/427/239 65/460/195 109/514/282
f 746/551/303 481/453/253 75/458/221
f 44/345/200 116/530/292 900/445/250
f 468/346/94 900/445/250 1201/517/285
f 1040/552/304 1110/339/194 479/452/252
f 490/526/290 84/431/242 754/553/305
f 81/498/228 761/554/300 483/497/275
f 1196/555/268 57/301/173 907/348/202
f 907/447/202 909/556/301 100/557/306
f 913/334/190 1030/501/277 919/558/307
f 749/559/245 1033/528/251 901/379/218
f 499/560/308 488/542/299 484/487/273
f 492/539/298 490/526/290 99/561/309
f 1113/419/229 474/469/199 72/468/263
f 489/562/288 1031/485/271 85/505/279
f 489/563/288 126/564/310 491/565/267
f 90/532/294 909/547/301 752/546/272
f 742/490/238 1197/529/291 495/566/311
f 79/437/244 90/532/294 752/546/272
f 746/551/303 75/458/221 1037/567/312
f 96/534/289 496/568/313 497/569/314
f 497/569/314 501/570/315 96/534/289
f 487/541/297 909/547/301 90/532/294
f 96/534/289 1198/473/266 496/568/313
f 501/570/315 751/571/280 96/534/289
f 490/526/290 754/553/305 99/561/309
f 914/572/316 744/392/116 1113/419/229
f 749/573/245 910/574/317 1033/451/251
f 760/575/318 63/291/167 86/306/175
f 94/536/295 101/576/319 85/505/279
f 753/577/320 480/509/232 93/508/257
f 751/506/280 83/440/247 70/402/230
f 84/431/242 494/430/241 754/553/305
f 755/578/321 1029/377/216 475/373/214
f 495/566/311 750/492/264 104/579/259
f 750/492/264 495/566/311 1197/529/291
f 763/580/322 1168/581/222 491/582/267
f 144/583/323 505/327/186 63/291/167
f 753/584/320 906/441/248 480/585/232
f 477/586/170 910/587/317 112/588/324
f 906/441/248 754/553/305 494/430/241
f 912/589/325 83/440/247 751/506/280
f 1221/366/211 88/413/193 757/590/326
f 484/487/273 483/497/275 499/560/308
f 481/453/253 498/591/327 1032/414/233
f 1112/531/293 1029/377/216 1231/592/328
f 67/420/237 1037/593/312 75/385/221
f 100/594/306 487/595/297 492/596/298
f 748/443/249 1035/597/329 500/598/258
f 909/547/301 907/599/202 66/548/236
f 753/600/320 754/553/305 906/441/248
f 910/574/317 477/449/170 1033/451/251
f 105/601/330 67/420/237 87/515/283
f 487/541/297 100/602/306 909/547/301
f 742/490/238 495/566/311 104/579/259
f 744/392/116 914/572/316 772/603/331
f 746/551/303 509/604/332 481/453/253
f 117/605/260 1168/388/222 763/606/322
f 137/607/333 460/178/103 744/194/116
f 99/561/309 754/553/305 753/608/320
f 751/609/280 501/610/315 1200/611/334
f 99/612/309 753/613/320 93/614/257
f 1200/611/334 912/615/325 751/609/280
f 1114/616/274 493/617/296 764/522/286
f 475/373/214 108/454/254 755/578/321
f 492/618/298 99/612/309 93/614/257
f 103/619/335 1111/307/177 80/352/203
f 1221/366/211 757/590/326 108/454/254
f 734/281/160 1111/307/177 103/620/335
f 131/621/336 489/563/288 85/622/279
f 1198/623/266 905/624/243 500/625/258
f 119/626/337 916/397/226 64/396/184
f 1032/627/233 123/628/338 482/513/191
f 109/514/282 482/513/191 502/629/339
f 104/462/259 117/463/260 1038/630/340
f 110/631/341 67/632/237 105/633/330
f 1029/377/216 755/578/321 1231/592/328
f 111/634/342 910/574/317 749/573/245
f 1198/623/266 500/625/258 1170/635/343
f 1196/636/268 102/637/344 94/638/295
f 107/639/265 111/640/342 749/641/245
f 71/368/40 734/281/160 518/642/345
f 1196/555/268 907/348/202 520/643/346
f 100/644/306 492/645/298 1052/646/347
f 72/468/263 97/427/239 515/647/348
f 67/648/237 110/649/341 1037/650/312
f 501/610/315 759/651/349 1200/611/334
f 119/652/337 64/518/184 1201/517/285
f 62/653/220 95/654/287 1036/655/350
f 742/656/238 104/657/259 756/658/351
f 923/659/352 74/660/209 477/586/170
f 123/628/338 502/629/339 482/513/191
f 144/583/323 63/291/167 760/575/318
f 916/397/226 106/661/353 1109/257/147
f 761/662/300 114/663/354 483/664/275
f 74/665/209 923/666/352 761/667/300
f 1117/465/261 1109/257/147 106/661/353
f 496/668/313 1198/623/266 762/669/355
f 98/494/262 83/670/247 1202/671/356
f 122/672/357 1038/630/340 117/463/260
f 908/455/255 504/673/358 510/674/359
f 1196/675/268 520/676/346 102/637/344
f 497/677/314 113/678/360 501/679/315
f 112/588/324 910/587/317 111/640/342
f 489/563/288 491/565/267 1026/680/225
f 140/500/276 125/681/361 1222/303/174
f 912/682/325 1200/683/334 1116/684/362
f 908/455/255 510/674/359 91/685/281
f 105/601/330 87/515/283 1199/516/284
f 496/686/313 113/678/360 497/677/314
f 1036/687/350 93/459/257 62/382/220
f 1034/688/302 1035/689/329 748/690/249
f 498/691/327 123/628/338 1032/627/233
f 915/692/363 116/530/292 486/381/219
f 102/637/344 134/693/364 94/638/295
f 113/678/360 503/694/365 501/679/315
f 1115/695/366 105/601/330 1199/516/284
f 1038/696/340 756/658/351 104/657/259
f 107/495/265 98/494/262 514/697/367
f 137/607/333 140/500/276 460/178/103
f 766/698/368 1113/419/229 72/468/263
f 1116/684/362 1202/671/356 83/670/247
f 113/678/360 110/649/341 503/694/365
f 110/649/341 765/699/369 1037/650/312
f 1034/549/302 742/499/238 756/658/351
f 505/700/186 1040/701/304 479/702/252
f 498/591/327 481/453/253 509/604/332
f 488/703/299 499/704/308 493/705/296
f 913/334/190 504/673/358 908/455/255
f 137/607/333 744/194/116 772/706/331
f 101/707/319 94/638/295 134/693/364
f 100/557/306 520/708/346 907/447/202
f 1116/684/362 83/670/247 912/682/325
f 499/704/308 483/664/275 121/709/370
f 762/669/355 1198/623/266 1170/635/343
f 766/698/368 914/572/316 1113/419/229
f 125/710/361 86/711/175 1222/712/174
f 118/713/371 91/685/281 510/674/359
f 1200/611/334 759/651/349 124/714/372
f 1116/684/362 1200/683/334 124/715/372
f 766/698/368 72/468/263 515/647/348
f 113/678/360 765/699/369 110/649/341
f 97/427/239 109/514/282 513/716/373
f 110/631/341 105/633/330 503/717/365
f 118/718/371 1115/695/366 1199/516/284
f 1202/671/356 514/697/367 98/494/262
f 477/586/170 112/588/324 920/719/374
f 503/717/365 759/651/349 501/610/315
f 111/640/342 917/720/375 112/588/324
f 120/721/376 95/523/287 764/522/286
f 762/669/355 1170/635/343 512/722/377
f 101/723/319 152/724/378 945/725/379
f 127/726/380 105/633/330 1115/727/366
f 115/728/381 113/678/360 496/686/313
f 105/633/330 127/726/380 503/717/365
f 97/427/239 513/716/373 515/647/348
f 111/640/342 107/639/265 508/729/382
f 507/730/383 95/523/287 120/721/376
f 127/726/380 759/651/349 503/717/365
f 756/658/351 142/731/384 1034/549/302
f 757/590/326 777/732/385 108/454/254
f 773/733/386 757/590/326 88/413/193
f 1167/734/161 1117/735/261 899/736/223
f 113/678/360 115/728/381 765/699/369
f 504/673/358 913/334/190 919/558/307
f 764/522/286 493/617/296 918/737/387
f 117/738/260 763/580/322 528/739/388
f 504/673/358 919/558/307 157/740/389
f 1110/741/194 924/742/390 758/743/196
f 126/564/310 489/563/288 131/621/336
f 756/658/351 1038/696/340 122/744/357
f 101/723/319 945/725/379 85/622/279
f 509/604/332 746/551/303 506/745/391
f 507/730/383 1036/746/350 95/523/287
f 496/686/313 762/747/355 115/728/381
f 506/748/391 1037/650/312 765/699/369
f 500/625/258 768/749/392 1044/750/393
f 103/751/335 518/752/345 734/753/160
f 507/754/383 511/755/394 1036/756/350
f 500/625/258 1035/689/329 768/749/392
f 500/625/258 1044/750/393 1170/635/343
f 1036/756/350 511/755/394 1052/757/347
f 1036/687/350 1052/758/347 93/459/257
f 758/743/196 911/759/395 80/760/203
f 1037/650/312 506/748/391 746/761/303
f 1039/762/396 102/637/344 520/676/346
f 93/763/257 1052/764/347 492/765/298
f 133/766/397 919/767/307 1030/768/277
f 91/685/281 118/713/371 1199/769/284
f 1034/770/302 142/771/384 1035/772/329
f 138/773/398 755/578/321 108/454/254
f 517/774/399 144/775/323 760/776/318
f 911/777/395 103/751/335 80/778/203
f 764/522/286 918/737/387 120/721/376
f 133/766/397 1030/768/277 1112/779/293
f 509/780/332 506/748/391 146/781/400
f 923/659/352 477/586/170 920/719/374
f 1115/727/366 118/782/371 127/726/380
f 131/621/336 85/622/279 945/725/379
f 508/783/382 107/495/265 514/697/367
f 130/784/401 914/572/316 766/698/368
f 1202/671/356 1116/684/362 774/785/402
f 918/737/387 135/786/403 120/721/376
f 761/667/300 923/666/352 525/787/404
f 505/788/186 1232/789/405 1040/790/304
f 1039/762/396 134/693/364 102/637/344
f 932/791/406 900/445/250 116/530/292
f 112/588/324 917/720/375 920/719/374
f 493/617/296 928/792/407 918/737/387
f 920/719/374 917/720/375 111/640/342
f 92/378/217 899/736/223 771/793/408
f 143/794/409 86/711/175 125/710/361
f 135/786/403 507/730/383 120/721/376
f 108/454/254 777/732/385 138/773/398
f 114/663/354 121/709/370 483/664/275
f 101/723/319 134/795/364 141/796/410
f 760/776/318 86/711/175 143/794/409
f 139/797/411 756/798/351 122/799/357
f 507/754/383 135/800/403 1203/801/412
f 92/378/217 773/802/386 88/338/193
f 532/803/413 116/530/292 915/692/363
f 1044/750/393 512/722/377 1170/635/343
f 126/564/310 1246/804/414 491/565/267
f 127/726/380 129/805/415 759/651/349
f 124/714/372 759/651/349 129/805/415
f 1117/465/261 106/661/353 533/806/416
f 528/739/388 763/580/322 491/582/267
f 924/742/390 1110/741/194 1040/790/304
f 511/755/394 507/754/383 1203/801/412
f 1116/684/362 124/715/372 767/807/417
f 1116/684/362 767/807/417 774/785/402
f 755/578/321 138/773/398 1231/592/328
f 115/728/381 136/808/418 765/699/369
f 1039/809/396 775/810/419 769/811/420
f 134/693/364 1039/762/396 769/812/420
f 136/808/418 506/748/391 765/699/369
f 761/667/300 525/787/404 114/813/354
f 517/774/399 760/776/318 143/794/409
f 505/788/186 144/775/323 1232/789/405
f 130/784/401 772/603/331 914/572/316
f 109/514/282 1171/814/421 513/716/373
f 134/795/364 769/811/420 141/796/410
f 773/802/386 92/378/217 1041/815/422
f 132/816/423 920/817/374 111/818/342
f 117/738/260 148/819/424 122/820/357
f 119/626/337 1223/821/425 916/397/226
f 509/822/332 123/628/338 498/691/327
f 109/514/282 502/629/339 1171/814/421
f 776/823/426 1035/772/329 142/771/384
f 121/709/370 925/824/427 499/704/308
f 919/767/307 939/825/428 157/826/389
f 132/816/423 770/827/429 920/817/374
f 1112/779/293 1231/828/328 147/829/430
f 921/830/431 122/820/357 148/819/424
f 122/799/357 921/831/431 139/797/411
f 515/647/348 513/716/373 1043/832/432
f 1040/790/304 1232/789/405 924/742/390
f 128/833/433 119/626/337 1201/834/285
f 135/786/403 918/737/387 149/835/434
f 522/836/435 135/786/403 149/835/434
f 511/755/394 1203/801/412 522/837/435
f 510/838/359 1204/839/436 118/840/371
f 767/841/417 129/805/415 521/842/437
f 118/782/371 1204/843/436 127/726/380
f 111/844/342 508/845/382 132/846/423
f 921/831/431 756/798/351 139/797/411
f 924/742/390 1232/789/405 930/847/438
f 1118/848/439 141/796/410 769/811/420
f 527/849/440 1202/671/356 774/785/402
f 516/850/441 510/838/359 504/851/358
f 899/736/223 1117/735/261 771/793/408
f 119/626/337 128/833/433 1223/821/425
f 101/723/319 141/796/410 152/724/378
f 123/628/338 922/852/442 502/629/339
f 526/853/443 115/728/381 762/747/355
f 1039/809/396 520/854/346 775/810/419
f 526/853/443 762/747/355 512/855/377
f 136/808/418 146/781/400 506/748/391
f 131/621/336 1246/804/414 126/564/310
f 923/666/352 920/856/374 770/857/429
f 514/858/367 1202/859/356 153/860/444
f 911/759/395 758/743/196 924/742/390
f 923/666/352 524/861/445 1048/862/446
f 145/863/447 125/864/361 140/865/276
f 127/726/380 1204/843/436 519/866/448
f 918/867/387 928/868/407 149/869/434
f 776/823/426 768/870/392 1035/772/329
f 926/871/449 512/872/377 1044/873/393
f 921/831/431 523/874/450 756/798/351
f 767/841/417 124/714/372 129/805/415
f 515/647/348 1043/832/432 766/698/368
f 522/875/435 1203/801/412 135/800/403
f 519/866/448 129/805/415 127/726/380
f 137/876/333 772/603/331 174/877/451
f 526/853/443 136/808/418 115/728/381
f 773/878/386 777/879/385 757/880/326
f 130/784/401 174/877/451 772/603/331
f 520/854/346 927/881/452 775/810/419
f 121/709/370 114/663/354 525/882/404
f 184/416/235 915/692/363 486/381/219
f 137/876/333 174/877/451 1042/883/453
f 927/881/452 520/854/346 791/884/454
f 1206/885/455 123/628/338 509/822/332
f 148/819/424 523/886/450 921/830/431
f 123/628/338 1206/885/455 922/852/442
f 129/805/415 519/866/448 1045/887/456
f 504/851/358 157/826/389 516/850/441
f 1118/848/439 769/811/420 775/810/419
f 774/888/402 767/841/417 521/842/437
f 770/827/429 132/816/423 524/889/445
f 1201/890/285 900/891/250 128/892/433
f 558/893/457 493/705/296 499/704/308
f 133/766/397 1112/779/293 147/829/430
f 531/894/458 146/781/400 136/808/418
f 779/895/459 132/816/423 508/896/382
f 939/825/428 919/767/307 133/766/397
f 923/666/352 770/857/429 524/861/445
f 106/661/353 916/397/226 1223/821/425
f 532/803/413 932/897/406 116/530/292
f 774/888/402 521/842/437 1050/898/460
f 928/868/407 150/899/461 149/869/434
f 1044/873/393 768/900/392 1047/901/462
f 528/739/388 491/582/267 151/902/463
f 514/858/367 154/903/464 508/845/382
f 510/838/359 516/850/441 1204/839/436
f 1120/904/465 911/777/395 1119/905/466
f 145/906/447 1053/907/467 125/710/361
f 1117/735/261 533/908/416 771/793/408
f 521/842/437 129/805/415 1045/887/456
f 518/752/345 103/751/335 542/909/468
f 911/777/395 542/909/468 103/751/335
f 1119/910/466 911/759/395 924/742/390
f 121/709/370 525/882/404 160/911/469
f 159/912/470 756/798/351 148/913/424
f 175/914/471 130/784/401 766/698/368
f 1206/885/455 509/822/332 146/915/400
f 137/916/333 1042/917/453 140/918/276
f 1043/832/432 175/919/471 766/698/368
f 1121/920/472 900/891/250 932/921/406
f 523/874/450 148/913/424 756/798/351
f 1246/922/414 151/923/463 491/924/267
f 160/911/469 925/824/427 121/709/370
f 1047/901/462 768/900/392 778/925/473
f 915/692/363 184/416/235 532/803/413
f 1053/907/467 143/794/409 125/710/361
f 128/892/433 900/891/250 1121/920/472
f 925/824/427 558/893/457 499/704/308
f 138/926/398 782/927/474 1231/828/328
f 138/926/398 156/928/475 782/927/474
f 1044/873/393 538/929/476 926/871/449
f 508/845/382 154/903/464 779/930/459
f 771/793/408 1041/815/422 92/378/217
f 768/870/392 776/823/426 158/931/477
f 1231/828/328 782/927/474 147/829/430
f 155/932/478 1048/862/446 524/861/445
f 512/855/377 926/933/449 781/934/479
f 923/666/352 168/935/480 525/787/404
f 530/936/481 117/738/260 528/739/388
f 159/912/470 142/771/384 756/798/351
f 1171/937/421 1043/938/432 513/939/373
f 140/865/276 198/940/482 145/863/447
f 148/819/424 117/738/260 530/936/481
f 155/941/478 524/889/445 132/816/423
f 130/942/401 162/943/483 174/944/451
f 154/903/464 514/858/367 153/860/444
f 132/816/423 540/945/484 155/941/478
f 922/852/442 1206/885/455 780/946/485
f 138/926/398 777/879/385 929/947/486
f 526/853/443 512/855/377 781/934/479
f 1050/948/460 527/949/440 774/950/402
f 106/951/353 161/952/487 533/953/416
f 138/926/398 929/947/486 156/928/475
f 1042/917/453 937/954/488 198/955/482
f 130/942/401 175/956/471 162/943/483
f 159/912/470 148/913/424 530/957/481
f 768/900/392 158/958/477 778/925/473
f 517/774/399 143/794/409 529/959/489
f 538/929/476 1044/873/393 1047/901/462
f 783/960/490 511/961/394 522/962/435
f 527/949/440 153/860/444 1202/859/356
f 790/963/491 522/962/435 150/899/461
f 1052/964/347 520/965/346 100/966/306
f 1246/804/414 131/621/336 166/967/492
f 166/967/492 131/621/336 945/725/379
f 534/968/493 928/868/407 493/969/296
f 542/909/468 911/777/395 1120/904/465
f 1053/907/467 529/959/489 143/794/409
f 159/912/470 776/823/426 142/771/384
f 170/970/494 775/810/419 927/881/452
f 535/971/495 141/796/410 1118/848/439
f 528/739/388 1224/972/496 530/936/481
f 502/973/339 922/974/442 941/975/497
f 155/941/478 540/945/484 1048/976/446
f 516/850/441 1046/977/498 1204/839/436
f 533/908/416 172/978/499 771/793/408
f 929/947/486 777/879/385 773/878/386
f 1043/938/432 1171/937/421 171/979/500
f 536/980/501 519/981/448 1204/839/436
f 526/853/443 531/894/458 136/808/418
f 1050/898/460 521/842/437 163/982/502
f 1122/983/503 930/847/438 1232/789/405
f 1171/937/421 502/973/339 941/975/497
f 151/923/463 176/984/504 1124/985/505
f 150/899/461 522/962/435 149/869/434
f 1121/986/472 1223/987/425 128/988/433
f 530/957/481 1224/989/496 159/912/470
f 1048/862/446 169/990/506 923/666/352
f 146/781/400 531/894/458 931/991/507
f 773/878/386 1041/992/422 784/993/508
f 528/994/388 151/995/463 181/996/509
f 928/868/407 534/968/493 150/899/461
f 935/997/510 1119/910/466 924/742/390
f 176/984/504 151/923/463 1246/922/414
f 790/963/491 783/960/490 522/962/435
f 1123/998/511 516/850/441 157/826/389
f 781/934/479 926/933/449 538/999/476
f 779/895/459 540/945/484 132/816/423
f 935/997/510 924/742/390 930/847/438
f 1048/976/446 540/945/484 169/1000/506
f 785/1001/512 133/766/397 147/829/430
f 1122/983/503 1232/789/405 144/775/323
f 531/894/458 1049/1002/513 931/991/507
f 1041/1003/422 771/1004/408 552/1005/514
f 534/968/493 493/969/296 558/1006/457
f 536/1007/501 1045/887/456 519/866/448
f 1045/887/456 536/1007/501 164/1008/515
f 517/774/399 539/1009/516 144/775/323
f 1205/1010/517 525/1011/404 168/1012/480
f 535/971/495 152/724/378 141/796/410
f 189/1013/518 526/853/443 781/934/479
f 1205/1010/517 160/1014/469 525/1015/404
f 165/1016/519 779/930/459 154/903/464
f 1046/977/498 516/850/441 1123/998/511
f 169/990/506 168/935/480 923/666/352
f 787/1017/520 158/931/477 776/823/426
f 1052/1018/347 196/1019/521 561/1020/522
f 168/1012/480 169/1021/506 936/1022/523
f 170/970/494 535/971/495 775/810/419
f 167/1023/524 925/824/427 160/911/469
f 786/1024/525 159/912/470 1224/989/496
f 156/928/475 929/947/486 940/1025/526
f 165/1016/519 154/903/464 153/860/444
f 780/1026/485 934/1027/527 922/974/442
f 1224/972/496 528/739/388 181/1028/509
f 521/842/437 1045/887/456 164/1008/515
f 71/1029/40 518/1030/345 896/1031/100
f 1223/1032/425 178/1033/528 106/951/353
f 150/899/461 534/968/493 1051/1034/529
f 786/1035/525 1224/1036/496 181/1037/509
f 520/854/346 1052/1038/347 791/884/454
f 931/1039/507 1206/885/455 146/915/400
f 170/970/494 545/1040/530 535/971/495
f 934/1027/527 941/975/497 922/974/442
f 785/1001/512 942/1041/531 133/766/397
f 511/961/394 783/960/490 1052/1042/347
f 782/927/474 785/1001/512 147/829/430
f 936/1043/523 169/1000/506 540/945/484
f 521/842/437 164/1008/515 163/982/502
f 187/1044/532 781/934/479 538/999/476
f 532/1045/413 184/1046/235 186/1047/533
f 1042/1048/453 198/940/482 140/865/276
f 186/1049/533 932/1050/406 532/1051/413
f 538/929/476 1047/901/462 182/1052/534
f 518/752/345 542/909/468 792/1053/535
f 145/863/447 198/940/482 789/1054/536
f 1172/1055/537 776/1056/426 159/1057/470
f 166/1058/492 176/984/504 1246/922/414
f 930/847/438 1122/983/503 935/997/510
f 784/993/508 929/947/486 773/878/386
f 941/975/497 171/979/500 1171/937/421
f 937/954/488 1042/917/453 174/944/451
f 157/826/389 939/825/428 799/1059/538
f 791/1060/454 1056/1061/539 927/1062/452
f 151/995/463 537/1063/540 181/996/509
f 531/894/458 526/853/443 1049/1002/513
f 535/971/495 1118/848/439 775/810/419
f 1052/1018/347 783/1064/490 196/1019/521
f 150/899/461 191/1065/541 790/963/491
f 1204/839/436 1046/977/498 536/980/501
f 1206/1066/455 933/1067/542 780/1068/485
f 1047/901/462 778/925/473 182/1052/534
f 539/1009/516 1122/983/503 144/775/323
f 159/1057/470 786/1035/525 541/1069/543
f 189/1013/518 1049/1002/513 526/853/443
f 178/1070/528 1223/987/425 173/1071/544
f 931/1072/507 933/1067/542 1206/1066/455
f 539/1009/516 517/774/399 183/1073/545
f 929/947/486 788/1074/546 940/1025/526
f 929/947/486 784/993/508 788/1074/546
f 527/949/440 1050/948/460 546/1075/547
f 145/863/447 789/1054/536 1053/1076/467
f 552/1005/514 1130/1077/548 1041/1003/422
f 1050/898/460 163/982/502 1207/1078/549
f 787/1079/520 776/1056/426 1172/1055/537
f 793/1080/550 933/1067/542 931/1072/507
f 187/1044/532 189/1013/518 781/934/479
f 1050/898/460 1207/1078/549 546/1081/547
f 527/949/440 544/1082/551 153/860/444
f 183/1073/545 517/774/399 529/959/489
f 156/928/475 940/1083/526 782/927/474
f 180/1084/552 159/1057/470 541/1069/543
f 542/909/468 1120/904/465 792/1053/535
f 161/952/487 106/951/353 178/1033/528
f 173/1071/544 1223/987/425 1121/986/472
f 171/979/500 1057/1085/553 1043/938/432
f 166/1058/492 947/1086/554 176/984/504
f 133/766/397 942/1041/531 939/825/428
f 535/971/495 545/1040/530 152/724/378
f 938/1087/555 945/1088/379 152/1089/378
f 1123/998/511 543/1090/556 1046/977/498
f 541/1069/543 786/1035/525 547/1091/557
f 1233/1092/558 167/1093/524 160/1094/469
f 549/1095/559 558/893/457 925/824/427
f 927/1062/452 1056/1061/539 170/1096/494
f 172/1097/499 552/1005/514 771/1098/408
f 158/1099/477 796/1100/560 778/1101/473
f 151/923/463 1124/985/505 537/1102/540
f 799/1103/538 543/1104/556 1123/1105/511
f 177/1106/561 936/1022/523 540/1107/484
f 165/1108/519 153/1109/444 554/1110/562
f 150/899/461 1051/1034/529 191/1065/541
f 175/956/471 200/1111/563 162/943/483
f 546/1112/547 544/1113/551 527/1114/440
f 1053/1076/467 183/1115/545 529/1116/489
f 1057/1085/553 175/956/471 1043/938/432
f 541/1069/543 547/1091/557 180/1084/552
f 1233/1092/558 549/1117/559 167/1118/524
f 1233/1092/558 160/1094/469 943/1119/564
f 799/1120/538 1123/998/511 157/826/389
f 948/1121/565 779/1122/459 165/1123/519
f 948/1121/565 540/1107/484 779/1122/459
f 1041/1124/422 1130/1125/548 784/1126/508
f 925/824/427 167/1023/524 549/1095/559
f 168/1012/480 936/1022/523 177/1106/561
f 1121/986/472 932/1050/406 205/1127/566
f 794/1128/567 533/953/416 161/952/487
f 934/1027/527 808/1129/568 941/975/497
f 1057/1085/553 171/979/500 564/1130/569
f 1049/1002/513 551/1131/570 793/1132/550
f 782/1133/474 548/1134/571 785/1135/512
f 547/1091/557 786/1035/525 181/1037/509
f 1124/985/505 176/984/504 190/1136/572
f 186/1049/533 205/1127/566 932/1050/406
f 190/1136/572 176/984/504 947/1086/554
f 174/944/451 162/943/483 203/1137/573
f 551/1131/570 1049/1002/513 189/1013/518
f 1049/1002/513 793/1132/550 931/991/507
f 182/1138/534 187/1139/532 538/1140/476
f 543/1141/556 536/980/501 1046/977/498
f 1120/904/465 1119/905/466 935/1142/510
f 1205/1143/517 801/1144/574 943/1119/564
f 166/1145/492 945/1088/379 947/1146/554
f 1172/1055/537 159/1057/470 180/1084/552
f 782/1133/474 940/1147/526 548/1134/571
f 803/1148/575 182/1138/534 778/1101/473
f 179/1149/576 536/1007/501 543/1150/556
f 1126/1151/577 780/1068/485 185/1152/578
f 201/1153/579 1207/1078/549 163/982/502
f 171/979/500 941/975/497 188/1154/580
f 540/1107/484 944/1155/581 177/1106/561
f 545/1156/530 170/1157/494 946/1158/582
f 935/1142/510 557/1159/583 1120/904/465
f 943/1119/564 160/1094/469 1205/1143/517
f 794/1128/567 172/1097/499 533/953/416
f 174/944/451 203/1137/573 937/954/488
f 539/1160/516 183/1115/545 210/1161/584
f 205/1127/566 1174/1162/585 1121/986/472
f 796/1100/560 803/1148/575 778/1101/473
f 796/1100/560 158/1099/477 787/1079/520
f 1051/1034/529 534/968/493 560/1163/586
f 152/1164/378 545/1156/530 1058/1165/587
f 181/996/509 537/1063/540 194/1166/588
f 553/1167/589 168/1012/480 177/1106/561
f 201/1153/579 164/1008/515 536/1007/501
f 180/1084/552 547/1091/557 559/1168/590
f 540/1107/484 948/1121/565 944/1155/581
f 171/979/500 188/1154/580 564/1130/569
f 550/1169/591 196/1019/521 790/1170/491
f 185/1152/578 780/1068/485 933/1067/542
f 182/1138/534 193/1171/592 187/1139/532
f 1125/1172/593 1124/1173/505 1054/1174/594
f 946/1175/582 170/1096/494 1056/1061/539
f 190/1136/572 1054/1176/594 1124/985/505
f 934/1027/527 780/1026/485 1126/1177/577
f 1234/1178/595 1122/1179/503 539/1180/516
f 175/956/471 1057/1085/553 200/1111/563
f 168/1012/480 801/1181/574 1205/1010/517
f 550/1169/591 790/1170/491 191/1182/541
f 536/1007/501 179/1183/576 201/1184/579
f 549/1117/559 1233/1092/558 192/1185/596
f 554/1110/562 544/1113/551 563/1186/597
f 790/1170/491 196/1019/521 783/1064/490
f 201/1153/579 163/982/502 164/1008/515
f 1125/1172/593 1054/1174/594 802/1187/598
f 534/968/493 558/1006/457 560/1188/586
f 553/1167/589 204/1189/599 168/1012/480
f 942/1190/531 785/1135/512 572/1191/600
f 177/1106/561 944/1155/581 553/1167/589
f 947/1146/554 1055/1192/601 190/1193/572
f 939/1194/428 809/1195/602 799/1196/538
f 1233/1092/558 1128/1197/603 192/1185/596
f 1122/1179/503 1234/1178/595 557/1159/583
f 192/1185/596 800/1198/604 549/1117/559
f 190/1193/572 1055/1192/601 1054/1199/594
f 943/1200/564 801/1201/574 555/1202/605
f 191/1203/541 1051/1204/529 560/1205/586
f 518/752/345 792/1053/535 1177/1206/606
f 792/1053/535 1120/904/465 1208/1207/607
f 549/1117/559 800/1198/604 558/1208/457
f 178/1070/528 173/1071/544 195/1209/608
f 1125/1210/593 537/1211/540 1124/985/505
f 938/1212/555 152/1164/378 1058/1165/587
f 947/1146/554 945/1088/379 1055/1192/601
f 1233/1092/558 943/1119/564 1128/1197/603
f 799/1103/538 809/1213/602 543/1104/556
f 554/1110/562 153/1109/444 544/1113/551
f 192/1185/596 1127/1214/609 800/1198/604
f 1054/1199/594 1055/1192/601 797/1215/610
f 543/1216/556 1061/1217/611 179/1218/576
f 803/1148/575 199/1219/612 182/1138/534
f 1054/1174/594 797/1220/610 802/1187/598
f 562/1221/613 787/1079/520 1172/1055/537
f 184/1222/235 556/1223/614 186/1224/533
f 187/1044/532 193/1225/592 189/1013/518
f 192/1185/596 1128/1197/603 1127/1214/609
f 553/1167/589 944/1155/581 204/1189/599
f 795/1226/615 948/1227/565 165/1108/519
f 946/1158/582 1058/1165/587 545/1156/530
f 162/1228/483 200/1229/563 203/1230/573
f 793/1080/550 185/1152/578 933/1067/542
f 1120/904/465 557/1159/583 1208/1207/607
f 172/1097/499 1134/1231/616 224/1232/617
f 808/1233/568 934/1234/527 1126/1235/577
f 800/1198/604 560/1205/586 558/1208/457
f 798/1236/618 197/1237/619 1127/1214/609
f 216/1238/620 539/1160/516 210/1161/584
f 946/1175/582 1056/1061/539 1059/1239/621
f 945/1088/379 938/1087/555 1055/1192/601
f 194/1166/588 537/1063/540 1125/1240/593
f 794/1128/567 1134/1231/616 172/1097/499
f 193/1171/592 182/1138/534 199/1219/612
f 808/1233/568 949/1241/622 941/1242/497
f 196/1019/521 550/1169/591 1129/1243/623
f 1059/1244/621 1058/1165/587 946/1158/582
f 1129/1243/623 550/1169/591 191/1245/541
f 1055/1246/601 1173/1247/624 797/1248/610
f 195/1209/608 173/1071/544 1121/986/472
f 559/1168/590 547/1091/557 181/1037/509
f 178/1033/528 804/1249/625 161/952/487
f 206/1250/626 1053/1076/467 789/1054/536
f 940/1147/526 788/1251/546 784/1126/508
f 562/1221/613 796/1100/560 787/1079/520
f 206/1250/626 183/1115/545 1053/1076/467
f 800/1198/604 1127/1214/609 197/1237/619
f 938/1087/555 1058/1252/587 1059/1253/621
f 560/1205/586 800/1198/604 197/1237/619
f 1059/1239/621 1173/1247/624 938/1254/555
f 798/1236/618 202/1255/627 197/1237/619
f 819/1256/628 939/1194/428 942/1190/531
f 560/1205/586 1129/1257/623 191/1203/541
f 197/1237/619 202/1255/627 1129/1257/623
f 1059/1239/621 797/1248/610 1173/1247/624
f 205/1127/566 186/1049/533 556/1258/614
f 539/1180/516 216/1259/620 1234/1178/595
f 806/1260/629 1128/1261/603 943/1200/564
f 197/1237/619 1129/1257/623 560/1205/586
f 795/1226/615 165/1108/519 554/1110/562
f 1055/1192/601 938/1087/555 1173/1262/624
f 1172/1055/537 180/1084/552 562/1221/613
f 168/1012/480 204/1189/599 225/1263/630
f 563/1186/597 544/1113/551 207/1264/631
f 785/1135/512 548/1134/571 566/1265/632
f 949/1241/622 188/1266/580 941/1242/497
f 1122/1179/503 557/1159/583 935/1142/510
f 565/1267/633 1209/1268/634 200/1229/563
f 1056/1061/539 791/1060/454 1059/1239/621
f 211/1269/635 789/1054/536 198/940/482
f 546/1112/547 207/1264/631 544/1113/551
f 809/1213/602 1061/1270/611 543/1104/556
f 1057/1271/553 564/1272/569 565/1267/633
f 213/1273/636 198/940/482 937/1274/488
f 1130/1077/548 552/1005/514 224/1232/617
f 196/1275/521 1129/1276/623 202/1277/627
f 189/1013/518 193/1225/592 807/1278/637
f 199/1219/612 1062/1279/638 193/1171/592
f 205/1280/566 556/1223/614 1211/1281/639
f 172/1097/499 224/1232/617 552/1005/514
f 805/1282/640 940/1147/526 784/1126/508
f 181/1037/509 194/1283/588 559/1168/590
f 791/1060/454 797/1248/610 1059/1239/621
f 208/1284/641 548/1134/571 940/1147/526
f 797/1285/610 219/1286/642 802/1287/598
f 561/1288/522 196/1275/521 218/1289/643
f 562/1221/613 180/1084/552 209/1290/644
f 948/1121/565 795/1291/615 951/1292/645
f 806/1293/629 218/1289/643 1127/1294/609
f 801/1181/574 168/1012/480 225/1263/630
f 784/1126/508 1130/1125/548 569/1295/646
f 944/1155/581 948/1121/565 951/1292/645
f 211/1269/635 206/1250/626 789/1054/536
f 809/1213/602 217/1296/647 1061/1270/611
f 189/1013/518 807/1278/637 551/1131/570
f 195/1209/608 1121/986/472 1174/1162/585
f 218/1289/643 798/1297/618 1127/1294/609
f 209/1290/644 180/1084/552 559/1168/590
f 809/1195/602 939/1194/428 819/1256/628
f 797/1248/610 791/1060/454 219/1298/642
f 565/1267/633 200/1229/563 1057/1271/553
f 796/1100/560 562/1221/613 214/1299/648
f 1209/1268/634 203/1230/573 200/1229/563
f 1207/1300/549 201/1301/579 567/1302/649
f 208/1284/641 566/1265/632 548/1134/571
f 218/1289/643 196/1275/521 798/1297/618
f 937/1303/488 203/1230/573 213/1304/636
f 566/1265/632 572/1191/600 785/1135/512
f 567/1302/649 546/1305/547 1207/1306/549
f 183/1115/545 206/1250/626 1132/1307/650
f 1065/1308/651 209/1290/644 559/1168/590
f 804/1249/625 794/1128/567 161/952/487
f 194/1283/588 1065/1308/651 559/1168/590
f 801/1309/574 238/1310/652 555/1311/605
f 1131/1312/653 791/1313/454 1052/1314/347
f 575/1315/654 185/1316/578 950/1317/655
f 184/1222/235 1242/1318/656 556/1223/614
f 201/1301/579 179/1218/576 1247/1319/657
f 551/1131/570 807/1278/637 955/1320/658
f 805/1282/640 208/1284/641 940/1147/526
f 572/1191/600 819/1256/628 942/1190/531
f 1247/1319/657 567/1302/649 201/1301/579
f 225/1321/630 238/1322/652 801/1323/574
f 195/1324/608 804/1249/625 178/1033/528
f 185/1152/578 1060/1325/659 212/1326/660
f 806/1293/629 1127/1294/609 1128/1327/603
f 204/1328/599 944/1329/581 1235/1330/661
f 232/1331/662 203/1230/573 1209/1268/634
f 575/1315/654 950/1317/655 1138/1332/663
f 818/1333/664 546/1305/547 567/1302/649
f 802/1334/598 1227/1335/665 1125/1336/593
f 818/1333/664 207/1337/631 546/1305/547
f 569/1295/646 813/1338/666 784/1126/508
f 784/1126/508 813/1338/666 805/1282/640
f 1235/1339/661 225/1340/630 204/1341/599
f 798/1297/618 196/1275/521 202/1277/627
f 213/1273/636 959/1342/667 198/940/482
f 217/1296/647 952/1343/668 1061/1270/611
f 179/1218/576 1061/1217/611 952/1344/668
f 1132/1307/650 210/1161/584 183/1115/545
f 795/1345/615 554/1346/562 1175/1347/669
f 563/1348/597 207/1349/631 818/1350/664
f 188/1266/580 949/1241/622 564/1272/569
f 205/1351/566 816/1352/670 1174/1353/585
f 950/1317/655 185/1316/578 793/1132/550
f 1174/1162/585 1064/1354/671 195/1209/608
f 581/1355/672 1065/1356/651 194/1357/588
f 810/1358/673 1227/1359/665 802/1287/598
f 212/1326/660 1126/1151/577 185/1152/578
f 555/1202/605 806/1260/629 943/1200/564
f 1126/1235/577 212/1360/660 808/1233/568
f 193/1225/592 1062/1361/638 807/1278/637
f 205/1351/566 1211/1362/639 816/1352/670
f 796/1100/560 214/1299/648 826/1363/674
f 568/1364/675 557/1159/583 1063/1365/676
f 229/1366/677 1134/1231/616 794/1128/567
f 952/1344/668 1247/1319/657 179/1218/576
f 793/1132/550 551/1131/570 950/1317/655
f 944/1329/581 230/1367/678 1235/1330/661
f 1234/1368/595 570/1369/679 557/1370/583
f 952/1344/668 215/1371/680 1247/1319/657
f 817/1372/681 805/1282/640 813/1338/666
f 575/1373/654 1060/1325/659 185/1152/578
f 230/1367/678 944/1329/581 951/1374/645
f 806/1375/629 1226/1376/682 218/1377/643
f 557/1159/583 568/1364/675 1208/1207/607
f 199/1378/612 803/1379/575 579/1380/683
f 213/1304/636 203/1230/573 233/1381/684
f 809/1195/602 819/1256/628 243/1382/685
f 581/1355/672 1135/1383/686 1065/1356/651
f 232/1331/662 233/1381/684 203/1230/573
f 818/1333/664 567/1302/649 1247/1319/657
f 209/1384/644 1176/1385/687 562/1386/613
f 1208/1207/607 1177/1206/606 792/1053/535
f 565/1267/633 564/1272/569 1210/1387/688
f 1125/1336/593 1227/1335/665 814/1388/689
f 796/1389/560 826/1390/674 803/1379/575
f 554/1346/562 563/1348/597 1175/1347/669
f 1176/1391/687 214/1392/648 562/1393/613
f 817/1394/681 208/1284/641 805/1282/640
f 810/1358/673 802/1287/598 219/1286/642
f 564/1272/569 949/1241/622 1210/1387/688
f 1073/1395/690 1175/1347/669 563/1348/597
f 1125/1336/593 814/1388/689 194/1396/588
f 955/1320/658 950/1317/655 551/1131/570
f 219/1286/642 220/1397/691 810/1358/673
f 566/1265/632 208/1284/641 221/1398/692
f 210/1161/584 1132/1307/650 595/1399/693
f 633/1400/694 1052/1401/347 561/1402/522
f 810/1358/673 220/1397/691 574/1403/695
f 1225/1404/696 223/1405/697 571/1406/698
f 953/1407/699 220/1397/691 219/1286/642
f 572/1191/600 566/1265/632 221/1398/692
f 211/1269/635 198/940/482 959/1342/667
f 953/1407/699 1066/1408/700 220/1397/691
f 1066/1408/700 574/1403/695 220/1397/691
f 574/1403/695 1067/1409/701 810/1358/673
f 569/1410/646 1130/1411/548 822/1412/702
f 571/1406/698 226/1413/703 1225/1404/696
f 1225/1404/696 954/1414/704 573/1415/705
f 808/1233/568 212/1360/660 583/1416/706
f 573/1417/705 954/1418/704 218/1419/643
f 218/1419/643 1226/1420/682 573/1417/705
f 208/1284/641 817/1394/681 231/1421/707
f 1131/1422/653 219/1423/642 791/1424/454
f 1225/1404/696 226/1413/703 811/1425/708
f 1225/1404/696 1226/1426/682 223/1405/697
f 1208/1207/607 568/1364/675 1177/1206/606
f 1130/1077/548 224/1232/617 822/1427/702
f 1227/1428/665 810/1429/673 222/1430/709
f 1226/1426/682 1225/1404/696 573/1415/705
f 1225/1404/696 811/1425/708 954/1414/704
f 1211/1281/639 556/1223/614 1242/1318/656
f 570/1369/679 1063/1431/676 557/1432/583
f 563/1348/597 818/1350/664 1073/1395/690
f 581/1355/672 194/1357/588 814/1433/689
f 217/1434/647 809/1195/602 961/1435/710
f 957/1436/711 812/1437/712 953/1407/699
f 812/1437/712 1066/1408/700 953/1407/699
f 810/1438/673 1067/1439/701 222/1440/709
f 957/1436/711 953/1407/699 219/1286/642
f 957/1436/711 219/1286/642 1131/1441/653
f 1066/1408/700 958/1442/713 574/1403/695
f 1064/1443/671 956/1444/714 195/1445/608
f 961/1446/710 809/1447/602 243/1448/685
f 811/1425/708 1133/1449/715 954/1414/704
f 574/1403/695 234/1450/716 1067/1409/701
f 794/1128/567 804/1249/625 229/1366/677
f 958/1442/713 1066/1408/700 812/1437/712
f 195/1324/608 956/1451/714 804/1249/625
f 795/1345/615 244/1452/717 951/1374/645
f 218/1419/643 954/1418/704 561/1453/522
f 826/1390/674 579/1380/683 803/1379/575
f 1067/1439/701 227/1454/718 222/1440/709
f 819/1455/628 572/1456/600 221/1457/692
f 1235/1339/661 230/1458/678 225/1340/630
f 1067/1439/701 234/1459/716 227/1454/718
f 247/1460/719 206/1250/626 211/1269/635
f 960/1461/720 950/1462/655 955/1463/658
f 795/1345/615 1175/1347/669 244/1452/717
f 576/1464/721 571/1406/698 223/1405/697
f 199/1378/612 579/1380/683 1062/1465/638
f 1226/1426/682 806/1466/629 223/1405/697
f 811/1425/708 226/1413/703 578/1467/722
f 223/1405/697 815/1468/723 576/1464/721
f 215/1371/680 952/1344/668 255/1469/724
f 223/1405/697 806/1466/629 228/1470/725
f 896/1471/100 972/1472/726 184/1222/235
f 1210/1387/688 949/1241/622 237/1473/727
f 571/1406/698 576/1464/721 226/1413/703
f 216/1238/620 210/1161/584 595/1399/693
f 1076/1474/728 213/1304/636 233/1381/684
f 208/1475/641 231/1476/707 221/1457/692
f 955/1463/658 807/1477/637 577/1478/729
f 1137/1479/730 575/1480/654 1138/1481/663
f 209/1384/644 1065/1356/651 1135/1383/686
f 957/1482/711 1072/1483/731 582/1484/732
f 235/1485/733 808/1233/568 583/1416/706
f 963/1486/734 209/1384/644 1135/1383/686
f 234/1450/716 574/1403/695 958/1442/713
f 806/1466/629 555/1487/605 228/1470/725
f 1074/1488/735 224/1232/617 1134/1231/616
f 223/1405/697 228/1470/725 815/1468/723
f 561/1489/522 1071/1490/736 633/1400/694
f 1070/1491/737 229/1366/677 804/1249/625
f 1133/1492/715 561/1453/522 954/1418/704
f 949/1241/622 808/1233/568 235/1485/733
f 577/1478/729 807/1477/637 1062/1493/638
f 1234/1368/595 216/1494/620 965/1495/738
f 814/1388/689 1227/1335/665 222/1496/709
f 228/1470/725 555/1487/605 820/1497/739
f 228/1470/725 820/1497/739 815/1468/723
f 1228/1498/740 1132/1307/650 206/1250/626
f 230/1367/678 951/1374/645 1136/1499/741
f 578/1467/722 226/1413/703 249/1500/742
f 240/1501/743 1247/1319/657 215/1371/680
f 1247/1319/657 240/1501/743 818/1333/664
f 1131/1422/653 1072/1483/731 957/1482/711
f 821/1502/744 1174/1353/585 816/1352/670
f 1068/1503/745 814/1504/689 222/1440/709
f 583/1505/706 212/1326/660 1060/1325/659
f 234/1459/716 1068/1503/745 227/1454/718
f 580/1506/746 814/1388/689 1068/1507/745
f 249/1500/742 226/1413/703 576/1464/721
f 579/1380/683 594/1508/747 1062/1465/638
f 569/1410/646 822/1412/702 813/1509/666
f 1062/1493/638 594/1510/747 577/1478/729
f 816/1352/670 1211/1362/639 253/1511/748
f 1140/1512/749 233/1381/684 232/1331/662
f 969/1513/750 209/1384/644 963/1486/734
f 1052/1514/347 313/1515/751 1131/1516/653
f 812/1517/712 957/1518/711 582/1519/732
f 820/1497/739 555/1487/605 587/1520/752
f 244/1452/717 262/1521/753 951/1374/645
f 245/1522/754 214/1392/648 1176/1391/687
f 1076/1523/728 959/1342/667 213/1273/636
f 951/1374/645 262/1521/753 1136/1499/741
f 952/1343/668 217/1296/647 584/1524/755
f 958/1525/713 812/1517/712 582/1519/732
f 962/1526/756 1072/1483/731 1131/1422/653
f 1176/1385/687 209/1384/644 969/1513/750
f 961/1527/710 584/1524/755 217/1296/647
f 824/1528/757 230/1458/678 1136/1529/741
f 561/1453/522 1133/1492/715 1071/1530/736
f 1068/1503/745 222/1440/709 227/1454/718
f 229/1366/677 1074/1488/735 1134/1231/616
f 818/1333/664 240/1501/743 1212/1531/758
f 814/1433/689 580/1532/746 581/1355/672
f 1132/1307/650 236/1533/759 595/1399/693
f 1132/1307/650 1228/1498/740 236/1533/759
f 960/1461/720 955/1463/658 577/1478/729
f 587/1534/752 555/1535/605 238/1536/652
f 965/1537/738 216/1238/620 595/1399/693
f 949/1241/622 235/1485/733 237/1473/727
f 583/1538/706 1060/1539/659 1069/1540/760
f 582/1541/732 1072/1542/731 246/1543/761
f 821/1502/744 1064/1443/671 1174/1353/585
f 586/1544/762 960/1461/720 577/1478/729
f 804/1545/625 956/1546/714 1070/1547/737
f 1228/1498/740 206/1250/626 247/1460/719
f 253/1548/748 1211/1281/639 1242/1318/656
f 243/1448/685 819/1455/628 279/1549/763
f 1068/1503/745 234/1459/716 964/1550/764
f 215/1371/680 255/1469/724 829/1551/765
f 262/1521/753 244/1452/717 966/1552/766
f 960/1461/720 1138/1553/663 950/1462/655
f 252/1554/767 578/1555/722 249/1556/742
f 813/1509/666 967/1557/768 817/1558/681
f 229/1559/677 1070/1547/737 604/1560/769
f 591/1561/770 565/1267/633 1210/1387/688
f 270/1562/771 242/1563/772 579/1564/683
f 1071/1565/736 811/1425/708 578/1467/722
f 225/1340/630 824/1528/757 596/1566/773
f 823/1567/774 819/1455/628 221/1457/692
f 1209/1268/634 591/1561/770 248/1568/775
f 247/1460/719 211/1269/635 959/1342/667
f 963/1486/734 1135/1383/686 590/1569/776
f 828/1570/777 815/1468/723 820/1497/739
f 584/1524/755 255/1571/724 952/1343/668
f 965/1495/738 570/1369/679 1234/1368/595
f 568/1364/675 267/1572/778 1177/1206/606
f 1138/1553/663 259/1573/779 1137/1574/730
f 214/1392/648 245/1522/754 826/1390/674
f 581/1355/672 590/1569/776 1135/1383/686
f 1209/1268/634 565/1267/633 591/1561/770
f 1175/1347/669 1073/1395/690 611/1575/780
f 575/1480/654 1069/1576/760 1060/1577/659
f 825/1578/781 238/1310/652 225/1340/630
f 968/1579/782 817/1558/681 967/1557/768
f 1068/1507/745 585/1580/783 580/1506/746
f 585/1581/783 1068/1582/745 964/1583/764
f 244/1452/717 1175/1347/669 966/1552/766
f 824/1528/757 1136/1529/741 262/1584/753
f 231/1476/707 823/1567/774 221/1457/692
f 582/1519/732 973/1585/784 958/1525/713
f 232/1586/662 1209/1587/634 248/1588/775
f 1063/1431/676 267/1589/778 568/1590/675
f 956/1444/714 1064/1443/671 251/1591/785
f 969/1513/750 245/1592/754 1176/1385/687
f 270/1593/771 579/1380/683 826/1390/674
f 1071/1565/736 1133/1449/715 811/1425/708
f 821/1502/744 251/1591/785 1064/1443/671
f 963/1486/734 590/1569/776 969/1513/750
f 231/1476/707 817/1558/681 968/1579/782
f 225/1340/630 230/1458/678 824/1528/757
f 577/1478/729 594/1510/747 586/1544/762
f 826/1390/674 245/1522/754 270/1594/771
f 231/1476/707 968/1579/782 597/1595/786
f 586/1544/762 257/1596/787 960/1461/720
f 606/1597/788 590/1598/776 581/1599/672
f 255/1571/724 584/1524/755 602/1600/789
f 594/1601/747 579/1602/683 242/1603/772
f 813/1509/666 822/1412/702 592/1604/790
f 829/1551/765 240/1501/743 215/1371/680
f 1177/1206/606 267/1572/778 598/1605/791
f 1074/1488/735 239/1606/792 224/1232/617
f 257/1596/787 1138/1553/663 960/1461/720
f 1073/1395/690 1212/1607/758 241/1608/793
f 583/1538/706 1069/1540/760 256/1609/794
f 1078/1610/795 1063/1431/676 570/1369/679
f 824/1528/757 262/1584/753 596/1566/773
f 820/1497/739 587/1520/752 828/1570/777
f 592/1604/790 967/1557/768 813/1509/666
f 1069/1576/760 575/1480/654 1137/1479/730
f 1212/1607/758 1073/1395/690 818/1611/664
f 593/1612/796 815/1468/723 828/1570/777
f 593/1613/796 650/1614/797 815/1615/723
f 815/1615/723 650/1614/797 576/1616/721
f 224/1232/617 239/1606/792 822/1427/702
f 583/1538/706 256/1609/794 235/1617/733
f 238/1310/652 825/1578/781 588/1618/798
f 1074/1488/735 229/1366/677 604/1619/769
f 587/1534/752 238/1536/652 588/1620/798
f 823/1567/774 231/1476/707 597/1595/786
f 605/1621/799 821/1502/744 816/1352/670
f 969/1622/750 590/1623/776 827/1624/800
f 1076/1625/728 233/1626/684 1140/1627/749
f 580/1628/746 606/1597/788 581/1599/672
f 234/1629/716 970/1630/801 964/1583/764
f 973/1585/784 582/1519/732 246/1631/761
f 610/1632/802 589/1633/803 961/1446/710
f 570/1369/679 965/1495/738 258/1634/804
f 1210/1635/688 237/1636/727 591/1637/770
f 965/1537/738 595/1399/693 265/1638/805
f 279/1549/763 819/1455/628 823/1567/774
f 263/1639/806 1071/1490/736 578/1555/722
f 1228/1498/740 264/1640/807 236/1533/759
f 816/1641/670 253/1548/748 605/1642/799
f 585/1581/783 964/1583/764 970/1630/801
f 260/1643/808 225/1644/630 1178/1645/809
f 821/1502/744 250/1646/810 251/1591/785
f 1072/1542/731 281/1647/811 246/1543/761
f 232/1586/662 248/1588/775 1140/1627/749
f 277/1648/812 248/1588/775 591/1637/770
f 611/1575/780 1073/1395/690 241/1608/793
f 610/1632/802 961/1446/710 243/1448/685
f 587/1520/752 588/1649/798 266/1650/813
f 966/1552/766 1175/1347/669 611/1651/780
f 962/1652/756 281/1647/811 1072/1542/731
f 307/1653/814 970/1630/801 234/1629/716
f 262/1654/753 1178/1645/809 596/1655/773
f 971/1656/815 580/1506/746 585/1580/783
f 249/1556/742 276/1657/816 252/1554/767
f 961/1446/710 589/1633/803 584/1658/755
f 241/1659/793 1212/1660/758 601/1661/817
f 603/1662/818 592/1604/790 822/1412/702
f 650/1614/797 617/1663/819 249/1556/742
f 965/1495/738 265/1664/805 258/1634/804
f 967/1557/768 592/1604/790 620/1665/820
f 1242/1318/656 184/1222/235 972/1472/726
f 967/1557/768 620/1665/820 968/1579/782
f 570/1369/679 258/1634/804 1078/1610/795
f 829/1551/765 255/1469/724 607/1666/821
f 242/1603/772 254/1667/822 594/1601/747
f 263/1639/806 578/1555/722 261/1668/823
f 975/1669/824 1071/1490/736 263/1639/806
f 589/1670/803 602/1600/789 584/1524/755
f 590/1671/776 600/1672/825 827/1673/800
f 823/1567/774 597/1595/786 612/1674/826
f 262/1654/753 260/1643/808 1178/1645/809
f 578/1555/722 252/1554/767 261/1668/823
f 1077/1675/827 594/1510/747 254/1676/822
f 266/1677/813 828/1678/777 587/1679/752
f 959/1342/667 628/1680/828 247/1460/719
f 594/1510/747 1077/1675/827 586/1544/762
f 585/1581/783 970/1630/801 268/1681/829
f 225/1340/630 596/1566/773 1178/1682/809
f 250/1646/810 275/1683/830 251/1591/785
f 235/1617/733 619/1684/831 237/1636/727
f 599/1685/832 240/1501/743 829/1551/765
f 252/1554/767 276/1657/816 261/1668/823
f 827/1686/800 600/1687/825 969/1688/750
f 580/1689/746 971/1690/815 606/1691/788
f 650/1614/797 249/1556/742 576/1616/721
f 966/1692/766 1179/1693/833 262/1694/753
f 1138/1553/663 257/1596/787 259/1573/779
f 1076/1625/728 1140/1627/749 283/1695/834
f 1242/1318/656 976/1696/835 253/1548/748
f 595/1697/693 634/1698/836 265/1699/805
f 973/1700/784 307/1653/814 958/1701/713
f 611/1702/780 241/1659/793 1075/1703/837
f 956/1704/714 615/1705/838 1070/1706/737
f 246/1543/761 285/1707/839 973/1708/784
f 256/1609/794 1069/1540/760 272/1709/840
f 598/1710/791 1250/1711/841 1177/1712/606
f 239/1606/792 1074/1488/735 622/1713/842
f 605/1642/799 253/1548/748 1252/1714/843
f 1069/1576/760 1137/1479/730 272/1715/840
f 968/1579/782 620/1665/820 274/1716/844
f 257/1596/787 586/1544/762 1077/1675/827
f 278/1717/845 259/1573/779 257/1596/787
f 606/1691/788 600/1672/825 590/1671/776
f 245/1718/754 969/1688/750 608/1719/846
f 281/1647/811 962/1652/756 284/1720/847
f 225/1721/630 260/1722/808 978/1723/848
f 260/1643/808 974/1724/849 978/1725/848
f 258/1726/804 265/1699/805 1180/1727/850
f 259/1728/779 272/1715/840 1137/1479/730
f 959/1729/667 1076/1730/728 657/1731/851
f 600/1687/825 830/1732/852 969/1688/750
f 264/1640/807 1228/1498/740 247/1460/719
f 1077/1675/827 254/1676/822 831/1733/853
f 600/1687/825 609/1734/854 830/1732/852
f 599/1685/832 1212/1531/758 240/1501/743
f 274/1716/844 597/1595/786 968/1579/782
f 632/1735/855 235/1617/733 256/1609/794
f 825/1736/781 225/1737/630 978/1723/848
f 261/1668/823 975/1669/824 263/1639/806
f 243/1738/685 279/1739/763 610/1740/802
f 600/1672/825 606/1691/788 609/1741/854
f 255/1469/724 1141/1742/856 282/1743/857
f 832/1744/858 279/1549/763 823/1567/774
f 828/1678/777 266/1677/813 593/1613/796
f 253/1548/748 976/1696/835 1252/1714/843
f 601/1745/817 1212/1531/758 599/1685/832
f 595/1697/693 236/1746/759 634/1698/836
f 296/1747/859 260/1643/808 262/1654/753
f 275/1748/830 615/1705/838 251/1749/785
f 1078/1750/795 1139/1751/860 1063/1752/676
f 269/1753/861 248/1588/775 277/1648/812
f 611/1754/780 833/1755/862 966/1692/766
f 246/1543/761 281/1647/811 285/1707/839
f 896/1756/100 518/1757/345 972/1758/726
f 251/1749/785 615/1705/838 956/1704/714
f 1179/1693/833 966/1692/766 833/1755/862
f 650/1614/797 593/1613/796 1213/1759/863
f 269/1753/861 1140/1627/749 248/1588/775
f 597/1595/786 274/1716/844 612/1674/826
f 839/1760/864 591/1637/770 237/1636/727
f 602/1761/789 1141/1762/856 255/1763/724
f 974/1724/849 260/1643/808 296/1747/859
f 283/1695/834 841/1764/865 1076/1625/728
f 977/1765/866 588/1766/798 825/1736/781
f 307/1653/814 234/1629/716 958/1701/713
f 618/1767/867 634/1698/836 236/1746/759
f 1139/1768/860 267/1589/778 1063/1431/676
f 619/1684/831 235/1617/733 632/1735/855
f 275/1748/830 821/1769/744 304/1770/868
f 823/1567/774 612/1674/826 832/1771/858
f 271/1772/869 242/1563/772 270/1562/771
f 255/1469/724 282/1743/857 607/1666/821
f 1242/1318/656 972/1472/726 976/1696/835
f 307/1773/814 973/1708/784 979/1774/870
f 276/1657/816 1143/1775/871 261/1668/823
f 270/1562/771 245/1718/754 280/1776/872
f 831/1733/853 1243/1777/873 1077/1675/827
f 602/1761/789 589/1778/803 290/1779/874
f 236/1780/759 264/1781/807 618/1782/867
f 835/1783/875 241/1659/793 601/1661/817
f 269/1753/861 283/1695/834 1140/1627/749
f 598/1710/791 267/1784/778 1139/1751/860
f 304/1785/868 821/1786/744 605/1642/799
f 617/1663/819 276/1657/816 249/1556/742
f 622/1787/842 1074/1788/735 604/1560/769
f 272/1709/840 627/1789/876 256/1609/794
f 284/1720/847 962/1652/756 1131/1790/653
f 245/1718/754 608/1719/846 280/1776/872
f 237/1636/727 619/1684/831 839/1760/864
f 257/1596/787 1077/1675/827 613/1791/877
f 242/1603/772 614/1792/878 254/1667/822
f 296/1793/859 262/1694/753 1179/1693/833
f 268/1794/829 971/1795/815 585/1796/783
f 609/1741/854 606/1691/788 273/1797/879
f 835/1783/875 1075/1703/837 241/1659/793
f 969/1688/750 830/1732/852 608/1719/846
f 839/1760/864 277/1648/812 591/1637/770
f 273/1798/879 830/1732/852 609/1734/854
f 603/1799/818 1142/1800/880 592/1801/790
f 589/1778/803 610/1740/802 290/1779/874
f 599/1685/832 829/1551/765 607/1666/821
f 616/1802/881 615/1705/838 275/1748/830
f 657/1731/851 628/1803/828 959/1729/667
f 971/1795/815 320/1804/882 840/1805/883
f 841/1806/865 657/1731/851 1076/1730/728
f 611/1702/780 1075/1703/837 835/1783/875
f 294/1807/884 978/1723/848 974/1808/849
f 242/1603/772 271/1809/869 614/1792/878
f 274/1810/844 291/1811/885 612/1812/826
f 840/1813/883 606/1691/788 971/1690/815
f 278/1717/845 257/1596/787 613/1791/877
f 1078/1750/795 258/1726/804 1180/1727/850
f 280/1776/872 1079/1814/886 270/1562/771
f 1139/1751/860 1078/1750/795 287/1815/887
f 303/1816/888 822/1427/702 239/1606/792
f 266/1677/813 588/1817/798 977/1818/866
f 275/1819/830 250/1646/810 821/1502/744
f 831/1733/853 293/1820/889 1243/1777/873
f 970/1630/801 286/1821/890 268/1681/829
f 620/1822/820 592/1801/790 630/1823/891
f 837/1824/892 292/1825/893 607/1666/821
f 599/1685/832 300/1826/894 601/1745/817
f 1143/1775/871 276/1657/816 617/1663/819
f 1243/1777/873 613/1791/877 1077/1675/827
f 275/1827/830 304/1828/868 847/1829/895
f 633/1400/694 1071/1490/736 975/1669/824
f 254/1830/822 614/1831/878 831/1832/853
f 599/1685/832 607/1666/821 300/1826/894
f 294/1833/884 974/1834/849 296/1793/859
f 668/1835/896 264/1781/807 247/1836/719
f 627/1789/876 632/1735/855 256/1609/794
f 293/1820/889 831/1733/853 621/1837/897
f 269/1753/861 277/1648/812 844/1838/898
f 299/1839/899 285/1840/839 281/1841/811
f 271/1772/869 270/1562/771 1079/1814/886
f 611/1702/780 835/1783/875 1181/1842/900
f 830/1732/852 302/1843/901 608/1719/846
f 835/1844/875 601/1845/817 836/1846/902
f 259/1728/779 278/1847/845 1144/1848/903
f 300/1826/894 607/1666/821 292/1825/893
f 1142/1800/880 630/1823/891 592/1801/790
f 305/1849/904 633/1400/694 975/1669/824
f 302/1843/901 273/1798/879 289/1850/905
f 299/1839/899 301/1851/906 285/1840/839
f 978/1723/848 977/1765/866 825/1736/781
f 261/1668/823 1143/1775/871 624/1852/907
f 305/1849/904 975/1669/824 288/1853/908
f 1144/1848/903 272/1715/840 259/1728/779
f 1181/1842/900 833/1854/862 611/1855/780
f 610/1740/802 1003/1856/909 290/1779/874
f 288/1853/908 975/1669/824 261/1668/823
f 292/1825/893 837/1824/892 980/1857/910
f 837/1824/892 607/1666/821 282/1743/857
f 296/1793/859 1179/1693/833 636/1858/911
f 1179/1693/833 833/1755/862 1081/1859/912
f 302/1843/901 830/1732/852 273/1798/879
f 285/1840/839 301/1851/906 979/1860/870
f 285/1840/839 979/1860/870 973/1861/784
f 622/1787/842 604/1560/769 295/1862/913
f 612/1812/826 314/1863/914 832/1864/858
f 320/1804/882 971/1795/815 268/1794/829
f 832/1864/858 625/1865/915 279/1739/763
f 300/1826/894 836/1866/902 601/1745/817
f 627/1867/876 272/1868/840 629/1869/916
f 288/1853/908 261/1668/823 624/1852/907
f 634/1698/836 298/1870/917 265/1699/805
f 610/1740/802 279/1739/763 1003/1856/909
f 265/1699/805 298/1870/917 1180/1727/850
f 271/1871/869 316/1872/918 614/1831/878
f 852/1873/919 598/1710/791 1139/1751/860
f 615/1874/838 297/1875/920 1070/1547/737
f 239/1876/792 622/1787/842 303/1877/888
f 299/1839/899 281/1841/811 284/1878/847
f 617/1663/819 624/1879/907 1143/1775/871
f 322/1880/921 287/1815/887 1078/1750/795
f 277/1648/812 839/1760/864 844/1838/898
f 832/1864/858 314/1863/914 625/1865/915
f 303/1881/888 603/1882/818 822/1883/702
f 864/1884/922 1052/1885/347 633/1886/694
f 311/1887/923 1243/1777/873 293/1820/889
f 273/1797/879 606/1691/788 840/1813/883
f 320/1888/882 268/1681/829 286/1821/890
f 977/1765/866 978/1723/848 626/1889/924
f 296/1793/859 838/1890/925 294/1833/884
f 272/1715/840 1144/1848/903 629/1891/916
f 668/1835/896 618/1782/867 264/1781/807
f 612/1812/826 291/1811/885 314/1863/914
f 297/1875/920 604/1560/769 1070/1547/737
f 1081/1859/912 636/1858/911 1179/1693/833
f 413/1892/926 1177/1712/606 1250/1711/841
f 621/1893/897 831/1832/853 614/1831/878
f 613/1791/877 1243/1777/873 311/1887/923
f 292/1825/893 1146/1894/927 982/1895/928
f 621/1893/897 614/1831/878 316/1872/918
f 1181/1842/900 1081/1896/912 833/1854/862
f 273/1897/879 623/1898/929 289/1899/905
f 628/1803/828 668/1835/896 247/1836/719
f 313/1900/751 284/1901/847 1131/1902/653
f 1182/1903/930 620/1822/820 630/1823/891
f 306/1904/931 1079/1814/886 280/1776/872
f 619/1684/831 632/1735/855 854/1905/932
f 306/1906/931 280/1776/872 608/1719/846
f 843/1907/933 613/1791/877 312/1908/934
f 835/1844/875 638/1909/935 348/1910/936
f 593/1613/796 266/1677/813 1213/1759/863
f 322/1880/921 1078/1750/795 1180/1727/850
f 838/1911/925 631/1912/937 647/1913/938
f 982/1895/928 300/1826/894 292/1825/893
f 634/1698/836 1080/1914/939 298/1870/917
f 615/1874/838 616/1915/881 997/1916/940
f 1146/1894/927 292/1825/893 980/1857/910
f 598/1710/791 852/1873/919 1250/1711/841
f 301/1851/906 299/1839/899 984/1917/941
f 286/1821/890 970/1630/801 307/1653/814
f 620/1822/820 1182/1903/930 274/1810/844
f 298/1918/917 335/1919/942 1180/1920/850
f 274/1810/844 1182/1903/930 291/1811/885
f 1144/1848/903 278/1847/845 843/1921/933
f 636/1922/911 838/1911/925 296/1923/859
f 617/1924/819 1145/1925/943 624/1926/907
f 845/1927/944 271/1871/869 1079/1928/886
f 1141/1929/856 853/1930/945 282/1931/857
f 638/1909/935 835/1844/875 836/1846/902
f 602/1761/789 290/1779/874 1141/1762/856
f 288/1932/908 334/1933/946 641/1934/947
f 847/1935/895 616/1802/881 275/1748/830
f 1083/1936/948 1213/1759/863 266/1677/813
f 288/1937/908 641/1938/947 305/1939/904
f 289/1899/905 309/1940/949 302/1941/901
f 840/1813/883 623/1942/929 273/1797/879
f 641/1938/947 633/1886/694 305/1939/904
f 623/1898/929 309/1940/949 289/1899/905
f 310/1943/950 844/1838/898 839/1760/864
f 843/1907/933 278/1717/845 613/1791/877
f 631/1912/937 838/1911/925 636/1922/911
f 982/1895/928 836/1866/902 300/1826/894
f 854/1905/932 839/1760/864 619/1684/831
f 269/1753/861 635/1944/951 283/1695/834
f 302/1941/901 309/1940/949 317/1945/952
f 627/1867/876 629/1869/916 983/1946/953
f 1139/1751/860 287/1815/887 852/1873/919
f 995/1947/954 634/1698/836 618/1767/867
f 284/1948/847 846/1949/955 299/1950/899
f 615/1874/838 997/1916/940 297/1875/920
f 1052/1951/347 642/1952/956 313/1953/751
f 1144/1848/903 843/1921/933 629/1891/916
f 647/1954/938 294/1807/884 838/1955/925
f 605/1642/799 1252/1714/843 304/1785/868
f 613/1791/877 842/1956/957 308/1957/958
f 334/1933/946 288/1932/908 624/1926/907
f 1177/1712/606 834/1958/959 518/1959/345
f 621/1837/897 640/1960/960 293/1820/889
f 647/1954/938 978/1723/848 294/1807/884
f 842/1956/957 613/1791/877 311/1887/923
f 312/1908/934 613/1791/877 308/1957/958
f 303/1881/888 622/1961/842 394/1962/961
f 271/1871/869 845/1927/944 316/1872/918
f 301/1851/906 981/1963/962 979/1860/870
f 835/1844/875 348/1910/936 1181/1964/900
f 668/1835/896 628/1803/828 1084/1965/963
f 299/1966/899 846/1967/955 984/1968/941
f 632/1969/855 627/1867/876 983/1946/953
f 631/1970/937 985/1971/964 647/1972/938
f 311/1887/923 293/1820/889 640/1960/960
f 319/1973/965 290/1779/874 1003/1856/909
f 334/1933/946 624/1926/907 1145/1925/943
f 608/1974/846 302/1941/901 988/1975/966
f 279/1739/763 625/1865/915 1003/1856/909
f 639/1976/967 852/1873/919 287/1815/887
f 839/1977/864 854/1978/932 310/1979/950
f 635/1980/951 341/1981/968 841/1982/865
f 1145/1925/943 617/1924/819 650/1983/797
f 629/1891/916 843/1921/933 848/1984/969
f 330/1985/970 853/1930/945 1141/1929/856
f 636/1922/911 985/1986/964 631/1912/937
f 330/1985/970 1141/1929/856 290/1987/874
f 853/1930/945 837/1988/892 282/1931/857
f 623/1898/929 317/1945/952 309/1940/949
f 321/1989/971 981/1963/962 301/1851/906
f 1146/1894/927 637/1990/972 318/1991/973
f 842/1956/957 311/1887/923 850/1992/974
f 284/1993/847 986/1994/975 846/1967/955
f 841/1982/865 341/1981/968 340/1995/976
f 837/1824/892 1236/1996/977 980/1857/910
f 320/1804/882 286/1997/890 991/1998/978
f 1146/1894/927 980/1857/910 637/1990/972
f 290/1779/874 319/1999/965 330/2000/970
f 635/1980/951 841/1982/865 283/2001/834
f 307/2002/814 979/1860/870 981/1963/962
f 980/1857/910 315/2003/979 637/1990/972
f 978/1723/848 647/1954/938 626/1889/924
f 306/2004/931 608/2005/846 988/2006/966
f 1182/1903/930 630/1823/891 323/2007/980
f 365/2008/981 313/2009/751 349/2010/982
f 637/1990/972 315/2003/979 842/2011/957
f 332/2012/983 1081/2013/912 1181/1964/900
f 291/1811/885 1182/1903/930 643/2014/984
f 850/1992/974 637/2015/972 842/1956/957
f 983/1946/953 629/1869/916 848/2016/969
f 315/2017/979 308/1957/958 842/1956/957
f 626/1889/924 1214/2018/985 977/1765/866
f 638/1909/935 836/1846/902 1183/2019/986
f 851/2020/987 635/1980/951 269/2021/861
f 636/1922/911 1081/2022/912 649/2023/988
f 1252/1714/843 1244/2024/989 304/1785/868
f 324/2025/990 641/1934/947 334/1933/946
f 318/1991/973 982/1895/928 1146/1894/927
f 311/1887/923 640/1960/960 850/1992/974
f 323/2007/980 630/1823/891 1142/1800/880
f 843/1921/933 338/2026/991 848/1984/969
f 316/2027/918 640/2028/960 621/2029/897
f 1147/2030/992 836/1866/902 982/1895/928
f 321/1989/971 301/1851/906 984/1917/941
f 321/1989/971 984/1917/941 846/2031/955
f 985/1971/964 329/2032/993 647/1972/938
f 318/1991/973 1147/2030/992 982/1895/928
f 648/2033/994 616/2034/881 847/2035/895
f 666/2036/995 1252/1714/843 976/1696/835
f 985/1971/964 331/2037/996 329/2032/993
f 637/1990/972 850/2038/974 318/1991/973
f 647/1954/938 1214/2018/985 626/1889/924
f 1181/1964/900 348/1910/936 332/2012/983
f 317/1945/952 623/1898/929 326/2039/997
f 844/2040/898 310/1979/950 325/2041/998
f 307/2002/814 656/2042/999 286/2043/890
f 297/1875/920 295/1862/913 604/1560/769
f 307/2002/814 981/1963/962 655/2044/1000
f 1236/2045/977 315/2003/979 980/1857/910
f 666/2036/995 976/1696/835 972/1472/726
f 1052/2046/347 864/2047/922 642/2048/956
f 667/2049/1001 985/1986/964 636/1922/911
f 304/1828/868 364/2050/1002 847/1829/895
f 840/2051/883 320/2052/882 343/2053/1003
f 864/2054/922 633/2055/694 641/2056/947
f 836/2057/902 1147/2058/992 1183/2059/986
f 286/2043/890 656/2042/999 991/2060/978
f 985/1986/964 667/2049/1001 331/2061/996
f 649/2023/988 1081/2022/912 332/2062/983
f 269/2021/861 844/2040/898 325/2041/998
f 318/1991/973 646/2063/1004 1147/2030/992
f 306/2004/931 845/2064/944 1079/2065/886
f 302/1941/901 317/1945/952 326/2039/997
f 1080/2066/939 335/1919/942 298/1918/917
f 1083/1936/948 266/1677/813 977/1818/866
f 853/1930/945 330/1985/970 370/2067/1005
f 313/1953/751 642/1952/956 1082/2068/1006
f 1180/1920/850 335/1919/942 322/2069/921
f 850/2038/974 646/2063/1004 318/1991/973
f 640/1960/960 646/2070/1004 850/1992/974
f 849/2071/1007 316/2072/918 845/2064/944
f 1184/2073/1008 313/2074/751 1082/2075/1006
f 666/2076/995 1244/2077/989 1252/2078/843
f 623/1898/929 840/2079/883 339/2080/1009
f 308/1957/958 315/2017/979 368/2081/1010
f 325/2041/998 851/2020/987 269/2021/861
f 994/2082/1011 1182/1903/930 323/2007/980
f 659/2083/1012 315/2003/979 1236/2045/977
f 291/1811/885 327/2084/1013 314/1863/914
f 327/2084/1013 291/1811/885 643/2014/984
f 316/2027/918 328/2085/1014 640/2028/960
f 313/2074/751 1184/2073/1008 651/2086/1015
f 1236/2087/977 837/1988/892 853/1930/945
f 302/1941/901 1186/2088/1016 988/1975/966
f 334/1933/946 1145/1925/943 987/2089/1017
f 635/1980/951 851/2020/987 341/1981/968
f 326/2039/997 623/1898/929 644/2090/1018
f 855/2091/1019 645/2092/1020 642/1952/956
f 655/2044/1000 981/1963/962 321/1989/971
f 643/2014/984 1182/1903/930 994/2082/1011
f 623/1898/929 992/2093/1021 644/2090/1018
f 990/2094/1022 1183/2059/986 1147/2058/992
f 642/1952/956 645/2092/1020 1082/2068/1006
f 316/2027/918 849/2095/1007 328/2085/1014
f 983/1946/953 848/2016/969 358/2096/1023
f 650/1983/797 987/2089/1017 1145/1925/943
f 312/2097/934 338/2098/991 843/2099/933
f 994/2082/1011 323/2007/980 363/2100/1024
f 295/2101/913 297/2102/920 997/2103/940
f 308/2104/958 368/2105/1010 312/2097/934
f 340/2106/976 863/2107/1025 657/2108/851
f 352/2109/1026 1213/1759/863 1083/1936/948
f 337/2110/1027 313/2074/751 651/2086/1015
f 646/2070/1004 640/1960/960 328/2111/1014
f 855/2112/1019 642/2048/956 864/2047/922
f 651/2113/1015 1184/2114/1008 652/2115/1028
f 312/2097/934 368/2105/1010 338/2098/991
f 1147/2058/992 646/2116/1004 990/2094/1022
f 337/2117/1027 651/2113/1015 652/2115/1028
f 322/2118/921 639/2119/967 287/2120/887
f 648/2121/994 997/2122/940 616/2123/881
f 307/2002/814 655/2044/1000 656/2042/999
f 989/2124/1029 1082/2068/1006 645/2092/1020
f 1183/2125/986 348/1910/936 638/1909/935
f 849/2095/1007 845/2126/944 346/2127/1030
f 989/2124/1029 855/2091/1019 1185/2128/1031
f 989/2124/1029 658/2129/1032 1082/2068/1006
f 652/2115/1028 342/2130/1033 337/2117/1027
f 989/2124/1029 645/2092/1020 855/2091/1019
f 348/2131/936 1183/2059/986 353/2132/1034
f 303/1881/888 394/1962/961 336/2133/1035
f 302/1941/901 326/2039/997 644/2090/1018
f 1083/1936/948 977/1818/866 1214/2134/985
f 603/1882/818 336/2133/1035 1142/2135/880
f 988/2006/966 356/2136/1036 306/2004/931
f 1185/2128/1031 658/2129/1032 989/2124/1029
f 636/1922/911 649/2023/988 667/2049/1001
f 313/2074/751 337/2110/1027 349/2137/982
f 343/2053/1003 339/2080/1009 840/2051/883
f 1186/2088/1016 302/1941/901 644/2090/1018
f 331/2061/996 667/2049/1001 654/2138/1037
f 854/1978/932 1006/2139/1038 310/1979/950
f 320/2140/882 991/2060/978 856/2141/1039
f 1248/2142/1040 846/2031/955 986/2143/975
f 1236/2087/977 853/1930/945 659/2144/1012
f 1185/2128/1031 664/2145/1041 658/2129/1032
f 335/1919/942 333/2146/1042 322/2069/921
f 344/2147/1043 646/2070/1004 328/2148/1014
f 1248/2142/1040 321/1989/971 846/2031/955
f 368/2105/1010 315/2149/979 659/2150/1012
f 673/2151/1044 854/1978/932 632/1969/855
f 653/2152/1045 652/2115/1028 1184/2114/1008
f 344/2153/1043 990/2094/1022 646/2116/1004
f 331/2037/996 654/2154/1037 329/2032/993
f 999/2155/1046 649/2023/988 332/2062/983
f 304/2156/868 1150/2157/1047 364/2158/1002
f 653/2152/1045 345/2159/1048 652/2115/1028
f 335/1919/942 1080/2066/939 663/2160/1049
f 845/2064/944 306/2004/931 356/2136/1036
f 995/2161/954 1080/2066/939 634/2162/836
f 650/1983/797 1213/2163/863 352/2164/1026
f 622/1961/842 295/2101/913 867/2165/1050
f 342/2130/1033 652/2115/1028 345/2159/1048
f 663/2160/1049 351/2166/1051 335/1919/942
f 413/1892/926 834/1958/959 1177/1712/606
f 1148/2167/1052 352/2164/1026 661/2168/1053
f 658/2169/1032 653/2152/1045 1184/2114/1008
f 647/1972/938 329/2032/993 859/2170/1054
f 1193/2171/1055 972/2172/726 518/2173/345
f 864/2174/922 665/2175/1056 855/2176/1019
f 993/2177/1057 654/2138/1037 667/2049/1001
f 995/2178/954 618/1782/867 668/1835/896
f 849/2095/1007 346/2127/1030 328/2085/1014
f 664/2145/1041 1185/2128/1031 662/2179/1058
f 356/2136/1036 988/2006/966 1186/2180/1016
f 353/2132/1034 1183/2059/986 990/2094/1022
f 358/2096/1023 632/1969/855 983/1946/953
f 658/2169/1032 347/2181/1059 653/2152/1045
f 1082/2182/1006 658/2169/1032 1184/2114/1008
f 991/2060/978 656/2042/999 856/2141/1039
f 340/2183/976 657/1731/851 841/1806/865
f 654/2138/1037 993/2177/1057 350/2184/1060
f 327/2084/1013 625/1865/915 314/1863/914
f 650/1983/797 352/2164/1026 987/2089/1017
f 330/1985/970 319/2185/965 370/2067/1005
f 857/2186/1061 323/2007/980 1142/1800/880
f 360/2187/1062 644/2188/1018 992/2189/1021
f 349/2190/982 337/2117/1027 342/2130/1033
f 1000/2191/1063 662/2179/1058 1185/2128/1031
f 860/2192/1064 328/2085/1014 346/2127/1030
f 334/1933/946 987/2089/1017 1148/2167/1052
f 348/2193/936 355/2194/1065 332/2062/983
f 1148/2167/1052 324/2025/990 334/1933/946
f 660/2195/1066 360/2187/1062 992/2189/1021
f 669/2196/1067 847/2035/895 364/2158/1002
f 999/2155/1046 667/2049/1001 649/2023/988
f 347/2197/1059 345/2159/1048 653/2152/1045
f 669/2198/1067 648/2121/994 847/2199/895
f 655/2044/1000 321/1989/971 656/2042/999
f 351/2166/1051 333/2146/1042 335/1919/942
f 313/2200/751 365/2201/981 284/1993/847
f 999/2155/1046 332/2062/983 355/2194/1065
f 365/2201/981 866/2202/1068 986/1994/975
f 860/2192/1064 344/2203/1043 328/2085/1014
f 641/2056/947 324/2204/990 354/2205/1069
f 864/2054/922 641/2056/947 354/2205/1069
f 658/2129/1032 664/2145/1041 347/2206/1059
f 987/2089/1017 352/2164/1026 1148/2167/1052
f 1083/2207/948 661/2208/1053 352/2209/1026
f 323/2007/980 857/2186/1061 363/2100/1024
f 862/2210/1070 851/2020/987 325/2041/998
f 654/2211/1037 350/2212/1060 329/2213/993
f 656/2042/999 321/1989/971 856/2141/1039
f 1085/2214/1071 321/1989/971 1248/2142/1040
f 1085/2214/1071 856/2141/1039 321/1989/971
f 324/2204/990 661/2215/1053 354/2205/1069
f 358/2216/1023 848/2217/969 338/2098/991
f 324/2025/990 1148/2167/1052 661/2218/1053
f 992/2189/1021 381/2219/1072 660/2195/1066
f 310/1979/950 1006/2139/1038 325/2041/998
f 357/2220/1073 350/2212/1060 993/2221/1057
f 353/2222/1034 355/2194/1065 348/2193/936
f 858/2223/1074 320/2140/882 856/2141/1039
f 346/2127/1030 845/2126/944 356/2224/1036
f 858/2223/1074 856/2141/1039 1085/2214/1071
f 1186/2225/1016 644/2188/1018 360/2187/1062
f 1142/1800/880 361/2226/1075 857/2186/1061
f 341/1981/968 851/2020/987 1002/2227/1076
f 603/1882/818 303/1881/888 336/2133/1035
f 661/2228/1053 1214/2229/985 389/2230/1077
f 851/2020/987 862/2210/1070 1002/2227/1076
f 1248/2231/1040 858/2232/1074 1085/2233/1071
f 998/2234/1078 632/1969/855 358/2096/1023
f 867/2165/1050 394/1962/961 622/1961/842
f 852/2235/919 359/2236/1079 1250/2237/841
f 990/2094/1022 344/2153/1043 860/2238/1064
f 661/2208/1053 1083/2207/948 1214/2239/985
f 319/2185/965 1003/2240/909 1190/2241/1080
f 295/2101/913 997/2103/940 379/2242/1081
f 661/2228/1053 389/2230/1077 354/2243/1069
f 665/2175/1056 372/2244/1082 855/2176/1019
f 345/2159/1048 347/2197/1059 1187/2245/1083
f 1185/2128/1031 372/2246/1082 1000/2191/1063
f 1214/2247/985 647/1972/938 859/2170/1054
f 360/2187/1062 660/2195/1066 996/2248/1084
f 365/2201/981 986/1994/975 284/1993/847
f 853/1930/945 370/2067/1005 670/2249/1085
f 996/2248/1084 1149/2250/1086 360/2187/1062
f 628/1803/828 657/1731/851 1084/1965/963
f 986/1994/975 866/2202/1068 1248/2231/1040
f 673/2151/1044 632/1969/855 998/2234/1078
f 997/2122/940 648/2121/994 1005/2251/1087
f 350/2212/1060 357/2220/1073 329/2213/993
f 993/2221/1057 1188/2252/1088 357/2220/1073
f 354/2243/1069 389/2230/1077 861/2253/1089
f 858/2232/1074 343/2254/1003 320/2255/882
f 339/2080/1009 380/2256/1090 623/1898/929
f 1249/2257/1091 853/1930/945 670/2249/1085
f 860/2238/1064 353/2132/1034 990/2094/1022
f 356/2258/1036 1186/2225/1016 366/2259/1092
f 304/2260/868 1244/2077/989 1150/2261/1047
f 333/2262/1042 639/2119/967 322/2118/921
f 1193/2263/1055 518/2264/345 834/2265/959
f 372/2246/1082 1185/2128/1031 855/2091/1019
f 375/2266/1093 340/1995/976 341/1981/968
f 993/2177/1057 667/2049/1001 999/2155/1046
f 338/2098/991 368/2105/1010 1086/2267/1094
f 1249/2257/1091 659/2144/1012 853/1930/945
f 342/2130/1033 1215/2268/1095 349/2190/982
f 1006/2139/1038 854/1978/932 673/2151/1044
f 374/2269/1096 353/2132/1034 860/2238/1064
f 345/2159/1048 1187/2245/1083 342/2130/1033
f 347/2197/1059 676/2270/1097 1187/2245/1083
f 994/2271/1011 373/2272/1098 643/2273/984
f 355/2274/1065 353/2132/1034 672/2275/1099
f 366/2276/1092 346/2127/1030 356/2224/1036
f 362/2277/1100 377/2278/1101 1149/2279/1086
f 371/2280/1102 1188/2252/1088 993/2221/1057
f 366/2259/1092 1186/2225/1016 360/2187/1062
f 340/1995/976 375/2266/1093 863/2281/1025
f 858/2232/1074 866/2202/1068 343/2254/1003
f 625/2282/915 327/2283/1013 1003/2240/909
f 360/2284/1062 1149/2279/1086 377/2278/1101
f 347/2285/1059 664/2145/1041 676/2286/1097
f 1001/2287/1103 371/2280/1102 367/2288/1104
f 672/2275/1099 999/2289/1046 355/2274/1065
f 866/2202/1068 858/2232/1074 1248/2231/1040
f 367/2290/1104 377/2278/1101 362/2277/1100
f 1190/2241/1080 370/2067/1005 319/2185/965
f 864/2174/922 376/2291/1105 665/2175/1056
f 1086/2267/1094 659/2150/1012 1249/2292/1091
f 859/2170/1054 389/2293/1077 1214/2247/985
f 648/2121/994 669/2198/1067 369/2294/1106
f 358/2216/1023 338/2098/991 378/2295/1107
f 371/2280/1102 1001/2287/1103 1188/2252/1088
f 329/2213/993 1001/2287/1103 868/2296/1108
f 367/2288/1104 371/2280/1102 377/2297/1101
f 1005/2251/1087 648/2121/994 369/2294/1106
f 639/2119/967 1237/2298/1109 359/2236/1079
f 325/2041/998 1087/2299/1110 862/2210/1070
f 1001/2287/1103 357/2220/1073 1188/2252/1088
f 643/2273/984 671/2300/1111 327/2301/1013
f 366/2302/1092 360/2284/1062 377/2278/1101
f 1006/2139/1038 1087/2299/1110 325/2041/998
f 373/2272/1098 994/2271/1011 674/2303/1112
f 999/2289/1046 672/2275/1099 993/2221/1057
f 1215/2268/1095 342/2130/1033 1009/2304/1113
f 1086/2267/1094 368/2105/1010 659/2150/1012
f 381/2219/1072 996/2248/1084 660/2195/1066
f 665/2175/1056 376/2291/1105 372/2244/1082
f 664/2145/1041 662/2179/1058 676/2286/1097
f 371/2280/1102 993/2221/1057 1004/2305/1114
f 1151/2306/1115 860/2192/1064 366/2276/1092
f 374/2269/1096 672/2275/1099 353/2132/1034
f 860/2192/1064 346/2127/1030 366/2276/1092
f 378/2307/1107 998/2308/1078 358/2309/1023
f 365/2008/981 1215/2310/1095 866/2311/1068
f 674/2303/1112 994/2271/1011 363/2312/1024
f 868/2313/1108 1001/2287/1103 367/2288/1104
f 868/2313/1108 367/2288/1104 362/2314/1100
f 373/2272/1098 671/2300/1111 643/2273/984
f 339/2080/1009 343/2053/1003 380/2256/1090
f 362/2315/1100 381/2316/1072 868/2317/1108
f 668/1835/896 383/2318/1116 995/2178/954
f 375/2266/1093 341/1981/968 1002/2227/1076
f 1004/2305/1114 993/2221/1057 672/2275/1099
f 349/2010/982 1215/2310/1095 365/2008/981
f 1009/2304/1113 342/2130/1033 1187/2245/1083
f 381/2219/1072 992/2189/1021 623/2319/929
f 864/2320/922 354/2243/1069 861/2253/1089
f 384/2321/1117 1003/2240/909 327/2283/1013
f 1151/2322/1115 374/2269/1096 860/2238/1064
f 676/2286/1097 662/2179/1058 1000/2191/1063
f 384/2321/1117 1190/2241/1080 1003/2240/909
f 366/2302/1092 377/2278/1101 1151/2323/1115
f 329/2213/993 357/2220/1073 1001/2287/1103
f 1004/2305/1114 377/2297/1101 371/2280/1102
f 379/2242/1081 867/2165/1050 295/2101/913
f 1006/2139/1038 1251/2324/1118 1087/2299/1110
f 1151/2322/1115 672/2275/1099 374/2269/1096
f 1086/2267/1094 378/2325/1107 338/2098/991
f 362/2277/1100 1149/2279/1086 381/2326/1072
f 385/2327/1119 674/2303/1112 363/2312/1024
f 377/2328/1101 1004/2305/1114 1151/2322/1115
f 327/2283/1013 671/2300/1111 384/2321/1117
f 1216/2329/1120 1084/1965/963 657/1731/851
f 381/2330/1072 623/1898/929 380/2256/1090
f 680/2331/1121 663/2332/1049 1080/2333/939
f 668/1835/896 1084/1965/963 1007/2334/1122
f 670/2335/1085 1086/2267/1094 1249/2292/1091
f 363/2312/1024 857/2336/1061 385/2327/1119
f 857/2336/1061 390/2337/1123 385/2327/1119
f 359/2236/1079 1237/2298/1109 391/2338/1124
f 1151/2322/1115 1004/2305/1114 672/2275/1099
f 351/2339/1051 663/2332/1049 680/2331/1121
f 1190/2241/1080 670/2249/1085 370/2067/1005
f 857/2336/1061 361/2340/1075 390/2337/1123
f 1244/2077/989 666/2076/995 1189/2341/1125
f 378/2307/1107 1010/2342/1126 998/2308/1078
f 1152/2343/1127 1000/2191/1063 372/2246/1082
f 1150/2261/1047 1189/2341/1125 1090/2344/1128
f 1002/2345/1076 862/2346/1070 1087/2347/1110
f 381/2219/1072 1149/2250/1086 996/2248/1084
f 1238/2348/1129 1086/2349/1094 670/2350/1085
f 1006/2139/1038 673/2151/1044 677/2351/1130
f 410/2352/1131 666/2076/995 972/2353/726
f 639/2119/967 333/2262/1042 1237/2298/1109
f 379/2354/1081 997/2122/940 1005/2251/1087
f 1006/2355/1038 677/2356/1130 1251/2357/1118
f 372/2246/1082 387/2358/1132 1152/2343/1127
f 378/2359/1107 1086/2360/1094 1238/2348/1129
f 1150/2261/1047 1244/2077/989 1189/2341/1125
f 351/2339/1051 680/2331/1121 865/2361/1133
f 639/2119/967 359/2236/1079 852/2235/919
f 1216/2329/1120 678/2362/1134 1084/1965/963
f 675/2363/1135 1009/2304/1113 1187/2245/1083
f 677/2356/1130 673/2364/1044 998/2308/1078
f 385/2327/1119 382/2365/1136 674/2303/1112
f 376/2291/1105 864/2174/922 387/2366/1132
f 391/2367/1124 1250/2368/841 359/2369/1079
f 361/2370/1075 1142/2135/880 336/2133/1035
f 678/2362/1134 1007/2334/1122 1084/1965/963
f 1002/2345/1076 396/2371/1137 375/2372/1093
f 865/2361/1133 333/2373/1042 351/2339/1051
f 1009/2374/1113 1153/2375/1138 1215/2376/1095
f 676/2286/1097 1000/2191/1063 1152/2343/1127
f 1238/2377/1129 1010/2342/1126 378/2307/1107
f 1002/2345/1076 1087/2347/1110 396/2371/1137
f 861/2378/1089 389/2379/1077 393/2380/1139
f 866/2381/1068 682/2382/1140 343/2383/1003
f 387/2366/1132 864/2174/922 861/2384/1089
f 670/2350/1085 1190/2385/1080 681/2386/1141
f 1155/2387/1142 390/2388/1123 361/2370/1075
f 669/2389/1067 364/2390/1002 369/2391/1106
f 382/2365/1136 373/2272/1098 674/2303/1112
f 859/2170/1054 386/2392/1143 389/2293/1077
f 868/2317/1108 386/2393/1143 329/2394/993
f 1238/2348/1129 681/2386/1141 1010/2395/1126
f 1189/2341/1125 666/2076/995 410/2352/1131
f 866/2396/1068 1215/2310/1095 1153/2397/1138
f 680/2331/1121 1080/2333/939 995/2398/954
f 859/2170/1054 329/2032/993 386/2392/1143
f 372/2246/1082 376/2399/1105 387/2358/1132
f 396/2371/1137 1239/2400/1144 375/2372/1093
f 1087/2401/1110 1251/2357/1118 1217/2402/1145
f 384/2321/1117 671/2300/1111 683/2403/1146
f 866/2396/1068 1153/2397/1138 682/2404/1140
f 676/2286/1097 400/2405/1147 1187/2406/1083
f 413/2407/926 1250/2368/841 391/2367/1124
f 1239/2400/1144 863/2408/1025 375/2372/1093
f 1216/2409/1120 863/2107/1025 1157/2410/1148
f 390/2337/1123 1008/2411/1149 385/2327/1119
f 343/2053/1003 682/2412/1140 380/2256/1090
f 670/2350/1085 681/2386/1141 1238/2348/1129
f 364/2413/1002 1150/2261/1047 1090/2344/1128
f 383/2318/1116 668/1835/896 1007/2334/1122
f 689/2414/1150 680/2331/1121 995/2398/954
f 385/2327/1119 1008/2411/1149 399/2415/1151
f 1010/2342/1126 677/2356/1130 998/2308/1078
f 1239/2400/1144 685/2416/1152 863/2408/1025
f 687/2417/1153 381/2219/1072 380/2418/1090
f 392/2419/1154 682/2420/1140 1153/2421/1138
f 1152/2343/1127 395/2422/1155 676/2286/1097
f 385/2327/1119 399/2415/1151 382/2365/1136
f 1239/2400/1144 396/2371/1137 1229/2423/1156
f 671/2300/1111 373/2272/1098 683/2403/1146
f 396/2371/1137 1087/2347/1110 1217/2424/1145
f 675/2363/1135 392/2419/1154 1009/2304/1113
f 393/2380/1139 387/2366/1132 861/2378/1089
f 1153/2425/1138 1009/2304/1113 392/2419/1154
f 384/2321/1117 1240/2426/1157 1190/2241/1080
f 1239/2400/1144 1229/2423/1156 397/2427/1158
f 382/2428/1136 399/2429/1151 402/2430/1159
f 333/2431/1042 865/2432/1133 1237/2433/1109
f 686/2434/1160 373/2272/1098 382/2365/1136
f 384/2321/1117 683/2403/1146 1240/2426/1157
f 387/2358/1132 395/2422/1155 1152/2343/1127
f 395/2422/1155 387/2358/1132 393/2435/1139
f 1240/2436/1157 681/2386/1141 1190/2385/1080
f 386/2393/1143 393/2437/1139 389/2438/1077
f 676/2286/1097 395/2422/1155 398/2439/1161
f 691/2440/1162 863/2408/1025 685/2416/1152
f 682/2441/1140 687/2417/1153 380/2418/1090
f 336/2133/1035 394/1962/961 1155/2387/1142
f 677/2356/1130 1010/2342/1126 1088/2442/1163
f 684/2443/1164 1239/2400/1144 397/2427/1158
f 1088/2442/1163 1251/2357/1118 677/2356/1130
f 382/2428/1136 402/2430/1159 686/2444/1160
f 392/2419/1154 675/2363/1135 870/2445/1165
f 868/2446/1108 381/2326/1072 687/2447/1153
f 401/2448/1166 388/2449/1167 369/2450/1106
f 1217/2424/1145 404/2451/1168 396/2371/1137
f 686/2434/1160 683/2403/1146 373/2272/1098
f 383/2452/1116 689/2453/1150 995/2454/954
f 400/2405/1147 676/2286/1097 1089/2455/1169
f 400/2456/1147 675/2363/1135 1187/2245/1083
f 1010/2342/1126 681/2457/1141 869/2458/1170
f 680/2331/1121 693/2459/1171 865/2361/1133
f 1229/2423/1156 396/2371/1137 404/2451/1168
f 684/2443/1164 685/2416/1152 1239/2400/1144
f 676/2286/1097 398/2439/1161 1089/2455/1169
f 870/2445/1165 682/2420/1140 392/2419/1154
f 1005/2251/1087 369/2294/1106 388/2449/1167
f 399/2429/1151 397/2460/1158 402/2430/1159
f 397/2460/1158 1229/2461/1156 402/2430/1159
f 395/2422/1155 393/2435/1139 398/2439/1161
f 399/2429/1151 684/2462/1164 397/2460/1158
f 405/2463/1172 1240/2426/1157 683/2403/1146
f 400/2456/1147 870/2445/1165 675/2363/1135
f 1008/2464/1149 872/2465/1173 399/2429/1151
f 386/2393/1143 868/2317/1108 1154/2466/1174
f 681/2386/1141 1240/2436/1157 869/2467/1170
f 369/2450/1106 364/2468/1002 401/2448/1166
f 1217/2402/1145 1251/2357/1118 1088/2442/1163
f 1216/2409/1120 657/2108/851 863/2107/1025
f 391/2469/1124 1237/2433/1109 873/2470/1175
f 398/2439/1161 393/2435/1139 386/2471/1143
f 1010/2342/1126 869/2472/1170 1088/2442/1163
f 402/2430/1159 404/2473/1168 686/2444/1160
f 403/2474/1176 870/2445/1165 400/2456/1147
f 404/2473/1168 402/2430/1159 1229/2461/1156
f 1155/2387/1142 361/2370/1075 336/2133/1035
f 406/2475/1177 867/2165/1050 379/2242/1081
f 870/2476/1165 687/2477/1153 682/2478/1140
f 1154/2466/1174 868/2317/1108 687/2479/1153
f 386/2471/1143 1154/2480/1174 1089/2455/1169
f 398/2439/1161 386/2471/1143 1089/2455/1169
f 403/2474/1176 400/2456/1147 1089/2481/1169
f 1237/2433/1109 865/2432/1133 873/2470/1175
f 872/2465/1173 684/2462/1164 399/2429/1151
f 404/2473/1168 1217/2482/1145 871/2483/1178
f 403/2484/1176 687/2485/1153 870/2486/1165
f 872/2487/1173 1008/2411/1149 390/2337/1123
f 405/2488/1172 869/2467/1170 1240/2436/1157
f 683/2489/1146 686/2444/1160 405/2488/1172
f 403/2490/1176 1154/2491/1174 687/2477/1153
f 404/2473/1168 871/2483/1178 686/2444/1160
f 1088/2492/1163 869/2467/1170 871/2483/1178
f 1088/2493/1163 871/2483/1178 1217/2482/1145
f 690/2494/1179 685/2495/1152 684/2462/1164
f 403/2496/1176 1089/2455/1169 1154/2480/1174
f 871/2483/1178 405/2488/1172 686/2444/1160
f 871/2483/1178 869/2467/1170 405/2488/1172
f 390/2388/1123 1155/2387/1142 679/2497/1180
f 867/2165/1050 406/2475/1177 394/1962/961
f 872/2465/1173 690/2494/1179 684/2462/1164
f 1005/2251/1087 388/2449/1167 692/2498/1181
f 689/2414/1150 688/2499/1182 680/2331/1121
f 680/2331/1121 688/2499/1182 693/2459/1171
f 874/2500/1183 394/1962/961 406/2475/1177
f 409/2501/1184 1189/2341/1125 410/2352/1131
f 1005/2251/1087 692/2498/1181 379/2354/1081
f 874/2500/1183 1155/2387/1142 394/1962/961
f 678/2502/1134 1216/2409/1120 408/2503/1185
f 691/2504/1162 1157/2505/1148 863/2506/1025
f 1011/2507/1186 413/2407/926 391/2367/1124
f 695/2508/1187 401/2448/1166 364/2468/1002
f 1156/2509/1188 388/2510/1167 401/2511/1166
f 409/2501/1184 1090/2344/1128 1189/2341/1125
f 872/2512/1173 876/2513/1189 690/2514/1179
f 688/2499/1182 689/2414/1150 693/2459/1171
f 401/2511/1166 696/2515/1190 1156/2509/1188
f 696/2515/1190 401/2511/1166 695/2516/1187
f 691/2440/1162 685/2416/1152 690/2517/1179
f 1090/2518/1128 695/2519/1187 364/2390/1002
f 692/2520/1181 406/2475/1177 379/2242/1081
f 409/2501/1184 410/2352/1131 694/2521/1191
f 693/2459/1171 689/2414/1150 414/2522/1192
f 383/2452/1116 1007/2523/1122 875/2524/1193
f 875/2524/1193 1007/2523/1122 678/2502/1134
f 408/2503/1185 1216/2409/1120 1157/2410/1148
f 690/2514/1179 876/2513/1189 691/2525/1162
f 873/2526/1175 865/2361/1133 693/2459/1171
f 692/2520/1181 407/2527/1194 406/2475/1177
f 872/2528/1173 390/2388/1123 679/2497/1180
f 678/2502/1134 408/2503/1185 875/2524/1193
f 1192/2529/1195 696/2515/1190 695/2516/1187
f 416/2530/1196 679/2497/1180 1155/2387/1142
f 406/2475/1177 417/2531/1197 874/2500/1183
f 411/2532/1198 689/2453/1150 383/2452/1116
f 875/2524/1193 411/2532/1198 383/2452/1116
f 416/2530/1196 1155/2387/1142 874/2500/1183
f 692/2533/1181 388/2510/1167 1156/2509/1188
f 689/2453/1150 411/2532/1198 414/2534/1192
f 1011/2535/1186 391/2469/1124 873/2470/1175
f 1011/2535/1186 873/2470/1175 1091/2536/1199
f 1090/2344/1128 409/2501/1184 415/2537/1200
f 415/2538/1200 409/2539/1184 694/2540/1191
f 1156/2509/1188 1092/2541/1201 692/2533/1181
f 1156/2509/1188 1191/2542/1202 1012/2543/1203
f 693/2459/1171 412/2544/1204 1094/2545/1205
f 417/2531/1197 406/2475/1177 407/2527/1194
f 679/2546/1180 876/2513/1189 872/2512/1173
f 1191/2542/1202 696/2515/1190 1192/2529/1195
f 1192/2547/1195 1090/2548/1128 415/2538/1200
f 1156/2509/1188 696/2515/1190 1191/2542/1202
f 679/2546/1180 1098/2549/1206 876/2513/1189
f 412/2550/1204 693/2551/1171 414/2552/1192
f 419/2553/1207 413/2554/926 1011/2535/1186
f 1157/2555/1148 879/2556/1208 408/2557/1185
f 873/2526/1175 693/2459/1171 1094/2545/1205
f 834/2558/959 413/2559/926 419/2560/1207
f 410/2561/1131 972/2562/726 1099/2563/1209
f 1192/2547/1195 695/2564/1187 1090/2548/1128
f 1092/2541/1201 1156/2509/1188 1012/2543/1203
f 419/2553/1207 1011/2535/1186 1091/2536/1199
f 412/2565/1204 698/2566/1210 1094/2567/1205
f 697/2568/1211 873/2526/1175 1094/2545/1205
f 1241/2569/1212 698/2570/1210 414/2552/1192
f 698/2566/1210 412/2565/1204 414/2571/1192
f 1098/2572/1206 679/2497/1180 416/2530/1196
f 411/2573/1198 875/2574/1193 1095/2575/1213
f 697/2576/1211 1091/2536/1199 873/2470/1175
f 1241/2569/1212 414/2552/1192 411/2573/1198
f 420/2577/1214 416/2530/1196 417/2531/1197
f 416/2530/1196 874/2500/1183 417/2531/1197
f 699/2578/1215 407/2527/1194 692/2520/1181
f 879/2556/1208 1157/2555/1148 691/2579/1162
f 699/2580/1215 692/2533/1181 1092/2541/1201
f 1099/2563/1209 972/2562/726 1193/2581/1055
f 1092/2541/1201 1012/2543/1203 418/2582/1216
f 1230/2583/1217 415/2538/1200 694/2540/1191
f 407/2527/1194 699/2578/1215 417/2531/1197
f 410/2561/1131 1230/2583/1217 694/2540/1191
f 417/2531/1197 699/2578/1215 420/2577/1214
f 1095/2575/1213 875/2574/1193 1096/2584/1218
f 1091/2585/1199 877/2586/1219 419/2560/1207
f 429/2587/1220 1193/2588/1055 834/2558/959
f 1096/2584/1218 875/2574/1193 408/2557/1185
f 698/2566/1210 1013/2589/1221 700/2590/1222
f 410/2561/1131 1099/2563/1209 1230/2583/1217
f 1230/2583/1217 1158/2591/1223 415/2538/1200
f 418/2592/1216 1012/2543/1203 425/2593/1224
f 422/2594/1225 876/2513/1189 1098/2549/1206
f 1093/2595/1226 1091/2596/1199 697/2597/1211
f 416/2530/1196 420/2577/1214 1098/2572/1206
f 425/2593/1224 1191/2542/1202 1192/2529/1195
f 1013/2589/1221 702/2598/1227 1159/2599/1228
f 1094/2567/1205 698/2566/1210 1093/2595/1226
f 1158/2591/1223 1192/2547/1195 415/2538/1200
f 1013/2589/1221 1159/2599/1228 700/2590/1222
f 1241/2569/1212 411/2573/1198 1095/2575/1213
f 1097/2600/1229 700/2590/1222 1159/2599/1228
f 423/2601/1230 418/2602/1216 878/2603/1231
f 425/2604/1224 878/2603/1231 418/2602/1216
f 1096/2584/1218 408/2557/1185 879/2556/1208
f 876/2513/1189 424/2605/1232 691/2525/1162
f 1097/2600/1229 698/2566/1210 700/2590/1222
f 1093/2595/1226 701/2606/1233 1091/2596/1199
f 423/2601/1230 878/2603/1231 421/2607/1234
f 429/2587/1220 834/2558/959 419/2560/1207
f 420/2577/1214 699/2578/1215 703/2608/1235
f 1013/2589/1221 698/2566/1210 1241/2609/1212
f 425/2593/1224 1012/2543/1203 1191/2542/1202
f 1013/2589/1221 1241/2609/1212 702/2598/1227
f 705/2610/1236 1230/2583/1217 1099/2563/1209
f 1093/2595/1226 697/2597/1211 1094/2567/1205
f 878/2603/1231 425/2604/1224 1160/2611/1237
f 877/2586/1219 1091/2585/1199 701/2612/1233
f 1097/2600/1229 1093/2595/1226 698/2566/1210
f 1192/2529/1195 1158/2613/1223 425/2593/1224
f 691/2525/1162 424/2605/1232 879/2614/1208
f 1093/2595/1226 881/2615/1238 701/2606/1233
f 421/2607/1234 1159/2616/1228 702/2617/1227
f 1092/2618/1201 418/2602/1216 423/2601/1230
f 1098/2549/1206 420/2619/1214 703/2620/1235
f 421/2607/1234 704/2621/1239 423/2601/1230
f 419/2560/1207 877/2586/1219 429/2587/1220
f 428/2622/1240 1241/2569/1212 1095/2575/1213
f 705/2610/1236 1158/2591/1223 1230/2583/1217
f 703/2608/1235 699/2578/1215 880/2623/1241
f 1241/2569/1212 428/2622/1240 702/2624/1227
f 421/2607/1234 702/2617/1227 704/2621/1239
f 706/2625/1242 1092/2618/1201 423/2601/1230
f 880/2626/1241 699/2627/1215 1092/2628/1201
f 422/2594/1225 424/2605/1232 876/2513/1189
f 424/2605/1232 1096/2629/1218 879/2614/1208
f 422/2594/1225 1098/2549/1206 703/2620/1235
f 1092/2618/1201 706/2625/1242 880/2630/1241
f 1096/2584/1218 428/2622/1240 1095/2575/1213
f 1158/2591/1223 705/2610/1236 1015/2631/1243
f 880/2632/1241 426/2633/1244 703/2620/1235
f 1193/2588/1055 429/2587/1220 427/2634/1245
f 877/2586/1219 701/2612/1233 708/2635/1246
f 703/2620/1235 1014/2636/1247 422/2594/1225
f 429/2587/1220 877/2586/1219 708/2635/1246
f 423/2601/1230 704/2621/1239 706/2625/1242
f 1015/2637/1243 425/2593/1224 1158/2613/1223
f 881/2615/1238 1093/2595/1226 1097/2600/1229
f 422/2594/1225 1014/2636/1247 424/2605/1232
f 428/2622/1240 704/2638/1239 702/2624/1227
f 880/2630/1241 706/2625/1242 426/2639/1244
f 705/2640/1236 1099/2641/1209 883/2642/1248
f 421/2607/1234 878/2603/1231 1160/2611/1237
f 1159/2599/1228 1160/2643/1237 1097/2600/1229
f 424/2644/1232 428/2645/1240 1096/2646/1218
f 883/2642/1248 1099/2641/1209 1193/2647/1055
f 1015/2648/1243 705/2640/1236 707/2649/1249
f 1193/2647/1055 427/2650/1245 883/2642/1248
f 426/2651/1244 1014/2636/1247 703/2620/1235
f 424/2644/1232 1014/2652/1247 428/2645/1240
f 883/2642/1248 707/2649/1249 705/2640/1236
f 430/2653/1250 425/2604/1224 1015/2648/1243
f 1160/2611/1237 1159/2616/1228 421/2607/1234
f 1014/2652/1247 704/2621/1239 428/2645/1240
f 706/2625/1242 704/2621/1239 1014/2652/1247
f 706/2625/1242 1014/2652/1247 426/2639/1244
f 708/2635/1246 701/2612/1233 881/2654/1238
f 430/2653/1250 1160/2611/1237 425/2604/1224
f 882/2655/1251 1097/2600/1229 1160/2643/1237
f 881/2615/1238 1097/2600/1229 882/2655/1251
f 882/2656/1251 708/2635/1246 881/2654/1238
f 1015/2648/1243 707/2649/1249 430/2653/1250
f 427/2634/1245 429/2587/1220 708/2635/1246
f 708/2635/1246 1161/2657/1252 427/2634/1245
f 430/2653/1250 882/2658/1251 1160/2611/1237
f 427/2650/1245 707/2649/1249 883/2642/1248
f 1161/2657/1252 708/2635/1246 882/2656/1251
f 1161/2659/1252 430/2653/1250 707/2649/1249
f 427/2650/1245 1161/2659/1252 707/2649/1249
f 882/2658/1251 430/2653/1250 1161/2659/1252
